text,label,pred_Llama_3.1_8B_Instruct,pred_Llama_3.2_3B_Instruct,pred_Qwen2.5_7B_Instruct,pred_Gemma_2_9B_IT,pred_Mistral_7B_Instruct_v0.3
পডকাস্টটি এখানে দেখুন,neutral,neutral,neutral,neutral,neutral,neutral
কথা আপনারা পাবলিকে পড়লেন প্রাইভেটে পড়তেন,neutral,neutral,neutral,neutral,neutral,neutral
পাবলিক বিশ্ববিদ্যালয় শুধু মেধাবী শিক্ষার্থীদের,pro_public,pro_public,pro_public,pro_public,pro_public,pro_public
আপনার পর্যাপ্ত টাকা থাকে নিয়মিত পড়াশোনা চালিয়ে যেতে পারেন টপ লেভেলের প্রাইভেট বিশ্ববিদ্যালয়ে যাওয়ার পরামর্শ দিচ্ছি থাকে ভর্তি পরীক্ষার সময় সর্বোচ্চ চেষ্টা করুন পাবলিক বিশ্ববিদ্যালয়ের লক্ষ্য রাখুন সামগ্রিকভাবে সত্যি প্রাইভেট বিশ্ববিদ্যালয়গুলো ক্রমাগত উন্নতি যখন পাবলিক বিশ্ববিদ্যালয় নতুন,pro_private,pro_private,pro_private,pro_private,pro_private,pro_private
খারাপ লেকচার,neutral,neutral,pro_private,neutral,neutral,neutral
ন্যাশনাল টাকার প্রাইভেট দুইটার কোনটাই ভালো,neutral,pro_private,neutral,neutral,neutral,neutral
প্রাইভেটে তারাই পড়ে অ্যাডমিশনে ব্যর্থ — এটাই সত্য,pro_public,pro_public,pro_private,pro_public,pro_public,pro_public
বুয়েটে পড়লে চাকরি কনফার্ম,neutral,neutral,neutral,neutral,neutral,neutral
দেখা স্কুল কলেজের টপ স্টুডেন্টরা পাবলিকে চান্স পেয়ে প্রাইভেটে পড়ছে মিডিয়াম এমনকি লো ক্যাটাগরি স্টুডেন্টও পাবলিকে চান্স পেয়ে গেছে স্টুডেন্ট কেমন এটা পরীক্ষা জাজ যায় আজকাল পাবলিক ভার্সিটিগুলো পড়াশোনার চেয়ে পলিটিক্সকে প্রায়রিটি দেয় টিচার নিয়োগ দেয় পলিটিক্যাল ব্যাকগ্রাউন্ড দেখে,pro_private,pro_private,pro_private,pro_private,neutral,pro_private
পাবলিকপ্রাইভেট বিতর্ক বেরিয়ে আসার সময় এসেছে গুণগত শিক্ষা দক্ষতা বৃদ্ধি যেখান সেখানেই যাব সেটা পাবলিক হলে পাবলিকে প্রাইভেট হলে প্রাইভেটে বেশিরভাগ মানুষ পাবলিক বিশ্ববিদ্যালয় চয়েস প্রধান দুটি পাবলিকের মূল্যায়ন সেখানে খরচ প্রাইভেট ইউনিভার্সিটি মুনাফা অর্জন চায় বলে গুণগত শিক্ষা দেয় বা প্রাইভেটে পড়লে আপনি পারবেন নট দ্যাট বেশ প্রাইভেট ইউনিভার্সিটি শিক্ষাঙ্গনে বেশ ভালো অবদান রাখছে এটা আপনার ডিপেন্ড আপনি রকম দৃষ্টিভঙ্গি রাখেন অনেকে বরাবরই পাবলিককে প্রাধান্য দেন প্রাইভেটকে গোনার রাখেন অনেকে পাবলিক পছন্দ অনেকে প্রাইভেট পছন্দ এরকমও বিভিন্ন ক্রাইটেরিয়া অ্যাঙ্গেল চিন্তা,neutral,pro_private,neutral,neutral,neutral,neutral
ভাই প্রাইভেট বিশ্ববিদ্যালয়ে পড়ার টাকা আমাদের গরিব মানুষদের পাবলিক বিশ্ববিদ্যালয়ই ঠিক,pro_public,pro_public,pro_public,pro_public,pro_public,pro_public
প্রাইভেটের পাবলিকিয়ানরা পড়তো বুঝতো আমাদের লাইফটা কত ইজি হওয়া,pro_private,pro_private,pro_private,pro_private,pro_private,pro_private
ইউনিভার্সিটি মানুষকে বড় ছোট দিতে পারে স্টুডেন্ট লাইফের সমান যোগ্যতা দক্ষতা চলতে,neutral,pro_public,neutral,neutral,neutral,pro_private
পাবলিক ভার্সিটি বাথরুমপ্রাইভেট ভার্সিটি,pro_private,pro_private,pro_private,pro_private,pro_private,pro_private
ওয়ার্ল্ডের টপ কান্ট্রিগুলো এত ভালো ডেভেলপমেন্ট করার রিজন প্রাইভেট বা পাবলিক ইউনিভার্সিটি লেইম টপিক মাতামাতি নাহ্যায় প্রাইভেটে তারাই পড়তে পারবে টাকা আছেপাবলিক ফ্রিকিন্তু প্রাইভেটেও এত পেরা ভাইডিউর পরীক্ষায় স্টুডেন্টস ফেইল করেছেআপনাদের কাছে মনে ওদের টিচাররা খাতা চেক অবশ্যই নাধরেন সিট পরীক্ষা দিলো আপনার মনে ওরা পেপার্স দেখবে পাবলিকে পড়তে গেলে মেধালাক দুইটাই থাকা লাগেযাদের টাকা প্রাইভেটে পড়বেএমন দেশের ভালো ভালো সেক্টরে জাস্ট পাবলিকের স্টুডেন্টসরাই রাজত্ব আপনারা এখনো প্রাইভেট অ্যান্ড পাবলিক পড়ে থাকেন আপনাদের সেইম পারসন টাকা দেশের বাহিরে পড়তে গেলে বাহোবা দেনতাহলে ডিফারেন্সটা একজন স্টুডেন্টের পাবলিক গ্রাজুয়েট কমপ্লিট বের বছর লেগে যায়যেখানে আপনি বছরেই প্রাইভেট গ্রাজুয়েশন পারছেন বলছি পাবলিক খারাপ দিকই আপনাদের দেখতে,pro_private,pro_private,pro_private,pro_private,pro_private,neutral
ভাই ওইযে বললেন রিস্ক পছন্দ মনে এটা ফ্যামিলির ফিন্যানশিয়াল কন্ডিশনের উপরই পুরোদমে ডিপেন্ডেন্ট সালে প্রতিষ্ঠিত হওয়া বিশ্ববিদ্যালয়ে পড়ছি আমারও ট্র্যাডিশনাল ফিল্ডের বাইরে অন্যদিকে ক্যারিয়ার গড়ার ইচ্ছা হয়তো রিস্কটা পারবো ওইরকম সাপোর্ট,neutral,neutral,neutral,neutral,neutral,neutral
শেষ পর্যন্ত প্রাইভেট পাবলিকের চেয়ে ভালো,pro_private,pro_private,pro_public,pro_private,pro_private,neutral
এক ভাই লিখেছেন সরকারি বিশ্ববিদ্যালয় টেকলে প্রাইভেটে যায় ঠিক বলছ ভাই বড় ধরনের গাধা এক ছাত্র রাজশাহী সিলেট কৃষি জগন্নাথ মাওলানা ভাসানী চুয়েট কুয়েট বাদ দিয়া শেষে ঢাবিতে ভর্তি এক বছর ভাবিত পরের বছর সালে আইইউটিতে মেকানিক্যালে ভর্তি আপনি এখন বলেন ছাত্রটি খারাপ বহু ছাত্র ছাত্রী ঢাবি রাজশাহী চিটাগাং বাদ দিয়া প্রাইভেটে ভর্তি বোকা,pro_private,pro_private,pro_private,pro_private,pro_private,pro_private
মনে এটা ডিপেন্ড ফিন্যানশিয়াল সিচুয়েশনের মিডল ক্লাস ফ্যামিলির স্টুডেন্টস প্রাইভেট ইউনিভার্সিটিতে পড়তে পারে মেইন টার্গেট থাকে পাবলিক ইউনিভার্সিটি,neutral,neutral,neutral,neutral,neutral,neutral
পাবলিক পাবলিক মেধা তারাই পাবলিকে পড়ে পুলাপান পাবলিকে চান্স পেলে টাকা প্রাইভেটে ভর্তি দেখা খারাপ ছাত্র বাবার টাকা প্রাইভেটে ভর্তি,pro_public,pro_public,pro_public,pro_public,pro_public,pro_public
আপনি পড়েন বুয়েট টপ মেডিকেল,neutral,neutral,neutral,neutral,neutral,neutral
মনে অক্সফোর্ডে,neutral,neutral,neutral,neutral,pro_private,neutral
ফ্রিতে পড়তে চায় যায় এখন ফ্রিতে যেমন লটারিতেও মানুষ নাম দেয় তেমন ভর্তি পরীক্ষা নামক জুয়া খেলায়ও নাম দেয় এক জায়গায় ভর্তি হওয়া হওয়া কিছুদিন পর্যন্ত থাকে এট দ্যা এন্ড লক্ষ্য তো পেশায় যাওয়া বিশ্ববিদ্যালয় স্কুল কলেজে পড়সি সার্টিফিকেট অব্দি নাম থাকে,neutral,neutral,neutral,neutral,pro_private,neutral
ডিউতে চান্স পেয়েও পড়ছি বিকজ অফ সাবজেক্ট লল,neutral,neutral,pro_public,neutral,neutral,neutral
সিকেআরইউইটি সাস্ট মিস্ট বাদ দিয়া তাইলে হুদাই মেবি ব্র্যাকে ভর্তি হইসি ভালো সাবজেক্টের আশায়,neutral,neutral,neutral,neutral,pro_public,neutral
ফালতু কথা,neutral,pro_public,neutral,pro_public,neutral,neutral
নাহ,neutral,neutral,neutral,neutral,neutral,neutral
ব্রাদার এটা বাংলাদেশ কথার ভ্যালু বুঝবে অলওয়েজ পাবলিককেই বেস্ট ভাববে স্পেশালি গার্ডিয়ানরা,neutral,neutral,neutral,neutral,neutral,neutral
ঠিক প্রজন্ম গার্ডিয়ানদের মেন্টালিটি দূর যাবে মিলিয়ে নিও,neutral,neutral,neutral,neutral,neutral,neutral
পাবলিকে পড়তে হলে তো চান্স পাওয়া লাগবে আপু,neutral,neutral,neutral,neutral,neutral,pro_public
গরিব প্লিজ আমাকে পাবলিক দেও,pro_public,neutral,pro_public,pro_public,pro_public,pro_public
হুম,neutral,neutral,neutral,neutral,neutral,pro_private
স্বপ্নে,neutral,neutral,neutral,neutral,neutral,neutral
আপনার কথাগুলো শুনে ভালো লাগল,neutral,neutral,neutral,neutral,pro_private,neutral
নট রিয়েলি শেষ পর্যন্ত পাবলিকের স্টুডেন্টরাই প্রাইভেটের টিচার পাবলিকে পড়তে অ্যাডমিশন দেওয়া লাগে যেটা প্রাইভেটে দেওয়া লাগে দিলেও পাবলিকের এতো হার্ড,pro_public,pro_public,pro_public,pro_public,pro_public,pro_public
আপনাকে এটা কে বলেছে প্রাইভেটে অ্যাডমিশন পরীক্ষা দেওয়া লাগে গ্রেড প্রাইভেট ইউনিভার্সিটিতে পড়তে গেলে আপনাকে অবশ্যই অ্যাডমিশন পরীক্ষা দেওয়া লাগবে,pro_private,pro_private,pro_private,pro_private,pro_private,pro_private
দেখা স্টুডেন্ট প্রাইমারি হাই স্কুল লেভেলে ক্লাস টপার ছিলতারা কারণে পাবলিকে টিকে বা টিকলেও মনমতো সাবজেক্ট পায়নি এখন প্রাইভেটে পড়ছে সেইম ক্লাসের মিড লেভেলের স্টুডেন্ট ডিএমসি তে বা অন্যান্য পাবলিক ইউনিভার্সিটিতে চান্স পেয়েছে পড়ছে জাস্ট কলেজ লাইফের দুইটা বছরের পড়াশোনা বা অ্যাডমিশনে চান্স পাওয়া আপনি একজন স্টুডেন্টকে ভালো বা খারাপ স্টুডেন্ট ট্যাগ দিলেন সামান্য অ্যাডমিশন একজন স্টুডেন্টের পূর্বের এডুকেশন কোয়ালিফিকেশন মিথ্যা যায় শুনে রাখুন ইউনিভার্সিটিরও বছর জব সেক্টরে পজিশনের ভার্সিটির বছরের সবকিছু মিথ্যা যাবে,pro_private,pro_private,pro_private,pro_private,pro_private,pro_private
পাবলিকে ট্রাই টিকলে তবেই অনেকে বাধ্য প্রাইভেটে যায় এটাই বাস্তব,pro_public,pro_public,pro_public,pro_public,pro_public,pro_public
খানকির পোলা তোরা স্পুন ফিড করিস প্রাইভেটে,pro_public,pro_public,pro_public,pro_public,neutral,pro_public
পাবলিকের স্টুডেন্ট স্টুডেন্ট প্রাইভেটে টিচার প্রাইভেটে লেভেল আসলেই বোঝা যায়,pro_public,pro_public,neutral,pro_public,pro_public,pro_public
ভাই আপনার একমত পারলাম পাবলিকের পোলাপান গদ বাধা টুকুর মধ্যেই ঘুরে প্রাইভেটের স্টুডেন্টরা তো ম্যাক্সিমাম বিদেশ চলে যায় পাবলিকের পোলাপান রিস্ক পারে নেয় বাংলাদেশের বড় বড় জায়গা বলেন কিংবা ব্যবসা দেখবেন এক সময় পাবলিকেই পড়ত আরেকটা পয়েন্ট পাবলিকে পড়লে নেটওয়ার্ক তৈরি সেটা অন্য কোথাও সম্ভব,pro_public,pro_public,pro_public,pro_public,pro_public,pro_public
প্রাইভেট পাবলিক বিশ্ববিদ্যালয় সেরা যেকোনো দিক,pro_public,pro_public,pro_public,neutral,pro_public,pro_public
মনে ট্যালেন্ট গ্রেট ভার্চু পাবলিক বা প্রাইভেটের ডিফারেন্স,neutral,neutral,neutral,neutral,neutral,neutral
ভাইয়া পাবলিক প্রাইভেট একসাথে টাই পড়া যাবে,neutral,neutral,neutral,neutral,neutral,neutral
ভালো স্টুডেন্ট পাবলিক প্রাইভেট দুইটাতেই ভালো রেজাল্ট দেখাতে পারে সো এগুলা ম্যাটার আজেবাজে স্টুডেন্ট ওরা দুনিয়ার ইউনিতেই যাক বাঁশ খাবেই,neutral,neutral,neutral,neutral,pro_public,neutral
মাইগ্গা মোমিত,neutral,neutral,neutral,neutral,neutral,neutral
আইইউটিয়ান হিসেবে দেখছি,neutral,neutral,neutral,neutral,neutral,neutral
জন পাবলিকের ছাত্র প্রাইভেট কথা বলে প্রাইভেটের একজনকে সুযোগ সুবিধা সমস্যা জিজ্ঞেস আপনি প্রাইভেটে শিক্ষক পারেন বলে ছাত্রদের তো বুঝতে পারবেন ব্র্যাকে পড়ে ব্র্যাকের সবই ধরা যায় বড়লোক বাকিগুলো,pro_private,pro_private,pro_private,pro_private,pro_private,pro_private
পাবলিক ইজ পাবলিক,pro_public,pro_public,pro_public,pro_public,pro_public,pro_public
জয় ভাই প্রাইভেটের টিচার তো প্রাইভেট ইউনিভার্সিটি বলবেই,neutral,neutral,neutral,neutral,neutral,neutral
মনে প্রাইভেট ইউনিভার্সিটিগুলো স্টুডেন্টদের মেজরের বাইরে বিভিন্ন ডিপার্টমেন্ট কোর্স চুজ করার সুযোগ দেয় এটা ফ্যাক্টর ডে স্টুডেন্টদের পার্সপেক্টিভ ব্রডেন পথ নেভিগেট অপরচুনিটি এক্সপ্লোর পাবলিক ইউনিভার্সিটির স্টুডেন্টরা রিগোরাস সিলেকশন প্রসেসের মাধ্যমে সিলেক্টেড ইনহেরেন্টলি এক ব্রাঞ্চ অফ স্টুডেন্টসকে পুল যেকোনো সাপোর্ট সিস্টেমে স্কিল নারচার পারে প্রাইভেটে অ্যানথ্রোপোলজি সোসিওলজির আনকনভেনশনাল সাবজেক্টস পড়া র্যাশনালি ইনফর্মড চয়েস প্যাশন বছরের আউটপুট লাইকলি মাচ হায়ার দ্যান পাবলিকে লটারি অফ লাক ইমপোজড,pro_private,pro_private,pro_private,pro_private,pro_private,pro_private
পাবলিক বিশ্ববিদ্যালয় শিক্ষার্থীরা পরিমাণ কষ্ট মেধার প্রতিযোগিতায় থাকে মনে প্রাইভেটে সম্ভব মেধার বিকাশ জ্ঞান প্রতিযোগিতায় প্রকাশ পায় তা পরবর্তীতে ভবিষ্যতে দেখা যায় অবশ্যই স্মার্ট সেটা পাবলিক হোক কিংবা প্রাইভেট,pro_public,pro_public,pro_public,pro_public,neutral,pro_public
পাবলিক বেস্ট,pro_public,pro_public,pro_public,neutral,pro_public,pro_public
হ্যায় কম্পিটিশন পার আবরার ফাহাদ ভাইয়াও চান্স পেয়ে বুয়েটে ঢুকেছিল ওনাকে মারছে তারাও চান্স পেয়ে ঢুকেছিলওয়ান গট কিল্ড অ্যান্ড দ্য অদার্স বিকেম কিলার্স ডিউতে তো বললাম লীগের পোলাপান চান্স পেয়েই তো ঢুকেছে চান্স পাইলেই লাইফে অ্যাচিভ ফেলসে বাংলাদেশে মানুষের পাবলিক ফেটিশটা যতদিন যাবে পাবলিকেরই নাম নষ্ট পলিটিক্স খুনাখুনি মেয়েদেরকে হ্যারাস র্যাগিং এগুলা ইগনোর জাস্ট বলে আরে চান্স পেয়ে দেখান ওরা তো পাবলিকে পড়ে ভালো স্টুডেন্ট ভালো স্টুডেন্ট ভালো মানুষের ডিফারেন্স এটা যতদিন বুঝবে ততদিন পাবলিকেরই কোয়ালিটি ড্রপ কজ এভরি অদার প্রবলেম ইগনোর জাস্ট ফোকাসিং কতো ট্যালেন্টেড মানুষ ঢুকসে অ্যাডমিশন টেস্টে,pro_private,pro_private,pro_private,pro_private,pro_private,pro_private
পাবলিক বিশ্ববিদ্যালয়ে গ্রাজুয়েশন সবাইই সেলফ স্টাডি করেই গ্রাজুয়েট এদিকে প্রাইভেটে স্কুল কলেজের টিচারের গাইডলাইনেই গ্রাজুয়েট এখানে ওদের এটাই বুঝার সুযোগই থাকে এটা ঠিক ওরা তাড়াতাড়ি বের পারে যেটা পাবলিকে সম্ভব,pro_public,pro_public,pro_public,pro_private,pro_public,pro_public
পাবলিক তো পাবলিকে যতই টক শো কম্পিটিশন পার চান্স পাওয়ার বিরাট ব্যাপার কখনোই পাবেন,pro_public,pro_public,pro_public,pro_public,pro_public,pro_public
চান্স পেয়ে দেখান,pro_public,pro_public,pro_public,pro_public,pro_public,pro_public
ইয়াহ বাট রিমাইন্ড দ্য ওয়ার্ড অনেকে প্রাইভেট ইউনিভার্সিটির সাবজেক্ট টপ পাবলিক ইউনিভার্সিটিগুলোর ভালো তখন অনেকেই এগুলোয়ে ডাইরেক্ট ভর্তি অ্যাজ অ্যান এক্সাম্পল সেশনে আইইউবিতে ইইই ভর্তি হইসি অ্যাডমিশন দেই,pro_private,pro_private,pro_private,pro_private,pro_private,pro_private
চান্স পাইবা,pro_public,pro_public,pro_public,pro_public,pro_public,neutral
ভাই ইইইতে পার আওয়ার সেমিস্টার ফি কতো এখানে আইইবি মেম্বারশিপ এখানে ডিপ্লোমা হোল্ডার অ্যালাও,neutral,neutral,neutral,neutral,neutral,pro_private
তা ঠিক অনেকেই প্রাইভেটে ভর্তি পাবলিকে অ্যাডমিশন দেয়,pro_private,pro_private,pro_private,pro_private,pro_private,pro_private
বস বাধ্য জাতীয়তে যায় প্রাইভেটে,pro_public,pro_public,pro_public,pro_public,pro_public,pro_public
দূর বোদাই পাবলিকে বায়োলজি রিলেটেড সাবজেক্ট পাইয়া প্রাইভেটে অ্যাডমিশন নিছি,pro_private,pro_private,pro_private,pro_private,pro_private,neutral
বড়লোকস বাট,neutral,neutral,pro_private,neutral,neutral,neutral
ডিপার্টমেন্টে পাবলিকে পেয়েছিলেন,neutral,neutral,neutral,neutral,neutral,pro_public
ঠিক,neutral,neutral,neutral,neutral,pro_private,neutral
সত্যি,neutral,neutral,pro_public,neutral,neutral,neutral
কে বলল সাবজেক্ট ম্যাটার ব্রো টাকা ম্যাটার সাবজেক্ট প্রাইভেটে ইজিলি পাওয়া যায় কে যাবে পাবলিকে সাবজেক্ট পাই,pro_private,pro_private,pro_private,pro_private,pro_private,pro_private
দিনশেষে সমাজেই বাস এখানেই থাকতে কজন পারে পাশের মানুষের কথাকে তাচ্ছিল্য এইযে আপনি অনেকে বাস্তব রিয়েলিটি হেনাতেনা বলে প্রাইভেটকে সেকেন্ড হ্যান্ড হিসেবে রিপ্রেজেন্ট চান অনেকে চায় কথার ধরনে বুঝায় অথচ পড়ার পরুক নাহ ওহ এক্সাম দিয়েছে চান্সে মাশাল্লাহ সাবজেক্ট অহ বাহ এও বলে ফেললাম বাট এভাবে আলোচনা পারে কে কই পড়ল দেখে পড়ে থাকে অথচ ভাই পড়া গিলে গিলে পাবলিকে গেলি ফাইন বিসিএস দিলি অকে ভুরি মাথা টাক মোস্ট অফ দ্য স্টুডেন্ট এতদূর অব্দি যায় সময়ে আত্মীয় হেনাতেনা সম্পর্ক থিকা দূরে যায় এরপর ডিসি আসে মহান আম্মা সিরিয়ালে কল শুরু গ্রামে ভুলে গিয়ে ডিসি প্লাস ফুল ফ্যামিলির পেয়ার শুরু দেয় একচুয়ালি বাংলাদেশ বা সমাজে এসবের হাইপ বিকজ মুখে বলতে সুবিধা সফটওয়্যার ইঞ্জিনিয়ার সিএসই এমবিএ আর্কিটেকচার ফার্মেসি এগুলা বলতে পারে নাহ উচ্চারণে সমস্যা ডাক্তার বিসিএস ক্যাডার সরকারি চাকরি এগুলা বলতে আরাম পায় উচ্চারণেও সুবিধা বড় সুবিধা সরকারি চাকরি বা যেগুলো বললাম এগুলো বলার গ্রামের চাচাই জিজ্ঞেস পদে ডিউতে বললেই সাবজেক্ট জিগায় নাহ ছোট করছি ইহাই সত্যি সাইন্স জিপিএ লাগে অন্য গ্রুপে সিস্টেম নিজেই গ্রুপে গ্রুপে বড় ছোট করায়া রাখছে তা ছড়ায় পরতেছে সমাজের মাধ্যমে অনেকে কেবল জিপিএ ভালো পজিশন যাবে ভেবেই গ্রুপ বদলে যায় কমার্সে এটা তুচ্ছ গ্রুপ এমনেই চলতেছে,neutral,neutral,pro_private,pro_public,neutral,neutral
কথাটা ভুল কিছুটা ঠিক প্রাইভেটে কয়েকটাই অ্যাডমিশন টেস্ট যেটা হার্ড আইটার ডিউর থেকেও টাফ ফর এক্সাম্পল ব্র্যাক ব্র্যাক মিডিয়ামে পড়ুক কেনো এক্সাম অ্যান্ড ভাইভা ইংলিশে যেগুলাই এক্সাম সেগুলা স্টুডেন্ট ট্রাই হার্ড তো টিকা,pro_private,pro_private,pro_private,pro_private,pro_private,pro_private
পার্থক্যটা শুধু টাকার,neutral,neutral,neutral,neutral,neutral,neutral
এখন সিচুয়েশন আলাদা এখন সাবজেক্ট ডিপেন্ড যেমন নিজে কুয়েট লেদার রু ম্যাথ জিএসটি টপ সাবজেক্ট সেরে আস্টতে অ্যাডমিট হইসি অনেকের বাসা ঢাকা থাকলে বাইরের ইউনিভার্সিটিতে যেতে চায়,neutral,neutral,neutral,neutral,pro_public,neutral
গুড ডিসিশন ব্রাদার,neutral,neutral,pro_private,neutral,neutral,neutral
পাবলিকে চান্স পাইনি,neutral,neutral,neutral,neutral,neutral,neutral
আস্ট সিএসই কোস্ট কেমন ব্রো ওর এনএসইউ সিএসই বেস্ট,neutral,neutral,neutral,neutral,neutral,neutral
ব্রেইন ফেলে দিয়েছো,neutral,neutral,neutral,neutral,neutral,neutral
লেইম মার্কা কথা বলেন আইসিপিসি বুয়েট অ্যান্ড সাস্টকে হারিয়েছে ওয়ার্ল্ড ফাইনালিস্ট রোভার এভরি ইউনিকে হারিয়েছে ডুবুরি নো কম্পিটিশন ইন বাংলাদেশ উই ইমপ্রুভিং ইন এভরি সেক্টরস আওয়ার অ্যালামনাই ইফ বুয়েট হ্যাজ পিপল ইন অ্যা কোম্পানি উই হ্যাভ দেয়ার আওয়ার নেটওয়ার্ক দ্যাটস দ্যা ওনলি ইস্যু ল্যাব ফ্যাসিলিটিজ বেটার ইন সাম অ্যাসপেক্টস ক্লাসরুম ফ্যাসিলিটিজ অ্যান্ড আদার ক্যাম্পাস ফ্যাসিলিটিজ টপ নোচ রিসেন্টলি ব্র্যাক স্কুল অফ ইঞ্জিনিয়ারিং কোলাবরেশন উইথ বিএসআরএম অ্যান্ড চেইঞ্জ দ্যা নেম বিএসআরএম স্কুল অফ ইঞ্জিনিয়ারিং সাউন্ডস ওয়ার্ড বাট ওকে আওয়ার সিলেকশন প্রসেস ফর সিএসই ইজ ওয়ে হার্ডার দ্যান সাম পাবলিক ইউনি,pro_private,pro_private,pro_private,pro_private,pro_private,pro_private
ওন ডুয়েট আইইউপিসি ডেইজ অ্যাগো,pro_private,pro_private,pro_private,pro_public,pro_private,pro_private
সো হোয়াট এভরিওয়ান ডু নট হ্যাভ দ্যা ক্যাপাবিলিটি টু গেট অ্যাডমিটেড ইন অ্যা প্রাইভেট ইউনি,neutral,pro_private,pro_public,pro_private,neutral,neutral
মতামতের ধন্যবাদ,neutral,neutral,pro_public,neutral,neutral,neutral
রিসার্চ গবেষণা উচ্চশিক্ষায় প্রাইভেট এগিয়ে,pro_private,pro_private,pro_private,pro_private,pro_private,pro_private
আপনি সেরা ভাই দিন প্রাণ খুলে হাসলাম,neutral,neutral,neutral,neutral,neutral,neutral
ভাইয়া আইইউটি লেভেল তো বুয়েট কোয়ালিটির এটা ইন্টারন্যাশনাল ভার্সিটি বাকি প্রাইভেটের আইইউটি কম্পেয়ার ঠিক,neutral,neutral,neutral,neutral,neutral,neutral
কথা সত্তি ভাই এরা এনএসইউ ব্র্যাকের আইডিয়া নিয়া কথা বলছে,neutral,pro_private,neutral,neutral,neutral,neutral
হুম তো এনএসইউ ব্র্যাকে পড়ে বেশিরভাগ প্রাইভেটের স্টুডেন্টরা এন্ট্রি লেভেলের গুলোতে পড়ে যেখানের টিচাররা পাবলিকের লাস্টের দিকের ছেলেপেলে ভালো গুলো তো বেশিরভাগ জব অ্যান্ড অ্যাব্রোড যায়,pro_public,pro_public,neutral,pro_private,pro_public,pro_public
পাবলিকের স্টুডেন্টও পাবলিকের টিচার,neutral,pro_private,neutral,neutral,neutral,neutral
এইসব ডায়ালগ আমিও এক কালে দিতামএখন পাবলিক জিএসটির ফালতু ভার্সিটি রেখে আইইউবি সিএসইতে আসছি ব্রুহ,pro_private,pro_private,pro_private,pro_private,pro_private,pro_private
সেইম আমিও আইইউবি সিএসই,neutral,neutral,neutral,neutral,neutral,neutral
চান্স পাইনি,neutral,neutral,neutral,neutral,neutral,neutral
জিএসটির কোনটায় পড়তেন,neutral,neutral,neutral,neutral,neutral,neutral
মোদনা হালা ভাই এখনো চাচাতো ভাইয়ে আছিস,neutral,neutral,neutral,neutral,pro_private,neutral
ভাই নিজে ডিউ রিজেক্ট করেছি খোঁজ দেখো টপ সাবজেক্ট ডিউতে,pro_private,pro_private,pro_private,pro_private,pro_private,pro_private
নিজের ঢাবি রেখে ব্র্যাকে ভর্তি হয়েছি পাবলিকে পড়াশোনা তা রাজনীতি বস্তির পোলাপান পাবলিকে পড়ে পাবলিক বিশ্ববিদ্যালয়ের পরিবেশ জঘন্য টয়লেটের অবস্থা ল্যাব জঘন্যতম,pro_private,pro_private,pro_private,pro_private,pro_private,pro_private
ঢাবিতে সাবজেক্ট পাইছিলেন,neutral,neutral,pro_public,neutral,neutral,neutral
বস্তির পোলাপান পাবলিকে পড়ে মানে বাপের টাকায় ফুটানি আমরা মাড়াইনা বুঝনাই,pro_public,pro_public,pro_public,pro_public,pro_public,pro_public
প্রাইভেটে টাইম ম্যানেজমেন্টটা ভালো এনভায়রনমেন্ট ভালো ইভেন ক্ষেত্রে পড়ার কোয়ালিটিটাও বেশ ভালো সো জাস্ট ফর মানি প্রাইভেটকে ছোটো ইজন্ট ওকে পড়ার মানের উপরেই যেকোনো ইনস্টিটিউট ভালো মন্দো ডিপেন্ড পাবলিকেরই স্টুডেন্ট আই প্রেফার প্রাইভেট ইউনিভার্সিটি ইফ ইউ হ্যাভ এনাফ মানি টু গেট ইনটু দ্যাট,pro_private,pro_private,pro_private,pro_private,neutral,pro_private
সত্যি বললে সবারই গায়ে লাগবে,neutral,neutral,neutral,neutral,pro_private,neutral
প্রাইভেট আসলেই ভালো এডুকেশন ফ্রেন্ডলি এনভায়রনমেন্ট প্রোভাইড নো পলিটিক্স নো কেয়োস নো কনফ্লিক্ট ইভেন র্যাগিং সেশন জটও দুইদিন মারামারি ক্লাস বন্ধ বন্ধ এসবও ক্যাম্পাস লাইফ ইজ ওনলি ফর ইন্টারঅ্যাকশন এডুকেশন অ্যান্ড বিল্ডিং স্কিলস ইভেন তো মনে গ্রেড প্রাইভেট ইউনিভার্সিটিগুলো ইন্টারন্যাশনাল মানের এনভায়রনমেন্ট প্রোভাইড,pro_private,pro_private,pro_private,pro_private,pro_private,pro_private
ভাই আপনার কথার এক পারলাম আগেই বলি প্রাইভেটের সাপোর্ট করতাছি বা পাবলিককে নিচু করতাছি সিম্পল কোশ্চন আনএমপ্লয়মেন্ট রেট কতো এটা জানেন মেধার বিকাশ হলে এতো আনএমপ্লয়মেন্ট হতো প্রাইভেটের চেয়ে পাবলিকে,pro_private,pro_private,pro_private,pro_private,pro_private,neutral
হেল নো পাবলিকে আনএমপ্লয়মেন্ট রেট কারেন্টলি বেকার ওনারা টিউশনি ভালোই ইনকাম,pro_public,pro_public,pro_public,pro_public,pro_public,pro_public
বিকজ প্রাইভেটে পড়ে ফ্যামিলি বেশিরভাগ বড়লোক চাকরি পাইলে বিজনেস স্টার্টআপ পাবলিকের স্টুডেন্টরা সুযোগ আপনি নিজে এটা জেনেও ফালতু কথা বললেন,pro_private,pro_private,pro_private,pro_private,pro_private,pro_private
দিক বেস্ট ভাই,neutral,neutral,neutral,neutral,neutral,neutral
শুধু চান্স পাওয়া পর্যন্ত বেস্ট অন্য দিকের কথা চিন্তা করলে প্রাইভেটে ভালো,pro_private,pro_private,pro_private,pro_private,pro_public,pro_private
এটা অবভিয়াসলি ট্রু প্রাইভেটে পড়তেছে মোর অর লেস পাবলিকে ফেইলিওর প্রাইভেটে টপার লেভেল সিজি বের বছর পাবলিক প্রাইভেটের ডিফারেন্সটা থাকে পাবলিকিয়ানরা জায়গা অবভিয়াসলি বুস্টআপ পায় সেটা গভর্নমেন্ট এক্সামে প্লেসগুলা এখনো পাবলিক ইউনি অবসেসড,pro_private,pro_private,pro_private,pro_private,pro_private,pro_private
নট ট্রু পার ইয়ার প্রাইভেট ভালো অ্যামাউন্ট অফ স্টুডেন্ট বিসিএস হইসে,pro_private,pro_private,pro_private,pro_private,pro_private,pro_private
হ্যায় কম্পিটিশন পার আবরার ফাহাদ ভাইয়াও চান্স পেয়ে বুয়েটে ঢুকেছিল ওনাকে মারছে তারাও চান্স পেয়ে ঢুকেছিল ওয়ান গট কিল্ড অ্যান্ড দ্য অদার্স বিকেম কিলার্স ডিউতে তো বললাম লীগের পোলাপান চান্স পেয়েই তো ঢুকেছে চান্স পাইলেই লাইফে অ্যাচিভ ফেলসে বাংলাদেশে মানুষের পাবলিক ফেটিশটা যতদিন যাবে পাবলিকেরই নাম নষ্ট পলিটিক্স খুনাখুনি মেয়েদেরকে হ্যারাস র্যাগিং এগুলা ইগনোর জাস্ট বলে আরে চান্স পেয়ে দেখান ওরা তো পাবলিকে পড়ে ভালো স্টুডেন্ট ভালো স্টুডেন্ট ভালো মানুষের ডিফারেন্স এটা যতদিন বুঝবে ততদিন পাবলিকেরই কোয়ালিটি ড্রপ কজ এভরি অদার প্রবলেম ইগনোর জাস্ট ফোকাসিং কতো ট্যালেন্টেড মানুষ ঢুকসে অ্যাডমিশন টেস্টে,pro_private,pro_private,neutral,pro_private,pro_private,pro_private
মাইরে বাপ পাবলিক পড়ে বাল ফালাইবা দেখা যাইবো লাস্টে করবা মুদি গিরি খানকিরপোলা,pro_private,pro_private,pro_private,pro_private,pro_private,pro_private
আলসো পাবলিক ইজ অলমোস্ট ফ্রি,pro_public,pro_private,pro_public,pro_public,pro_public,pro_public
কম্পিটিশন বিকজ খরচ যেমন পাবলিক স্কুল কলেজে থাকে যোগ্যতা রাখে যেনো স্টুডেন্ট অটোম্যাটিক ভালো রেজাল্ট ভার্সিটির পড়ানো লাগে প্রাইভেটের পড়ানো সিস্টেম চাকরির একজন স্টুডেন্টকে রেডি দেই বিটিডব্লিউ যেখানেই পড়ুক মানুষ হওয়াই বড় কথা,neutral,neutral,neutral,neutral,neutral,pro_private
ব্রো চান্স পাওয়াই একমাত্র গোল পাবলিকের স্টুডেন্টরা ওয়ে বেটার গিয়া তো বেকার,neutral,neutral,pro_private,neutral,neutral,neutral
বস্তিরা পড়ে পাবলিকে,pro_private,pro_private,pro_private,pro_private,pro_private,pro_private
হা দেশের সাকসেসফুল মানুষ বস্তি ই কুল অ্যাফ,pro_public,pro_public,pro_public,pro_public,pro_public,pro_public
চান্স পাওয়া জ কষ্টের মিড লেভেলের স্টুডেন্টের পেলে বুঝা মুশকিল,neutral,pro_public,neutral,neutral,neutral,neutral
জুতে ফিজিক্স রুতে ম্যাটেরিয়াল সায়েন্স ছেড়ে ব্র্যাকে সিএসসিতে ভর্তি হইসি কজ ফিন্যানশিয়ালি মাই ফাদার ক্যান সাপোর্ট মি ভাই মাথায় ঘিলু বেপারটা বুঝবে ইজিলি,pro_private,pro_private,pro_private,pro_private,pro_private,pro_private
ভাই ওরা নিজেই তো পাবলিকের স্টুডেন্ট,neutral,neutral,neutral,neutral,neutral,neutral
সেইম স্টুপিড লজিক চান্স পেয়ে বালদা চিরসো আনএমপ্লয়মেন্ট রেট দেখো ইউনিভার্সিটি স্ট্যাটিস্টিক্স এর,pro_public,pro_public,pro_public,pro_public,pro_public,pro_public
ভাই আমাকে বললেন,neutral,neutral,pro_private,neutral,neutral,pro_private
ভাই তো বিরাট বড় বালদা চিরসো,neutral,neutral,neutral,neutral,neutral,neutral
ভাই বিডিতে টোটাল পাবলিক সিট অ্যারাউন্ড স্টুডেন্ট লাখ সো পড়ে চান্স পাবে এটা তো পসিবল অ্যাডমিশনে জার্নিতে দোয়া করবেন যেনো সিট দখল পারি,neutral,neutral,neutral,neutral,neutral,neutral
চান্স পাইয়া বাল ফালাইয়া উল্টায় দিসে হোস্টেলের টয়লেট মারকা ডাল ভাত খাইয়া থাক সালা ফকিন্নির পোলাপান,pro_private,pro_private,pro_private,neutral,pro_private,pro_private
নিউ সিজন ওল্ড ক্লাউন,neutral,neutral,pro_public,neutral,neutral,neutral
পাবলিকের প্রাইভেট ইউনিভার্সিটির এনভায়রনমেন্ট দেখো পাবলিক মানেই,pro_private,pro_private,pro_private,pro_private,pro_private,pro_private
প্রাইভেট ইউনিভার্সিটির এডুকেশন সিস্টেম টাস্কস এনভায়রনমেন্ট এভরিথিং ইজ বেটার টু আলসো দ্য গ্রাজুয়েশন টাইম ইজ আপটু,pro_private,pro_private,pro_private,pro_private,pro_private,pro_private
নাম্বারটা সুন্দর,neutral,neutral,neutral,neutral,pro_public,neutral
অ্যাজ অ্যা স্টুডেন্ট অফ প্রাইভেট ইউনিভার্সিটি দিস ইজ দ্যা মোস্ট রাইট এক্সপ্ল্যানেশন আই হ্যাভ ফাউন্ড অন ইন্টারনেট,pro_private,pro_private,pro_private,pro_private,pro_private,pro_private
জয় ভাইকে দিন দেখলাম,neutral,pro_public,neutral,neutral,neutral,neutral
পাবলিক ইউনিভার্সিটি স্টুডেন্টদের ন্যারো পাথ নেওয়াটা স্বাভাবিক বেশিরভাগ পাবলিক ইউনিভার্সিটির স্টুডেন্টদের ফিন্যানশিয়াল দিকটা ভালো অর অ্যাট লিস্ট ভালো হলেও এনভায়রনমেন্ট অনুযায়ী দেশে থাকার বেবস্থা মা বাবার আশা থাকে ছেলেমেয়ে ভালো সরকারি চাকরি টাকা ফ্যাক্টর রেসপেক্ট অর সম্মানটা ফ্যাক্টর সরকারি চাকরিজীবীদের পাওয়ার রেসপেক্টটাই চায় চাওয়াকে ডিলুজনাল মনে অর মা বাবা এগুলা হয়তো পাত্তা দেয় স্টুডেন্টের এনভায়রনমেন্ট অনুযায়ী তাকে দেশেই থাকতে আব্বু একজন পাবলিক ইউনিভার্সিটির প্রফেসর ওনাকে মান্না ইন্সপিরেশন তিনি পড়াশোনা শেষ বিসিএসের চেষ্টা থাকেন বিসিএসে মেবি টিকেও ধাপ যেগুলো হয়তো পার কঠিন আব্বু টিচার হওয়ার বিসিএস দেন আব্বুর বিদেশে যাওয়ার সুযোগ থাকলেও আব্বু যেতেন আব্বু গ্রামের ছেলে তাকে দেশেই থাকতে,neutral,neutral,neutral,neutral,neutral,neutral
জয় ভাইয়ের ভিডিওটা দেখলাম,neutral,pro_private,neutral,pro_private,neutral,pro_public
ড্রিম বুয়েট,pro_public,pro_public,pro_public,pro_public,pro_public,pro_public
প্রবলেম ইজ আমাদের পাশের দেশ ইন্ডিয়াতে আইআইটি স্টাডি মানুষ ডিফারেন্ট পাথে যাচ্ছে এক্সপ্লোর করতেছে যতো বিগ বিজনেস আসে ফাউন্ডার দেখবেন আইআইটিয়ান আমাদের দেশে ন্যারো পাথ ফলো চায় বিসিএস দিবো গভর্নমেন্ট জব পাওয়ার ব্লা ব্লা ভাই বুয়েটিয়ান ব্রেইন ইউনিক বিল্ড করো দেশকে ইন্টারন্যাশনালি রিপ্রেজেন্ট করো বিগ বিজনেস ক্রিয়েট করো দেশকে যাতে ভালো দেওয়া যায় ওটার একটু ট্রাই করো বিসিএস জব তো নিবেই,neutral,neutral,neutral,neutral,neutral,neutral
এইদিক মনে প্রাইভেট ইউনিভার্সিটি স্টুডেন্টস দিন দিন এগিয়ে যাচ্ছে রিস্ক নিচ্ছে বাইরে যাচ্ছে ব্র্যাক পড়ে নাসাতে গেছে মিস্ট পড়ে আমেরিকান এয়ার ইঞ্জিনিয়ার পাবলিক তা বলছি পাবলিক বের স্টুডেন্টরা কেবল সরকারি চাকরি চায় বিদেশেও সরকারি চাকরি চায়,pro_private,pro_private,pro_private,pro_private,pro_private,pro_private
মিস্ট পাবলিক ভাই মিস্ট বিইউপির অধীনে সরকারি প্রতিষ্ঠান প্রতি বছর সরকার কোটি টাকা দেয় এটা মিলিটারির অধীনে হলেও এটা সরকারি এটা মাস্ট নামে পরিচিতি পাবে বিইউপি বের বিইউপি বানানই মিস্টের এখানে লক্ষ টাকা বছরে খরচ পরিষ্কার পরিছন্ন পরিবেশ সাবজেক্টগুলো ভালো মিস্টে এমন সাবজেক্ট যেগুলো বুয়েটেও ডিউতেও,pro_public,pro_public,neutral,pro_public,pro_public,pro_public
টেল মি ইউ স্টাডি অ্যাট ডিউ উইদাউট টেলিং মি ইউ স্টাডি অ্যাট ডিউ দিস কমেন্টার সালে প্রতিষ্ঠিত হওয়া বিশ্ববিদ্যালয়ে পড়ছি,neutral,neutral,neutral,neutral,neutral,neutral
ওয়েল সেইড ভাই,neutral,neutral,pro_public,neutral,neutral,neutral
ইয়াহ দ্যাটস কল্ড ফ্রিডম অফ ফেইলিওর নট এভরিওয়ান ক্যান অ্যাফোর্ড দিস থিং…,neutral,neutral,neutral,neutral,neutral,neutral
ক্লাসে,neutral,neutral,neutral,pro_private,neutral,neutral
এইচএসসি,neutral,neutral,neutral,neutral,pro_private,neutral
ভাই ফার্মেসির লো কস্টের ইউনিভার্সিটি কোনটা,neutral,neutral,neutral,neutral,neutral,neutral
হেডা বলসো,neutral,neutral,neutral,neutral,pro_public,neutral
এটাই তো ঠিক দেশের বাইরে যাবে উন্নত লাইফ গড়বে দরকার দেশে সরকারি চাকরি দুর্নীতি,pro_private,pro_private,pro_private,pro_private,pro_private,pro_private
বিসিএস দুর্নীতিবাজ,neutral,pro_public,neutral,neutral,neutral,neutral
পাবলিক প্রাইভেট কজ প্রাইভেটে টাকাওয়ালা গাধা গরুরা পড়ে পাবলিকে মেধাবিরা পড়ে,pro_public,pro_public,pro_public,pro_public,pro_public,pro_public
প্রাইভেটে তাড়াতাড়ি অনার্স শেষ যায় বছরে আগেই প্রাইভেট পড়ুয়া স্টুডেন্ট বের যেতে পারে পাবলিক পারে,pro_private,pro_private,pro_private,pro_private,pro_private,pro_private
পাবলিককে কতো প্রোমোট করবেন পাবলিককে যত প্রোমোট করবেন ততো আপনাদের ব্যবসা ভালো,pro_private,pro_private,pro_private,pro_private,pro_private,pro_private
রাশ রিয়েলিটি,neutral,neutral,neutral,pro_private,neutral,neutral
প্রাইভেট ইউনিতে লেকচারার কিভাবে হওয়া যায়,neutral,neutral,neutral,neutral,neutral,neutral
দিবে জিএসটি তো এখনো বাকি,neutral,neutral,neutral,neutral,pro_public,neutral
প্রাইভেট মেডিকেল বলেন,neutral,neutral,neutral,neutral,pro_private,neutral
ভাই ঢাকার ভিতরে ইইই পড়ার বেস্ট বি র্যাঙ্কড ইউনিভার্সিটির কোনটা বেস্ট প্লিজ জানা থাকলে বলবেন,neutral,pro_public,pro_public,neutral,neutral,neutral
রাইট ভাই,neutral,neutral,pro_private,neutral,neutral,pro_public
রাইট,neutral,neutral,neutral,neutral,neutral,neutral
ফার্স্ট কমেন্ট,neutral,neutral,neutral,neutral,neutral,pro_public
ইউটিএসটি বেস্ট লো কস্টে লাখ,neutral,neutral,neutral,neutral,neutral,neutral
ব্রো বিসিএস যখন প্রাইভেটের আলারা বিদেশ যাবে লাখ পার মান্থ পাবে পার মান্থ পাবে লল,pro_private,pro_private,pro_private,pro_private,pro_private,pro_private
ব্রো ইউ ক্যান অলসো গেট অ্যা স্কলারশিপ বাই রিডিং ইন পাবলিক বোথ দ্যা পাবলিক অ্যান্ড প্রাইভেট ক্যান গেট অ্যা স্কলারশিপ আই নো দ্যা রেট ইজ মোর ইন প্রাইভেট বাট মেনি পাবলিকিয়ানস অলসো গোয়িং অ্যাব্রোড ইউ ক্যান চেক দ্যা ডেটা,neutral,neutral,neutral,neutral,neutral,neutral
ভাইয়া আপনার যোগাযোগ চাই প্রাইভেট ইউনিভার্সিটি কিভাবে অ্যাব্রোড যাবো তা,neutral,neutral,neutral,pro_public,pro_private,neutral
ব্রাদার প্লিজ রিপ্লাই,neutral,neutral,neutral,neutral,pro_private,neutral
এভাবে কথা বলে যেখানে সুযোগ সেখানেই পড়বে এমন প্রুভ পাবলিকের জিনিয়াস প্রাইভেটের গাধা এতো মেধাবী হলে এমনভাবে রিপ্লাই,neutral,neutral,neutral,neutral,neutral,neutral
নাহ একটু সারকাস্টিক্যালি বললাম ডোন্ট মাইন্ড হ্যাম প্রাইভেটে পড়েও ভালো করতেছে ভালো জায়গায় যাচ্ছে অ্যান্ড ইউ নো প্রাইভেটে জাস্ট বড়লোকরা পড়বে গরিবরা পড়ার সামর্থ্য বিটিডব্লিউ জাইহোক ট্রাই মানুষ পাবলিকে হলে টাকা প্রাইভেটে যায় টাকা থাকলে ন্যাশনাল ইউনিভার্সিটিতে আমারও অপশন পাবলিক হলে এনএসইউ বা ব্র্যাকে যাবো টাইপের ইউনিভার্সিটিগুলা ভালো নিচের দিকের প্রাইভেটগুলা ভালো,neutral,pro_public,neutral,neutral,neutral,neutral
সহমত ভাই,neutral,neutral,neutral,neutral,neutral,neutral
জি জি,neutral,neutral,neutral,neutral,neutral,neutral
ইয়াহ্ জাস্ট ইনকামের মেধাবিরা জীবন জৌবন শেষ ক্যাডার দেশে দুর্নীতি টাকা মেরে দেয়,pro_private,pro_private,pro_private,pro_private,pro_private,pro_private
äíëë হুম এটা আসলেই ভালো বিটিডব্লিউ বিসিএস পেতে হলে পাবলিকিয়ান এমন শর্ত আই নো পাবলিকিয়ানরা বিসিএস পায় তাও পাবলিকিয়ানরা চাইলে স্কলারশিপ বাইরেও যেতে পারে অ্যান্ড আমারও দুর্নীতি করার ইচ্ছা আপনার কাছে গুড অ্যামাউন্ট অফ মানি থাকে তেন প্রাইভেট বেটার অপশন পাবলিকে চান্স পাবলিক চান্স হলে তো ভালোই প্রাইভেট এনএসইউ ব্র্যাক ডিআইউ বা আস্ট হলে পড়া যায় নিচের দিকের প্রাইভেটগুলা ভালো,neutral,neutral,neutral,neutral,neutral,neutral
মেধাবিরাই দেশে দুর্নীতি টাকা আলাদা জীবনে টাকা দেখেছে তোরা টাকা দেখোস বিসিএস দুর্নীতি করোস এটা পুরা বাংলাদেশ জানে সো জাস্ট শাট আপ অ্যান্ড ডোন্ট ডিসরেসপেক্ট পিপল ফার্স্ট চেইঞ্জ ইওর মেন্টালিটি অ্যান্ড পার্সোনালিটি স্টপ বিয়িং অ্যা ক্রিমিনাল ফার্স্ট দেন ট্রাই বিয়িং অ্যা হিউম্যান যদিও মনে পারে ঘুষ খাবো রিয়েলিটি হিটস ডিফারেন্ট অ্যান্ড আইভ সিন পিপল লাইক ইউ ডিস্ট্রয়িং দ্যা কান্ট্রি,pro_private,pro_private,pro_private,neutral,pro_private,pro_private
মেধাবী বোঝা গেছে কমেন্ট দেখে রকম মেধাবী তা কমেন্ট প্রমাণ দিলে,neutral,neutral,pro_private,neutral,neutral,neutral
বিসিএস দুর্নীতি করার ইচ্ছা প্রাইভেট জব এখন আগের ভালো একানেও সম্মান আসে,pro_private,pro_private,pro_private,pro_private,neutral,pro_private
চান্স পাও প্রাইভেট প্রোমোট করো পাবলিকে চান্স পেয়ে পাবলিকের লাগতে এসো কুক যাবা,pro_public,pro_public,pro_public,pro_public,pro_public,pro_public
এনএসইউতে ইইই পড়তাসি কের বাল দা ফালাইতাসোস বি সি,neutral,neutral,neutral,neutral,pro_private,neutral
ঠিক,pro_public,pro_public,pro_public,pro_public,pro_public,pro_public
পিএইচডি পাস,neutral,neutral,neutral,neutral,neutral,neutral
লল,neutral,neutral,neutral,neutral,neutral,pro_public
কিরে খানকিরপোলা,neutral,neutral,neutral,neutral,neutral,neutral
উত্তরা ইউনিভার্সিটি বাংলাদেশ ইউনিভার্সিটি অফ বিজনেস অ্যান্ড টেকনোলজি সাউথইস্ট ইউনিভার্সিটি গ্রিন ইউনিভার্সিটি ইন্টারন্যাশনাল ইসলামিক ইউনিভার্সিটি চিটাগাং চেক দেখতে পারো,neutral,neutral,neutral,neutral,neutral,neutral
ইউনিভার্সিটি অফ এশিয়া প্যাসিফিক,neutral,neutral,neutral,neutral,neutral,neutral
বাল চিরসো,neutral,neutral,neutral,neutral,neutral,neutral
ঠিক ভাই মনে ওয়ে,neutral,neutral,neutral,neutral,neutral,pro_private
ছাড়ে রকমারি বই কিনতে লিংকে ক্লিক করুন,neutral,neutral,neutral,pro_private,neutral,neutral
বুয়েটকে এভাবে খাইলেন,neutral,neutral,neutral,neutral,neutral,neutral
ভাই সিভিলের কোনটা বেটার আস্ট নাকি আইইউবি,neutral,neutral,neutral,neutral,neutral,pro_public
পাবলিক বা প্রাইভেট ম্যাটার কোয়ালিটিই মেইন ম্যাটার,neutral,pro_private,neutral,pro_public,neutral,neutral
প্রাইভেট বিশ্ববিদ্যালয় পাবলিক বিশ্ববিদ্যালয় সেরা প্রতিযোগিতা আসতে টাকা যেকোনো দিক বিবেচনা করলে সেরা পাবলিক বিশ্ববিদ্যালয় সেরা,pro_public,pro_public,pro_public,pro_public,pro_public,pro_public
নো ডাউট পাবলিক ইজ গ্রেটার দ্যান প্রাইভেট,pro_public,pro_public,pro_public,pro_public,pro_public,pro_public
ভাই আপনি বলছেন ঠিক ডিউর র্যাংকিং উন্নতি তা বললেন এখন তো,neutral,pro_private,pro_private,neutral,neutral,neutral
আপনি কথা ট্রু বলেছেন নিজেদের অ্যাচিভমেন্ট নিজেদের ইনস্টিটিউশন ইউজলেস প্রাইডে ভুগে অন্যদেরকে নেগলেক্ট ডিসরেস্পেক্ট সত্যি কথা বলতে ইনস্টিটিউশন জাস্ট ট্যাগ দেয় লাইফে নিউ স্ফিয়ার পাস করার এর অ্যান ইন্ডিভিজুয়াল হ্যাজ টু ডু হিজ ওন বিজনেস টু ড্রাইভ হিজ ফরচুন টু দ্যা রিটেন ডিভাইন ফরচুন,neutral,neutral,pro_private,neutral,neutral,pro_private
প্রাইভেট মার্কেটিং,pro_public,pro_public,pro_public,pro_public,pro_public,pro_public
কনটেন্ট ভালো মহা বিকট সাউন্ড,neutral,neutral,neutral,neutral,neutral,neutral
ভাইয়া আপনি পড়েন,neutral,neutral,neutral,neutral,neutral,neutral
পাছা নাড়ানো অফ করো কথা বলো,neutral,neutral,neutral,neutral,neutral,neutral
আস্টের সিভিল ডিপার্টমেন্ট রিভিউ দেন,neutral,neutral,neutral,neutral,pro_private,neutral
আস্টে ফল সেমিস্টারে কেমন জিপিএ লাগে ভাইয়া আই মিন শর্টলিস্টেড হইতে জিপিএর কতো মার্কস ভাইয়া,neutral,neutral,neutral,pro_private,neutral,neutral
কাগজ বিক্রি প্রাইভেটের কাজ,pro_public,pro_public,pro_public,pro_public,pro_public,pro_public
সিদ্ধান্তহীনতায় ভুগছি আস্টের সিএসই নাকি সাউর ডিভিএম কোনটা টিউশন জব ফেসিলিটিস দিক বিবেচনায় ভালো হেল্প প্লিজ,neutral,pro_private,neutral,neutral,neutral,neutral
পাবলিক প্রাইভেট ভাই বছর সেম ভার্সিটি জাস্ট ট্যাগ ভালো দুই জায়গাতেই পসিবল এটা ঠিক পাবলিকে চান্স পাওয়া অ্যাচিভমেন্ট প্রাইভেটে পড়া,neutral,neutral,pro_private,neutral,neutral,neutral
আস্টের সিএসই ডিপার্টমেন্ট রিভিউ দেন জব স্কোপ অ্যালামনাই কম্পিটিটিভ প্রোগ্রাম,neutral,neutral,neutral,neutral,neutral,neutral
ভাই আস্টে র্যাংকে সাবজেক্ট আসতে পারে ওয়েটিং আসবে,neutral,neutral,neutral,neutral,neutral,pro_public
ভাইয়া আস্টে শর্টলিস্টে নাম আসে বিবিএ পড়তে পারবো আস্টে নাকি বিবিএ পড়তে হলে শর্টলিস্টে নাম আসতে ব্যাপারটা একটু জানাবেন ভাইয়া,neutral,neutral,neutral,neutral,pro_private,neutral
আচ্ছা,neutral,neutral,pro_public,neutral,neutral,neutral
নো প্রাইভেট বেটার,pro_private,pro_private,pro_private,pro_private,pro_private,pro_private
পাবলিকে পরিশ্রম চান্স পায় প্রাইভেট টাকা দেয় ভর্তি প্রাইভেটের মেয়েগুলাও আস্তাগফিরুল্লাহ,pro_public,pro_public,pro_public,pro_public,pro_public,pro_public
পাবলিক দিক এগিয়ে প্রাইভেটও দিক এগিয়ে পাবলিকে প্রতিযোগিতার মাধ্যমে সেরা মেধাবীরা চান্স পায় মানে বাকি স্টুডেন্টরা মেধাবী পড়ালেখা চেষ্টা হবাই চান্স পায় টোটাল স্টুডেন্টের তুলনায় পাবলিকে সিট সর্বোচ্চ মানে বাকি স্টুডেন্ট খারাপ পাবলিক ভার্সিটির ডিউর আইবিএ বুয়েট ছাড়া পাবলিক কোয়ালিটি এডুকেশন দিতে পারতেছে আমাকে দেখান পাবলিকে সেশন জটে ভরা পলিটিক্সে ভরা নিয়মিত ক্লাস র্যাগিং বছরের কোর্স শেষ বছর লাগে অবকাঠামোগত সমস্যা কয়েক মাস আগেও দেখলাম নিউজে ঢাবি ডিএমসির হলে ফাটল দেওয়াল খসে স্টুডেন্টদের আহত পাবলিক ভার্সিটিগুলাকে সরকার ধাপে বাজেট দেয় টিচারদের বেতনের বাজেট থাকে অবকাঠামোগত উন্নয়নের আরেকটা বাজেট থাকে তারপরেও বেহাল অবস্থা অন্যদিকে প্রাইভেটগুলার মূল ফান্ডিং আসে স্টুডেন্টদের টাকা সেখানে সেশন জট পলিটিক্স র্যাগিং অবকাঠামো উন্নত মানের ল্যাব রিসার্চ সবই উন্নত মানের স্কলারশিপও অফার এতো এতো সুযোগ তো টাকা তো দিতেই তারপরেও ভালো ছাত্রদের পর্যন্ত স্কলারশিপের অফার থাকে বর্তমানে তো প্রাইভেটগুলো র্যাংকিংয়েও এগিয়ে পাবলিকের চেয়ে আরেকটা কথা পাবলিকে সিট বাকি স্টুডেন্টদের অবশ্যই বিকল্প হিসেবে প্রাইভেট আল্লাহ যাকে সামর্থ্য দিছে প্রাইভেটে পড়বে সিম্পল কথাবার্তা ভেবেচিন্তে বলবেন আল্লাহ মুখ দিসে বলে বোকাসোদার কথা বলবেন,pro_private,pro_private,pro_private,pro_private,pro_private,pro_private
ঠিক পাবলিক অপছন্দ পাবলিকে গরিব ছাত্রছাত্রী পড়ে,pro_private,pro_private,pro_private,pro_private,pro_private,pro_private
প্রাইভেট ইউনিভার্সিটিতে আস্টে,neutral,neutral,pro_public,neutral,neutral,pro_private
প্যাশন যেদিকে আসে ইঞ্জিনিয়ার আরেকটা ডাক্তার টা সেইম কেমনে প্যাশন যেটা সেটাই আগান,neutral,neutral,neutral,neutral,neutral,neutral
ব্রো বাংলাদেশে থাকো এইদিকে জবেও ডিসক্রিমিনেশন পাবলিক প্রাইভেট এমন এক জবে গেছি ক্লিয়ার রিকোয়ার্ড পাবলিক ইউনিভার্সিটি হইলে সিজিপিএ অ্যাপ্লাই পারবো প্রাইভেট ইউনিভার্সিটি হইলে সিজিপিএ লাগবো একজন চু পড়া ইন্টারভিউ বোর্ডে আই সিজিপিএ জব আরেকজন উলাব জবটা পায় তারপরও বলবা স্কিল ইউনিভার্সিটি ম্যাটার,pro_public,pro_public,pro_public,pro_public,pro_public,pro_public
টেক্সটাইল আসবে,neutral,neutral,neutral,neutral,neutral,neutral
মেরিট মাইগ্রেশনে সাবজেক্ট দিবে,neutral,neutral,neutral,neutral,pro_public,pro_private
টেক্সটাইল মাইগ্রেশন সিভিল আসতে পারে,neutral,neutral,pro_private,neutral,pro_private,neutral
নাহ ভাইয়া পসিবিলিটি বললেই চলে,neutral,neutral,neutral,neutral,neutral,neutral
বিবিএর এক্সামে দেওয়া লাগতো এখন লাগে মেবি এক কাজ করো আস্টের ওয়েবসাইটের নাম্বার ওইখানে ফোন করো ওদের কাছ রাইট ইনফরমেশন পাবা,neutral,pro_private,neutral,neutral,neutral,neutral
কনটেক বলতে তো মাথায় মাথায় তো শুধু পায়খানা খালিদ ফারহানের সালের ভিডিও নকল খুব ভালই লাগে,neutral,neutral,neutral,neutral,neutral,neutral
ভিডিওর সাউন্ড কোয়ালিটি দেখে মনে কতটা অদ্ভুত মনে কোহি মিল গেয়া সিনেমার জাদু বাংলাদেশে ল্যান্ড,neutral,neutral,neutral,neutral,neutral,neutral
ডিউ আইইউটি বুয়েট প্রিলিতে চান্স পেয়েও প্রাইভেটে যাচ্ছি শুধু ভালো সাবজেক্টের আশায় তো বলবেন,pro_private,neutral,pro_private,pro_private,pro_private,pro_private
ভায়োলেন্স সাউন্ড রিমুভ এক্সট্রা সাউন্ড প্লিজ,neutral,neutral,neutral,pro_private,neutral,pro_private
ট্রু,neutral,neutral,neutral,neutral,neutral,pro_public
নিউকামার জাস্ট ট্রাইং হার্ড টু মেক সামথিং নিউ লেটস গিভ হিম ফিডব্যাক রাদার দ্যান মেকিং ইট ফান,neutral,neutral,neutral,neutral,pro_public,neutral
হার্ভার্ড ইউনিভার্সিটি অক্সফোর্ড ইউনিভার্সিটিতে চান্স পেয়েও বাংলাদেশের প্রাইভেট ইউনিভার্সিটিতে যাচ্ছি শুধু বাপের টাকা উড়ানোর আশায় অপ লেভেল ফাপরবাজি,pro_public,pro_public,pro_public,pro_public,pro_public,pro_public
ওয়েল অ্যানসার্ড,pro_public,pro_public,pro_public,pro_public,neutral,pro_public
হার্ভার্ড ইউনিভার্সিটি প্রাইভেট ইউনিভার্সিটি সেটা জানেন,neutral,neutral,neutral,neutral,neutral,neutral
এতো ব্রিলিয়ান্ট বাংলাদেশে,neutral,neutral,neutral,neutral,pro_public,neutral
রাইট ডিসিশন ব্রো,neutral,neutral,neutral,neutral,neutral,neutral
বুয়েটে রিটেন দিছিলেন ভাই,neutral,neutral,pro_public,neutral,neutral,neutral
হোয়াট অ্যা লেইম জোক,neutral,neutral,neutral,neutral,neutral,neutral
হোয়াট অ্যা লেইম কমেন্টস,neutral,neutral,neutral,neutral,pro_private,pro_private
তো বলবো বোকাচোদা ফাপরবাজ,neutral,neutral,neutral,neutral,neutral,neutral
ওহ ফাক নাকি,neutral,neutral,neutral,neutral,neutral,neutral
আমারও সেইম কোশ্চন,neutral,neutral,neutral,neutral,neutral,pro_private
সালা বাইনসোদা মোদি জি এমনি এমনি তোমাকে সুদেনি সালা,neutral,neutral,neutral,neutral,neutral,neutral
ফাকাফাকি করান,neutral,neutral,neutral,neutral,pro_public,neutral
থ্যাংকস বড়ভাই,neutral,neutral,neutral,pro_public,neutral,neutral
থ্যাংকস ফর ইওর অপিনিয়ন আই উইল ট্রাই টু ইমপ্রুভ মাই সাউন্ড কোয়ালিটি,neutral,neutral,neutral,pro_public,neutral,neutral
এনএসইউ ব্র্যাকইউ আইইউবি ইডব্লিউউ অ্যাডমিশন প্রিপারেশনের ফ্রি মডেল টেস্ট ফ্রি গাইডলাইন আমাদের পেইড কোর্স বিস্তারিত জানতে ফর্মটি ফিলাপ ফেলুন,neutral,neutral,neutral,neutral,neutral,neutral
বিটিডব্লিউ ভার্সিটি ইজ অ্যা স্ক্যাম মোস্টলি সি ক্যাটাগরি প্রাইভেট ইউনিভার্সিটি এটা ভিডিও বানান এটা জাস্ট স্ক্যাম,pro_public,pro_public,pro_public,pro_public,pro_public,pro_public
কোর্স ভাই ক্রেডিট,neutral,pro_private,neutral,neutral,neutral,pro_private
পুরনো বই পড়া যায়,neutral,neutral,pro_private,neutral,pro_public,pro_private
প্রতি সেমিস্টারে কত টাকা লাগে,neutral,neutral,neutral,neutral,neutral,pro_public
গ্রাজুয়েশন শেষ করার এটা দেখছি,neutral,neutral,pro_public,neutral,neutral,neutral
প্রতি কোর্সের বইগুলো কিনতে,neutral,neutral,neutral,neutral,neutral,neutral
ইংলিশ কার্যক্রম টাকে,neutral,neutral,neutral,neutral,neutral,neutral
সস্তা ইউটিউবারের ভাত,neutral,neutral,neutral,neutral,neutral,pro_private
বিবিএ প্রফেশনাল বিবিএ এর পার্থক্য পাবলিক বিশ্ববিদ্যালয় যেমন ডিউ সিউ রুতে ম্যানেজমেন্ট একাউন্টিং ফাইন্যান্স এসব বিষয় পড়া যায় প্রাইভেট বিশ্ববিদ্যালয়ে এমন শুধু বিবিএ এমন পাবলিক বিশ্ববিদ্যালয় যেমন সাস্ট এনএসটিউ এমবিএসটিউ এসবেও শুধু বিবিএ অতএব ডিউ বিবিএ একাউন্টিং ফাইন্যান্স ম্যানেজমেন্ট এর সাস্ট বিবিএ এর প্রাইভেট বিশ্ববিদ্যালয় বিবিএ এর পার্থক্য প্রফেশনাল বিবিএ এটি এটি যায়,neutral,neutral,neutral,neutral,neutral,neutral
পাবলিক ইউনিভার্সিটিতে প্রতিদিন অ্যাটেন্ড থাকতে,neutral,neutral,neutral,neutral,neutral,pro_public
সাউথইস্টের টেক্সটাইল ইঞ্জিনিয়ারিং কেমন,neutral,neutral,pro_private,pro_private,neutral,neutral
টাকায় এলএলবি যায় ইউনিভার্সিটির নাম বলুন ভালো মানের,neutral,neutral,neutral,neutral,pro_public,neutral
ভাইয়া আপনি এতো ভিডিওতে সিরিয়াস মুডে কথা বলেন হেসে তো কথা বলতে পারেন,neutral,neutral,neutral,neutral,neutral,neutral
আসসালামু আলাইকুম বিশ্ববিদ্যালয়গুলোকে কিসের ভিত্তিতে বিভিন্ন গ্রেডে বা লেভেলে বি সি ডি ভাগ বি সি ডি গ্রেডের বিশ্ববিদ্যালয়গুলোর পার্থক্য কিভাবে বিশ্ববিদ্যালয়গুলো আলাদা উচিত কিভাবে পছন্দক্রম সাজানো ভালো,neutral,neutral,neutral,neutral,neutral,neutral
ভাইয়া ইউনিভার্সিটির প্রফেসর হওয়ার রুলস ভিডিও দেন প্লিজ,neutral,neutral,neutral,neutral,pro_private,neutral
ভাইয়া ফার্মেসির প্রাইভেট ইউনিভার্সিটি বেস্ট,neutral,neutral,neutral,neutral,neutral,neutral
ভিডিওটা দরকার ইউনিভার্সিটি আইডিয়াই থ্যাংকস অ্যা লট ভাই,neutral,neutral,neutral,neutral,neutral,neutral
আচ্ছা ভাইয়া পাবলিক ভার্সিটিতে সাবজেক্ট ইংলিশে পড়তে,neutral,neutral,neutral,neutral,neutral,neutral
ভাই ট্যুরিজম অ্যান্ড হসপিটালিটি ম্যানেজমেন্ট এর প্রাইভেট ইউনিভার্সিটি ভালো,neutral,neutral,pro_public,neutral,neutral,neutral
সেইম টু মি,neutral,neutral,neutral,neutral,neutral,neutral
ইয়েস,neutral,pro_public,neutral,neutral,neutral,neutral
জি ভাই,neutral,neutral,neutral,neutral,neutral,neutral
বাংলা বাদে সাবজেক্ট ইংলিশে,neutral,pro_private,neutral,pro_public,neutral,neutral
ডিআইউ,neutral,neutral,neutral,neutral,neutral,neutral
ভাইয়া ড্যাফোডিল ইউনিভার্সিটি সিএসই ইস্ট ওয়েস্ট ইউনিভার্সিটি সিএসই ভালো,neutral,neutral,neutral,pro_public,neutral,neutral
অসংখ্য ধন্যবাদ ভাই ভার্সিটি সম্পর্কিত বেশিরভাগ দিকনির্দেশনা এক ভিডিওতেই পেয়ে গেলাম,neutral,neutral,neutral,neutral,neutral,neutral
ভাই প্রাইভেট ইউনিভার্সিটিতে অ্যাটেন্ডেন্সেস রকম পড়াশোনার পাশাপাশি জব বা বিজনেস যাবে,neutral,neutral,neutral,neutral,neutral,neutral
থ্যাংকস,neutral,neutral,neutral,neutral,neutral,neutral
জিনিষ ক্লিয়ার চাচ্ছি প্রাইভেট ইউনিভার্সিটিতে ইয়ার পড়ার অন্য প্রাইভেট ইউনিভার্সিটিতে যেতে চাই তো যতটুকু শেষ করেছি এখন অন্য ইউনিভার্সিটি গিয়ে বাকি ইয়ার শেষ পারবো নাকি শুরু পড়তে,neutral,neutral,neutral,neutral,pro_private,pro_public
আশা এভাবে কোয়ালিটিফুল ভিডিও বানিয়ে আমাদের সহায়তা করবেন ধন্যবাদ,neutral,neutral,neutral,neutral,neutral,neutral
আপনারা স্প্রিং সেশনে নর্থ সাউথ বিশ্ববিদ্যালয়ে এডমিশন এক্সামের কথা ভাবছেন এনএসইউ স্টুডেন্টদের টীম এনএসইউ ইনসাইডার্স কাজ,neutral,neutral,neutral,neutral,pro_public,neutral
ভাইয়া ডিপ্লোমা হোল্ডার সিভিলে বিএসসি চাই ইভিনিং শিফট ইউনিভার্সিটি ভালো সরকারি চাকুরীজীবি,neutral,neutral,neutral,neutral,neutral,neutral
ভাই প্রাইভেট ইউনিভার্সিটিতে এক্সাম ভাবে নেয় এটার খাতা কিভাবে দেখে বললে একটু নিশ্চিত হতাম,neutral,neutral,neutral,neutral,neutral,neutral
হ্যালো ভাইয়া ঢাকায় প্রাইভেট ইউনিভার্সিটিতে গার্লসদের হোস্টেল হিউম্যানিটিজ ব্যাকগ্রাউন্ডের সাবজেক্টগুলো বেস্ট,neutral,neutral,neutral,neutral,pro_public,neutral
ভাইয়া এসএইচআইএস সাবজেক্টটা পড়তে চাই এখন প্রাইভেট ইউনিভার্সিটিতে নাকি ইংলিশ ভার্সনে পড়ানো এক্সামও দিতে নাকি ইংলিশে এখন কতটা ইংলিশ জানতে ভার্সিটিতে পড়ার,neutral,neutral,neutral,neutral,neutral,pro_public
বালের ভিডিও,neutral,neutral,neutral,neutral,pro_private,neutral
ডিউ রিলেটেড ইঞ্জিনিয়ারিং কলেজ পড়া ভালো প্রাইভেট ইউনিভার্সিটি ভালো,neutral,pro_public,neutral,neutral,neutral,neutral
ল্যাবসেশনাল সাবজেক্টে ফেল করলে প্রাইভেট ইউনিভার্সিটি তা ইয়ার ড্রপ,neutral,neutral,pro_private,neutral,neutral,neutral
মান্থ ইজ কল্ড ট্রাইমিস্টার নট সেমিস্টার,neutral,neutral,neutral,neutral,neutral,neutral
ভাইয়া ডিউ অ্যাফিলিয়েটেড কলেজে কেমন কোর্স থাকে ইউনিভার্সিটির পার্থক্য,neutral,neutral,neutral,neutral,neutral,neutral
আটারলি বোগাস অ্যাডমিশন টেস্ট কোশ্চেনস বিলো দ্যা মিনিমাম স্ট্যান্ডার্ড লেভেল আপনি বলছেন এটা দ্যা মোস্ট এলিট ইউনিভার্সিটি ইন বাংলাদেশ ওহ মাই মাই দেন হোয়াট ইজ বুয়েট ডুয়িং মোয়িং দ্যা গ্রাস গুড লর্ড হাউ ডিড আই মিস দিস কমেডি আপনি বলছেন দ্যা লেকচার ম্যাটেরিয়ালস ডেলিভার্ড ওয়ার্ল্ডওয়াইড সিরিয়াসলি মেট আই স দ্যা ইইই কোশ্চেনস অফ দিস শিট ভার্সিটি অ্যান্ড আই ওয়াজ লিটারেলি ডাইং আউট অফ লাফটার হাউ ক্যান দ্যা টিচার্স অ্যাভেইল দেম উইথ এইচএসসি লেভেল কোশ্চেনস অ্যান্ড অ্যাজ এক্সপেক্টেড দেই কুডন্ট ম্যানেজ টু অ্যানসার দ্যাট এদার দিস ইওর ওয়ার্ল্ড ওয়াইড ইউনিভার্সিটি বেসিক্যালি ইউ গাইজ হায়ার দ্যা টিচার্স ফ্রম আওয়ার ইউনিভার্সিটি অ্যাকচুয়ালি এভরি প্রাইভেট ইউনিভার্সিটি হায়ার্স টিচার্স ফ্রম বুয়েট ইন টেকনিক্যাল সাবজেক্টস এক্সডি অ্যান্ড ফর ইওর সিএসই কনসেনসাস হোয়াট ওয়াজ দ্যা রেজাল্ট অফ আইসিপিসি অ্যাগেইন বুয়েট জাস্ট নেইল্ড ফ্রম দ্যা র্যাংকিং অফ টু ডিউ অলসো ওয়াজ দেয়ার বাট হোয়ার ইজ ইওর এনএসইউ অ্যান্ড আদার বুলশিটস স্টপ ডিসিভিং দ্যা ইয়াংগার্স অ্যাসহোল,pro_public,pro_public,pro_public,pro_public,pro_public,pro_public
ভাইয়া প্রাইভেট ইউনিভার্সিটিতে ভালো রেজাল্ট হলে কেমন স্টাডি,neutral,neutral,neutral,neutral,neutral,neutral
হাই ভাইয়া ভাইয়া কোশ্চন মিস্টে পিকনিকের দিকে সাবজেক্ট যেমন পিএমইতে পড়া ভালো নাকি এনএসইউতে,neutral,neutral,neutral,neutral,neutral,neutral
নামও উৎসো,neutral,neutral,neutral,neutral,neutral,neutral
ইডব্লিউউতে সিএসই বেটার ড্যাফোর চেয়ে,neutral,neutral,neutral,neutral,neutral,neutral
আপনার কোশ্চন বুঝি,neutral,neutral,neutral,neutral,neutral,neutral
বানান ঠিক করলে অবশ্যই বিজনেস যাবে,neutral,pro_private,neutral,neutral,neutral,neutral
হ্যাঁ পারবেন শুরু পড়তে,neutral,neutral,neutral,neutral,neutral,neutral
আবাল,neutral,neutral,pro_private,neutral,neutral,neutral
ক পোলা মা রে,neutral,neutral,neutral,neutral,neutral,pro_private
ভাই পাসা চুলকায় ইউনি ইনফরমেশন রিলেটেড ভিডিও বানাইসে কোথাও এসেই তো বলেন প্রাইভেট ভালো পাবলিক খারাপ নিজের পাবলিক ইউনিভার্সিটির প্রতিফলন তো নিজেই দিতেছো এতো বড় রচনা তা লিখে লল,neutral,neutral,neutral,neutral,neutral,neutral
ফর ইন্ডিয়ান এডুকেশন সিস্টেম অ্যান্ড ইন্ডিয়ান কলেজেস ইউ ক্যান গো থ্রু দ্যা ওয়েবসাইট,neutral,neutral,neutral,neutral,neutral,neutral
হাই মেট,neutral,neutral,neutral,neutral,neutral,pro_private
হেল্লো,neutral,neutral,pro_public,neutral,neutral,neutral
ভাইয়া এনএসইউতে অ্যাডমিশন ছাড়া অ্যাডমিট হওয়া যাবে লতে,neutral,neutral,pro_private,neutral,neutral,neutral
ভাইয়া ল এর ড্যাফোডিল কেমন,neutral,neutral,neutral,neutral,neutral,neutral
গুড কনটেন্ট মাশাআল্লাহ,neutral,neutral,neutral,neutral,neutral,neutral
ভাইয়া সিটি ইউনিভার্সিটি সিএসই এর কতোটুকু ভালো বাজেটের একটু বলে দিলে ভাইয়া ভালো হতো,neutral,neutral,pro_private,neutral,neutral,neutral
অসাধারণ,neutral,neutral,neutral,pro_public,neutral,neutral
খরচে এলএলবি যায় এমন বিশ্ববিদ্যালয়ের নাম বলুন কে,neutral,neutral,neutral,neutral,neutral,neutral
এনএসইউ অ্যান্ড ব্র্যাক ইত্যাদি ইউনিভার্সিটির সিএসই এর অ্যাডমিশন এক্সাম ভিডিও দেন ভাই,neutral,pro_private,neutral,neutral,neutral,neutral
ভাইয়া হেল্প প্লিজ বাজেট টেক্সটাইল পড়ার ইচ্ছা টেক্সটাইল এর গ্রিন ইউনিভার্সিটি কেমন গ্রিন ইউনিভার্সিটি টেক্সটাইল পড়ে গ্রাজুয়েট হওয়ার জব মার্কেটে এর কদর কেমন,neutral,neutral,neutral,neutral,neutral,neutral
এখন নাকি ভার্সিটিতে মাসে সেমিস্টার,neutral,neutral,neutral,neutral,neutral,neutral
এইচএসসি পাস করেছি প্রাইভেট বিশ্ববিদ্যালয়ে ভর্তি পারবো,neutral,neutral,neutral,neutral,neutral,neutral
ভাইয়া এনএসইউতে সিভিল কেমন ভালো সিজিপিএ মেইনটেইন পসিবল,neutral,neutral,neutral,neutral,neutral,pro_public
বিবিএ করার প্রাইভেট ইউনিভার্সিটি কোনটা ভালো,neutral,neutral,neutral,neutral,neutral,pro_private
ভাইয়া বিসিএস এর বিবিএ ওর ইংলিশ ওর ইকোনমিক এর কোনটা ভালো,neutral,neutral,neutral,neutral,neutral,pro_private
ভাইয়া মেকানিক্যাল এর ইউনিভার্সিটি ভালো,neutral,neutral,neutral,neutral,pro_public,neutral
ভিয়া নরমাল প্রাইভেট ইউনিভার্সিটিতে সিএসইতে পড়ে কিভাবে ভালো যায় প্লিজ এটা ভিডিও বানাবেন,neutral,neutral,neutral,neutral,neutral,neutral
ধন্যবাদ,neutral,neutral,neutral,pro_private,neutral,neutral
রিটেক নিলে ক্রেডিট এর ক্রেডিট ফি দিতে,neutral,neutral,neutral,neutral,neutral,pro_public
ভাইয়া নর্থ সাউথ এর অ্যাডমিশন শুরু কবে,neutral,neutral,neutral,neutral,neutral,neutral
থ্যাংক ইউ,neutral,neutral,pro_private,neutral,neutral,pro_private
ভাই অনার্স লেভেলের ইংলিশ রাইটিং কীভাবে ইমপ্রুভ করবো ভিডিও তৈরি এছাড়াও নর্থসাউথ ব্র্যাক বিশ্ববিদ্যালয়ের স্টুডেন্টদের কীভাবে ইংরেজি স্পিকিং ভালো পারি এর ভিডিও তৈরি,neutral,pro_private,neutral,neutral,pro_public,neutral
নোপ,neutral,neutral,neutral,neutral,neutral,pro_private
ভাইয়া ল এর এনএসইউ অ্যান্ড আইইউবি অ্যাডমিশন এক্সামে সাবজেক্ট আসবে,neutral,neutral,neutral,neutral,neutral,neutral
জাযাকাল্লাহু খাইরান প্লিজ কিপ মি ইন ইওর প্রেয়ার্স,neutral,neutral,neutral,neutral,neutral,neutral
থ্যাংকস অ্যা লট হ্যাপি রমজান মুবারক,neutral,neutral,pro_private,neutral,neutral,neutral
লেটস সি ইউনিভার্সিটি এখনো অফিসিয়াল নোটিস দেয়,neutral,neutral,neutral,neutral,pro_private,neutral
আস্ট,neutral,neutral,neutral,neutral,neutral,neutral
থ্যাংকস ভাইয়া,neutral,neutral,pro_public,neutral,pro_private,neutral
বুয়েট,neutral,neutral,pro_private,neutral,neutral,neutral
ইন শা আল্লাহ টপিকে ভিডিও আসবে সুন,neutral,neutral,pro_private,neutral,neutral,neutral
থ্যাংকস ভিয়া,neutral,neutral,neutral,neutral,neutral,pro_public
হ্যা,neutral,neutral,neutral,neutral,neutral,neutral
নেক্সট অ্যাডমিশন রমজানের মেবি,neutral,pro_private,neutral,pro_public,pro_private,neutral
ইটস অ্যা প্লেজার,neutral,neutral,neutral,pro_public,neutral,pro_public
আইইএলটিএস এর প্রিপারেশন নিলে ভালো স্কোর করার ট্রাই করলে ইংলিশ কমিউনিকেশনের ওভারঅল গুলো সেগমেন্টই কাজে আসবে বলে মনে,neutral,neutral,neutral,neutral,pro_private,pro_public
টেক লাভ উৎসো,neutral,neutral,pro_private,neutral,neutral,pro_private
আপনি ভালোভাবে ক্লিয়ার,neutral,neutral,neutral,neutral,neutral,neutral
ভাইয়া হেল্পফুল ভিডিও,neutral,neutral,neutral,neutral,neutral,neutral
ইউএপির বিফার্মর অ্যাডমিশন কেমন,neutral,neutral,pro_public,neutral,neutral,neutral
ভাইয়া ইইই এর প্রাইভেট ভার্সিটি ভালো,neutral,neutral,neutral,neutral,pro_public,pro_public
ভাই এনএসইউতে ভর্তি পরীক্ষা বলেন,neutral,neutral,pro_private,neutral,neutral,neutral
ভাইয়া এনএসইউতে অ্যাডমিশন চাই এনএসইউতে ভাইয়া ভাইভা এক্সাম ওটা কিভাবে ইংলিশে একটু উইক আপনি ভাইয়া এনএসইউ রিটেন ভাইভা এক্সাম ভিডিও,neutral,neutral,pro_public,neutral,neutral,pro_public
ভাইয়া এনএসইউ ব্র্যাক ইত্যাদিতে অ্যাডমিশন প্রসেস কাইন্ডলি তাড়াতাড়ি ভিডিও দিলে খুশি হবো,neutral,neutral,neutral,neutral,neutral,neutral
ভিডিওতে অনিচ্ছাকৃতভাবে খুবই ভুল তথ্য দেওয়া এটা স্লিপ অফ টাং অত্যন্ত দুঃখিত এর সংশোধনী এখানে দিচ্ছি ভিডিওতে বলা আপনাকে ব্যাচেলরের চার বছরে টি কোর্স পারে এটা ক্রেডিট ক্রেডিট এর পরিবর্তে কোর্স বলাটা স্লিপ অফ টাং ব্যাচেলরের চার বছরে আপনাকে রাফলি টি কোর্স পারে এর টি আলাদা আলাদা বই পড়তে পারে,neutral,neutral,pro_public,neutral,neutral,pro_private
ভাইয়া এনএসইউতে অ্যাডমিশন নেওয়ার প্রসেস ভিডিও মেক,neutral,neutral,neutral,neutral,pro_public,pro_public
ভিয়া গ্রেড পয়েন্ট হলে এনএসইউ অ্যাডমিশনের অ্যাপ্লাই যাবে এবার এইচএসসি এক্সাম দিয়াছি এখনো রেজাল্ট আসে বিটিডব্লিউ জাস্ট ইনফরমেশন নেওয়ার বলছি বিবিএ এর এনএসইউর আপনার মতে প্রাইভেট ইউনিভার্সিটি ভালো,neutral,neutral,neutral,neutral,pro_public,neutral
কোর্স বলা এটা ক্রেডিট,neutral,neutral,neutral,pro_public,pro_private,pro_public
ভাইয়া আপনার সাজেশন ব্র্যাক ইউনিভার্সিটিতে সিএসই ডিপার্টমেন্টে ভর্তি হয়েছি তো ভাইয়া আপনি আগের ভিডিওতে স্টুডেন্টদের সেলফ ফাইন্যান্সিয়াল সাপোর্ট ভিডিও বানাবেন বলছিলেন হেল্প হতো খুব এখন বিগিনার হিসেবে স্কিল ডেভেলপমেন্ট উচিত এখন ফারহান ভাইয়ের একাডেমি ডিজিটাল মার্কেটিং শিখা ঠিক নাকি অন্য আমাদের পাইথন শুরু অনেকে নিজে নিজে প্রথম সি সি শিখতে বলছে আপনার মতামত প্রথম কিভাবে পড়লে সিজি ভালো রাখা যাবে প্রোগ্রামিং বা ক্লাব অ্যাক্টিভিটির পাশাপাশি,neutral,neutral,neutral,neutral,neutral,neutral
ভাইয়া সিভিল এর টপ টা ইউনিভার্সিটি সিলেক্ট দিবেন অবশ্যই জানো আইইবি অ্যাক্রেডিটেড রিসেন্ট,neutral,neutral,pro_public,neutral,neutral,neutral
ভাই নর্থ সাউথ ইউনিভার্সিটি এলএলবি টোটালি অ্যামাউন্ট কতো লাগবে,neutral,neutral,neutral,neutral,pro_private,neutral
ভাইয়া আপনার ভিডিওর অপেক্ষায় থাকি আপনার কথা বলা বুঝানোর স্টাইল অন্য ইউটিউবার আলাদা,neutral,neutral,neutral,neutral,neutral,neutral
ভাইয়া নর্থ সাউথ সিএসই এর কেমন শুনছি সিজিপিএ তোলা খুব টাফ জব মার্কেটে এটার প্রভাব কেমন পড়বে টাকার বাহিরে কস্ট,neutral,pro_private,neutral,neutral,pro_public,neutral
থ্যাংকস অ্যা লট,neutral,neutral,neutral,neutral,neutral,neutral
থ্যাংকস অ্যা লট ফর দ্যা কমপ্লিমেন্ট,neutral,neutral,neutral,neutral,neutral,pro_private
থ্যাংকস অ্যা লট ভাইয়া,neutral,neutral,neutral,pro_public,neutral,neutral
বেশ ভালো,neutral,neutral,pro_private,neutral,neutral,neutral
অ্যাডমিশন টেস্টের কোশ্চেন ডিফিকাল্টির কথা বলছি,neutral,neutral,neutral,neutral,pro_public,neutral
আস্ট এনএসইউ ব্র্যাকইউ,neutral,neutral,neutral,pro_private,neutral,neutral
এনএসইউতে ভর্তি পরীক্ষা সহজ ইংলিশটা একটু ভালো দেখেন,neutral,neutral,neutral,neutral,neutral,pro_public
ইন শা আল্লাহ এনএসইউর অ্যাডমিশন টেস্ট সেপারেট ভিডিও আপলোড করবো,neutral,neutral,pro_public,neutral,neutral,neutral
ইন শা আল্লাহ ভাইয়া ভিডিও আসবে,neutral,neutral,neutral,neutral,neutral,neutral
ভাই বিবিএ ডিপার্টমেন্টে তো টা কোর্স বছরে,neutral,neutral,neutral,pro_public,neutral,neutral
এটা শুনে প্রথমে ঘাবড়ে গেছিলাম,neutral,neutral,neutral,neutral,neutral,neutral
ভাইয়া ডে প্রোগ্রাম বলতে বোঝায় প্লিজ এক্সপ্লেইন,neutral,pro_private,neutral,neutral,neutral,pro_public
ইন শা আল্লাহ,neutral,neutral,neutral,neutral,neutral,pro_private
টোটাল গ্রেড পয়েন্ট এর থাকলে এনএসইউতে অ্যাপ্লাই যাবে ভাইয়া,neutral,neutral,pro_private,pro_private,pro_private,pro_private
থ্যাংকস অ্যা লট ইউ সেইভড মি,neutral,neutral,neutral,neutral,neutral,neutral
কংগ্রাচুলেশনস ভাইয়া বেস্ট উইশেস ফর ইওর নিউ জার্নি সেলফ ফাইন্যান্স ভিডিওটা খুব সম্ভবত আগামী সপ্তাহে আসতে যাচ্ছে খুব চেষ্টা করবো আগামী সপ্তাহেই ভিডিওটা দিতে ইন শা আল্লাহ বিগিনার হিসেবে যেসব স্কিল ডেভলপ যেতে পারে তা নিয়েও ফাইন্যান্স এর ভিডিওটাতে কথা ইন শা আল্লাহ ডিজিটাল মার্কেটিং ফিল্ডে স্কিল ডেভেলপ চাইলে ফারহান ভাইয়ের একাডেমি ওয়ান অফ দ্যা বেস্ট অপশন পারে পাইথন শুরু সি পর্যন্ত ভালোভাবে রপ্ত করার পরামর্শটা খুবই কাজের এটা পারলে প্রোগ্রামিং এর বেইজ স্ট্রং ইন শা আল্লাহ আপনার সর্বশেষ কোয়েশ্চনটা সেপারেট ভিডিও দিবো ইন শা আল্লাহ,neutral,neutral,neutral,neutral,neutral,neutral
এনএসইউ আইইউবিএটি আস্ট ইউএপি,neutral,neutral,neutral,neutral,neutral,neutral
ডেট এক্সপায়ার্ড শুনলাম রিনিউ,neutral,neutral,neutral,neutral,neutral,neutral
চার্জেস সহ অ্যারাউন্ড লাখ,neutral,neutral,pro_public,neutral,neutral,neutral
থ্যাংকস অ্যা লট ভাইয়া ফর সাচ অ্যান ইন্সপায়ারিং কমপ্লিমেন্ট,neutral,neutral,neutral,neutral,neutral,neutral
নর্থ সাউথে সিএসই বেশ ভালো পড়াশোনা করলে এখানে সিজি তোলা বেশ টাফ জব মার্কেটে প্রভাব খুব ভালো লাখ টিউশন ফি যেটা এটা বছরে আদার্স সার্ভিসেস সবগুলোর টোটাল চার্জ,neutral,neutral,neutral,neutral,neutral,neutral
ওয়া আলাইকুম আসসালাম,neutral,neutral,neutral,pro_public,neutral,neutral
ইনশাআল্লাহ,neutral,neutral,neutral,neutral,neutral,neutral
লোকটি এখনো প্রাসঙ্গিক কনোরকে কোচিং খাবিবের বিরুদ্ধে লড়াইয়ের অর্জন আশা খামজাত তাকে রিটায়ার,neutral,neutral,neutral,neutral,neutral,pro_private
ভাইয়া প্লিজ মেসেজের রিপ্লাই দিনআমি এইচএসসি ব্যাচের একজন স্টুডেন্টমেডিকেল প্রিপ নিয়েছিলাম তা হয়নিআস্তে আস্তে এভাবে পাবলিক ইউনিভার্সিটিতেই চান্স পাইনিএখন ফ্যামিলি প্রাইভেট ইউনিভার্সিটিতে ভর্তি রাজি নাআমাকে বলে হলে প্রাইভেট মেডিকেলে ভর্তি হওএখন উচিত ভাইয়া একটু বলেন প্লিজ,neutral,pro_private,neutral,neutral,neutral,neutral
ভাইয়া আসসালামুআলাইকুম ভাইয়া খুব সমস্যায় এইচএসসি ব্যাচের স্টুডেন্ট মিডল ক্লাস ফ্যামিলিতে বেলং এখন ভাইয়া এবার কারণে চান্সটা হাতে পেয়েও মিস গিয়েছে অবস্থায় ভাইয়া এখন সেকেন্ড টাইম প্রিপারেশন নিজের স্বপ্নটা পূরণ চাই ফ্যামিলি চিন্তা বছর গ্যাপ পড়বে আগাই চলে যাবে পিছে পড়ে থাকবো তো ওরা আমাকে প্রাইভেটে পড়ানোর জোর বলছে প্রাইভেটে পড়ে সেকেন্ড টাইম প্রিপারেশন নাও ফ্যামিলিকে অনেকবার বুঝিয়েছি ওরা বুঝতে চাচ্ছে ওরা শুধু চিন্তা লাইফ বছর এমনি এমনি চলে যাবে সেকেন্ড টাইম চান্স তখন এগুলো এখন ভাইয়া করবো বুঝতে পারছি হেল্পলেস যাচ্ছি,pro_public,pro_public,pro_public,pro_public,pro_public,pro_public
গ্রিন ইউনিভার্সিটি কেমন সিএসই পড়তে চাই,neutral,neutral,neutral,neutral,neutral,neutral
স্যার জিএসটিতে চান্স পাই হাসব্যান্ড আমাকে ন্যাশনালেও ফর্ম উঠাতে দেয় নিএখন করবো,neutral,neutral,neutral,pro_private,neutral,neutral
জাতীয় বিশ্ববিদ্যালয়ের ডিগ্রি পাস কোর্সে প্রফেশনাল কোর্সের ভর্তি হওয়া ভালো,neutral,neutral,pro_private,neutral,neutral,neutral
ভাইয়া ডিআইইউ কেমন,neutral,neutral,neutral,neutral,neutral,neutral
কোর্স কারিকুলাম ডিপার্টমেন্ট অফ ম্যানেজমেন্ট স্টাডিজ বেগম রোকেয়া বিশ্ববিদ্যালয় রংপুর বিষয় ফুল ইংলিশ ভার্সন প্রিন্সিপলস অফ ম্যানেজমেন্ট ইন্ট্রোডাকশন টু বিজনেস প্রিন্সিপলস অফ মার্কেটিং প্রিন্সিপলস অফ অ্যাকাউন্টিং মাইক্রোইকনোমিক্স বিজনেস কমিউনিকেশন বাংলাদেশ স্টাডিজ প্রিন্সিপলস অফ ফাইন্যান্স ম্যাক্রোইকনোমিক্স বিজনেস ম্যাথমেটিক্স ভাইভাভোস লিগ্যাল অ্যাসপেক্টস অফ বিজনেস ল বিজনেস এনভায়রনমেন্ট বিজনেস স্ট্যাটিসটিক্স কম্পিউটার ইন বিজনেস জেনারেল সায়েন্স অ্যান্ড এনভায়রনমেন্ট হিউম্যান রিসোর্স ম্যানেজমেন্ট ম্যানেজেরিয়াল ফাইন্যান্স ব্যাংক ম্যানেজমেন্ট ইন্সুরেন্স অ্যান্ড রিস্ক ম্যানেজমেন্ট মার্কেটিং ম্যানেজমেন্ট অ্যাডভান্সড স্ট্যাটিসটিক্স ভাইভাভোস ম্যানেজেরিয়াল অ্যাকাউন্টিং এন্টারপ্রেনারশিপ ডেভেলপমেন্ট অ্যান্ড এসএমই ম্যানেজমেন্ট নলেজ ম্যানেজমেন্ট বিজনেস এথিক্স ট্যুরিজম অ্যান্ড হসপিটালিটি ম্যানেজমেন্ট ম্যানেজমেন্ট প্র্যাক্টিসেস ইন বাংলাদেশ ম্যানেজমেন্ট ইনফরমেশন সিস্টেমস অর্গানাইজেশনাল বিহেভিয়ার বাংলাদেশ ইকনোমি অপারেশন্স ম্যানেজমেন্ট ইনকাম ট্যাক্স ইন বাংলাদেশ এগ্রিবিজনেস ম্যানেজমেন্ট ভাইভাভোস ম্যানেজমেন্ট থটস প্রোজেক্ট ম্যানেজমেন্ট ক্যারিয়ার ম্যানেজমেন্ট ইবিজনেস ইনভেস্টমেন্ট অ্যানালাইসিস অ্যান্ড পোর্টফোলিও ম্যানেজমেন্ট অর্গানাইজেশনাল ডেভেলপমেন্ট ইন্ডাস্ট্রিয়াল এক্সপ্লোরেশন স্ট্র্যাটেজিক ম্যানেজমেন্ট সাপ্লাই চেইন ম্যানেজমেন্ট ইন্ডাস্ট্রিয়াল রিলেশন ইন্টারন্যাশনাল বিজনেস ইন্টার্নশিপ ইন ব্যাংক তিন মাস রিসার্চ মেথোডোলজি ভাইভাভোস ডিফেন্স ইন্টার্ন রিপোর্ট পেপার,neutral,neutral,neutral,neutral,neutral,neutral
ঢাকায় ফ্যাসিলিটিজ এনএসইউ ব্র্যাক ইস্ট ওয়েস্ট আইআইউবি টপ মোস্ট ইউনিভার্সিটি‼,pro_private,pro_private,pro_private,pro_private,pro_private,pro_private
ভাইয়া কোর্স এখন কিনে পড়া যাবে নাকি জাস্ট বই পড়বো,neutral,pro_private,pro_private,neutral,neutral,pro_public
ভাইয়া বইয়ের প্রাইস,neutral,neutral,neutral,neutral,neutral,neutral
ভাইয়া ইংরেজি খুব পারে ওদের ভর্তি হওয়া উচিত প্রাইভেটে,neutral,neutral,neutral,neutral,neutral,neutral
ভাই ব্যাপারটা ইলজিক্যাল বছর স্টুডেন্টস সংখ্যা অন্যান্য বছর ফেইল্ড অনেকেই সেকেন্ড টাইমও নিবে,neutral,neutral,pro_public,neutral,neutral,neutral
এশিয়া ইউনিভার্সিটির বলেন অ্যালুমনি,neutral,neutral,neutral,neutral,pro_private,neutral
বইটা পেতে চাই,neutral,neutral,neutral,neutral,neutral,neutral
ভাই রাজশাহী ইউনিভার্সিটির লাস্টের দিকের সাবজেক্টে যাওয়া ভালো নাকি ব্র্যাকের সিএসই বেটার স্পেসিফিক সাবজেক্ট প্যাশন বাইরে যাওয়া একটু ম্যাডনেস,neutral,neutral,neutral,neutral,neutral,neutral
ভালো ভাই পড়ছে,neutral,neutral,neutral,neutral,neutral,neutral
আইআইউবি ভালো স্কিপ,neutral,neutral,neutral,neutral,neutral,neutral
হ্যাঁ নিজেও এখনো ইংরেজিতে দুর্বল আমিও তো প্রাইভেটে পড়তেছি,neutral,neutral,neutral,neutral,neutral,neutral
ভাইয়া এমবিএতে ভর্তি চাই কেমনে প্রিপারেশন নিবো,neutral,neutral,pro_private,neutral,neutral,pro_private
রাজশাহীর অধিভুক্ত প্রাইভেট ইউনিভার্সিটির রংপুর ইঞ্জিনিয়ারিং প্রাইভেট ইউনিভার্সিটিতে পড়া ভালো,neutral,neutral,neutral,neutral,neutral,neutral
ন্যাশনাল ইউনিভার্সিটির অধীনে যত সরকারি কলেজ সেগুলোতে কেমন,neutral,neutral,neutral,neutral,neutral,pro_private
হিউম্যানিটির কোর্স ভাইয়া,neutral,neutral,neutral,neutral,neutral,neutral
বাল মাকনা,neutral,neutral,neutral,pro_public,neutral,neutral
ভাইয়া এনএসইউর সামার এর কোর্সটা করবো,neutral,neutral,neutral,neutral,pro_public,pro_private
ভাইয়া চট্টগ্রামের ফার্মেসির প্রাইভেট ভার্সিটি ভালো প্লিজ একটু বলেন,neutral,neutral,pro_private,neutral,pro_private,pro_private
এখন ইস্ট ওয়েস্টে জেনেটিক ইঞ্জিনিয়ারিং অ্যান্ড বায়োটেকনোলজি ডিপার্টমেন্টেযদিও জাহাঙ্গীরনগরে চান্স পাইছিলামআমার বায়োকেমিস্ট্রি সাবজেক্ট আসছেকিন্তু যাই নাইআমার বাসার ইস্ট ওয়েস্টএকটা ভালো সাবজেক্ট পাইছি এখানেতার শুনলাম এক ফ্রেন্ড নাকি জেইউতে ফার্মেসিতে চান্স পাইছেওর কথা বলে দেখলামওদের এতো সেশন জট লাগে রেও এখনো পিছিয়ে আছেআর য় বর্ষে উঠে গেলাম প্রাইভেট ভার্সিটিতে মারাত্তক প্রেসার পাগলের অবস্থা দেখলাম ইস্ট ওয়েস্টে ম্যাক্সিমাম স্টুডেন্ট সারাদিন খালি কুইজ মিড অ্যাসাইনমেন্ট গ্রুপ ওয়ার্ক প্রেজেন্টেশন স্পট অ্যাসেসমেন্ট ভাইভাআরো কতো এসব দৌড়ি দৌড়ি একদিন এক সিনিয়র আপু বললেন জানতাম পাবলিকেই পড়তাম অন্তত এখানে আসিয়া বাস খাইতাম নাহ আপু তো ঢাবিতে চান্স পাইছিলো ইকনোমিক্সেকিন্তু এখন ইস্ট ওয়েস্টে পড়ে যাই বলুক প্রাইভেটের পড়ার প্রেসারযারা পাইছেন তারাই জানে ভয়ানক,pro_public,pro_public,pro_public,pro_public,pro_public,pro_public
সাউথইস্ট কেমন ভাইয়া,neutral,neutral,neutral,neutral,neutral,neutral
ভাইয়া আর্টস ইউনিভার্সিটি বেস্ট,neutral,neutral,neutral,neutral,neutral,neutral
প্রাইভেট ইউনিভার্সিটিতে ভর্তি হতেও পরীক্ষা দেওয়া লাগে,neutral,neutral,pro_private,neutral,neutral,neutral
ড্যাফোডিল কেমন,neutral,neutral,neutral,neutral,pro_public,neutral
ভাই রে টাকাই থাকে কেমনে পড়ুম প্রাইভেটে,neutral,neutral,pro_public,neutral,neutral,neutral
দরকার বইটা কিভাবে পাওয়া যাবে,neutral,neutral,neutral,neutral,neutral,pro_private
ভাই ডিসকাউন্টের কোড অ্যাভেইলেবল,neutral,neutral,neutral,pro_public,neutral,neutral
প্রাইভেটে কয়েক বছর জাতীয় বিশ্ববিদ্যালয়ে পড়া যাবে নাকি,neutral,pro_private,neutral,neutral,neutral,neutral
বুঝতে পারছি খারাপ করুক যাই করুক পাবলিকের সিট সংখ্যা তো কমে আগের মতোই আগের তুলনায় এবার প্রাইভেট কেমনে,neutral,pro_private,neutral,neutral,neutral,neutral
এগ্রিকালচার সাবজেক্টের আইইউবিএটি ইউনিভার্সিটি কেমন,neutral,pro_public,neutral,pro_private,neutral,neutral
মিড লেভেল প্রাইভেট ইউনিভার্সিটি কেমন,neutral,neutral,neutral,neutral,pro_public,neutral
ব্যাচে আপনি,neutral,neutral,pro_private,neutral,pro_private,neutral
হ্যাঁ,neutral,neutral,neutral,neutral,neutral,neutral
ইস্ট ওয়েস্ট ইউনিভার্সিটি এডমিশন কোর্স ডিসকাউন্ট কোড রিভাইভ ব্র্যাক ইউনিভার্সিটি এডমিশন কোর্স ডিসকাউন্ট কোড রিভাইভ আমাদের বই সম্পর্কিত আপডেট জানতে বা বই কিনতে ভিজিট করুন প্রয়োজনে মেসেজ হোয়াটসঅ্যাপ কল করুন আমাদের নাম্বারে,neutral,neutral,neutral,neutral,neutral,neutral
কম্পিটিশন ভাই প্রতি বছর বাড়তেছে তেলাপোকার মতোনপ্রচুরইভেন জিএসটিতেও হার্ড কোশ্চেন করতেছে জাস্ট কম্পিটিশনের,neutral,neutral,pro_private,neutral,neutral,neutral
সিভাসু বানান ভাইয়াপ্লিজ,neutral,neutral,neutral,neutral,pro_private,neutral
বইয়ে জাস্ট ম্যাথ ইংলিশ বাকি ফিজিক্স কেমিস্ট্রি বায়োলজি বইয়ের কভারে রেখেছে ফিজিক্স কেমিস্ট্রি বায়োলজি ম্যাথ ইংলিশ,neutral,neutral,pro_public,neutral,neutral,neutral
ভাইয়া ইনফরমেশন জানতে চাই প্রাইভেট ইউনিভার্সিটিতে রেগুলার ক্লাস জব চাই পাশাপাশি প্রাইভেট ইউনিভার্সিটিতে পড়তে চাই,neutral,neutral,neutral,neutral,neutral,neutral
আনাস ভাই কমার্সদের নিয়েও বলেন ভাই আপনি তো আসেন,neutral,neutral,neutral,neutral,neutral,neutral
অনার্স শেষ যাবে পরের বছরে আমিও প্রাইভেট বিশ্ববিদ্যালয়ে পড়তেছি শিখেছি জানতে পেরেছি ভাইয়ার কথাগুলো সঠিক,pro_private,pro_private,pro_private,pro_private,pro_private,pro_private
ভাইয়া কলেজ বলবেন দয়া,neutral,neutral,neutral,neutral,neutral,pro_public
মেডিকেল আসবে আসলেও কোনগুলো আসবে,neutral,neutral,neutral,neutral,neutral,neutral
আনাস ভাই আসলেই বেস্টটটট,neutral,neutral,neutral,neutral,pro_public,neutral
ভাইয়া প্লিজ রিয়েল কথা বলবেন চাকরির ক্ষেত্রে পাবলিক পড়া ক্যান্ডিডেটকে গুরুত্ব দেওয়া প্রাইভেট পড়া একজনের তুলনায়,neutral,neutral,neutral,neutral,neutral,neutral
ভাইয়া ঢাকা থাকি ফ্যামিলিও ঢাকার বাইরে যেতে দিবে তাছাড়া আমিও মনে করছি ঢাকা থাকলে জিএসটি অ্যাপ্লাই উচিত,neutral,neutral,neutral,neutral,pro_public,neutral
আরে ভাইয়া মা বাপকে কেমনে বুঝাই,neutral,neutral,pro_private,neutral,neutral,pro_public
আনাস ভাই শেরা লাভ ফ্রম কুমিল্লা,neutral,neutral,neutral,neutral,neutral,neutral
জাহাঙ্গীরনগর ছেড়ে এনএসইউ,pro_private,pro_private,pro_private,pro_private,pro_private,pro_private
ছোট ভাইরা আইআইউবিতে আসিশ পাবলিকের থেকেও প্রেসার মইরা কাইত হয়া থাকবি,neutral,neutral,neutral,neutral,neutral,neutral
আপনি যেটা বলছেন ফাঁকিবাজ ফাঁকিবাজরা এনএসইউ পড়ার যোগ্য এত সহজ,pro_private,pro_private,pro_private,pro_private,pro_private,pro_private
চট্টগ্রামের ইউএসটিসি আইআইইউসিতে বায়োলজি টাইপ সাবজেক্ট পড়লে কেমন যেমন ফার্মেসি বায়োকেমিস্ট্রি মাইক্রোবায়োলজি এগুলো পড়ার জব পাবো প্রাইভেট বলে সমস্যা ফেস করবো জবের ক্ষেত্রে চট্টগ্রামের সিনিয়ররা সাজেশন দেন প্লিজ,neutral,neutral,neutral,neutral,pro_private,neutral
বিদেশে পড়তে যাও বেটার অপশন,neutral,neutral,neutral,neutral,neutral,neutral
শোয়া কত দেহুম প্রাইভেটের মূল্য দেহাইয়া কত ব্যবসা করবি,pro_public,pro_public,pro_public,pro_public,pro_public,pro_public
পোলাপান বড় ভাই হিসেবে কইতাসি ভাই হীর কথা শুন ভাই নাইলে মরদা জে খাইবি রে বাবা রিয়েলিটি কইতাসে পুরাদা আমিও বছর কইছিলাম ভুগি চুগি মারাইতাসি এখন বুঝতাসে রিয়েলিটি জিনিসটা,pro_public,pro_public,pro_public,pro_public,pro_public,neutral
প্ল্যাটফর্মটা কখনো পছন্দ লোকটা বলেছে লেজিট,neutral,neutral,pro_public,neutral,neutral,neutral
প্রাইভেট ভার্সিটি প্রেসার দেইটাইম পড়া শেষ করাইআর আপনি ডেইলি ক্লাসে প্রেজেন্ট থাকলে ঝামেলা হবেআপনার মার্কস কমবেসিজি ডাউন হবেআর ফ্যাকাল্টি এগুলো খুব ভালোভাবে নোটিস করেআর দিনের ক্লাস মিস আপনাকে মেবি অ্যাপ্লিকেশন ফাইনাল এক্সামে বসার,pro_public,pro_public,pro_public,pro_public,pro_public,pro_public
প্রাইভেট বিশ্ববিদ্যালয়ে পড়ছেন আপু,neutral,neutral,neutral,neutral,neutral,neutral
আইআইউবি,neutral,neutral,pro_private,neutral,pro_public,neutral
ভাইয়া একটু ইনবক্সে আসতে পারবেন,neutral,neutral,neutral,neutral,neutral,neutral
বিশ্ববিদ্যালয়ে পড়ছেন আপু,neutral,neutral,neutral,neutral,neutral,pro_public
মা বাবা বোঝে টাকা,neutral,neutral,pro_private,pro_private,neutral,neutral
টাকা প্রাইভেটকে মূল্য দেই প্রাইভেট ফার্মেসি পড়ে নাকি চাকরি পাওয়া যায়,pro_public,pro_public,pro_public,pro_public,pro_public,neutral
আপু জানে চট্টগ্রাম বেইজড ইউনিভার্সিটিগুলোর কথা চাটগাইয়া ছাড়া ঢাকার পিছনেই ঘুরে যেন চট্টগ্রামে পড়লে ফিউচারই আমিও কিউরিয়াস ফার্মেসি বায়োকেম ইত্যাদি এনাফ রিভিউ পাই প্রাইভেট ইউনিভার্সিটি জিজ্ঞেস জাস্ট ব্র্যাক এনএসইউ সাজেস্ট,neutral,neutral,neutral,neutral,neutral,neutral
চট্টগ্রামের ইউনিভার্সিটিগুলো আন্ডাররেটেড বলবো,neutral,pro_public,neutral,neutral,neutral,neutral
আইআইইউসিতে বিএসসি মাইক্রোবায়োলজি বিএসসি বায়োকেমিস্ট্রি প্রোগ্রাম ফার্মেসি ইন্টারনেটে দেখছি ভালোই ফার্মেসি,neutral,pro_public,pro_public,neutral,pro_public,neutral
থাটস রাইট,neutral,neutral,neutral,neutral,neutral,neutral
রিকোয়ারমেন্ট ওয়ান পাবলিক প্রেফার্ড সাবজেক্ট পাওয়া বাপের একটু টাকা থাকা,neutral,neutral,neutral,neutral,neutral,neutral
একজন এনএসইউয়ার হিসেবে ফ্রিডম টিকে থাকা ইজি ভালো সিজি ক্যারি করার জাস্ট পাস করার জন্যই হার্ড ওয়ার্ক লাইফ হেল যাচ্ছে মতে পাবলিকেই ফ্রিডম অনেক্ক্ক ইজি গোয়িং,pro_public,pro_public,pro_public,pro_public,pro_public,pro_public
প্রাইভেট বিশ্ববিদ্যালয়ে ইঞ্জিনিয়ারিং যাওয়াই ভালো,pro_public,pro_public,pro_public,pro_public,pro_public,pro_public
প্রাইভেট ইউনিভার্সিটিতে কত পয়েন্ট লাগে,neutral,neutral,neutral,neutral,neutral,neutral
নর্দার্ন কেমন,neutral,neutral,neutral,neutral,neutral,pro_private
টাকা,neutral,neutral,neutral,neutral,neutral,neutral
এনএসইউ বেস্ট আই স্টাডি ইন এনএসইউ সিএসই ডিপার্টমেন্ট,pro_private,pro_private,neutral,pro_private,pro_private,pro_private
প্রমোশনাল ভিডিও বানাইছেন ভাইয়া ঠিক এখানে আমাদের ছোট ভাই বোনের বাবা মায়ের দীর্ঘ কষ্টের টাকা স্বপ্ন এরা প্রাইভেটে ভর্তি কয়েকটা তিক্ত কথা বলি ইস্ট ওয়েস্টে বিবিএ কমপ্লিট বছর লাগছে সেশন জট রিটেক ফেল ধরে নেন খারাপ স্টুডেন্ট পরিচিত কয়েকজনের উদাহরণ দেই রুমমেট ছোট ভাই সেমেস্টার পড়ার হতাশ রিএডমিশন খুলনা ইউনিভার্সিটিতে চলে গেল ফ্রেন্ড বছর পড়ার আইআইউবিতে চলে গেল এক বড় ভাই বছর ইউল্যাবে চলে গেল এরকম অনেকেই লক্ষ লক্ষ টাকা খরচ করেও গ্রেডের মাইরপ্যাচে ইস্ট ওয়েস্ট ছাড়তে বাধ্য হইছে বলব আপনি আসলেই ভালো স্টুডেন্ট হন তবেই এনএসইউ ব্র্যাক ইস্ট ওয়েস্টে ভর্তি হবেন সিজিপিএ থাকলে ভার্সিটির নাম চাকরি পাবেন রিক্রুটার এসবের ভ্যালু বোঝে অনেকে বায়াসডও থাকে ধন্যবাদ সবাইকে,pro_public,pro_public,neutral,pro_public,pro_public,pro_public
ভাই ঢাবি হলে বিদেশে চলে যাবো,pro_public,pro_public,pro_public,pro_public,pro_public,pro_public
জন্যই প্ল্যাটফর্মটা এত ভালো লাগে প্ল্যাটফর্ম শুধু কোনটা চলবে সেটা নিয়েই কথা বলে যেটা পড়া প্রয়োজন সেটা নিয়েও কথা বলে ধন্যবাদ আনাস ভাই,neutral,neutral,neutral,neutral,neutral,pro_private
মেডিকেল ফাইনাল ইয়ারে পড়ি এগুলো গন্ডি পার শেষ তারপরেও ভালো লাগে ডিএমসিকে,neutral,neutral,pro_private,neutral,neutral,neutral
সিটি ইউনিভার্সিটিবিইউবিটি পড়লে কেমন লাইফে হিউম্যানিটিজ সাবজেক্টের পড়ে যাবে মার্চএপ্রিলের সিটিবিইউবিটি ইউনিভার্সিটিতে ভর্তি হওয়া যাবে,neutral,neutral,pro_public,neutral,neutral,neutral
বোকাচুদা বালের মোটিভেশন দেস,neutral,neutral,neutral,neutral,neutral,neutral
ভাইয়া আপনাদের জেএনইউর কমার্স ইউনিট স্পেশাল ব্যাচ,neutral,neutral,neutral,neutral,neutral,neutral
ভাইয়া আপনার কিভাবে যোগাযোগ করবো,neutral,neutral,neutral,neutral,neutral,neutral
ন্যাশনাল ইউনিভার্সিটি বলেন,neutral,neutral,neutral,neutral,neutral,neutral
স্টাডি অ্যাব্রড ভিডিও চাই,neutral,neutral,neutral,neutral,neutral,neutral
সবসময় প্রাইভেটের কথা বলি পাবলিক বিশ্ববিদ্যালয়কে জীবনেও প্রমোট টাকা থাকলে প্রাইভেটে যাও,pro_private,pro_private,pro_private,pro_private,pro_private,neutral
স্যার বাংলাদেশ কলকাতা ইউনিভার্সিটিতে চান্স পাওয়ার গাইডলাইন দেন,neutral,neutral,neutral,neutral,neutral,neutral
ভাইয়া চট্টগ্রামের প্রাইভেট ইউনিভার্সিটি ভিডিও বানান প্লিজ,neutral,neutral,neutral,pro_public,pro_private,neutral
ভাইয়া কথা জিগ্গেস করার অ্যাজ এন এনএসইউ অ্যাসপায়ারেন্ট কাইন্ডলি একটু রেসপন্স করতেন,neutral,neutral,neutral,neutral,neutral,neutral
পাবলিকে তো চান্স পাওয়াই অনেক্ক্ক টাফ মানে এর অনেক্ক্ক টাফ গেছে,neutral,neutral,pro_public,neutral,neutral,neutral
এনএসইউও টাফ,pro_private,pro_private,pro_private,pro_private,pro_private,pro_private
এনএসইউতে মিনিমাম,neutral,neutral,pro_public,neutral,neutral,neutral
এডমিশন হার্ড,neutral,neutral,neutral,neutral,pro_public,neutral
হ্যাঁ একটু হার্ড ব্র্যাকে ইজি আপনার এইচএসসি রেজাল্ট খারাপ হলে আইআইউবি বেস্ট,pro_private,pro_private,pro_private,pro_private,pro_private,pro_private
প্রিপারেশন কিভাবে নিয়েছেন একটু জানাবেন,neutral,neutral,pro_private,neutral,neutral,neutral
এটা ট্রু এক ইউনিভার্সিটিতে ভর্তি হলাম সিএস ডিপার্টমেন্টে হাই হাই সর্বনাশ মেয়েরা প্রফেসরদের প্রস্টিটিউশন গ্রেডস লাগায় ছেলেরা প্রফেসরদের গাঁজা খায় টাকা লাগায় সিজিপিএ আপ প্রফেসরগুলাও ফালতু টপ টপ ইউনিভার্সিটি পাসআউটস হোক ফুল অফ শিট অন্তত বাস থাকে পাবলিক ইউনিভার্সিটি বাস খাও এটা গভর্নমেন্ট ফান্ডেড ইনস্টিটিউশন প্রাইভেট ইউনিভার্সিটিতে বস্তা বস্তা টাকাও দিবো বাসও নাও এটা টোটালি ফালতু দ্যাটস হোয়াই ইভেন ইফ ইউ হ্যাভ মানি গো ফর পাবলিক,pro_public,pro_public,pro_public,pro_public,pro_public,neutral
ভার্সিটি নামটা বলেন,neutral,neutral,pro_public,neutral,neutral,neutral
ভার্সিটি,neutral,neutral,neutral,neutral,neutral,neutral
শুধু ঢাবি শুধু তোমাকে সঙ্গের,pro_public,pro_public,pro_public,pro_public,pro_public,pro_public
এভয়েড ন্যাশনাল,pro_public,pro_public,neutral,pro_public,pro_public,pro_public
পড়ালেখার ফ্লো হারাবেন মাস পরীক্ষা থাকে,pro_public,pro_public,pro_public,pro_public,pro_public,pro_public
বুয়েটে চান্স পেয়ে এসব বলেন ভর্তি হওয়ার দরকার জাস্ট চান্সটা পাইছেন মাদার ফাকার,neutral,neutral,neutral,pro_private,neutral,neutral
বয়কট ইন্ডিয়া,neutral,neutral,pro_private,neutral,neutral,neutral
আইআইইউসি বেস্ট,pro_private,pro_private,pro_private,pro_private,pro_private,pro_private
ভাই এনএসইউর কাট মার্ক কত,neutral,neutral,neutral,neutral,neutral,neutral
আপনাদের কোর্স কেনা হয়েছেকরতেছি ওকিন্তু অ্যাপের ডেভেলপমেন্টের খুব প্রয়োজনঅ্যাপ কিছুক্ষণ ক্র্যাশ বহুত বাগস আছেএগুলো প্লিজ ফিক্স,neutral,neutral,neutral,neutral,neutral,neutral
এবার বলেন প্রাইভেট বাদ পাবলিকে পড়বো কেনো,neutral,neutral,pro_public,neutral,neutral,neutral
স্যালুট,neutral,neutral,neutral,neutral,neutral,pro_private
এনএসইউতে থাকলে এক্সামে দেওয়া যায়,neutral,neutral,neutral,neutral,neutral,neutral
কুপন কই,neutral,neutral,neutral,neutral,pro_public,neutral
টোটাল নাম্বার অফ পাবলিক অ্যান্ড প্রাইভেট ইনস্টিটিউশনস রিমেইন দ্যা সেম অ্যাজ বিফোর রাইট সো দিস ইজন্ট লাইক অনেকেই বছর পাবলিকে পাবেনা দ্যা বার উইল বি লো উইল বি হ্যাভিং লেস টাইম ফর এনি এডমিশন এরা কামব্যাক দ্যাটস অল,neutral,neutral,neutral,neutral,neutral,neutral
ব্যাচ রিসেন্টলি ড্যাফোডিলে অ্যাডমিশন নিয়েছি সোফটওয়্যার ইঞ্জিনিয়ারিং ডিপার্টমেন্টে অনেস্টলি পাবলিকে পরীক্ষা দিলে জীবনেও চান্স হইতো আই নো মাই পড়ালেখার অবস্থা ট্রুলি বুঝতে পারে পাবলিকে পরীক্ষা দিলে হবেই পছন্দের সাবজেক্ট আসবে ভাই গো ফর প্রাইভেট অ্যান্ড ডোন্ট ওয়েস্ট ইওর টাইম সিটিং ফর ডিফারেন্ট এডমিশন টেস্টস ইফ ইউ হ্যাভ দ্যা অ্যাফোর্ডেবিলিটি ট্রাস্ট মি ইউ উন্ট রিগ্রেট ইট জাস্ট ফলো ইওর অ্যাকচুয়াল ইনস্টিংক্ট,pro_private,pro_private,pro_private,neutral,pro_private,pro_private
প্রাইভেটে বিভাগ চেঞ্জ পরীক্ষা দেওয়া যায় নাকি গ্রুপ অনুযায়ী পরীক্ষা দিতে,neutral,neutral,pro_public,neutral,neutral,neutral
এক্সপিরিয়েন্সে প্রাইভেটে মিনিমাম বছর লাখ টিউশন ফি লাখ রেন্টফুড অন্যান্য খরচ এর হায়ার স্টাডি ফের বেটার,neutral,neutral,neutral,neutral,neutral,neutral
ঢাকার ইউনিভার্সিটি ছেড়ে ঢাকার বাইরে কিছুতে সেটল হওয়ার চয়েস রিগ্রেট করতেছে ঢাকা তোমাকে জব দিবে কখনো জব ক্র্যাক করার অ্যাপ্রোচ নিবে জাস্ট অফিসের কাছাকাছি থাকো কুইজ অ্যাসাইনমেন্টস টিউশন ব্যস্ত থাকবে যদিও ঢাকার গ্র্যাড বছর গ্র্যাজুয়েট হও এটা তেমন ক্ষতি যেমন সিনিয়ররা সাজেস্ট ইটস দ্যা ব্রুটাল ট্রুথ থিংক রেশনালি মিনিমাম ইয়ার্স অফ সার্ভিস ইজ রিকোয়ার্ড টু গেট প্রোমোশন সো আফটার হিয়ারিং দিস ডু ইউ থিংক দ্যাট ক্যান কজ মাচ ড্যামেজ টিউশন ইজ গ্রেট ইন ঢাকা ইউ ক্যান আর্ন কেকে অ্যাট দ্যা এক্সপেন্স অফ আওয়ার্স ইনক্লুডিং জার্নি থ্রি ডেইস পার উইক বাট দিস উইল হার্ম ইওর জিপিএ হোইচ ক্যান কজ অ্যান ইনক্রিজ অফ টিউশন ফিস স্পেন্ড অ্যাব্রোড ইফ ইউ ওয়ান্ট টু গো ফর মাস্টার্স,neutral,neutral,neutral,neutral,neutral,pro_public
টাকা থাকে ভাই,neutral,pro_public,neutral,neutral,neutral,neutral
ঢাকাই আর্থকুয়েক,neutral,neutral,neutral,neutral,neutral,neutral
ভাই অ্যাব্রোড স্টাডির বলেন বা ভিডিও আনেন,neutral,neutral,pro_private,neutral,neutral,neutral
বাসা ঢাকায় সাস্টে এসে ভুল করলাম,neutral,neutral,neutral,neutral,pro_private,neutral
এইচএসসি ক্যালকুলেটর ভিডিও চাই ডিটেইল্ড এক্স সিডব্লিউ,neutral,neutral,neutral,neutral,neutral,neutral
সিলেটি এতো পাবলিক প্রাইভেট লাভ এইচএসসি পরেই তো বিদেশ চলে যাবো,neutral,pro_public,neutral,neutral,neutral,neutral
বাপের অবৈধ টাকা এদের প্রাইভেট ভার্সিটি পড়া ব্যাপার,pro_public,pro_public,neutral,pro_public,pro_public,pro_public
আনাস ভাই জোস,neutral,neutral,neutral,neutral,pro_public,neutral
মানুষকে গর্ব বলার,neutral,neutral,neutral,neutral,neutral,neutral
প্রাইভেটে পড়ার ইনাফ টাকা থাকলে পাবলিসিয়ান ট্যাগ পাওয়ার আই গেস,neutral,neutral,neutral,pro_private,neutral,neutral
হাসাইলি ভাই,neutral,pro_public,neutral,neutral,neutral,neutral
লাখ টাকা বাঁচানোর,neutral,neutral,neutral,neutral,neutral,neutral
এমই কুপন এপ্লাই করলে ডিসকাউন্ট পেয়ে যাবে কুপন এমই কুপন যেভাবে এপ্লাই করবা কোর্সে এনরোলমেন্ট টিউটোরিয়াল,neutral,neutral,neutral,neutral,neutral,neutral
আমিও ভর্তি হইছি ড্যাফোডিলে,neutral,neutral,neutral,neutral,neutral,neutral
ডিপার্টমেন্ট,neutral,neutral,neutral,neutral,neutral,neutral
ভাই ডিআইইউর সোফটওয়্যার ইঞ্জিনিয়ারিং কেমন পড়ার প্রেসার কেমন সিজি তোলা হার্ড আমিও ব্যাচ পাবলিকে পাইতেছি ডিআইইউতে ভর্তি চাইছি,neutral,neutral,neutral,neutral,neutral,neutral
রেন্ট ফুড এসব বাদ দেন প্রাইভেটে পড়লে আপনি প্রতিদিন চাইনিজ জাপানিজ খাবেন স্টার হোটেলে থাকবেন পাবলিকে পড়লে আপনি বস্তিতে থাকবেন খেয়ে থাকবেন আপনি প্রাইভেট ইউনিভার্সিটিতে দেখেছেন অ্যাভারেজ কোর্স ফি লাখ বলে দিলেন জট্টো,neutral,neutral,pro_public,neutral,pro_public,neutral
অ্যাভারেজ কেমন লাগে ভাই,neutral,neutral,neutral,neutral,neutral,neutral
এনএসইউতে ফার্মেসি লাখ,neutral,pro_public,neutral,neutral,neutral,neutral
প্রাইভেটে পড়েন ভাই,neutral,neutral,neutral,pro_public,neutral,neutral
এইরকম মিথ্যা বলে গেলো হালা,neutral,pro_public,pro_public,neutral,neutral,neutral
বাইরে পড়ালেখায় যোগাযোগ করুন ধানমন্ডি ঢাকা,neutral,neutral,pro_private,neutral,neutral,neutral
এগ্রিড,neutral,neutral,neutral,neutral,neutral,neutral
নো,neutral,neutral,pro_public,neutral,neutral,neutral
ভিডিও দেওয়ার আসে ভাই ইএক্স পাওয়া যায় প্রোডাকশন অফ যেগুলা মার্কেটে ইদার ফেক প্রাইসে সেল করতেছে সিডব্লিউ অ্যাভেইলেবল মার্কেটে বাই দ্যাট আনলেস ইউ ওয়ানা স্পেন্ড অন টাকা ক্যালকুলেটর জাস্ট টু বাই ইএক্স,neutral,pro_private,pro_private,neutral,neutral,neutral
ফেক ইউজ এক্স ইজি সিডব্লিউ পাওয়ারফুল কনফিউজড,neutral,neutral,neutral,neutral,neutral,neutral
ইউএসএস ভাই,neutral,pro_public,neutral,neutral,neutral,neutral
সিলেটিদের পাবলিক ইউনিগুলায় পরীক্ষা দিতেই দেখা যায় মানে কুন লেভেলের কনজারভেটিভ এরা যতটুকু জানলাম ফ্রেন্ডদের কাছ ওইখানে মেয়েদের তো পাবলিক বাইরের জেলায় যাওয়াই ব্যান মানে মেয়েকে লন্ডন পাঠাতে পারে নিজ দেশের অন্য জেলায় পাঠাতে সমস্যা পুরা বাংলাদেশ থেকেই বিচিন্ন এরাই দিন শেষে ভালোই শান্তিতে আসে কনু গঞ্জুম,neutral,neutral,neutral,neutral,neutral,neutral
লন্ডন বাংলাদেশে এক একান্নে এনিটাইম কলাফেরা যায় উইদাউট এনি রিস্ক বাংলাদেশেই দিন বেলায় মানুষ সেইফ রাতের কথা তো বাদই দিলাম,neutral,neutral,neutral,neutral,neutral,neutral
বেস্ট ডিসিশন দেশে স্কলিং ভাইয়া,neutral,neutral,pro_public,neutral,neutral,neutral
ইউকে ভিসা ফেল আগের দিন সিলেটি অল ব্যান ইন ইউকে ভোগা মারা সারা,neutral,pro_private,neutral,neutral,neutral,neutral
ভাই টাকা বইলা সবারই অবৈধ টাকা নাকি আজব,neutral,neutral,neutral,neutral,neutral,neutral
স্যাডলি দেশের মিডল ক্লাস মাইন্ডসেট,neutral,neutral,pro_public,pro_private,neutral,neutral
সরি ডিয়ার এটা মানতে পারলাম বাবার হালাল টাকাও থাকতে পারে অনেকে স্কলারশিপ টিউশন করেও চালায় পড়াশোনা,neutral,neutral,neutral,neutral,neutral,neutral
বড়লোক ব্যাড মেন্টালিটি অফ করলে নিজে জীবনেও লেভেলে যেতে পারবেন ইয়েস অ্যা লট অফ রিচ পিপল হ্যাভ ইলিগাল মানি বাট,neutral,neutral,neutral,neutral,neutral,neutral
যেমন মন মানসিকতা তেমনি আবালের কথাবার্তা একটু ম্যাচিউর হও বড় হয়েছ,neutral,neutral,pro_public,pro_private,neutral,pro_private
খারাপ ভাষায়ই বলি নিজে গরিব দেখে অন্যের বাবার হালাল ইনকাম দেখলে হারাম মনে,neutral,neutral,neutral,neutral,neutral,neutral
গ্রেপস সোর,neutral,neutral,neutral,neutral,neutral,neutral
বোকাচোদার কথা বললেন লজিকে যারাই প্রাইভেটে পড়ে বাপের অবৈধ টাকা বছরে লাখ টাকা দিতে অবৈধ টাকা হওয়া লাগে রিয়েলিটিতে আসেন,neutral,neutral,neutral,neutral,neutral,neutral
আরে বেডা বাদ দেন কথা বলেন ডিনাই অর দোজ হু গেটিং ট্রিগার্ড দেই ডোন্ট ওয়ান্ট টু অ্যাডমিট দ্যাট,neutral,neutral,neutral,pro_public,neutral,neutral
অনাদার গরিব,neutral,neutral,neutral,neutral,neutral,neutral
আবালের কমেন্ট দেখলে জানি এতো রাগ,neutral,neutral,neutral,neutral,neutral,neutral
নিজেরা জীবনে পারে টাকা এমনই মনে,neutral,neutral,neutral,neutral,neutral,pro_public
এটা কেমন কথা বললেন বাবা পরিশ্রম টাকা ইনকাম আমাকে প্রাইভেট ইউনিভার্সিটিতে পড়াচ্ছেনআমার বাবা একজন ওয়েল এডুকেটেড পার্সনইউনি হালাল ওয়েতে ইনকাম করেনমেইনলি আব্বুর স্কিল আছেতাই নিজেই স্ট্রাগল বিজনেস করতেছেনকতো মানুষকে জব দিয়েছেনইভেন এখনো যতটুকু পারে মানুষকে হেল্প যাচ্ছেন আপনি বললেন জাদের বাপের অবৈধ টাকা একটাই প্রশ্ন বাবার অবৈধ টাকা থাকে,neutral,neutral,neutral,neutral,neutral,neutral
সালা ফকির,neutral,neutral,neutral,neutral,neutral,neutral
যোগ্যতা,neutral,neutral,neutral,neutral,neutral,neutral
গরিব বলে গরিব হালা,neutral,neutral,neutral,neutral,neutral,neutral
বোকাচোদা অবৈধ টাকা থাকলেই প্রাইভেটে পড়ে,neutral,neutral,neutral,neutral,neutral,neutral
ভাইয়া এডমিশনস আর্থকুয়েকে পুরা প্যানিকড গেছি খালি মনে কাপে ফোকাস পারি ভিডিও দেন ভাইয়া,neutral,neutral,pro_public,neutral,pro_private,pro_public
ঢাকা পরিবেশ দূষণ সেরা ভূমিকম্প,neutral,pro_private,neutral,neutral,neutral,neutral
ডিআইইউ কেমন,neutral,pro_public,neutral,neutral,neutral,neutral
ভাই আমাকে বইয়ের পিডিএফ দিবেন বিকাশ দিব,neutral,pro_public,pro_private,neutral,neutral,neutral
এসএসসি এইচএসসি প্লাস থাকলে প্রাইভেটে স্কলারশিপ পসিবল,neutral,neutral,pro_private,neutral,neutral,pro_public
বাংলাদেশের প্রাইভেটে পড়ার বিদেশে পড়া ভালো,neutral,neutral,neutral,neutral,pro_private,neutral
ভাইয়া কমার্সের এক্সাম ডেটগুলা ভিডিও চাই,neutral,neutral,neutral,pro_private,neutral,neutral
টায়ার বি সি ক্যাটাগরি অনুযায়ী প্রাইভেট ভার্সিটিগুলো আলাদা কোনটা দিক কেমন এটা ভিডিও দেন,neutral,neutral,pro_private,neutral,neutral,neutral
ভাই প্রাইভেট ইউনিভার্সিটিতে ইঞ্জিনিয়ারিং পড়তে কত পয়েন্ট এইচএসসিতে লাগে,neutral,neutral,neutral,neutral,neutral,neutral
ইঞ্জিনিয়ারিং প্রাইভেট ইউনিভার্সিটি ভিডিও দেন ভাই,neutral,neutral,neutral,neutral,neutral,neutral
আইইউবিএটি ভিডিও বানালে ভালো হতো,neutral,neutral,neutral,neutral,neutral,neutral
ভাই প্রাইভেট ইউনিভার্সিটি পড়লে অপশন হাতে থাকবে,neutral,neutral,neutral,neutral,neutral,neutral
ঢাবিতে কমন পাওয়ার গোপন ট্রিক্স মাত্র মোট পেয়েই চান্স গতবার টোটাল পেয়ে ঢাবিতে যেভাবে চান্স পেলো পেয়েই ভালো সাবজেক্ট পেলাম,neutral,neutral,neutral,neutral,neutral,neutral
আই গেভ আপ,neutral,neutral,neutral,neutral,neutral,neutral
জীবনে পাইলাম,neutral,neutral,neutral,neutral,neutral,pro_public
আপনি ছোটো বাবু নাকি এসব ভিডিও দিবে,neutral,pro_public,pro_private,neutral,neutral,neutral
মাগি তেও শেরা,neutral,neutral,neutral,neutral,neutral,neutral
গেরাইম্মা মাগি আছেচিল,neutral,neutral,neutral,neutral,neutral,neutral
হো ভাই,neutral,neutral,neutral,neutral,neutral,neutral
টাকা তেও শেরা,neutral,neutral,neutral,neutral,neutral,pro_private
আপনি ভিলেজ বইসা থাকেন,neutral,neutral,neutral,neutral,neutral,neutral
দিনশেষে কাজের ঢাকাতেই আসা লাগবে,neutral,neutral,pro_private,neutral,neutral,neutral
ইউ জাস্ট অ্যান অ্যাভারেজ ইডিয়ট উই নো ঢাকা ইজ পলিউটেড ওল্ড ঢাকা বাট হাউ ক্যান ইউ মেনশন আর্থকুয়েক,neutral,neutral,neutral,neutral,neutral,neutral
ইয়েস অনলি ফর শিটস লাইক ইউ,neutral,neutral,neutral,neutral,pro_public,neutral
কাজের সন্ধানে তো ঢাকাতেই আসতে একসময়,neutral,neutral,neutral,neutral,neutral,neutral
ভাই কনজার্ভের আপনি জীবনে পারবেন,neutral,neutral,neutral,neutral,pro_private,neutral
ইয়েস পসিবল টিউশন ফি ওয়েভার উইল বি গিভেন কাইন্ডলি চেক দেয়ার অফিসিয়াল ওয়েবসাইট ফর ফারদার ডিটেইলস,neutral,neutral,neutral,neutral,pro_public,pro_public
বিদেশে থাকা খাওয়া মাসেই মিনিমাম লাখ স্কলারশিপ পেলে মিনিমাম লাখ পার ইয়ার,neutral,neutral,neutral,neutral,neutral,neutral
মান্থলি ইনকামও রকম মান্থলি ইনকামে লাখ বাংলাদেশে থাকলে ইউনিতে পড়া অবস্থায় কই টাকা ইনকাম করবেন আচ্ছারা গ্র্যাজুয়েশন কমপ্লিট হাজারের জবও তো পাবেন,neutral,neutral,neutral,neutral,neutral,neutral
বিদেশে আপনার বাড়ি কালারের,neutral,pro_private,neutral,neutral,pro_public,neutral
আপনি যেটা বলেছেন সেটা কয়েকটা স্পেসিফিক কান্ট্রিতে টিউশন ফি হয়কিন্তু ভালো ভালো দেশ যেখানে টিউশন ফি,neutral,pro_public,neutral,neutral,neutral,neutral
জেনে বাল পাকনামি করলে ভাই,neutral,neutral,neutral,neutral,neutral,neutral
ভাইটি বাইরে গিয়ে পড়া বাদ জব চাইছে,neutral,neutral,neutral,neutral,neutral,neutral
ধন বলেছেন ভাই,neutral,neutral,pro_private,neutral,neutral,neutral
দেশে যাবেন টাকা আমেরিকা হাজার ডলার লাখ বিডিটি মানে আমরা টাকা এখানে পড়া শেষ করবো টাকাই ইউএসএতে জাস্ট গিয়ে বাসাথাকা মাস চলতে পারবেন রিয়েলিটিতে আসেন,neutral,neutral,pro_private,pro_public,pro_public,pro_private
শুধু এক্সপেন্স তো বললেন ইনকামটা বলেন একবার ইউএসএর ডিগ্রি পারলে স্কিল থাকলে মাসে লাখ বিষয়ই ইউএসএ ভাবে ফুল রাইড স্কলারশিপ পাওয়া যায় যেটা বাংলাদেশের পাবলিকে চান্স পাওয়া ইজি,neutral,pro_public,neutral,neutral,neutral,neutral
ডিড ইউ হিয়ার অ্যাবাউট দ্যা ইনফ্লেশন রেট আউট দেয়ার,neutral,pro_private,pro_private,neutral,pro_public,neutral
কই যাবেন আপনি টাকা বাড়িয়ে মাল্টা,neutral,pro_private,neutral,neutral,pro_private,neutral
উগান্ডা যাবে ভাইটি,neutral,neutral,neutral,neutral,neutral,pro_public
এতো সহজ আপনি পড়ে আসেন বাইরে আপনার মাল্টিট্যালেন্টেড সবচেয়ে বড় কথা বয়সে পরিপক্বতা থাকে বোঝার বিষয় থাকে এজন্য মাস্টার্সে যাওয়ার পরামর্শই দেয়,neutral,neutral,neutral,neutral,neutral,neutral
সো দেন হোয়াট স্কিলস ইমপোর্ট্যান্ট ফর স্টাডিং অ্যাব্রোড লাইক কুকিং হাউসহোল্ড স্টাফ ইভেন ওয়ার্কিং ইন দ্যা রেস্টুরেন্টস উইড বিগেট কোয়াইট লাইক ইউরোসমান্থ ইটস লাইক বেসিক স্কিলস ফর হিউম্যান,neutral,neutral,neutral,neutral,neutral,neutral
যখন ইচ্ছা যেইখানে যাওয়ার অধিকার বাঁধাবিপত্তি ছাড়াই বাংলাদেশে জন্ম নেওয়াই পাপ অনার্স শেষ করার বিদেশে যাওয়া যাবে এখন তো স্কুলিং ভিসাতেও মানুষ বিদেশে চলে যাচ্ছে আপনার এতো সমস্যা কিসের,neutral,neutral,neutral,neutral,neutral,pro_public
মাস্টার্সে গেলে লেট যাবে একজন ব্যাচেলর স্টুডেন্ট লাইফ পরিমাণ স্ট্রাগল বিদেশের পরিস্থিতি ফুল বুঝতে পারে যেটা মাস্টার্সের স্টুডেন্ট পারেনা,neutral,neutral,neutral,neutral,neutral,neutral
ভাই বিদেশে পার ইয়ার লাখ লাগে বছরে কোটির লাগে,neutral,pro_public,neutral,neutral,neutral,pro_private
উচ্চ শিক্ষার ইংলিশ বল তো বস্তি,neutral,neutral,pro_public,neutral,neutral,neutral
ভাই সত্যি বুঝেন টাকা মানে কত বাড়াতে জানেন প্রথমে যেতেই আপনার লাখ টাকা খরচ টাকা বিদেশে গিয়ে যাওয়ার শুরুতেই দিতে যখন পরিবার মধ্যবিত্ত টাকা ঋণ দিবে যখন বিদেশ যাবা প্রেশারেই থাকবা আমাকে দেশে টাকা পাঠিয়ে এটা সুদ গিয়েই চাকরি পেয়ে যাবা এর নিশ্চয়তা মাস লেগে যায় এতোদিন বাপের টাতেই চলতে মেইন কথা টাকা ইনকাম করবা টাকায় নিজের খাওয়া দাওয়া শেষে জমিয়ে ভার্সিটি ফি দিতেই টাকা দেওয়াও কষ্টকর বাড়ি পাঠানো তো দূরের কথা শেষ এতো চাপ সিজিপিএ আসবে সমথিং জব পাবা জীবনটা হুদাই শেষ করবা কথা মানায় টাকা মধ্যবিত্ত পরিবারের সন্তানও দেশের প্রাইভেটে পড়ে টাকা পরিবার দিতে পারবে বলা যায় একটু খরচ তাও শেষ যাবে পরিবারটা,neutral,neutral,neutral,neutral,pro_private,neutral
অ্যাব্রোডে পড়তে এখন স্কলারশিপ ছাড়া লাখ কোটি টাকা লাগে মিলায় বাংলাদেশের প্রাইভেট ইউনিতে তো লাখ লাগে একটু বাড়ায় অ্যাব্রোড গেলেই,neutral,neutral,neutral,neutral,neutral,neutral
বাংলাদেশের প্রাইভেটে ম্যাক্স লাখ লাগে নট লাখ,neutral,neutral,neutral,neutral,neutral,neutral
ঠিক বলেছেন,neutral,neutral,neutral,neutral,neutral,neutral
নলেজ পার্সে বলে দিছে বোকাচুদা,neutral,pro_private,neutral,neutral,pro_public,neutral
বোকাচুদা কতো প্রকার বিদেশ মুখের কথা টাকা বাড়াই টাকা,neutral,neutral,neutral,neutral,neutral,neutral
কিসে পরিস,neutral,neutral,neutral,neutral,neutral,pro_public
হ্যাঁ ভাই ঠিক বলেছেন,neutral,neutral,neutral,neutral,neutral,pro_private
কস্ট কেমন পড়বে ভাই,neutral,neutral,neutral,neutral,neutral,neutral
আবাল নাকি দিক মিনিমাম কোটি চলে যাবে,neutral,neutral,neutral,neutral,neutral,pro_private
আবাল জেনে কথা বলিস,neutral,pro_public,pro_public,pro_public,neutral,neutral
টাকা বাড়াই ভাই কইলেন তা,neutral,neutral,neutral,neutral,neutral,neutral
হোয়াট অ্যাবাউট আইইএলটিএস স্কোর,neutral,pro_private,neutral,neutral,neutral,neutral
বোকাচোদা কাম ব্যাক টু রিয়েলিটি,neutral,neutral,neutral,neutral,neutral,neutral
ঢাবি কে সি দার ক্ষমতা থাকলেই মানুষ এগুলাই বলে,neutral,neutral,neutral,neutral,neutral,neutral
হ্যাঁ ভাই গিয়ে ইতালি সৌদিতে গিয়ে বিদেশিদের টয়লেট মাজেন সেগুলাতে সম্মান,neutral,neutral,neutral,neutral,pro_private,neutral
আরে ঠিকই বলেছে যদিও ইউএসএ অস্ট্রেলিয়াতে টিউশন ফি বছরে লাখ অন্যান্য দেশ যেমন ইউকে ইউরোপের অন্যান্য কান্ট্রি জার্মানি ইতালিতে টিউশন ফি আচ্ছারাও পার্ট টাইম ওয়ার্ক করলেও পার্সেন্ট টিউশন ফি তুলা যায় ইউকেতে টাকার কথা বলতেছেন প্রাইভেটে পড়ে তো মাসে হাজার বেতনের চাকরিও পাবেন অ্যাব্রোডে যেকোনো কাজ করলেও মাসে লাখ ইনকাম বিদেশ বিদেশে ব্রো,neutral,neutral,neutral,neutral,neutral,neutral
আপনি দেশে ব্রো দেশ খরচ সাপেক্ষে বেস্ট বর্তমানে এইচএসসি জিপিএ,neutral,neutral,neutral,neutral,pro_public,neutral
আপনি তুলতে পারেন দেন আপনি লিগ্যাল পারমিটের বাইরে কাজ করবেন,neutral,neutral,neutral,neutral,neutral,neutral
টাকা বাড়ায় মানে বুঝেন বাংলাদেশে হায়েস্ট লাখের পড়া যায় অস্ট্রেলিয়াতে স্কলারশিপেও কোটির লাগে,neutral,neutral,neutral,neutral,neutral,neutral
এগুলা কোই পান কোটি লিটারেলি ইনস্টিটিউশনে শিফট করলে কে অস্ট্রেলিয়ান ডলারে আইটির সাবজেক্ট পড়া যায় ইউনিতে ওইটা অস্ট্রেলিয়ান ডলার লেভেল ইউনিভার্সিটি অস্ট্রেলিয়ান ডলার টাকা অ্যাপ্রোক্সিমেটলি ম্যাক্সিমাম স্টুডেন্ট ইনস্টিটিউশনেই শিফট,neutral,neutral,neutral,neutral,pro_private,neutral
ছোটভাই গাঁজা খাও অস্ট্রেলিয়া কানাডা আমেরিকার একেকটা অ্যাভারেজ বিশ্ববিদ্যালয়ে পড়তে বছরে লাগে বাংলা টাকায় লাখের উপরে,neutral,pro_public,neutral,neutral,neutral,neutral
টায়ার এনএসইউ ব্র্যাক আইইউবি ডিআইইউ আস্ট ইউআইইউ ইস্ট ওয়েস্ট টায়ার বি ইউএপি ইউল্যাব আইআইইউসি এসইউ জিইউবি আইইউবিএটি বিইউবিটি,neutral,neutral,neutral,neutral,neutral,pro_private
টাকা ভাই টাকা লাখ হলে ক্যাটাগরি পড়ো,neutral,neutral,pro_public,neutral,pro_public,neutral
থাকলেই পড়তে পারবা জায়গায় ব্রো ফিজিক্স অ্যান্ড ম্যাথে প্লাস রাখতে ট্রাই করো নাহলে সাবজেক্ট দেয়,neutral,neutral,neutral,neutral,pro_public,neutral
আস্ট পড়েন বেটার দ্যান অনাদার,pro_private,pro_private,pro_private,pro_private,pro_private,pro_private
আস্ট ইজ সিক্রুয়েট স্ট্যান্ডার্ড ভার্সিটি এখানে চান্স পাওয়া ডিফিকাল্ট দ্যান এনি আদার প্রাইভেট ইউনি,neutral,neutral,neutral,neutral,neutral,neutral
আইইউবিএটি জঘন্য ভার্সিটি নোংরামিতে সেরা,pro_public,pro_public,pro_public,pro_public,pro_public,pro_public
টু রিয়েল,neutral,neutral,neutral,neutral,neutral,neutral
এটা বি ক্যাটাগরি ইউনিভার্সিটি এরা এনএসইউ ব্র্যাক আইআইউবি ইস্ট ওয়েস্ট আস্ট আইইউবি ছাড়া কথা বলবে,pro_private,pro_private,pro_private,pro_private,pro_private,pro_private
এনএসইউ ব্র্যাক ইস্ট ওয়েস্ট,pro_private,pro_private,pro_private,pro_private,pro_private,neutral
হোয়াই ইউ গিভিং আপ,neutral,neutral,neutral,neutral,neutral,neutral
হোয়াই ইউ ক্যান ডু ইট কাম অন ব্রো,neutral,neutral,neutral,neutral,neutral,neutral
পাইলাম অ্যাচিভ পারলাম,neutral,pro_public,pro_private,neutral,neutral,neutral
বেঁচে থাকতে অক্সিজেনে যথেষ্ট,neutral,neutral,neutral,neutral,neutral,pro_public
শুকরিয়া আদায় করো,neutral,neutral,neutral,neutral,neutral,neutral
হাউ ক্যান ইউ টক দিস টাইপস অফ এল থিংস,neutral,neutral,neutral,neutral,neutral,neutral
ভাই পড়ালেখা করার দরকার আইইএলটিএস করো বিদেশ রোনা দেও,neutral,neutral,neutral,neutral,neutral,neutral
কাম অন ইউ ডিডন্ট ইভেন ওয়ান্ট টু পাবলিক ইউনিভার্সিটি ইন বাংলাদেশ পাবলিক বিশ্ববিদ্যালয়ে মেধাবী পড়ে ইউ কান্ট ডিনাই দ্যাট,pro_public,pro_public,pro_public,pro_public,pro_public,pro_public
লেটস স্টপ শুগারকোটিং অ্যান্ড বি রিয়েলিস্টিক,neutral,neutral,neutral,neutral,neutral,pro_public
চাই ছেলেদের স্মার্ট দেখতেগড ব্লেস কিড,neutral,neutral,neutral,pro_private,neutral,neutral
এখানে হাইস্কুল ড্রপআউট হওয়ার পরেও মাসে হাজার ডলার ইউএসডি ইনকাম তোমরা বাংলাদেশের টপ ইউনিভার্সিটি লড়াই করতেছো বাংলাদেশে যেখানে এয়ার কোয়ালিটি অন্য যেকোনো জায়গার খারাপ পলিটিক্স শুধু সার্কাস আবর্জনা সর্বত্র বিদ্যুৎ এখন পরী কাহিনী তোমরা বাংলাদেশের টপ ইউনির লড়াই করতেছো আই মিন সিরিয়াসলি গাইস,neutral,neutral,neutral,neutral,neutral,neutral
আনিকা তাবাসসুম বেস্ট স্কলারশিপ ভালো টিউটোরিয়াল শুরু করতেছে,neutral,neutral,neutral,neutral,pro_private,neutral
ভাইয়া বেছে বেছে খাঁটি কথাগুলোই বলো এজন্য ভিডিও এত ভালো লাগে,neutral,neutral,neutral,neutral,neutral,neutral
আই স্টাডি ইন আহসানউল্লাহ ইউনিভার্সিটি অফ সায়েন্স অ্যান্ড টেকনোলজি এখানে কোনোভাবেই মনে প্রাইভেট ইউনিভার্সিটিতে বরং এখানের একাডেমিক্স পাবলিক ইউনিভার্সিটির ভালো মনে হ্যাঁ প্রাইভেট ইনটেনশন শুধু প্রফিট এটা উভয় দিকেই যায় লাস্টলি এটা শুধু ম্যাটার কতোটা অপরচুনিটি গ্র্যাব করো,neutral,neutral,pro_private,neutral,neutral,neutral
ইংলিশ শিখেন ভাই,neutral,neutral,neutral,neutral,neutral,neutral
আর্টস ডিপার্টমেন্টে জে মেধাবী জানা,neutral,neutral,neutral,neutral,pro_private,neutral
ডিপার্টমেন্ট কাউকে জাজ উচিত প্রত্যেকটা ডিপার্টমেন্টেরই ভ্যালু ভাই পড়ালেখাকে ক্লাসিফাইড ফেলেন,neutral,neutral,neutral,neutral,pro_public,neutral
মেধাটা ধুইয়া দুইবেলা পানি খান লাখ বেকারের দেশে ভার্সিটি চোদায়,pro_public,pro_public,pro_public,pro_public,pro_public,pro_public
রেপিস্ট গাঁজাখোররাও পড়ে এদিকে ঢাকাই এসে খবর নেন ডিউ ছেড়ে অনেকে ব্র্যাক এনএসইউতে চলে যায়,neutral,neutral,pro_private,neutral,neutral,pro_private
এলাকার গেওয়া ছাপরিরাও পড়ে টাকা তারাও পড়ে,neutral,neutral,neutral,pro_public,pro_public,neutral
আংকেল আপনি ফিল্ডে ওয়ার্ক,neutral,neutral,pro_public,neutral,neutral,neutral
স্পিটিং ফ্যাক্টস,neutral,neutral,neutral,pro_private,neutral,neutral
ভাইয়া আস্টে এডমিশন কবে,neutral,neutral,neutral,neutral,neutral,neutral
বাংলাদেশে প্রাইভেট বিশ্ববিদ্যালয়ের সংখ্যা কত,neutral,neutral,neutral,neutral,pro_private,pro_public
জানতে চাই বিশ্ববিদ্যালয়ে পরিবেশ সচেতনতা,neutral,neutral,pro_public,neutral,neutral,neutral
প্রাইভেট বিশ্ববিদ্যালয়ের শিক্ষার্থীরা ক্যারিয়ার কাউন্সেলিং প্লেসমেন্ট সেল পায়,pro_private,pro_private,pro_private,pro_private,pro_private,pro_private
পাবলিক ইউনিভার্সিটির শিক্ষকরা দেশের সেরা পণ্ডিত,pro_public,pro_public,pro_public,pro_public,pro_public,pro_public
জানতে চাই বিশ্ববিদ্যালয়ে খরচ,neutral,neutral,neutral,neutral,neutral,neutral
প্রাইভেট বিশ্ববিদ্যালয়ের শিক্ষার্থীদের চাকরির হার কত,neutral,neutral,neutral,neutral,neutral,neutral
প্রাইভেট বিশ্ববিদ্যালয়ের শিক্ষার্থীরা পায়,pro_private,pro_private,pro_private,pro_private,pro_public,pro_private
পাবলিক বিশ্ববিদ্যালয়ের শিক্ষার্থীরা রাজনীতিতে সময় নষ্ট,pro_private,neutral,pro_private,pro_private,pro_private,pro_private
পাবলিক বিশ্ববিদ্যালয়ের ডিগ্রি বিদেশে স্বীকৃতি পায় প্রাইভেটের,pro_public,neutral,pro_public,pro_public,pro_public,pro_public
পাবলিক বিশ্ববিদ্যালয়ের শিক্ষার্থীরা অবহেলিত,pro_private,pro_private,pro_private,pro_private,pro_private,pro_private
পাবলিক বিশ্ববিদ্যালয়ের কতটা শক্তিশালী,neutral,neutral,neutral,neutral,neutral,neutral
বুয়েটের সিভিল ইঞ্জিনিয়াররা দেশের অবকাঠামো উন্নয়নে কাজ,pro_public,pro_public,pro_public,pro_public,pro_public,pro_public
জানতে চাই বিশ্ববিদ্যালয়ে আধুনিক সুবিধা,neutral,neutral,neutral,neutral,neutral,neutral
বাকৃবির কৃষি গবেষণা দেশের খাদ্য নিরাপত্তায় সাহায্য,pro_public,pro_public,pro_public,pro_public,pro_public,pro_public
প্রাইভেট বিশ্ববিদ্যালয়ের শিক্ষার্থীরা পায়,pro_private,pro_private,pro_private,pro_private,pro_private,pro_private
জানতে চাই বিশ্ববিদ্যালয়ে বিদেশি শিক্ষক,neutral,neutral,neutral,neutral,neutral,neutral
প্রাইভেট বিশ্ববিদ্যালয়ে এর অবস্থা কেমন,neutral,neutral,neutral,neutral,pro_public,neutral
প্রাইভেট বিশ্ববিদ্যালয়ে সেশনজট কিনা,neutral,neutral,neutral,neutral,neutral,neutral
প্রাইভেট বিশ্ববিদ্যালয়ের শিক্ষার্থীরা আধুনিক ল্যাব যন্ত্রপাতি ব্যবহার,pro_private,pro_private,pro_private,pro_private,pro_private,pro_private
পাবলিক বিশ্ববিদ্যালয়ের শিক্ষার্থীরা সাপোর্ট পায়,pro_private,pro_private,pro_private,pro_private,pro_private,pro_private
ঢাবির চারুকলা অনুষদের শিক্ষার্থীরা দেশের শিল্পচর্চায় নেতৃত্ব দেয়,pro_public,pro_public,pro_public,pro_public,pro_public,pro_public
প্রাইভেট বিশ্ববিদ্যালয়ের শিক্ষার্থীরা চাকরির বাজারে দ্রুত যোগদান,pro_private,pro_private,pro_private,pro_private,pro_private,pro_private
পাবলিক বিশ্ববিদ্যালয়ে কৃষি শিক্ষার অবস্থা কেমন,neutral,neutral,neutral,neutral,neutral,neutral
প্রাইভেট বিশ্ববিদ্যালয়ে কৃষি শিক্ষার অবস্থা কেমন,neutral,neutral,neutral,neutral,neutral,neutral
ব্র্যাক বিশ্ববিদ্যালয়ের শিক্ষার্থীরা আন্তর্জাতিক প্রতিযোগিতায় সফল,pro_private,pro_private,pro_private,pro_private,pro_private,pro_private
খুবির শিক্ষার্থীরা দক্ষিণপশ্চিমাঞ্চলের উন্নয়নে কাজ,pro_public,neutral,pro_public,pro_public,pro_public,pro_public
জানতে চাই বিশ্ববিদ্যালয়ে শিক্ষার্থীদের তৃপ্তির হার,neutral,neutral,neutral,neutral,neutral,neutral
প্রাইভেট বিশ্ববিদ্যালয়ে এর অবস্থা কেমন,neutral,neutral,neutral,neutral,neutral,pro_private
পাবলিক বিশ্ববিদ্যালয়ের শিক্ষার্থীরা শুধু পায়,pro_private,pro_private,pro_private,pro_private,pro_private,pro_private
প্রাইভেট বিশ্ববিদ্যালয়ের কতটা শক্তিশালী,neutral,neutral,neutral,neutral,neutral,neutral
প্রাইভেট বিশ্ববিদ্যালয়ের সার্টিফিকেটের বাজার মূল্য,pro_public,pro_public,pro_public,pro_public,pro_public,pro_public
প্রাইভেট বিশ্ববিদ্যালয়ের শিক্ষার্থীরা পায়,pro_private,pro_private,pro_private,neutral,pro_private,pro_private
বুয়েটের স্নাতকরা বিশ্বের যেকোনো প্রতিষ্ঠানে কাজ পারে,pro_public,pro_public,pro_public,pro_public,neutral,pro_public
শাহজালাল বিজ্ঞান প্রযুক্তি বিশ্ববিদ্যালয়ের সিএসই শক্তিশালী,pro_public,pro_public,pro_public,pro_public,pro_public,neutral
জানতে চাই বিশ্ববিদ্যালয়ে ক্যাম্পাস লাইফ ভালো,neutral,neutral,neutral,neutral,neutral,neutral
প্রাইভেট বিশ্ববিদ্যালয়ের শিক্ষার্থীরা বিদেশে উচ্চশিক্ষায় সফল,pro_private,pro_private,pro_private,pro_private,pro_private,pro_private
প্রাইভেট বিশ্ববিদ্যালয়ে ভর্তি হলে টাকা পাস যায়,pro_public,pro_public,pro_public,pro_public,pro_public,pro_public
খুবির শিক্ষার্থীরা সোলার এনার্জি নবায়নযোগ্য জ্বালানি গবেষণায় অগ্রণী,pro_public,pro_public,pro_public,pro_public,pro_public,pro_public
পাবলিক বিশ্ববিদ্যালয়ের শিক্ষার্থীরা দেশপ্রেমে উদ্বুদ্ধ,pro_public,pro_public,pro_public,pro_public,pro_public,pro_public
পাবলিক বিশ্ববিদ্যালয়ের শিক্ষার্থীরা দেশের স্বাধীনতা সার্বভৌমত্ব রক্ষায় সচেতন,pro_public,pro_public,pro_private,neutral,pro_public,pro_public
বুয়েটের শিক্ষার্থীরা দেশের সবচেয়ে বড় স্টার্টআপ গড়ে তোলে,pro_public,pro_public,pro_public,pro_public,neutral,pro_public
পাবলিক বিশ্ববিদ্যালয়ের শিক্ষার্থীরা দেশের সবচেয়ে বড় বিজ্ঞান মেলায় অংশ নেয়,pro_public,pro_public,pro_public,pro_public,pro_public,pro_public
প্রাইভেট বিশ্ববিদ্যালয়ে শিক্ষার্থীদের আত্মহত্যার হার কত,neutral,neutral,neutral,neutral,neutral,neutral
রাবির ইংরেজি বিভাগের শিক্ষার্থীরা ভাষায় অত্যন্ত দক্ষ,pro_public,pro_public,pro_public,pro_public,pro_public,pro_public
প্রাইভেট বিশ্ববিদ্যালয়ের শিক্ষার্থীরা জাতীয় প্রতিযোগিতায় সফল,pro_public,pro_public,pro_public,pro_public,pro_public,pro_public
চবির মেরিন সায়েন্স বিভাগের গবেষণা সমুদ্র সম্পদ আহরণে সাহায্য,pro_public,pro_public,pro_public,pro_public,pro_public,neutral
পাবলিক বিশ্ববিদ্যালয়ের শিক্ষার্থীরা সেক্টরে কাজ,neutral,neutral,neutral,neutral,neutral,pro_private
প্রাইভেট বিশ্ববিদ্যালয়ের পরীক্ষা পদ্ধতি কেমন,neutral,neutral,pro_private,neutral,neutral,neutral
পাবলিক বিশ্ববিদ্যালয়ে ছাত্ররাজনীতির কারণে পড়াশোনা বন্ধ থাকে,pro_private,pro_private,pro_private,pro_private,pro_private,pro_private
পাবলিক বিশ্ববিদ্যালয়ের আবাসন সুবিধা কেমন,neutral,neutral,neutral,pro_public,neutral,neutral
প্রাইভেট বিশ্ববিদ্যালয়ের শিক্ষার্থীরা পারে,pro_private,pro_private,pro_private,pro_private,pro_private,pro_private
প্রাইভেট বিশ্ববিদ্যালয়ের শিক্ষার্থীরা আন্তর্জাতিক সেমিনার ওয়ার্কশপে অংশ নেয়,pro_private,pro_private,pro_private,pro_public,pro_private,pro_private
জানতে চাই বিশ্ববিদ্যালয়ে আন্তর্জাতিক স্বীকৃতি,neutral,neutral,neutral,neutral,neutral,neutral
সর শিক্ষার্থীরা সিলেটের উন্নয়নে গুরুত্বপূর্ণ ভূমিকা রাখে,pro_public,pro_public,pro_public,pro_public,neutral,pro_public
পাবলিক বিশ্ববিদ্যালয়ে এর সুযোগ কত,neutral,neutral,neutral,neutral,pro_public,neutral
জানতে চাই বিশ্ববিদ্যালয়ে আন্তর্জাতিক যোগাযোগ,neutral,neutral,pro_private,neutral,pro_public,neutral
পাবলিক বিশ্ববিদ্যালয়ের শিক্ষার্থীরা দেশের সবচেয়ে বড় চলচ্চিত্র নির্মাতা,pro_public,pro_public,neutral,pro_public,pro_public,pro_public
প্রাইভেট বিশ্ববিদ্যালয়ের শিক্ষার্থীরা শুধু সিলেবাস পড়ে বাইরের জ্ঞান রাখে,pro_public,pro_public,pro_public,pro_public,pro_public,pro_public
পাবলিক বিশ্ববিদ্যালয়ের পরীক্ষায় নকল অসম্ভব,pro_public,pro_public,pro_public,neutral,pro_public,pro_public
প্রাইভেট বিশ্ববিদ্যালয়ে আবাসন সুবিধা কিনা,neutral,neutral,neutral,neutral,neutral,neutral
প্রাইভেট বিশ্ববিদ্যালয়ে ভর্তি হলে প্রতিযোগিতামূলক পরিবেশ পাওয়া যায়,pro_public,pro_public,pro_public,pro_public,pro_public,pro_public
বড় ভাই জাহাঙ্গীরনগরে পড়ে জ্ঞানের গভীরতা দেখে অবাক হই,pro_public,pro_public,pro_public,pro_public,pro_public,pro_public
পাবলিক বিশ্ববিদ্যালয়ের শিক্ষার্থীরা শুধু পড়তে পারে,pro_private,pro_private,pro_private,pro_private,pro_private,pro_private
পাবলিক বিশ্ববিদ্যালয়ের শিক্ষার্থীরা তে অংশ নেয়,pro_private,neutral,pro_private,pro_private,pro_private,pro_private
ঢাবির ছাত্ররা দেশের প্রতিটি গুরুত্বপূর্ণ পদে,pro_public,pro_public,pro_public,pro_public,pro_public,pro_private
পাবলিক বিশ্ববিদ্যালয়ের হলগুলো বন্ধুত্ব ভ্রাতৃত্ব শেখায়,pro_public,pro_public,neutral,pro_public,pro_public,pro_public
প্রাইভেট বিশ্ববিদ্যালয়ে সমাজবিজ্ঞান শিক্ষার অবস্থা কেমন,neutral,neutral,neutral,neutral,neutral,pro_public
প্রাইভেট বিশ্ববিদ্যালয়ের শিক্ষার্থীরা সমাজের সমস্যা ভাবে,pro_public,pro_private,neutral,pro_public,pro_public,pro_public
প্রাইভেট বিশ্ববিদ্যালয়ের শিক্ষার্থীরা হিসেবে পড়াশোনা শেষ,pro_private,pro_private,pro_private,pro_private,pro_private,pro_private
প্রাইভেট বিশ্ববিদ্যালয়ের শিক্ষকরা বিদেশি বিশ্ববিদ্যালয় আসেন,pro_private,pro_private,pro_private,pro_private,pro_private,neutral
পাবলিক বিশ্ববিদ্যালয়ের শিক্ষার্থীরা কমিউনিকেশন প্রেজেন্টেশনে দুর্বল,pro_private,pro_private,pro_private,pro_private,pro_private,pro_private
জানতে চাই বিশ্ববিদ্যালয়ে শিক্ষার্থীশিক্ষক অনুপাত ভালো,neutral,neutral,neutral,neutral,neutral,neutral
পাবলিক বিশ্ববিদ্যালয়ের শিক্ষার্থীরা চাকরি প্রত্যাশী উদ্যোক্তা,pro_private,pro_private,pro_private,pro_private,pro_private,pro_public
পাবলিক বিশ্ববিদ্যালয়ে শিক্ষার্থীদের ড্রপআউট রেট কত,neutral,neutral,neutral,neutral,pro_public,neutral
পাবলিক বিশ্ববিদ্যালয়ের শিক্ষার্থীরা দেশের সবচেয়ে বড় বিতর্ক প্রতিযোগিতায় সেরা,pro_public,pro_public,pro_public,pro_public,pro_public,pro_public
রাবির শিক্ষার্থীরা উত্তরাঞ্চলের শিক্ষা সংস্কৃতির কেন্দ্রবিন্দু,pro_public,pro_public,pro_public,neutral,pro_public,pro_public
ঢাবির ইতিহাস বিভাগের শিক্ষার্থীরা দেশের ইতিহাস চর্চায় নেতৃত্ব দেয়,pro_public,pro_public,pro_public,pro_public,pro_public,pro_public
পাবলিক বিশ্ববিদ্যালয়ে এর অবস্থা কেমন,neutral,neutral,neutral,neutral,neutral,neutral
পাবলিক বিশ্ববিদ্যালয়ের শিক্ষার্থীরা ডিজিটাল শিক্ষার সুবিধা পায়,pro_private,neutral,pro_private,pro_private,pro_private,pro_private
প্রাইভেট বিশ্ববিদ্যালয়ের শিক্ষার্থীরা আল নেটওয়ার্কের সুবিধা পায়,pro_private,pro_private,pro_private,pro_private,pro_private,pro_private
পাবলিক ইউনিভার্সিটিতে পড়লে জীবনের সবচেয়ে সুন্দর সময় কাটে,pro_public,pro_public,pro_public,pro_public,pro_public,pro_public
ইউল্যাবের মিডিয়া বিভাগের শিক্ষার্থীরা গণমাধ্যমে সফল,pro_private,pro_private,pro_private,pro_private,pro_private,pro_private
পাবলিক বিশ্ববিদ্যালয়ের শিক্ষার্থীরা দেশের সবচেয়ে বড় ক্রীড়া প্রতিযোগিতায় চ্যাম্পিয়ন,pro_public,pro_public,pro_public,pro_public,pro_public,pro_public
পাবলিক বিশ্ববিদ্যালয়ের শিক্ষার্থীরা সেশনজটে পড়ে বছরের বছর লাগায়,pro_private,pro_private,pro_private,pro_private,pro_private,pro_private
পাবলিক বিশ্ববিদ্যালয়ের শিক্ষার্থীরা চাকরির বাজারে পিছিয়ে থাকে,pro_private,pro_private,pro_private,pro_private,pro_private,pro_private
বাকৃবির শিক্ষার্থীরা কৃষকদের নতুন প্রযুক্তি উদ্ভাবন,pro_public,pro_public,pro_private,pro_public,pro_public,pro_public
পাবলিক বিশ্ববিদ্যালয়ের গবেষণার সুযোগ,pro_public,pro_public,pro_public,pro_public,pro_public,pro_public
প্রাইভেট বিশ্ববিদ্যালয়ের টিউশন ফি অসহনীয় সাধারণ মানুষের নাগালের বাইরে,pro_public,pro_public,pro_public,neutral,pro_public,pro_public
নর্থ সাউথে পড়ে বিদেশি মানের শিক্ষা পাচ্ছি,pro_private,pro_private,pro_private,neutral,pro_private,pro_private
প্রাইভেট বিশ্ববিদ্যালয়ের শিক্ষার্থীরা পাশ্চাত্য সংস্কৃতিতে আচ্ছন্ন,pro_public,pro_public,pro_public,pro_public,pro_public,neutral
জানতে চাই বিশ্ববিদ্যালয়ের ডিগ্রির বাজার মূল্য,neutral,neutral,pro_private,neutral,pro_public,neutral
পাবলিক বিশ্ববিদ্যালয়ের ডিগ্রি চাকরির বাজারে প্রাধান্য পাওয়া যায়,pro_public,pro_public,neutral,pro_public,pro_public,pro_public
খুলনা বিশ্ববিদ্যালয়ের পরিবেশ পড়াশোনার অত্যন্ত উপযুক্ত,pro_public,pro_public,pro_public,pro_public,pro_public,pro_private
পাবলিক বিশ্ববিদ্যালয়ের শিক্ষার্থীরা সুবিধা পায়,pro_private,pro_private,pro_private,pro_private,pro_private,pro_private
পাবলিক বিশ্ববিদ্যালয়ের শিক্ষার্থীরা বাংলা মাধ্যমে পড়ায় বিদেশে অসুবিধা,pro_private,pro_private,pro_private,pro_private,pro_private,pro_private
প্রাইভেট বিশ্ববিদ্যালয়ে পরীক্ষা নিয়ন্ত্রণের অবস্থা কেমন,neutral,neutral,neutral,neutral,pro_private,neutral
পাবলিক বিশ্ববিদ্যালয়ের শিক্ষার্থীরা দেশের সংস্কৃতি ঐতিহ্য ধরে রাখে,pro_public,pro_public,pro_public,pro_public,pro_public,neutral
পাবলিক বিশ্ববিদ্যালয়ের পরীক্ষা পদ্ধতি কেমন,neutral,neutral,neutral,neutral,pro_private,neutral
খুবির শিক্ষার্থীরা মংলা বন্দর শিপইয়ার্ডে কাজ দেশের উন্নয়নে,pro_public,pro_public,pro_public,pro_public,pro_public,pro_public
পাবলিক বিশ্ববিদ্যালয়ের শিক্ষকরা বিদেশ পিএইচডি আসেন,pro_public,pro_public,pro_public,pro_public,pro_public,pro_public
পাবলিক বিশ্ববিদ্যালয়ের শিক্ষার্থীরা আটকে থাকে,pro_private,pro_private,pro_private,pro_private,pro_public,pro_private
প্রাইভেট বিশ্ববিদ্যালয়ে সামাজিক সেবামূলক কাজের অবস্থা কেমন,neutral,neutral,neutral,pro_private,neutral,neutral
পাবলিক বিশ্ববিদ্যালয়ের শিক্ষার্থীদের চাকরির হার কত,neutral,pro_public,neutral,neutral,neutral,neutral
প্রাইভেট বিশ্ববিদ্যালয়ের শিক্ষার্থীরা প্রজেক্ট অ্যাসাইনমেন্টে শেখে,pro_private,pro_private,pro_private,pro_public,pro_private,pro_private
ঢাকা বিশ্ববিদ্যালয়ের ছাত্ররা দেশের ভবিষ্যৎ নেতৃত্ব দেয়,pro_public,pro_public,pro_public,pro_public,pro_private,pro_public
পাবলিক বিশ্ববিদ্যালয়ের শিক্ষার্থীরা পড়াশোনার চাপে পারে,pro_private,pro_private,neutral,neutral,pro_private,pro_private
ঢাবির শিক্ষার্থীরা দেশের সবচেয়ে বড় সাহিত্যিক লেখক,pro_public,pro_public,pro_public,pro_public,pro_public,pro_public
প্রাইভেট বিশ্ববিদ্যালয়ের শিক্ষার্থীরা আধুনিক লাইব্রেরি অনলাইন রিসোর্স পায়,pro_private,pro_private,pro_private,pro_private,pro_private,pro_private
প্রাইভেট বিশ্ববিদ্যালয়ে সাংস্কৃতিক অনুষ্ঠানের অবস্থা কেমন,neutral,pro_private,neutral,neutral,neutral,neutral
প্রাইভেট বিশ্ববিদ্যালয়ের শিক্ষার্থীরা সাংবাদিকতা গণমাধ্যমে তেমন সফল,pro_public,pro_public,neutral,pro_public,pro_public,pro_public
জানতে চাই বিশ্ববিদ্যালয়ে চিকিৎসা শিক্ষা ভালো,neutral,neutral,neutral,neutral,neutral,neutral
জানতে চাই বিশ্ববিদ্যালয়ে মানবিক শিক্ষা ভালো,neutral,neutral,neutral,neutral,pro_public,neutral
ইউল্যাবের ব্যবসায় শিক্ষা বাস্তবসম্মত,pro_private,pro_private,neutral,pro_private,pro_public,pro_private
প্রাইভেট বিশ্ববিদ্যালয়ের শিক্ষার্থীরা ইংরেজি মাধ্যমে পড়ায় বিদেশে সুবিধা পায়,pro_private,neutral,neutral,pro_private,pro_private,pro_private
প্রাইভেট বিশ্ববিদ্যালয়ে সুবিধার অবস্থা কেমন,neutral,neutral,neutral,neutral,neutral,neutral
পাবলিক বিশ্ববিদ্যালয়ের শিক্ষার্থীরা সীমাবদ্ধ,pro_private,pro_private,pro_private,pro_public,pro_private,pro_private
পাবলিক বিশ্ববিদ্যালয়ের টিউশন ফি কত,neutral,neutral,neutral,neutral,neutral,neutral
পাবলিক বিশ্ববিদ্যালয়ের শিক্ষার্থীরা বিভিন্ন আন্দোলনে নেতৃত্ব দেয়,pro_public,pro_public,pro_public,pro_public,pro_public,pro_public
প্রাইভেট বিশ্ববিদ্যালয়ের শিক্ষার্থীরা তে অংশ নেয়,pro_private,pro_private,neutral,pro_private,pro_private,pro_private
প্রাইভেট বিশ্ববিদ্যালয়ের শিক্ষার্থীরা পড়তে পারে,pro_private,pro_private,pro_private,pro_private,pro_private,neutral
পাবলিক বিশ্ববিদ্যালয়ের শিক্ষার্থীরা যেতে পারে,pro_private,pro_private,pro_private,pro_private,pro_private,pro_private
পাবলিক বিশ্ববিদ্যালয়ের শিক্ষার্থীরা বছরে একবার পরীক্ষা দেয় মূল্যায়ন,pro_private,neutral,pro_private,pro_private,pro_private,pro_public
প্রাইভেট বিশ্ববিদ্যালয়ে আইটি কম্পিউটার সায়েন্সের অবস্থা কেমন,neutral,neutral,neutral,neutral,neutral,neutral
প্রাইভেট বিশ্ববিদ্যালয়গুলো শুধু টাকা উপার্জনের কারখানা,pro_public,pro_public,pro_public,pro_public,neutral,pro_public
প্রাইভেট বিশ্ববিদ্যালয়ের শিক্ষার্থীরা কমিউনিকেশন স্কিলে এগিয়ে,pro_private,pro_private,pro_private,pro_private,pro_private,pro_private
পাবলিক বিশ্ববিদ্যালয়ের শিক্ষার্থীরা এর সুযোগ পায়,pro_private,pro_private,pro_private,pro_private,pro_private,pro_private
প্রাইভেট বিশ্ববিদ্যালয়ে শিক্ষার্থীদের ড্রপআউট রেট কত,neutral,neutral,neutral,neutral,pro_public,neutral
পাবলিক বিশ্ববিদ্যালয়ের শিক্ষার্থীরা শিক্ষকের দেখা পায়,pro_private,pro_private,pro_private,pro_private,pro_private,pro_private
এআইইউবির সিএসই বিভাগের ল্যাব আধুনিক,pro_private,pro_private,pro_private,pro_private,pro_private,pro_private
প্রাইভেট বিশ্ববিদ্যালয়ের শিক্ষার্থীরা এর শোনে,pro_private,pro_private,pro_private,pro_private,pro_private,pro_private
প্রাইভেট বিশ্ববিদ্যালয়ের শিক্ষার্থীরা মাল্টিন্যাশনাল কোম্পানিতে চাকরি পায়,pro_private,pro_private,pro_private,pro_private,pro_private,pro_private
প্রাইভেট বিশ্ববিদ্যালয়ে শিক্ষক নিয়োগের প্রক্রিয়া কেমন,neutral,pro_private,neutral,neutral,neutral,neutral
পাবলিক বিশ্ববিদ্যালয়ের শিক্ষার্থীরা সাপোর্ট পায়,pro_private,pro_public,pro_private,pro_private,pro_private,pro_private
প্রাইভেট বিশ্ববিদ্যালয়ের শিক্ষার্থীরা সাপোর্ট পায়,pro_private,pro_private,pro_private,pro_private,pro_private,pro_private
প্রাইভেট বিশ্ববিদ্যালয়গুলো শুধু ব্যবসা শিক্ষা দেয়,pro_public,pro_public,pro_public,pro_public,pro_public,pro_public
প্রাইভেট বিশ্ববিদ্যালয়ে সেশনজট নির্দিষ্ট সময়ে ডিগ্রি শেষ,pro_private,pro_private,pro_public,pro_private,pro_private,pro_private
পাবলিক বিশ্ববিদ্যালয়ের শিক্ষকরা পুরনো সিলেবাস পড়ান,pro_private,pro_private,pro_public,pro_private,pro_private,pro_private
পাবলিক বিশ্ববিদ্যালয়ের শিক্ষার্থীরা একা থাকে,pro_private,pro_private,pro_private,pro_private,pro_private,pro_private
পাবলিক বিশ্ববিদ্যালয়ের শিক্ষার্থীরা বিদেশে ভর্তি পরীক্ষায় পাস,pro_private,pro_private,pro_private,pro_private,pro_private,pro_public
পাবলিক বিশ্ববিদ্যালয়ের সেশনজট কতটা গুরুতর,neutral,neutral,neutral,neutral,neutral,neutral
জানতে চাই বিশ্ববিদ্যালয়ে খেলাধুলার সুযোগ,neutral,neutral,neutral,neutral,neutral,neutral
ব্র্যাক বিশ্ববিদ্যালয়ের শিক্ষার্থীরা উদ্যোক্তা হিসেবে সফল,pro_private,pro_private,pro_private,pro_private,pro_private,neutral
প্রাইভেট বিশ্ববিদ্যালয়ের শিক্ষার্থীরা দেশের সমস্যা আন্দোলন,pro_public,pro_public,neutral,pro_public,pro_public,pro_public
প্রাইভেট বিশ্ববিদ্যালয়ে ভর্তি হলে টাকার বিনিময়ে পাওয়া যায়,pro_public,pro_public,pro_public,pro_public,pro_public,pro_public
প্রাইভেট বিশ্ববিদ্যালয়ের শিক্ষার্থীরা যুক্তি বিতর্কে দুর্বল,pro_public,pro_public,pro_public,pro_public,pro_public,pro_public
জানতে চাই বিশ্ববিদ্যালয়ে শিক্ষার্থীদের অধিকার,neutral,pro_private,neutral,pro_private,neutral,neutral
পাবলিক বিশ্ববিদ্যালয়ে ভর্তি বছরের বছর কোচিং,pro_private,pro_private,pro_private,pro_private,pro_private,pro_private
প্রাইভেট বিশ্ববিদ্যালয়ের শিক্ষার্থীরা বিদেশে উচ্চশিক্ষায় কতটা সফল,neutral,neutral,neutral,neutral,neutral,neutral
পাবলিক বিশ্ববিদ্যালয়ে আইন শিক্ষার অবস্থা কেমন,neutral,neutral,neutral,neutral,neutral,neutral
পাবলিক বিশ্ববিদ্যালয়ের শিক্ষার্থীরা বিদেশে উচ্চশিক্ষায় কতটা সফল,neutral,pro_private,pro_private,neutral,pro_private,neutral
প্রাইভেট বিশ্ববিদ্যালয়ের ডিগ্রি ব্যাংক সরকারি চাকরি পাওয়া কঠিন,pro_public,pro_public,pro_public,pro_public,pro_public,pro_public
প্রাইভেট বিশ্ববিদ্যালয়ের শিক্ষার্থীরা এর সুযোগ পায়,pro_private,pro_private,pro_private,pro_private,pro_private,pro_private
পাবলিক বিশ্ববিদ্যালয়ের শিক্ষার্থীরা দেশের সবচেয়ে বড় সাংবাদিকতা প্রতিযোগিতায় সফল,pro_public,pro_public,pro_public,pro_private,pro_public,pro_public
পাবলিক বিশ্ববিদ্যালয়ের শিক্ষকদের গবেষণার অবস্থা কেমন,neutral,neutral,neutral,neutral,neutral,neutral
পাবলিক বিশ্ববিদ্যালয়ের শিক্ষার্থীরা নতুন উদ্ভাবনের সুযোগ পায়,pro_private,pro_private,pro_private,pro_private,pro_private,pro_private
পাবলিক বিশ্ববিদ্যালয়ে ভর্তি প্রকৃত মেধা লাগে,pro_public,pro_public,pro_public,pro_public,pro_public,pro_public
প্রাইভেট বিশ্ববিদ্যালয়ের শিক্ষার্থীরা রাজনীতি সামাজিক কাজে অংশ নেয়,pro_public,pro_public,pro_public,pro_public,pro_public,pro_public
পাবলিক বিশ্ববিদ্যালয়ের লাইব্রেরি ল্যাবের সুবিধা,pro_public,pro_public,pro_public,pro_public,pro_public,pro_public
প্রাইভেট বিশ্ববিদ্যালয়ের শিক্ষার্থীরা বিদেশি শিক্ষকের কাছ শেখে,pro_private,pro_private,pro_private,pro_private,pro_private,pro_private
জানতে চাই বিশ্ববিদ্যালয়ে শিক্ষার্থীদের মানসিক চাপ,neutral,neutral,neutral,neutral,neutral,neutral
জানতে চাই বিশ্ববিদ্যালয়ে মিডিয়া সাংবাদিকতা শিক্ষা ভালো,neutral,neutral,neutral,neutral,neutral,neutral
প্রাইভেট বিশ্ববিদ্যালয়ের শিক্ষার্থীরা সক্রিয়,pro_private,pro_private,pro_private,pro_public,pro_private,pro_private
ঢাবির আইন বিভাগের স্নাতকরা দেশের সেরা আইনজীবী,pro_public,pro_public,pro_public,pro_public,pro_public,pro_public
প্রাইভেট বিশ্ববিদ্যালয়ের শিক্ষার্থীরা নতুন উদ্ভাবন,pro_public,pro_public,pro_public,pro_public,pro_public,pro_public
জানতে চাই বিশ্ববিদ্যালয়ের শিক্ষার মান,neutral,neutral,pro_public,pro_private,neutral,neutral
প্রাইভেট বিশ্ববিদ্যালয়ে আইন শিক্ষার অবস্থা কেমন,neutral,neutral,neutral,neutral,neutral,neutral
প্রাইভেট বিশ্ববিদ্যালয়ে ছাত্র রাজনীতি পারে,pro_public,pro_public,neutral,pro_public,pro_public,pro_private
প্রাইভেট বিশ্ববিদ্যালয়ের শিক্ষার্থীরা প্রযুক্তি উদ্ভাবনে পিছিয়ে,pro_public,pro_public,pro_private,pro_public,neutral,pro_public
প্রাইভেট বিশ্ববিদ্যালয়ে ব্যবসায় শিক্ষার অবস্থা কেমন,neutral,neutral,neutral,neutral,neutral,neutral
প্রাইভেট বিশ্ববিদ্যালয়ের শিক্ষার্থীরা শিক্ষকের আলোচনা পারে,pro_private,pro_private,pro_private,pro_private,pro_private,pro_private
প্রাইভেট বিশ্ববিদ্যালয়গুলো শিক্ষার্থীদের চাপ দেয় ফলে শেখে,pro_public,neutral,pro_public,pro_public,pro_public,neutral
জানতে চাই বিশ্ববিদ্যালয়ে খাবার ক্যাফেটেরিয়ার মান ভালো,neutral,neutral,neutral,neutral,neutral,neutral
পাবলিক বিশ্ববিদ্যালয়ের শিক্ষার্থীরা তাত্ত্বিক জ্ঞান ব্যবহারিক,pro_private,pro_private,neutral,pro_private,pro_private,pro_private
পাবলিক প্রাইভেট বিশ্ববিদ্যালয় উভয়েরই সুবিধা অসুবিধা,neutral,neutral,neutral,neutral,neutral,neutral
পাবলিক বিশ্ববিদ্যালয়ের শিক্ষার মান উঁচু এতে সন্দেহ,pro_public,pro_public,pro_public,pro_public,pro_public,pro_public
প্রাইভেট বিশ্ববিদ্যালয়ে নারী শিক্ষার্থীদের নিরাপত্তা কেমন,neutral,neutral,neutral,neutral,neutral,neutral
জানতে চাই বিশ্ববিদ্যালয়ে প্রশাসনিক দক্ষতা,neutral,neutral,neutral,neutral,pro_public,neutral
প্রাইভেট বিশ্ববিদ্যালয়ের শিক্ষার মান এখন উন্নত পাবলিকের চেয়ে,pro_private,pro_private,pro_private,pro_private,pro_private,pro_private
প্রাইভেট বিশ্ববিদ্যালয়ে সংগীত নাট্যকলা শিক্ষার অবস্থা কেমন,neutral,neutral,neutral,neutral,neutral,neutral
পাবলিক বিশ্ববিদ্যালয়ে সমাজবিজ্ঞান শিক্ষার অবস্থা কেমন,neutral,pro_private,neutral,neutral,neutral,neutral
পাবলিক বিশ্ববিদ্যালয়ের শিক্ষার্থীরা শুধু রাজনীতিতে সক্রিয়,pro_private,pro_private,pro_private,pro_private,pro_private,pro_private
প্রাইভেট বিশ্ববিদ্যালয়ের শিক্ষার্থীরা শিল্পসাহিত্যসংস্কৃতিতে অংশ নেয়,pro_public,pro_public,pro_public,pro_public,pro_public,pro_public
জাবির প্রাকৃতিক সৌন্দর্য পড়াশোনার মনোযোগ বাড়ায়,pro_public,pro_private,pro_public,pro_public,pro_public,pro_public
পাবলিক বিশ্ববিদ্যালয়ের শিক্ষার্থীরা বিভিন্ন ক্লাব সংগঠনে সক্রিয়,pro_public,pro_public,pro_public,pro_private,pro_public,pro_public
প্রাইভেট বিশ্ববিদ্যালয়ের শিক্ষার্থীরা ইন্ডাস্ট্রি ভিজিট ফিল্ড ট্রিপে যায়,pro_private,neutral,pro_private,pro_private,pro_private,pro_private
জানতে চাই বিশ্ববিদ্যালয়ে উদ্যোক্তা হওয়ার সুযোগ,neutral,neutral,neutral,neutral,neutral,neutral
বাংলাদেশে পাবলিক বিশ্ববিদ্যালয়ের সংখ্যা কত,neutral,neutral,pro_private,neutral,neutral,neutral
জানতে চাই বিশ্ববিদ্যালয়ে বিজ্ঞান প্রযুক্তি শিক্ষা ভালো,neutral,pro_private,neutral,pro_public,neutral,neutral
চট্টগ্রাম বিশ্ববিদ্যালয়ের ইতিহাস ঐতিহ্য অনন্য,pro_public,pro_public,pro_public,pro_public,pro_public,pro_public
জানতে চাই বিশ্ববিদ্যালয়ে শিক্ষার্থীদের অভিভাবকদের সন্তুষ্টি,neutral,neutral,neutral,neutral,neutral,neutral
পাবলিক বিশ্ববিদ্যালয়ে নারী শিক্ষার্থীদের নিরাপত্তা কেমন,neutral,neutral,neutral,neutral,neutral,neutral
রাবির শিক্ষার্থীরা দেশের সবচেয়ে সচেতন সক্রিয়,pro_public,pro_public,pro_public,pro_public,pro_public,pro_public
পাবলিক বিশ্ববিদ্যালয়ের ল্যাব লাইব্রেরির অবস্থা কেমন,neutral,neutral,neutral,neutral,neutral,neutral
বুয়েটের ইঞ্জিনিয়াররা দেশের সেরা প্রাইভেটের কাছে আসতে পারে,pro_public,pro_public,neutral,pro_public,pro_public,neutral
প্রাইভেট বিশ্ববিদ্যালয়ের শিক্ষার্থীরা নতুন প্রযুক্তি সফটওয়্যার শেখে,pro_private,pro_private,pro_private,pro_private,pro_private,pro_private
প্রাইভেট বিশ্ববিদ্যালয়ের শিক্ষকরা অধিকাংশই পাবলিকের রিজেক্ট,pro_public,neutral,neutral,pro_public,pro_public,pro_public
জানতে চাই পাবলিক বিশ্ববিদ্যালয়ের ভর্তি পরীক্ষা কতটা কঠিন,neutral,pro_private,pro_private,neutral,neutral,pro_public
প্রাইভেট বিশ্ববিদ্যালয়ের শিক্ষার্থীরা সুবিধা পায়,pro_private,pro_private,pro_private,pro_private,pro_private,pro_private
পাবলিক প্রাইভেট বিশ্ববিদ্যালয়ের তুলনামূলক আলোচনা চাই,neutral,neutral,neutral,neutral,neutral,neutral
পাবলিক বিশ্ববিদ্যালয়ে শিক্ষার্থীদের আত্মহত্যার হার কত,neutral,neutral,neutral,neutral,pro_public,neutral
প্রাইভেট বিশ্ববিদ্যালয়ের শিক্ষার্থীরা সেমিস্টার সিস্টেমে নিয়মিত মূল্যায়িত,pro_private,pro_private,pro_private,pro_private,pro_private,pro_private
প্রাইভেট বিশ্ববিদ্যালয়ের শিক্ষার্থীরা শুধু ক্লাস বাড়ি এর,pro_public,pro_public,pro_public,neutral,pro_public,pro_public
পাবলিক বিশ্ববিদ্যালয়ে এক ক্লাসে শতাধিক শিক্ষার্থী শিক্ষক মনোযোগ দিতে পারে,pro_private,pro_private,pro_private,pro_private,pro_private,pro_private
প্রাইভেট বিশ্ববিদ্যালয়ের শিক্ষার্থীরা নতুন ব্যবসা স্টার্টআপ গড়ে,pro_private,pro_private,pro_private,pro_private,pro_private,pro_private
জানতে চাই বিশ্ববিদ্যালয়ে শিক্ষার্থীদের স্বাস্থ্য সুবিধা,neutral,neutral,neutral,neutral,neutral,neutral
রাজশাহী বিশ্ববিদ্যালয়ের ক্যাম্পাস জীবন অসাধারণ,pro_public,pro_public,pro_public,pro_public,pro_public,pro_public
পাবলিক বিশ্ববিদ্যালয়ের শিক্ষার্থীরা দেশের প্রতিটি গুরুত্বপূর্ণ নেতৃত্ব দেয়,pro_public,pro_public,pro_public,pro_public,pro_public,pro_public
পাবলিক বিশ্ববিদ্যালয়ে সামাজিক সেবামূলক কাজের অবস্থা কেমন,neutral,neutral,neutral,neutral,neutral,neutral
পাবলিক বিশ্ববিদ্যালয়ের ডিগ্রি সরকারি চাকরি পাওয়া সহজ,pro_public,pro_public,pro_public,pro_public,pro_public,pro_public
প্রাইভেট বিশ্ববিদ্যালয়ের শিক্ষার্থীরা বিদেশে উচ্চশিক্ষায় সফল,pro_public,pro_public,pro_public,pro_public,pro_public,pro_public
পাবলিক বিশ্ববিদ্যালয়ে এর অবস্থা কেমন,neutral,neutral,neutral,neutral,neutral,neutral
পাবলিক বিশ্ববিদ্যালয়ের ছাত্র সংসদ নির্বাচন গণতন্ত্রের চর্চা,pro_public,pro_public,neutral,pro_public,pro_public,pro_public
পাবলিক বিশ্ববিদ্যালয়ের শিক্ষার্থীরা প্রযুক্তি আধুনিক জ্ঞানে পিছিয়ে,pro_private,pro_private,pro_private,pro_private,pro_private,pro_private
জানতে চাই বিশ্ববিদ্যালয়ে ডিজিটাল শিক্ষার সুবিধা,neutral,neutral,neutral,neutral,neutral,neutral
পাবলিক বিশ্ববিদ্যালয়ের ছাত্ররাজনীতি কতটা স্বাস্থ্যকর,neutral,neutral,neutral,neutral,neutral,pro_private
পাবলিক বিশ্ববিদ্যালয়ের শিক্ষার্থীরা চাকরির নিজেই খোঁজে,pro_private,pro_private,pro_private,pro_private,pro_public,pro_private
প্রাইভেট বিশ্ববিদ্যালয়ের শিক্ষার্থীরা শুধু সার্টিফিকেট কালেক্টর,pro_public,pro_public,pro_public,pro_public,pro_public,pro_private
পাবলিক বিশ্ববিদ্যালয়ে সাংস্কৃতিক অনুষ্ঠানের অবস্থা কেমন,neutral,neutral,neutral,neutral,neutral,neutral
প্রাইভেট বিশ্ববিদ্যালয়ে পড়াশোনার পরিবেশ শান্ত নিরাপদ,pro_private,pro_private,pro_private,pro_private,pro_private,pro_private
জাবির শিক্ষার্থীরা প্রকৃতির মিশে জীবনধারণ শেখে,pro_public,pro_public,pro_public,pro_public,pro_public,pro_private
প্রাইভেট বিশ্ববিদ্যালয়ের টিউশন ফি কত,neutral,neutral,neutral,neutral,neutral,neutral
জানতে চাই বিশ্ববিদ্যালয়ে চাকরির সুযোগ,neutral,neutral,neutral,neutral,neutral,pro_private
চবির শিক্ষার্থীরা দক্ষিণাঞ্চলের শ্রেষ্ঠ মেধা,pro_public,pro_public,pro_public,pro_public,pro_public,pro_public
পাবলিক বিশ্ববিদ্যালয়ের কত,neutral,neutral,pro_private,neutral,neutral,neutral
পাবলিক বিশ্ববিদ্যালয়ে সুবিধার অবস্থা কেমন,neutral,neutral,neutral,neutral,neutral,neutral
পাবলিক বিশ্ববিদ্যালয়ে সংগীত নাট্যকলা শিক্ষার অবস্থা কেমন,neutral,neutral,pro_public,neutral,neutral,neutral
প্রাইভেট বিশ্ববিদ্যালয়গুলো শিক্ষক নিয়োগে দুর্নীতি,pro_public,pro_public,pro_public,pro_public,pro_public,pro_public
প্রাইভেট বিশ্ববিদ্যালয়ের শিক্ষার্থীরা শুধু ব্যক্তিগত ক্যারিয়ার ভাবে,pro_public,pro_private,pro_public,pro_public,pro_public,pro_public
পাবলিক বিশ্ববিদ্যালয়ের শিক্ষার্থীরা দেশের সবচেয়ে বড় আইডিয়া দেয়,pro_public,pro_public,pro_public,pro_public,pro_private,pro_public
জানতে চাই বিশ্ববিদ্যালয়ে রাজনৈতিক সচেতনতা,neutral,neutral,neutral,neutral,pro_private,neutral
জানতে চাই বিশ্ববিদ্যালয়ে গবেষণার সুযোগ,neutral,neutral,neutral,neutral,pro_private,neutral
পাবলিক বিশ্ববিদ্যালয়ে পরীক্ষা নিয়ন্ত্রণের অবস্থা কেমন,neutral,neutral,neutral,neutral,neutral,neutral
বিশ্ববিদ্যালয় ভালো তা নির্ভর বিষয় শিক্ষার্থীর,neutral,pro_private,neutral,neutral,neutral,neutral
পাবলিক বিশ্ববিদ্যালয়ের শিক্ষার্থীরা আন্তর্জাতিক যোগাযোগের সুযোগ পায়,pro_private,neutral,pro_private,pro_private,pro_private,pro_private
পাবলিক বিশ্ববিদ্যালয়ের পরীক্ষার হলে কঠোর নিয়ম মানা,pro_public,pro_public,pro_public,pro_public,pro_public,pro_public
প্রাইভেট বিশ্ববিদ্যালয়ে ছাত্ররাজনীতি কিনা,neutral,neutral,neutral,pro_public,neutral,neutral
পাবলিক বিশ্ববিদ্যালয়ের শিক্ষার্থীরা আন্তর্জাতিক অনুষ্ঠানে যেতে পারে,pro_private,pro_private,pro_private,pro_private,pro_private,pro_private
প্রাইভেট বিশ্ববিদ্যালয়ের ল্যাব লাইব্রেরির অবস্থা কেমন,neutral,pro_private,pro_public,neutral,neutral,neutral
জানতে চাই বিশ্ববিদ্যালয়ে প্রকৌশল শিক্ষা ভালো,neutral,neutral,neutral,pro_private,neutral,neutral
পাবলিক ইউনিভার্সিটির পরীক্ষা পদ্ধতি কঠিন হওয়ায় শিক্ষার্থীরা যোগ্য,pro_public,pro_public,pro_public,pro_public,pro_public,pro_public
প্রাইভেট বিশ্ববিদ্যালয়ের ক্যাম্পাস ক্লাসরুম আধুনিক,pro_private,pro_private,pro_private,pro_private,pro_private,pro_private
প্রাইভেট বিশ্ববিদ্যালয়ের শিক্ষার্থীরা বাড়ি কমিউট সামাজিকতা শেখে,pro_public,pro_public,pro_public,pro_public,pro_public,pro_public
পাবলিক বিশ্ববিদ্যালয়ের লাইব্রেরি পুরনো অপর্যাপ্ত,pro_private,pro_private,neutral,pro_private,pro_private,pro_private
ঢাকা বিশ্ববিদ্যালয়ে পড়াশোনা গর্বিত,pro_public,pro_public,pro_public,pro_public,pro_public,pro_public
পাবলিক বিশ্ববিদ্যালয়ের শিক্ষার্থীরা ইন্ডাস্ট্রির যোগাযোগ রাখে,pro_private,pro_private,pro_private,pro_private,pro_private,pro_private
প্রাইভেট ইউনিভার্সিটির শিক্ষার্থীরা ইংরেজিতে দক্ষ পাবলিকের ছাত্ররা,pro_private,pro_private,pro_private,pro_private,pro_private,pro_private
পাবলিক বিশ্ববিদ্যালয়ের শিক্ষকরা শিক্ষার্থীদের বিনামূল্যে কোচিং দেন,pro_public,pro_public,pro_public,pro_public,neutral,pro_public
প্রাইভেট বিশ্ববিদ্যালয়ের শিক্ষার্থীরা শারীরিক শিক্ষা খেলাধুলায় পিছিয়ে,pro_public,pro_public,pro_public,pro_public,pro_private,pro_public
প্রাইভেট বিশ্ববিদ্যালয়ের ভর্তি প্রক্রিয়া কেমন,neutral,neutral,neutral,neutral,neutral,neutral
পাবলিক বিশ্ববিদ্যালয়ে পড়াশোনার চাপ শিক্ষার্থীকে শক্তিশালী,pro_public,pro_public,pro_public,pro_public,neutral,pro_public
পাবলিক বিশ্ববিদ্যালয়ের শিক্ষার্থীরা দেশের সবচেয়ে বড় মাথা ব্যবহার,pro_public,pro_public,pro_public,pro_private,pro_public,pro_public
পাবলিক বিশ্ববিদ্যালয়ের ছাত্রাবাস জীবন আত্মনির্ভরশীলতা শেখায়,pro_public,pro_public,pro_public,pro_public,pro_public,pro_public
প্রাইভেট বিশ্ববিদ্যালয়ের কত,neutral,neutral,neutral,pro_private,neutral,neutral
বোন জগন্নাথ বিশ্ববিদ্যালয়ে পড়ে প্রগতি দেখে খুশি,pro_public,pro_public,pro_public,pro_public,pro_public,pro_public
পাবলিক বিশ্ববিদ্যালয়ের শিক্ষার্থীরা দেশের সবচেয়ে বড় রোবটিক্স প্রতিযোগিতায় সেরা,pro_public,pro_public,pro_public,pro_public,pro_public,pro_public
প্রাইভেট বিশ্ববিদ্যালয়ের শিক্ষার্থীরা অংশ নেয়,pro_private,pro_private,pro_private,pro_private,pro_private,pro_private
প্রাইভেট বিশ্ববিদ্যালয়ের শিক্ষার্থীরা ছোট ক্লাস সাইজের সুবিধা পায়,pro_private,neutral,pro_private,pro_private,pro_private,pro_private
জানতে চাই বিশ্ববিদ্যালয়ে শিক্ষার্থীদের সামাজিক জীবন ভালো,neutral,pro_private,neutral,neutral,neutral,neutral
পাবলিক বিশ্ববিদ্যালয়ে ব্যবসায় শিক্ষার অবস্থা কেমন,neutral,neutral,neutral,neutral,pro_public,neutral
জাবির সমাজবিজ্ঞান বিভাগের গবেষণা দেশের নীতিনির্ধারণে সাহায্য,pro_public,neutral,pro_public,pro_public,pro_public,pro_public
প্রাইভেট বিশ্ববিদ্যালয়ের শিক্ষকরা বাড়তি টাকা টিউশনি,pro_public,pro_public,pro_public,pro_public,pro_public,pro_private
প্রাইভেট বিশ্ববিদ্যালয়ের শিক্ষার্থীরা সুযোগ পায়,pro_private,pro_private,pro_private,pro_private,pro_private,pro_private
প্রাইভেট বিশ্ববিদ্যালয়ে এর সুযোগ কত,neutral,neutral,neutral,neutral,neutral,neutral
পাবলিক বিশ্ববিদ্যালয়ের শিক্ষার্থীরা শুধু পারে,pro_private,pro_private,pro_private,pro_private,pro_private,pro_private
পাবলিক বিশ্ববিদ্যালয়ের শিক্ষার্থীরা শুধু নিজের শিক্ষকের কাছেই শোনে,pro_private,pro_private,pro_private,pro_private,pro_private,pro_private
পাবলিক বিশ্ববিদ্যালয়ের শিক্ষার্থীরা দেশের সবচেয়ে বড় পরীক্ষায় উত্তীর্ণ,pro_public,pro_public,pro_public,pro_public,pro_public,pro_public
সর সিএসই বিভাগের শিক্ষার্থীরা আইটি সেক্টরে সফল,pro_public,pro_private,pro_public,pro_public,pro_public,pro_public
প্রাইভেট বিশ্ববিদ্যালয়ের শিক্ষার্থীরা সেক্টরে কাজ,neutral,neutral,neutral,neutral,neutral,neutral
পাবলিক বিশ্ববিদ্যালয়ে আইটি কম্পিউটার সায়েন্সের অবস্থা কেমন,neutral,neutral,neutral,neutral,neutral,neutral
বাংলাদেশ কৃষি বিশ্ববিদ্যালয়ের গবেষণা দেশের কৃষিতে বিপ্লব এনেছে,pro_public,pro_public,pro_public,pro_public,pro_public,pro_public
প্রাইভেট বিশ্ববিদ্যালয়ের শিক্ষার্থীরা বিদেশি এর সুবিধা পায়,pro_private,pro_private,pro_private,pro_private,pro_private,pro_private
পাবলিক বিশ্ববিদ্যালয়ের শিক্ষার্থীরা শুধু আটকে থাকে,pro_private,pro_private,pro_private,pro_private,pro_private,pro_private
জানতে চাই বিশ্ববিদ্যালয়ে চারুকলা শিক্ষা ভালো,neutral,neutral,neutral,neutral,pro_private,pro_public
পাবলিক বিশ্ববিদ্যালয়ের ল্যাব যন্ত্রপাতি পুরনো অকেজো,pro_private,pro_private,pro_private,pro_private,pro_private,pro_private
প্রাইভেট বিশ্ববিদ্যালয়ের শিক্ষার্থীরা ইন্ডাস্ট্রি লিংকেজ ইন্টার্নশিপ পায়,pro_private,pro_private,pro_private,pro_private,pro_private,pro_private
পাবলিক বিশ্ববিদ্যালয়ের শিক্ষার্থীরা শুধু ক্লাসরুমে বসে থাকে,pro_private,pro_private,neutral,pro_private,pro_private,pro_private
জাবির শিক্ষার্থীরা দেশের সবচেয়ে বড় পরিবেশ আন্দোলনে নেতৃত্ব দেয়,pro_public,pro_public,pro_public,pro_public,neutral,pro_public
চবির শিক্ষার্থীরা চট্টগ্রামের শিল্প বাণিজ্যে গুরুত্বপূর্ণ অবদান রাখে,pro_public,pro_public,pro_public,pro_public,pro_private,pro_public
প্রাইভেট বিশ্ববিদ্যালয়ের শিক্ষকদের গবেষণার অবস্থা কেমন,neutral,neutral,neutral,neutral,pro_private,neutral
ড্যাফোডিলের আইটি বিভাগের শিক্ষার্থীরা ফ্রিল্যান্সিংয়ে উপার্জন,pro_private,pro_private,pro_private,pro_private,pro_private,neutral
জানতে চাই বিশ্ববিদ্যালয়ে শিক্ষার্থীদের আর্থিক সহায়তা,neutral,pro_private,neutral,neutral,neutral,neutral
প্রাইভেট বিশ্ববিদ্যালয়ে শিক্ষার্থীরা ক্যাম্পাস লাইফ উপভোগ পারে,pro_public,neutral,pro_public,pro_public,pro_public,pro_public
প্রাইভেট বিশ্ববিদ্যালয়ের শিক্ষার্থীরা শুধু বেসরকারি কোম্পানিতে কাজ,pro_public,pro_public,pro_public,pro_public,pro_public,pro_public
বড় ভাই আইইউবিতে পড়ে প্রযুক্তিগত দক্ষতা দেখে অবাক হই,pro_private,pro_private,pro_private,pro_private,pro_private,pro_private
পাবলিক বিশ্ববিদ্যালয়ে শিক্ষক নিয়োগের প্রক্রিয়া কেমন,neutral,neutral,pro_private,neutral,neutral,neutral
পাবলিক বিশ্ববিদ্যালয়ে ভর্তি রাজনৈতিক সংশ্লিষ্টতা লাগে মেধা,pro_private,pro_private,neutral,pro_private,pro_private,pro_private
পূর্ণ পেইড কোর্স কোর্স বিজ্ঞাপন ভর্তি তথ্য,neutral,neutral,neutral,neutral,neutral,neutral
যতই ভালো পড়ি দিন শেষে টাকাই আসবে দিবেও পড়ালেখা তারাও দেখেন কত টাকা আয় আপনি বকবক তো টাকা আনছেন সংসার চালাচ্ছেন আমাদের শুধু ফাঁদে ফেলছে,neutral,neutral,neutral,neutral,neutral,pro_public
ভাই শেষে তো চাই টাকা জীবনে পড়েও,neutral,neutral,neutral,neutral,pro_private,neutral
ভাই দেশে পড়ালেখা তারাই শেষ ধুঁকে ধুঁকে মরছে,neutral,neutral,pro_private,neutral,neutral,neutral
প্রাইভেট বিশ্ববিদ্যালয়ে ঠিকমতো ক্লাস শুধু ব্যবসা,pro_public,pro_public,pro_public,pro_public,pro_public,pro_public
দাফোডিল বিশ্ববিদ্যালয়ে সিএসই তে পড়ি আশেপাশের লোকজন কথা শোনায় বলে মানুষ এত টাকা পড়ে দাফোডিল বিশ্ববিদ্যালয় তেমন ভালো এগুলো শোনার ডিপ্রেশনে,neutral,neutral,neutral,neutral,neutral,neutral
অক্সফোর্ড পাবলিক,neutral,neutral,neutral,neutral,neutral,neutral
অক্সফোর্ড আমল বেসরকারি বিশ্ববিদ্যালয় একটু বলবেন,neutral,neutral,neutral,pro_public,neutral,neutral
এগুলো বাদ দেন প্রাইভেট হোক পাবলিক বাংলাদেশের বিশ্ববিদ্যালয়ই খারাপ মানের পাস বিদেশে আসেন বর্তমানে কোটি টাকার প্যাকেজ পেয়েছি,neutral,neutral,pro_private,pro_public,neutral,pro_public
জানি করতেছি জিএসটি বাদ দিলাম নিজের বাসার কাছে থাকার কাছে প্রাইভেটে ভর্তি চাইতেছি আপনার কথা শুনে এখন একটু সাহস পেলাম বলছিল পাগলামি করছি,pro_private,pro_private,pro_private,pro_private,pro_private,pro_private
দারুণ দারুণ দাদা,neutral,pro_private,pro_public,neutral,neutral,neutral
স্যার ওটাই তো,neutral,neutral,neutral,neutral,pro_private,neutral
তো বুয়েট ব্যবসা করছিস,neutral,neutral,neutral,pro_private,neutral,pro_private
ভাইয়া খরচে বিবিএর প্রাইভেট বিশ্ববিদ্যালয় ভালো,neutral,neutral,neutral,pro_public,pro_private,neutral
ভাইয়া চট্টগ্রামের প্রাইভেট বিশ্ববিদ্যালয়ে বায়োকেমিস্ট্রি অ্যান্ড বায়োটেকনোলজি পড়তে চাই এটার ভবিষ্যৎ কেমন একটু বুঝিয়ে বলতেন,neutral,neutral,neutral,neutral,pro_public,neutral
ভাই মনে করলে আপনি পড়ে করেছেন,neutral,neutral,neutral,neutral,neutral,pro_public
এখন পরিস্থিতি উল্টো পাবলিক বিশ্ববিদ্যালয়গুলো বিশ্বাসযোগ্যতা হারাচ্ছে প্রাইভেট বিশ্ববিদ্যালয়গুলো মানসম্মত শিক্ষা ধরে রাখার যথাসাধ্য চেষ্টা আপনার টাইটেল আজকের সময়ের সাংঘর্ষিক,pro_private,pro_private,pro_private,pro_private,pro_private,pro_private
ভাই বিশ্ববিদ্যালয়ের লাইভ সাবজেক্টগুলো ইংরেজিতে বাংলায় দুটোই,neutral,neutral,pro_public,neutral,neutral,neutral
বাংলাদেশ উন্মুক্ত বিশ্ববিদ্যালয়ের কথা উল্লেখ করার ধন্যবাদ স্যার,neutral,pro_public,neutral,neutral,neutral,neutral
মামার এসএসসি এইচএসসির বছর গ্যাপ এখন প্রাইভেট বিশ্ববিদ্যালয়ে সিএসই তে ভর্তি পারবে অনুগ্রহ জানাবেন,neutral,pro_private,neutral,neutral,pro_public,neutral
আমিও র সিএসই তে ঢুকেছি পরিবারে বুলিং,neutral,neutral,pro_private,neutral,pro_private,neutral
ওখানে পড়তে শিক্ষার্থীদের ফান্ড লাগে,neutral,neutral,neutral,neutral,neutral,neutral
ভাই নিজে চেক আসো,neutral,neutral,neutral,neutral,neutral,neutral
বললেই বিদেশে যাওয়া যায়,neutral,neutral,pro_public,neutral,neutral,neutral
জিএসটির বেশিরভাগ বিশ্ববিদ্যালয় জীবনে ফান্ডিং পাবে প্রাইভেটে যান,pro_private,pro_private,pro_private,pro_public,pro_private,pro_private
জ্ঞান অর্জনের,neutral,neutral,neutral,neutral,neutral,neutral
চান্স পেয়ে দেখাও,neutral,neutral,pro_public,pro_public,pro_public,neutral
চান্স পেয়ে দেখাও,neutral,neutral,neutral,neutral,pro_private,neutral
বিশ্ববিদ্যালয়ের ছাত্ররা পড়ে একে অপরকে খেদায় গ্রুপ স্টাডি টিউশনি খোঁজে ছাত্রদের নামে বদনাম অশিক্ষিত,neutral,neutral,neutral,neutral,pro_public,neutral
বাংলাদেশে প্রতিটা বিশ্ববিদ্যালয়ে পাবলিকে পড়লে চাকরি পাবে কাজ বেরাবে,pro_public,pro_public,pro_public,pro_public,pro_public,pro_public
ধন্যবাদ স্যার,neutral,neutral,neutral,neutral,neutral,neutral
ভার্সিটি অতিরিক্ত হাইপ,neutral,neutral,neutral,neutral,neutral,neutral
স্যার আপনি যুক্ত হন,neutral,neutral,neutral,neutral,neutral,neutral
শিখতে পারলাম,neutral,neutral,neutral,neutral,pro_private,neutral
ভাইয়া তে ভালো,neutral,pro_public,neutral,neutral,neutral,pro_public
প্রাইভেট বিশ্ববিদ্যালয়ে ভর্তি হওয়ার খারাপ কথা শুনেছিলাম—এক ভাই বলেছিল প্রাইভেট বিশ্ববিদ্যালয়ে পড়েছি দেখে সার্টিফিকেট গ্রহণযোগ্যতা পাচ্ছে এটা শুনে মন খারাপ আপনার কথাগুলো মনের ভুল ধারণা মুছে দিয়েছে,pro_private,pro_private,pro_private,pro_private,pro_private,pro_private
স্যার ধন্যবাদ,neutral,neutral,neutral,pro_public,neutral,pro_public
খুব সুন্দর কথা ধন্যবাদ,neutral,neutral,pro_private,neutral,neutral,pro_public
প্রাচ্যের অক্সফোর্ড ঢাকা বিশ্ববিদ্যালয়—আজগুবি কথা,neutral,neutral,neutral,neutral,neutral,neutral
প্রাইভেট বিশ্ববিদ্যালয়ে যেকোনো সময় ভর্তি হওয়া যায় সালে এইচএসসি দিয়েছিলাম সালে ভর্তি পারব,neutral,neutral,neutral,neutral,pro_private,neutral
ওকে,neutral,neutral,neutral,neutral,neutral,neutral
লাভ,neutral,neutral,neutral,neutral,neutral,pro_private
অসংখ্য ধন্যবাদ স্যার আশা নিজেকে পরিবর্তন পারব ইনশাআল্লাহ,neutral,neutral,pro_public,neutral,neutral,neutral
কেমন স্যার একটু জানাবেন,neutral,neutral,neutral,neutral,neutral,neutral
আপনি স্যার,neutral,neutral,neutral,neutral,pro_public,neutral
বিশ্ববিদ্যালয় ভাইয়া,neutral,neutral,neutral,neutral,neutral,neutral
বছরের গ্যাপ হলে পারবেন,neutral,pro_public,neutral,neutral,neutral,neutral
সহমত শতভাগ,neutral,neutral,pro_private,neutral,neutral,neutral
বিশ্ববিদ্যালয়টা কেমন,neutral,neutral,pro_public,neutral,neutral,pro_public
ভাই আপনাকে তো ইমরান হাসমির দেখতে,neutral,neutral,neutral,neutral,neutral,neutral
চুপ থাকুন প্রাইভেট বিশ্ববিদ্যালয়ই সেরা,pro_private,pro_private,pro_private,pro_private,pro_private,pro_private
বোকাচোদা নাকি থাম্বনেইল দিয়েছ,neutral,neutral,neutral,pro_public,neutral,neutral
এমন থাম্বনেইল বানাবেন যেটা দেখে মানুষ বাজে মন্তব্য বা আপনার বাজে ধারণা সৃষ্টি,neutral,pro_public,neutral,neutral,pro_public,neutral
সামাজিক বিজ্ঞান জাতীয় বিশ্ববিদ্যালয়ে পড়ি গ্র্যাজুয়েশনের প্রাইভেট বিশ্ববিদ্যালয়ে ইংরেজিতে মাস্টার্সে ভর্তি পারব নাকি জাতীয় বিশ্ববিদ্যালয়ের ছাত্ররা গ্র্যাজুয়েশনের প্রাইভেট বিশ্ববিদ্যালয়ে পড়তে পারে,neutral,neutral,neutral,neutral,pro_private,neutral
আপনার সমস্যা ভাই ভিডিওর এক কথা লিখেন ভিতরে আরেক কথা বলেন,neutral,neutral,neutral,neutral,neutral,neutral
আইইবিতে বিএসসি ঠিক ক্লাস তো বেসরকারিতে পড়ার সামর্থ্য,neutral,neutral,pro_public,neutral,neutral,neutral
বইয়ের চিটারিবাটপারি কোরো ভালো লাগলো ভাইয়া কথাটা,neutral,neutral,neutral,neutral,neutral,neutral
আমাদের বড় ভাই আপনি তে গ্রুপে দাদা,neutral,neutral,pro_public,neutral,neutral,pro_private
সর্বোচ্চ নম্বর পাওয়ার চেষ্টা করুন নিজের সেরাটা দিন,neutral,neutral,neutral,neutral,neutral,neutral
প্রাইভেট বিশ্ববিদ্যালয়ে পড়িনি তারপরও বলব প্রাইভেট বিশ্ববিদ্যালয় পাবলিক বিশ্ববিদ্যালয়,pro_public,pro_public,pro_private,pro_public,pro_private,pro_public
সুন্দর কথা বলেছেন স্যার,neutral,neutral,pro_private,neutral,neutral,neutral
সবচেয়ে খারাপ,neutral,neutral,neutral,neutral,neutral,neutral
মিথ্যা,neutral,pro_public,neutral,neutral,pro_public,neutral
প্রশ্নবোধক চিহ্ন দেখেন,neutral,neutral,neutral,neutral,neutral,neutral
প্রাইভেট বিশ্ববিদ্যালয় ভালো ছাত্ররা ভালো,pro_private,pro_private,pro_private,pro_private,pro_private,pro_private
প্রাইভেট বিশ্ববিদ্যালয়ে পড়াশোনা পাবলিকের চেয়েও কঠিন ব্র্যাক এর প্রাইভেট বিশ্ববিদ্যালয়ের শিক্ষার্থীরা দক্ষ,pro_private,pro_private,pro_private,pro_private,pro_private,pro_private
ভালো ছাত্ররাই তো বিশ্ববিদ্যালয়কে ভালো বানায়,neutral,neutral,neutral,neutral,neutral,neutral
শয়তান,neutral,neutral,neutral,neutral,pro_private,neutral
ফাঁকিবাজ,neutral,neutral,neutral,neutral,neutral,neutral
ওরস্ট,neutral,neutral,neutral,neutral,neutral,neutral
সর্বোচ্চ নম্বর,neutral,neutral,neutral,neutral,pro_public,neutral
আসসালামু আলাইকুম আপনি ঠিক বলেছেন স্যার,neutral,neutral,neutral,neutral,neutral,neutral
খুবই অযোগ্য,neutral,pro_public,neutral,neutral,pro_private,neutral
মানুষ টাকার অভাবে প্রাইভেট বিশ্ববিদ্যালয়ে পড়তে পারে জাতীয় বিশ্ববিদ্যালয়ে পড়ে ভবিষ্যৎ শেষ এখান পারবে,neutral,neutral,neutral,neutral,neutral,pro_private
বিদেশের প্রাইভেট বিশ্ববিদ্যালয়ের পড়াশোনার মান আমাদের দেশের পাবলিক বিশ্ববিদ্যালয়ের চেয়ে হাজার গুণ ভালো আমাদের দেশের অধিকাংশ প্রাইভেট বিশ্ববিদ্যালয়ে শিক্ষার নামে শুধু সার্টিফিকেট বিক্রি বাংলাদেশের প্রাইভেট বিশ্ববিদ্যালয়গুলোর তে পড়াশোনার মান ভালো,neutral,neutral,neutral,neutral,neutral,pro_public
ধন্যবাদ স্যার আপনাকে ভালোবাসি,neutral,neutral,neutral,pro_public,neutral,neutral
এর অন্যান্য বিশ্ববিদ্যালয়ের রাতদিন তফাৎ বেসরকারি বিশ্ববিদ্যালয় পড়াশোনা খুব ছেলেমেয়েই ভালো পারে এসব বিশ্ববিদ্যালয় শিক্ষার্থীদের যোগ্যতা তৈরি শুধু কোর্স শেষ করানোর ধান্দায় থাকে ভালো নিজেদের ব্যক্তিগত চেষ্টায়,pro_public,neutral,pro_public,pro_public,pro_public,pro_public
প্রাইভেট বিশ্ববিদ্যালয় দেখেছি যেগুলো পাবলিকের চেয়েও ভালো,pro_private,pro_private,pro_private,pro_private,pro_private,pro_private
সিএসই বিভাগের লাখ টাকার প্রাইভেট বিশ্ববিদ্যালয় ভালো,neutral,neutral,neutral,neutral,neutral,neutral
আজকের ভিডিও দেখে পরিষ্কার হলাম একজন প্রাইভেট ভার্সিটির ছাত্র মানুষের কাছ শুধু অবহেলার কথা শুনি কান ঝালাপালা যায়,neutral,neutral,pro_public,neutral,neutral,neutral
আলহামদুলিল্লাহ প্রাইভেট ভার্সিটিতে থার্ড ইয়ার ফাইনাল দিচ্ছি ইনশাআল্লাহ দোয়া করবেন আল্লাহ যেন রহমত যেন পড়াশোনা শেষ পারি আমিন,neutral,neutral,neutral,neutral,neutral,neutral
চাপাবাজি,neutral,pro_private,pro_private,neutral,neutral,neutral
স্বামী পড়েছেন তিনি মা আমাকে সময় প্রাইভেট বিশ্ববিদ্যালয়ের ছাত্রী বলে খোঁটা দেন ভুলের নাকি এক মগজহীন প্রাইভেট বিশ্ববিদ্যালয়ের ছাত্রী,neutral,pro_public,neutral,neutral,neutral,neutral
বলবেন,neutral,neutral,neutral,neutral,neutral,neutral
ই সেরা,pro_private,pro_private,pro_private,pro_private,pro_private,pro_private
ই সেরা পছন্দ এটা নিঃসন্দেহে সেরা প্রাইভেট ইঞ্জিনিয়ারিং বিশ্ববিদ্যালয় লাখ লাগবে সেমিস্টারভিত্তিক স্কলারশিপ – লাখের নামানো সম্ভব,pro_private,pro_private,pro_private,pro_private,pro_private,pro_private
আপনি বিশ্ববিদ্যালয়ে পড়েন,neutral,pro_public,pro_private,neutral,neutral,neutral
ভাইয়া আপনি প্রাইভেট বিশ্ববিদ্যালয়ে,neutral,neutral,pro_private,neutral,pro_private,neutral
ঢাকা ইন্টারন্যাশনাল ইউনিভার্সিটি,neutral,neutral,neutral,pro_public,neutral,neutral
ভাইয়া ইংরেজি বিভাগে ফর্ম তুললাম পরীক্ষা কবে তো বললো আপনি জানেন,neutral,neutral,neutral,neutral,neutral,neutral
আপু আপনি মূল্যহীন নন আপনি নিজের ধারণার চেয়েও যোগ্য আল্লাহই সর্বোত্তম পরিকল্পনাকারী,neutral,neutral,pro_private,neutral,neutral,neutral
ধন্যবাদ ভাইয়া কথাগুলো ভালো লেগেছে,neutral,neutral,neutral,neutral,neutral,neutral
স্যার সিএসই ভালো নাকি ইইই,neutral,neutral,neutral,neutral,pro_private,neutral
ভগবান চাইলে প্রাইভেট বিশ্ববিদ্যালয়ে পড়েও ভালো জীবনে পৌঁছাতে পারব,pro_private,pro_private,pro_private,pro_private,pro_private,pro_private
কথাগুলো ভালো লাগলো ধন্যবাদ,neutral,pro_public,pro_public,neutral,neutral,pro_private
অশালীন গালি,neutral,neutral,neutral,pro_public,pro_private,pro_private
টেকনিক্যাল এইচএসসি বিশ্ববিদ্যালয়ে বিএসসি করলে ভালো,neutral,neutral,neutral,neutral,neutral,neutral
প্রাইভেট বিশ্ববিদ্যালয় পড়েও অনেকেই খুব ভালো সুতরাং পরিশ্রমী হওয়া জরুরি,pro_private,pro_private,pro_private,pro_private,pro_private,pro_private
ভাই সালে এসএসসি পরীক্ষা দিয়েছি সালে এইচএসসি রেজিস্ট্রেশন করেছি এসএসসিতে জিপিএ থাকায় সালে পরীক্ষা দিই এখন সালের এইচএসসি রেজিস্ট্রেশন সালে এইচএসসি পরীক্ষা দিই আমাকে অনিয়মিত ধরা মেডিকেলে পরীক্ষা দিতে পারব,neutral,neutral,neutral,neutral,neutral,neutral
স্যার প্রাইভেট বিশ্ববিদ্যালয়ে টেক্সটাইল পড়লে চাকরির ক্ষেত্রে সমস্যা বলছে প্রাইভেট টেক্সটাইলের ভবিষ্যৎ,neutral,neutral,pro_public,neutral,pro_public,neutral
ভাইয়া পড়ে ভবিষ্যতে ভালো সম্ভব,neutral,neutral,pro_private,neutral,neutral,neutral
স্যার সিভিলের কেমন,neutral,pro_private,neutral,neutral,neutral,neutral
খুব সুন্দর কথা বলেছেন ভাইয়া ধন্যবাদ,neutral,neutral,pro_public,neutral,neutral,pro_private
পাবলিকে চান্স পান মনকে শান্তনা দেওয়ার এসব দেখুন,pro_public,pro_public,pro_public,pro_public,pro_public,pro_public
ধন্যবাদ স্যার সালের এইচএসসি ব্যাচের ছাত্র পাবলিক বিশ্ববিদ্যালয়ে ঢুকতে পারিনি খুব দরকারি ভিডিও,neutral,pro_public,neutral,neutral,neutral,neutral
রাজশাহী বিশ্ববিদ্যালয়ের পড়াশোনার মান কেমন,neutral,neutral,pro_private,neutral,neutral,neutral
ভাই আমরা দিন দিন বিশ্ববিদ্যালয়ের সংজ্ঞা থেকেই বিচ্যুত হচ্ছি আজকাল বিশ্ববিদ্যালয়কে কিন্ডারগার্টেন স্কুল বানিয়ে ফেলছি,neutral,neutral,neutral,neutral,neutral,neutral
আপনার কথাগুলো মূল্যবান জীবনে কথাগুলো দরকার আপনার চ্যানেলটা সাবস্ক্রাইব করেই রাখলাম,neutral,neutral,neutral,neutral,neutral,neutral
স্যার ভিডিওটা ভালো লেগেছে,neutral,neutral,neutral,neutral,neutral,neutral
বিশ্ববিদ্যালয় ভাই,neutral,neutral,neutral,neutral,neutral,neutral
ভাই আপনার কথা ঠিক আপনার একজন অনুসারী সবসময় আপনার ভিডিও দেখি আপনার কথা আমাকে অনুপ্রাণিত আপনার দোয়া রইল,neutral,neutral,pro_private,neutral,neutral,neutral
স্যার বিক্যাটাগরির বিশ্ববিদ্যালয় ইঞ্জিনিয়ারিংয়ে বিএসসি খুব ঝুঁকিপূর্ণ কোথাও চান্স হয়নি বিক্যাটাগরির বিশ্ববিদ্যালয়ের খরচ বহন সম্ভব পরিশ্রম প্রস্তুত বিশ্ববিদ্যালয় বিক্যাটাগরির হওয়ায় ঝুঁকি দয়া জানাবেন,neutral,pro_public,neutral,neutral,neutral,neutral
ভালোবাসি ভাই,neutral,neutral,neutral,neutral,neutral,neutral
সুন্দর কথা,neutral,neutral,neutral,neutral,neutral,neutral
মূল্যবান বক্তব্য,neutral,pro_private,neutral,neutral,neutral,neutral
গ্রীন ইউনিভার্সিটি কেমন,neutral,neutral,pro_public,neutral,neutral,neutral
আসসালামু আলাইকুম স্যার ঢাকার উত্তরায় নর্দান বিশ্ববিদ্যালয় সেখানে ভর্তি হওয়া যাবে দয়া একটু জানাবেন,neutral,neutral,neutral,neutral,pro_public,neutral
ভালো,neutral,neutral,neutral,neutral,neutral,pro_private
স্যার দয়া উত্তর দেবেন জাতীয় বিশ্ববিদ্যালয়ে কেমিস্ট্রি পেয়েছি নোয়াখালী বিজ্ঞান প্রযুক্তি বিশ্ববিদ্যালয় বাসা দূরে কোনটায় পড়লে ভালো,neutral,neutral,neutral,neutral,neutral,neutral
ছোট্ট কথা অর্থ বহন ধন্যবাদ,neutral,neutral,pro_public,neutral,neutral,neutral
ধন্যবাদ খুব দুশ্চিন্তায়,neutral,neutral,neutral,neutral,neutral,neutral
বাংলাদেশে চাকরির ক্ষেত্রে ইইই বনাম এমই,neutral,neutral,neutral,pro_public,neutral,neutral
বেসরকারি বিশ্ববিদ্যালয়ে পড়লে জীবন থেমে যায় অনুমোদন দেওয়াটা সঠিক,pro_private,pro_public,pro_private,pro_private,pro_private,pro_private
দাদা প্রাইভেট ভার্সিটি পড়লে চাকরির ক্ষেত্রে কতটা সহায়ক হব,neutral,neutral,neutral,neutral,neutral,pro_private
স্যার আপনাকে ভালোবাসি আপনার কথাগুলো আমাকে অনুপ্রাণিত একটু দোয়া করবেন আপনাকে ভালোবাসি স্যার,neutral,neutral,neutral,neutral,neutral,neutral
প্রাইভেট বিশ্ববিদ্যালয় মানেই টাকা নষ্ট এখানে পড়ে ভবিষ্যৎ,pro_public,pro_public,pro_public,pro_public,pro_public,pro_public
ভাইয়া ওটাতে ভর্তি হবেন অন্যটা দেখেন ক্যাম্পাসে ঝামেলা,neutral,neutral,neutral,neutral,neutral,neutral
ভাই বুঝেশুনে,neutral,neutral,neutral,neutral,neutral,neutral
ভবিষ্যৎ বাবামা পাবলিক পড়ে বড়লোক সন্তানরাই প্রাইভেটে পড়ে বিদেশের নামকরা বিশ্ববিদ্যালয়ে যায় ভবিষ্যৎ টেনশন থাকে এমনও দেখেছি কষ্ট পাবলিকের ভর্তি পরীক্ষার পড়ে দামী প্রাইভেটে ছোট পরীক্ষা ভর্তি বিদেশে বড় বিশ্ববিদ্যালয়ে উচ্চশিক্ষায় চলে যায় পাবলিকে পড়া আমাদের গরিবরাই শুধু কান্নাকাটি ভাই,neutral,neutral,pro_private,neutral,neutral,neutral
প্রথম শ্রেণির ভিডিও,neutral,neutral,pro_private,neutral,neutral,neutral
আপনি ঠিক বলেছেন স্যার,neutral,neutral,neutral,neutral,neutral,neutral
আপনি ঠিক বলেছেন,neutral,neutral,neutral,neutral,neutral,neutral
ভাইয়া সত্যিই আপনি কথাগুলো সুন্দর বলছেন,neutral,neutral,neutral,neutral,neutral,neutral
আপনি ভালো বলছেন স্যার আপনাকে ধন্যবাদ,neutral,pro_private,neutral,pro_public,neutral,neutral
দাদা নমস্কার নিবেন আপনার কথা শুনে ভালো লাগলো,neutral,neutral,neutral,neutral,neutral,neutral
ভালো লাগছে,neutral,neutral,neutral,neutral,neutral,neutral
সত্য কথা স্যার,neutral,neutral,neutral,neutral,pro_private,neutral
ইমোজি প্রতিক্রিয়া,neutral,neutral,neutral,neutral,neutral,neutral
ভাই ডিপ্লোমা আবেদন করার সময় ভুল বন্ধ সিমের নম্বর দিয়েছিলাম সিম তুলে ফেলেছি এখনও ওটিপি আসেনি ভাই এখন প্লিজ বলেন খুব টেনশনে,neutral,pro_private,neutral,neutral,neutral,neutral
বিদেশি বিশ্ববিদ্যালয় বলছি যেখানে শিক্ষার্থীরা এর চেয়ে কে চেনে,pro_private,pro_private,pro_private,pro_private,pro_private,pro_private
ভাই দোয়া করবেন যেন সফল পারি ইনশাআল্লাহ লক্ষ্য আন্তরিকভাবে দোয়া করবেন,neutral,neutral,neutral,neutral,neutral,neutral
দাদাভাই আপনার কথাগুলো শুনে মনে আশা জেগেছে প্রাইভেট বিশ্ববিদ্যালয়ে পড়ে পারব আশীর্বাদ করবেন,pro_private,pro_private,pro_private,pro_private,pro_private,pro_private
আসসালামু আলাইকুম স্যার পাবলিক বিশ্ববিদ্যালয়ে চান্স পাইনি খুব হতাশ লাগছে পাবলিক বিশ্ববিদ্যালয়ে পড়া স্বপ্ন এখন উপায় বলে প্রাইভেট বিশ্ববিদ্যালয়ে পড়তে কীভাবে প্রাইভেট বিশ্ববিদ্যালয় শেষ অন্তত ঢাকা বিশ্ববিদ্যালয় পারি একটু জানাবেন প্লিজ,neutral,neutral,neutral,neutral,neutral,neutral
আপনার কথাগুলো ভালো লেগেছে ধন্যবাদ,neutral,neutral,neutral,neutral,neutral,neutral
কথাগুলো ভালো লেগেছে,neutral,neutral,pro_private,neutral,neutral,neutral
ধন্যবাদ ভাই ধন্যবাদ,neutral,neutral,neutral,neutral,neutral,neutral
আপনাকে ইমরান হাসমির লাগছে,neutral,neutral,pro_private,neutral,neutral,neutral
আর্টসের ক্ষেত্রে বিষয়,neutral,neutral,neutral,neutral,neutral,neutral
ভাই টা তো ঠিক সামান্য ইংরেজি পারলে ডিগ্রি লাভ,neutral,neutral,neutral,neutral,neutral,neutral
ভালো চেষ্টা,neutral,pro_private,neutral,neutral,neutral,neutral
আল্লাহ আপু আমারও আপনার মতোই অবস্থা আমারও স্বপ্ন পাবলিক বিশ্ববিদ্যালয়ে পড়ার নিজের চেষ্টা করেছি পড়েছি তবুও কোথাও পাবলিকে চান্স খুবই ডিপ্রেসড এখন আমাকে মনের ইচ্ছার বিরুদ্ধে প্রাইভেট বিশ্ববিদ্যালয়ে পড়তে আমিও এখন চাই রকমে শেষ মাস্টার্স শেষ,neutral,pro_private,neutral,neutral,neutral,neutral
গালি,neutral,neutral,pro_private,pro_public,neutral,neutral
প্রাইভেট মানেই খারাপ প্রমাণ,pro_private,pro_private,pro_private,pro_private,pro_public,pro_private
তে এর কেমন ভাইয়া,neutral,neutral,neutral,neutral,pro_public,neutral
যখন মুখে নটরডেমিয়ান কথাটা শুনি তখন অনুভূতি তা বোঝাতে পারব এটা শুধু একজন নটরডেমিয়ানই জানে,neutral,pro_public,neutral,neutral,neutral,neutral
ধন্যবাদ স্যার আপনার কথা শুনে কনফিউশন চলে গেছে,neutral,neutral,neutral,neutral,neutral,neutral
আপনার কথা ধরি ঢাকা বিশ্ববিদ্যালয় রাজশাহী বিশ্ববিদ্যালয়ের তো গবেষণা অন্য বিশ্ববিদ্যালয়ের তুলনামূলক প্রতিযোগিতাও যেসব বিশ্ববিদ্যালয়ে গবেষণা সেসব বিশ্ববিদ্যালয়ের ছাত্রই মেধার দিক আপনার কথাগুলো পাগলের প্রলাপ মনে,pro_public,pro_public,pro_public,pro_public,pro_public,pro_public
ভাইয়ার কথাগুলো খুবই ভালো লাগলো প্রাইভেট বিশ্ববিদ্যালয়ে ভর্তি হব ভাইয়া বলেন,neutral,neutral,neutral,neutral,pro_public,pro_private
দ্বিতীয়বার মেডিকেল দিয়েছি অঙ্কে দুর্বল এখন প্রাইভেট বিশ্ববিদ্যালয়ে বিষয় নিলে ভালো,neutral,neutral,pro_public,neutral,neutral,pro_private
ভাইয়া এর কেমন,neutral,neutral,pro_private,neutral,neutral,neutral
ন্যাশনাল ইউনিভার্সিটি ভিডিও চাই,neutral,neutral,neutral,neutral,neutral,neutral
আপনার কথাগুলো বিশ্বাস পড়া নিজের কাছে সাহস চলতে,neutral,neutral,neutral,neutral,pro_public,neutral
বাংলাদেশের টি বিশ্ববিদ্যালয় এশিয়ান র্যাংকিংয়ে এসেছে টিই প্রাইভেট প্রাইভেট বিশ্ববিদ্যালয়গুলো এভাবে এগোতে থাকলে এমন দিন দূরে যখন পাবলিক বিশ্ববিদ্যালয়গুলোকে শিক্ষার্থী খুঁজতে,pro_private,pro_private,pro_private,pro_private,pro_private,pro_private
স্যার আপনার কথা ভালো লাগে,neutral,neutral,neutral,pro_private,neutral,neutral
স্যার ভালো লাগলো,neutral,neutral,neutral,neutral,neutral,neutral
প্রাইভেট ভার্সিটিতে সিলেবাস থাকে পড়ায় তা থেকেই প্রশ্ন ফলে সিজিপিএ ওঠে পাবলিকে বিশাল সিলেবাস সিজিপিএ ওঠে এদের ভাইভায় প্রশ্ন করলে পারে,pro_public,pro_public,pro_public,pro_public,pro_private,pro_public
ভালো বলেছেন সম্মান জানাই এখন একেই বলে প্রকৃত বুয়েটিয়ান,neutral,neutral,neutral,neutral,neutral,neutral
প্রাইভেট বিশ্ববিদ্যালয় কেমন এখন আইন পড়লে উজ্জ্বল ভবিষ্যৎ নাকি মূল্য জীবনে দয়া বলবেন,neutral,neutral,neutral,neutral,neutral,neutral
কাকা এক কাকা সিটি ইউনিভার্সিটিতে পড়ে হাজার টাকা বেতন পায়,pro_private,pro_private,pro_private,pro_private,pro_private,pro_private
কথাগুলো ভালো লাগলো পারিবারিক সমস্যার কারণে ভালো কোথাও পড়তে পারছি আপনার কথা শুনে এখান থেকেই ভালো করার সাহস পাচ্ছি ধন্যবাদ স্যার,neutral,pro_private,neutral,neutral,neutral,pro_private
স্যার কেমন,neutral,neutral,neutral,neutral,neutral,neutral
স্যার টেকইঞ্জিনিয়ারিংএ ব্যাচেলর করার প্রাইভেট বিশ্ববিদ্যালয়ে বাংলাদেশে পড়ার সুযোগ কেমন এর স্কুল লেভেল পড়া শুরু,neutral,pro_public,neutral,neutral,neutral,neutral
মূল কথা যেখান থেকেই পড়েন,neutral,neutral,neutral,neutral,neutral,neutral
বা এর ব্যাপারটা তেমন বাংলাদেশের প্রাইভেট বিশ্ববিদ্যালয়গুলো ব্রিটিশ বা আমেরিকান প্রাইভেট বিশ্ববিদ্যালয়ের সমকক্ষ,pro_public,pro_public,pro_public,pro_public,pro_public,pro_public
এটা দেখে লাফানোর প্রাইভেট বিশ্ববিদ্যালয়গুলো র্যাংকিংয়ে আসার আগেই যোগাযোগ ব্র্যান্ডিংয়ের টাকাও দিতে পারে,pro_public,pro_public,pro_public,pro_public,pro_public,pro_public
হায়রে বাঙালি এসব কথা কীভাবে বিশ্বাস বিশ্বে বিশ্ববিদ্যালয় ধনী,neutral,neutral,neutral,neutral,neutral,neutral
পাগল মার্কা,neutral,neutral,neutral,neutral,neutral,neutral
বিষয় পড়াশোনা করেছেন,neutral,neutral,neutral,neutral,neutral,neutral
টেক্সটাইল,neutral,pro_public,pro_private,neutral,neutral,neutral
ভাই আপনার গ্রামের বাড়ি কালিয়া নড়াইল,neutral,neutral,neutral,neutral,neutral,pro_private
খুব অনুপ্রেরণাদায়ক,neutral,neutral,neutral,pro_public,neutral,neutral
পড়ে এক কাজিন চাকরির অফার পেয়েছে,pro_private,pro_private,neutral,pro_private,pro_private,pro_private
খুব সাহায্যকারী স্যার,neutral,neutral,neutral,neutral,neutral,neutral
ভাইয়া পড়ার প্রাইভেটের তে ভর্তি হবো নাকি ন্যাশনালের আওতাধীন সিটি কলেজে ভর্তি হবো পাবলিকে চান্স মনে এর চেয়ে ভালো বিষয় ভাবনাটা কতটুকু যৌক্তিক পড়ে পড়লে বাংলাদেশে চাকরির সুযোগ থাকবে,neutral,neutral,neutral,neutral,neutral,neutral
স্যার প্রাইভেট বিশ্ববিদ্যালয়ে পড়ে পরীক্ষা দেওয়া যায়,neutral,neutral,pro_public,neutral,pro_private,neutral
ভাইয়া প্লিজ সাহায্য করুন ফার্মেসি পড়তে চাই প্রাইভেট বিশ্ববিদ্যালয়ে ভর্তি হওয়া ভালো,neutral,neutral,neutral,neutral,neutral,neutral
স্যার বাংলাদেশ পরীক্ষা দেওয়া যায় একটু বলবেন,neutral,pro_private,neutral,neutral,neutral,neutral
ভাইয়া আপনার কথা শুনে বেশ ভালো লাগলো সিএসই বিভাগের কেমন জানালে উপকৃত হতাম ধন্যবাদ,neutral,neutral,neutral,pro_private,neutral,neutral
এর ইংরেজির কোনটা সেরা দয়া জানাবেন,neutral,neutral,neutral,neutral,neutral,neutral
ভাইয়া সিভিলের মাঝারি রেঞ্জে প্রাইভেট বিশ্ববিদ্যালয় ভালো,neutral,pro_public,neutral,pro_private,neutral,neutral
স্যার প্রাইভেট বিশ্ববিদ্যালয়ে ভর্তির ক্ষেত্রে পাশের বছরের ওপর শর্ত ব্যাচ এখন প্রাইভেট ভার্সিটিতে ভর্তি পারব,neutral,neutral,neutral,pro_private,neutral,neutral
মান সুযোগসুবিধার দিক পাবলিকের চেয়ে প্রাইভেট ভার্সিটি ভালো বলে মনে,pro_private,neutral,pro_private,neutral,pro_private,pro_private
বিশৃঙ্খল অস্পষ্ট মন্তব্য,neutral,neutral,neutral,neutral,neutral,neutral
আপনার ভালো পরামর্শের ধন্যবাদ,neutral,neutral,neutral,neutral,neutral,neutral
ভাইয়া স্কিল গুরুত্বপূর্ণ নাকি ভার্সিটি,neutral,neutral,neutral,neutral,neutral,neutral
ধন্যবাদ স্যার,neutral,neutral,neutral,neutral,pro_public,neutral
ভাইয়া অষ্টম শ্রেণিতে পড়ি এখন থেকেই জীবনের লক্ষ্যের দিকে হাঁটব নাকি পরবর্তীতে উপরের ক্লাসে উঠে চিন্তা ভিডিও বানাবেন প্লিজ,neutral,neutral,neutral,neutral,neutral,neutral
ইইই বিষয়ের পদার্থ কীভাবে তুলনা ভাই অবশ্যই বিভাগে পড়া পড়া ভালো,pro_private,pro_private,pro_private,pro_private,pro_private,pro_private
আপনি ভর্তি হন,pro_private,pro_private,pro_private,pro_private,pro_private,pro_private
ভালোই,neutral,pro_public,neutral,neutral,neutral,neutral
হ্যাঁ হওয়া যায় শুনেছি,neutral,neutral,neutral,neutral,neutral,neutral
যখন ক্লাসে উঠবে ক্লাসের পড়া শেষ দিনের পড়া দিনে শেষ গতকালের চেয়ে আজ একটু পড়বে,neutral,neutral,neutral,neutral,neutral,neutral
স্যার সিএসইএর প্রাইভেট বিশ্ববিদ্যালয় ভালো,neutral,neutral,pro_public,neutral,neutral,neutral
স্যার ইংরেজি একদমই মুখস্থ ভিডিও দিন প্লিজ,neutral,neutral,neutral,neutral,neutral,neutral
কাজ করলে ভালো হতো—এইচএসসির শুধু বিশ্ববিদ্যালয় থাকবে মানে কলেজ পেরিয়ে বিশ্ববিদ্যালয়ে পড়বে এতে পড়াশোনার মান ভালো,neutral,neutral,pro_public,neutral,neutral,neutral
গ্রুপে পড়লে চাকরি ভালো হবে—এ ভিডিও দিন,neutral,neutral,pro_private,pro_public,neutral,neutral
এর কোনটায় চাকরি ভালো,neutral,neutral,neutral,neutral,neutral,pro_private
ভাইয়া ভিডিও দিন পড়ে,neutral,neutral,neutral,neutral,pro_private,neutral
একজনের শেখার ক্ষমতা বোঝায় বাংলাদেশের শিক্ষা ব্যবস্থা মুখস্থভিত্তিক দুর্নীতিগ্রস্ত এখানে বুঝে ভেবে শিখার চেয়ে মুখস্থবিদ্যা চলে,neutral,neutral,neutral,neutral,pro_public,neutral
সঠিক কথা,neutral,neutral,pro_public,neutral,neutral,neutral
বুদ্ধিমানের চিন্তা,neutral,neutral,neutral,neutral,neutral,neutral
দাদা আপনার কথাগুলো যৌক্তিক আমরা পাবলিক ইঞ্জিনিয়ারিং শেষ করেছি অনেকেই প্রাইভেটের শিক্ষার্থীদের হেয় করে—এটা ঠিক,neutral,neutral,pro_public,neutral,neutral,neutral
প্রাইভেট বিশ্ববিদ্যালয়গুলো টাকার বিনিময়ে শিক্ষা বা সার্টিফিকেট দেয় বিশ্ববিদ্যালয় বন্ধ সরকারের উচিত কারিগরি শিক্ষা দেওয়া,pro_public,pro_public,neutral,pro_public,pro_public,pro_public
প্রাইভেট বিশ্ববিদ্যালয়ের মান জাতীয় বিশ্ববিদ্যালয়ের চেয়ে ভালো বিশ্ববিদ্যালয়ের মান খারাপ ভালো প্রাইভেট বিশ্ববিদ্যালয়ের সংখ্যা,pro_private,neutral,pro_private,pro_private,pro_private,pro_private
উপরওয়ালা প্রতারণা শেষ পারবে,neutral,pro_private,neutral,neutral,neutral,neutral
বাংলাদেশের প্রাইভেট বিশ্ববিদ্যালয় ব্যাচেলর করেছি এখন বিশ্বে শীর্ষ থাকা বিদেশি বিশ্ববিদ্যালয়ে পিএইচডি করছি,pro_private,pro_private,pro_private,pro_private,pro_private,pro_private
শার্টের অবস্থা,neutral,neutral,neutral,neutral,neutral,neutral
সিএসসি শিক্ষার্থীদের ভার্সিটির সময়টা খুবই গুরুত্বপূর্ণ সঠিক গাইডেন্স থাকলে ক্ষতি গ্রাজুয়েশনের ভালো হলে অভিজ্ঞ পরামর্শ মেনে চলা দরকার,neutral,neutral,pro_public,neutral,neutral,pro_public
ভাই পলিটিক্সের ছাত্রদের বিএসসি বিষয় ভিডিও দিন প্লিজ,neutral,pro_public,neutral,neutral,pro_private,neutral
আপনাকে ভালোবাসি স্যার,neutral,neutral,neutral,neutral,neutral,neutral
মানুষটা অন্য লেভেলের উনি লাখো মানুষের ভালোবাসা পাওয়ার যোগ্য,neutral,neutral,neutral,neutral,pro_public,neutral
যাই বলেন ভাই বাংলাদেশে পাবলিক প্রাইভেটকে সমান চোখে দেখে,neutral,neutral,neutral,pro_public,pro_public,neutral
স্যার প্লিজ বলেন আপনি বিশ্ববিদ্যালয়ে পড়তেন আপনার বিভাগ,neutral,neutral,neutral,neutral,neutral,neutral
অশালীন গালি প্রাইভেট পাস লক্ষ টাকার চাকরি,pro_private,pro_private,pro_private,pro_private,pro_private,pro_private
পলিটেকনিকের শিক্ষার্থীদের নাকি প্রাইভেট বিশ্ববিদ্যালয়—এ ভিডিও দিলে ভালো হতো,neutral,neutral,neutral,neutral,neutral,neutral
প্রাইভেট বিশ্ববিদ্যালয়ের ব্যয় বহন কে চাটুকারিতা বন্ধ করুন,pro_public,pro_public,neutral,neutral,pro_public,pro_public
আমাদের দেশে মেধাবী তো পাবলিকের সুযোগ পায়,neutral,neutral,pro_public,neutral,neutral,neutral
এক প্রাক্তন শিক্ষার্থীর ধারণা সেরা পড়া আমরা যেন কিছুটা নিম্নমানের আমেরিকা এর পার্থক্য অহমিকা মানুষকে মূর্খ,pro_public,pro_public,pro_public,pro_public,pro_public,pro_public
ক্লিকবেইট থাম্বনেইল,neutral,neutral,pro_public,neutral,pro_private,neutral
পাবলিক বিশ্ববিদ্যালয়,neutral,neutral,neutral,neutral,neutral,neutral
আপনি বাংলাদেশে থাকেন,neutral,neutral,neutral,neutral,neutral,neutral
আল্লাহ আপনাকে হেদায়েত দান করুক,neutral,neutral,neutral,neutral,neutral,neutral
ভাই লিখছেন সেখানে প্রশ্নবোধক চিহ্ন দিয়েছেন ভয়ের কারণে নিশ্চিত বলতেও পারেন,neutral,neutral,neutral,neutral,neutral,neutral
ভালো বলেছেন বিশ্ববিদ্যালয় বড় বিষয় আসল বিষয় বেসিক নলেজ ফোকাস,neutral,neutral,neutral,neutral,neutral,pro_public
বাজে জীবনে বা নির্ভর ইচ্ছাশক্তি আল্লাহর ওপর প্রাইভেট বিশ্ববিদ্যালয়ের ছাত্রছাত্রীকে বিদেশে বা সফল দেখেছি,pro_private,pro_private,pro_private,pro_private,pro_private,pro_private
প্রাইভেট মেডিকেল কলেজে পড়লে ভালো ডাক্তার হওয়া যায় এটা ভিডিও চাই ভাইয়া,neutral,neutral,neutral,neutral,neutral,neutral
ভালো লেকচার,neutral,neutral,neutral,neutral,pro_private,neutral
আপনি দারুণ কাজ করছেন,neutral,pro_private,neutral,pro_public,neutral,pro_public
প্রাইভেট বিশ্ববিদ্যালয়ে পড়েছি বন্ধু এখন সরকারি বেসরকারি খাতে খুব ভালো অবস্থানে,pro_private,pro_private,pro_private,pro_private,pro_private,pro_private
সমস্যাটা এর যুগে এড়িয়ে নিজের লক্ষ্যে স্থির থাকা কঠিন যেখানে সংখ্যাগরিষ্ঠ ছাত্রছাত্রী সেখানে পড়াশোনার পরিবেশও সময় দুর্বল,neutral,neutral,neutral,neutral,neutral,neutral
সমাজ তো বটেই কলেজ শিক্ষকও মাথায় এমন ধারণা ঢুকিয়ে দেন প্রাইভেটে পড়লে লাভ পাবলিকে চান্স পেলে জীবন শেষ,pro_private,pro_private,pro_private,pro_private,neutral,pro_private
এত পড়াশোনা গবেষণা হওয়ার মানে,neutral,neutral,pro_public,neutral,neutral,neutral
আপনি তো বলছেন প্রাইভেট থেকেও নিজের ক্যারিয়ারে সফল হওয়া যায় এখানে পড়ছে তারাও তো বের সফল,pro_private,pro_private,pro_private,pro_private,pro_private,neutral
পাছা মোটা ইঞ্জিনিয়ার,neutral,neutral,neutral,neutral,pro_private,neutral
আমাদের দেশের চাকরির বাজারে বিশ্ববিদ্যালয়কেই গুরুত্ব দেয়,neutral,neutral,neutral,neutral,neutral,pro_private
এটাও ঠিক বলছে আমাদের দেশের জব মার্কেটগুলো নলেজ দেখে বিশ্ববিদ্যালয় দেখে,neutral,neutral,neutral,pro_public,pro_public,neutral
প্রশ্নটা আসলো কীভাবে,neutral,pro_public,neutral,neutral,neutral,neutral
হুম ঠিকই বলেছেন এত পড়ে শেষে শিক্ষক লাভ বুঝি এর চেয়ে ব্যবসা ভালো সিদ্ধান্ত,neutral,neutral,neutral,neutral,neutral,neutral
ভালোবাসো সেটাই করো ভাই,neutral,neutral,neutral,neutral,neutral,neutral
ভালোবাসি স্যার আপনার বক্তব্যের বড় ভক্ত অনেকবার অনুপ্রেরণা পেয়েছি,neutral,neutral,neutral,neutral,neutral,neutral
অসাধারণ কথা ধন্যবাদ ভাইয়া,neutral,neutral,pro_public,neutral,neutral,pro_public
শুধু বুদ্ধিমান মানুষই বড় নামের কলেজ স্কুলের মূল্য বুঝতে পারে ধনী পরিবারের ভালো প্রতিষ্ঠানে পড়লে সফল হওয়া সহজ—গরিবের সংগ্রাম তখন বোঝা যায়,neutral,neutral,neutral,pro_public,neutral,neutral
এর সঠিক উচ্চারণ শেখা উচিত,neutral,neutral,pro_private,neutral,neutral,neutral
আপনার থাম্বনেইলের কথাগুলো সঠিক,neutral,neutral,neutral,neutral,neutral,neutral
মূল্যহীন শিক্ষা সঠিক মূল্য চাকরির বোর্ডে গেলে সার্টিফিকেটগুলো ছুঁড়ে ফেলা,neutral,neutral,neutral,neutral,neutral,neutral
ঢাকা বিশ্ববিদ্যালয় বাংলাদেশের সেরা বিশ্ববিদ্যালয়,pro_public,pro_public,pro_private,pro_public,pro_public,pro_public
পাবলিকে পড়ে ফকিরদেশে শ্রমিকের থাকার চেয়ে প্রাইভেটে পড়ে বিদেশে যাওয়াই শ্রেয় জীবনও উন্নত,pro_private,neutral,pro_private,pro_private,pro_private,pro_public
এমন টোকাই মার্কা কথা বলে লাভ গতকাল দেখলাম র্যাংকিংয়ে দেশে নম্বরে এটা পাবলিকগুলোর সতর্কবার্তা,pro_private,pro_private,pro_public,pro_private,pro_private,pro_private
পৃথিবী পাগল যায় মানুষটাকে যেকোনো মূল্যে রক্ষা,neutral,neutral,neutral,neutral,neutral,neutral
ইস্যু হওয়া উচিত হওয়া উচিত,neutral,neutral,neutral,pro_public,neutral,neutral
পাবলিক বিশ্ববিদ্যালয়ের নাম বাদ পড়েছে ইসলামিক ইউনিভার্সিটি স্বাধীন বাংলাদেশের প্রথম পাবলিক বিশ্ববিদ্যালয়,neutral,neutral,neutral,neutral,neutral,neutral
দাদা ইফতারের দাওয়াত রইল,neutral,neutral,neutral,neutral,neutral,pro_public
বাংলাদেশের কথা বলছেন নাকি ভারতের ভারতে প্রাইভেটে পড়ে মানুষ এও যায় চিন্তা করবেন,pro_private,pro_private,pro_private,pro_private,pro_private,pro_private
বাংলাদেশে কয়জনের সামর্থ্য প্রাইভেট মেডিকেলে পড়ার মধ্যবিত্তরা আপনি মানুষকে ভালোই করছেন,pro_public,neutral,pro_public,pro_public,pro_public,pro_public
সত্য,neutral,neutral,neutral,neutral,neutral,neutral
ভাইয়া ভিডিওটা লম্বা,neutral,neutral,neutral,neutral,neutral,pro_private
প্রতিটি কথা যুক্তিযুক্ত বাস্তব,neutral,neutral,neutral,neutral,pro_public,neutral
নিচের দিকের পাবলিক নাকি মধ্যম মানের প্রাইভেট—কোনটা ভালো,neutral,neutral,neutral,pro_private,neutral,pro_public
নিজের পড়ার যোগ্যতা থাকলে কলেজকে খারাপ বললে,neutral,pro_public,neutral,neutral,neutral,neutral
প্রাইভেটের পড়াশোনার সিস্টেম পাবলিকের চেয়ে ভালো এটা সত্যি,pro_private,neutral,pro_private,pro_private,pro_private,pro_private
সমস্যা এটা পারে,neutral,neutral,neutral,neutral,neutral,neutral
প্রাইভেট বিশ্ববিদ্যালয় স্কলারশিপ দেয় সেটা অর্জন,pro_private,pro_private,pro_private,pro_private,pro_private,neutral
অর্জন করো,neutral,neutral,neutral,neutral,neutral,neutral
জেনে কথা বলা বন্ধ করুন পাবলিকের ছেলেমেয়েরা বিদেশে যায় বন্ধুদের দেশে,pro_public,pro_public,pro_public,pro_public,pro_public,pro_public
পাবলিক বিদেশে যায় ভুল তথ্য দেন,pro_public,pro_public,pro_public,pro_public,pro_public,pro_public
প্রাইভেটের বিদেশে যায় নাকি,neutral,neutral,neutral,neutral,neutral,neutral
হুম যাও গিয়ে দেখো কত উন্নত জীবন,neutral,neutral,neutral,neutral,neutral,neutral
আপনি ভিসাপাসপোর্টের ব্যবস্থা দিতে পারবেন পাবলিকে পড়া শিক্ষার্থীও বিদেশে যায় প্রাইভেট টাকা খরচ গেলেও থাকে,pro_public,neutral,pro_public,neutral,pro_public,pro_public
মিডল ক্লাস আন্ডারমিডল ক্লাস পরিবারগুলো চাইলেই তো সন্তানদের প্রাইভেট বিশ্ববিদ্যালয়ে পড়াতে পারবে পাবলিকে পড়লেও সমস্যা বিদেশে পড়ার সুযোগও তৈরি যায়,pro_public,pro_public,pro_public,pro_public,pro_public,pro_public
এর কথা,neutral,neutral,neutral,neutral,neutral,neutral
এমন ফালতু কথা বলেন,neutral,pro_public,neutral,neutral,neutral,neutral
পাবলিক ফালতু বাদে বাকি ফালতু র্যাগ সমাবেশ করতেই দিন যায়,pro_private,pro_private,pro_private,pro_private,pro_private,pro_private
পাবলিকে চান্স পান মানলাম প্রাইভেটেও সুযোগ বলে সেটাকে পাবলিক বিশ্ববিদ্যালয়ের তুলনা আসা উচিত,pro_public,pro_public,neutral,pro_public,neutral,pro_public
নেগেটিভভাবে নিচ্ছেন ভাইয়া শুধু বোঝাতে চেয়েছি ডাক্তার ভালো মেধা পরিশ্রম মেডিকেল সরকারি প্রাইভেট সেটা,neutral,neutral,neutral,neutral,pro_public,neutral
দুইটি প্রাইভেট বিশ্ববিদ্যালয় দুইটি মাস্টার্স ডিগ্রি সম্পন্ন করেছি,neutral,neutral,neutral,neutral,pro_public,pro_private
ধরনের টোকাই মার্কা পোস্ট লাভ ইংলিশ মিডিয়াম পড়ে প্রাইভেট বিশ্ববিদ্যালয় শেষ চাকরি করছি যোগ্যতা এসবকে ফালতু বলে,pro_private,pro_private,pro_private,pro_private,pro_private,pro_private
স্যার আপনার একটু ভাবতেন প্রাইভেট বিশ্ববিদ্যালয় ভালো হতো,pro_private,pro_private,pro_private,pro_private,pro_private,pro_private
এমন ভিডিও চাই ন্যাশনাল ইউনিভার্সিটি পলিটেকনিক ইনস্টিটিউট,neutral,pro_public,neutral,neutral,neutral,neutral
পাবলিক বিশ্ববিদ্যালয় বস্তি থুঃ,pro_private,pro_private,pro_private,pro_private,pro_private,pro_private
কথা সঠিক সমাজের কটু দৃষ্টিভঙ্গির এক্সট্রা লড়াই যেটা পাবলিক ভার্সিটির কাউকে,neutral,neutral,neutral,neutral,neutral,neutral
ন্যাশনাল ভালো যায় ভালো পড়া,neutral,neutral,neutral,neutral,neutral,neutral
ন্যাশনাল বলুন,neutral,neutral,neutral,neutral,neutral,neutral
উপরে কে বসে ভাই কত মজার,neutral,neutral,neutral,neutral,neutral,neutral
বাংলাদেশের অশিক্ষিতদের বোঝানো যাবে মনে পাবলিকে পড়লেই সেরা,pro_private,pro_private,pro_private,pro_private,pro_private,pro_private
ভাইয়া কেমন বিশ্ববিদ্যালয় পাবলিক,neutral,neutral,pro_public,neutral,neutral,pro_private
ধন্যবাদ ভাইয়া,neutral,neutral,neutral,neutral,neutral,neutral
অখ্যাত প্রাইভেট বিশ্ববিদ্যালয়ের গ্র্যাজুয়েট এখন প্রথম শ্রেণির সরকারি চাকরি করছি আসল বিষয় নিজের এর বিশ্ববিদ্যালয়ের নাম,pro_private,pro_private,pro_private,pro_private,pro_private,pro_private
প্রাইভেট বিশ্ববিদ্যালয়ে পড়ছি এটা গর্বিত,pro_private,pro_private,pro_private,pro_private,pro_public,pro_private
এখন ই আসল বিশ্ববিদ্যালয়ের বিতর্কটা অনেকটাই পুরোনো,neutral,neutral,neutral,neutral,neutral,neutral
সবাইকে বুড়ো আঙুল দেখিয়ে শিক্ষার্থীরা প্রাইভেটেই ভর্তি দেশের নাম উজ্জ্বল করবে—এটাই সত্যি,pro_private,pro_private,pro_private,pro_private,pro_private,pro_private
কথাতেই আল্লাহ,neutral,neutral,neutral,neutral,pro_public,neutral
এর বিশ্ববিদ্যালয় বাংলাদেশের সস্তা প্রাইভেট বিশ্ববিদ্যালয়গুলোর এর পাবলিক বিশ্ববিদ্যালয়গুলো স্বায়ত্তশাসিত বাংলাদেশের গরিব শিক্ষার্থীদের সরকার পাবলিকে ফান্ড দেয়,pro_public,pro_public,pro_public,neutral,pro_public,pro_public
এটা অভিভাবকদের উচিত,neutral,neutral,neutral,neutral,neutral,neutral
বিশ্ববিদ্যালয়ে পড়াশোনা ভুল বা কোনোটাই না—সবাই যায়,neutral,neutral,neutral,neutral,neutral,neutral
হ্যালো ভাইয়া বছরে শেষ পারব বছরে শেষ কত টাকা লাগবে,neutral,neutral,neutral,pro_public,neutral,neutral
ঠিক,neutral,neutral,neutral,neutral,neutral,neutral
একমত এখন অনেকে মানুষকে ভালো অবস্থানে যেতে দেখে বদলেছে,pro_private,neutral,pro_private,pro_public,pro_private,pro_private
বিশ্ববিদ্যালয়ে পড়েন,neutral,neutral,pro_public,pro_public,pro_private,neutral
পড়েন,neutral,neutral,pro_private,pro_public,neutral,neutral
স্যার এর বহন বা এর সার্থক,neutral,neutral,neutral,neutral,neutral,neutral
যেখানে টাকা শিক্ষা বিক্রি মান কিসের,pro_public,pro_public,pro_public,pro_public,pro_public,pro_public
আপনি বিনয়ী শুনে খুব ভালো লাগল,neutral,neutral,pro_public,neutral,neutral,neutral
বেশ বাস্তবসম্মত চমৎকার বক্তব্য,neutral,pro_private,neutral,neutral,neutral,neutral
বেশ বাস্তবসম্মত কথা,neutral,neutral,neutral,neutral,pro_private,neutral
বাংলাদেশের বিশ্ববিদ্যালয় বন্ধ সবাইকে টেকনিক্যাল শিক্ষা দেওয়া উচিত,neutral,neutral,neutral,neutral,neutral,pro_private
অসাধারণ অসাধারণ কথাবার্তা এত সুন্দরভাবে বিষয়টা কাছে পরিষ্কার করার ধন্যবাদ,neutral,neutral,pro_private,neutral,neutral,neutral
পাবলিক বিশ্ববিদ্যালয়গুলোর অবস্থা খারাপ সেশনজট রাজনীতি—সবই চাকরির পড়ার বিশ্ববিদ্যালয়ের পড়ালেখারও মিল,pro_private,neutral,pro_private,pro_private,pro_private,pro_private
চাচা আপন ভাইবোনই তো প্রতারণা প্রাইভেট তো দূরের কথা,neutral,neutral,pro_private,pro_public,neutral,neutral
বট,neutral,pro_private,neutral,neutral,neutral,pro_private
বিশ্ববিদ্যালয় মজার শেখার চাইলে ফ্রিতেই শিখতে পারো,neutral,neutral,neutral,neutral,neutral,neutral
জয় বাংলা,neutral,neutral,neutral,neutral,neutral,neutral
দারুণ চিন্তা ধন্যবাদ,neutral,neutral,pro_private,neutral,neutral,neutral
ভাইয়া র কেমন,neutral,neutral,neutral,neutral,neutral,neutral
আপনার একমত—মেধা প্রচেষ্টাই একজন ছাত্রের ভালো ফল করার মূল চাবিকাঠি ধন্যবাদ,neutral,pro_public,neutral,neutral,neutral,pro_private
কথাটা সত্যি— মূল জানার ইচ্ছাই মূল ফ্যাক্টর আমাদের দেশে প্রাইভেট বিশ্ববিদ্যালয়গুলোতে শিক্ষার নামে রীতিমতো ব্যবসা চলছে,neutral,neutral,neutral,neutral,neutral,neutral
বাংলাদেশে শিক্ষা স্তরেই ব্যবসা চলছে বিশাল টিউশন ফি বেশিরভাগ কেন্দ্রের গুণগত মান ভালো,neutral,neutral,neutral,neutral,neutral,neutral
প্রাইভেট ভার্সিটিতে ভর্তি এখন টের পাচ্ছি পাচ্ছি দিচ্ছি,neutral,neutral,neutral,neutral,neutral,pro_public
মাদ্রাসাই বাংলাদেশের ভবিষ্যৎ আলেম হব,neutral,pro_public,neutral,neutral,neutral,neutral
বুঝি বা তে কাজ বন্ধুরা জীবন নষ্ট ফেলেছে,neutral,neutral,neutral,neutral,neutral,neutral
আপনি ফ্রিতে চাকরি করবেন ফ্রিতে পড়াবেন,neutral,neutral,neutral,neutral,neutral,neutral
ফ্রিতে থাকলে দেশের শতাংশ আজ অশিক্ষিত থাকত টাকা ডিগ্রি কিনে লাভ,pro_public,pro_public,pro_public,neutral,pro_public,pro_public
বিনা পয়সায় পড়াতে রাজি আপনি বিনা পয়সায় দিতে পারবেন,neutral,neutral,neutral,neutral,neutral,neutral
আরেকজন ছাগল এসে গেছে,neutral,neutral,pro_public,pro_public,neutral,neutral
টেকনিক্যালে পড়লে বাংলাদেশে ভাত পাওয়া লাগবে,neutral,neutral,neutral,pro_public,pro_public,neutral
টেকনিক্যাল,neutral,neutral,neutral,neutral,pro_public,neutral
কমেন্ট দেখি কমেন্টের রিপ্লাই পড়া শেষ মোবাইল কেনার টাকা,neutral,neutral,pro_private,neutral,pro_public,pro_private
আপনাকেও ড্যান্ডি সাপ্লাই দেওয়া অফ করার ব্যবস্থা,neutral,neutral,pro_private,neutral,pro_public,neutral
বুদ্ধিসম্পন্ন লোকেরাই সৌদিতে কামলা দিতে যায়,neutral,neutral,neutral,neutral,neutral,neutral
দিয়েও বাংলাদেশে পড়ানো শেখানোর তেমন খবর,neutral,neutral,neutral,neutral,neutral,neutral
শিখে ভাত খেতে পারবে,neutral,neutral,neutral,neutral,neutral,neutral
ভুল—সবাইকে শেখাতে,neutral,neutral,neutral,neutral,neutral,pro_public
পাবলিকে চান্স পেলেই মেধাবী ভাইয়া এখন পাবলিক প্রহসন ছাড়া না— বাদে,pro_private,pro_private,pro_private,pro_private,pro_private,pro_private
ভবিষ্যতে শিক্ষা ব্যবস্থা টিকবে স্কুল কলেজ ভার্সিটি ধ্বংস যাবে,neutral,neutral,neutral,neutral,neutral,neutral
পড়াশোনা ভালো,neutral,neutral,neutral,neutral,neutral,neutral
উচ্চশিক্ষা আমাদের সরকারের স্পষ্ট ধারণা নেই—আপনার খুব ভালো,neutral,pro_private,pro_public,neutral,neutral,neutral
নিজেও প্রাইভেট বিশ্ববিদ্যালয়ের শিক্ষার্থী এটা গর্বিত এখানকার সত্যিই ভালো—এখন তো ক্ষেত্রে পাবলিক বিশ্ববিদ্যালয়ের চেয়েও ভালো,pro_private,pro_private,pro_private,pro_private,pro_private,pro_private
স্যার আপনি কোর্স অফার,neutral,neutral,neutral,neutral,neutral,neutral
বাংলাদেশে শিক্ষক ছাত্র রাজনীতি বন্ধ উচিত দুর্বল মানের শিক্ষা অপ্রয়োজনীয় ছাত্ররাজনীতির কারণে আমরা জ্ঞান তৈরি তৈরি করছি,neutral,neutral,neutral,neutral,neutral,neutral
প্রাইভেট বিশ্ববিদ্যালয় থাকলে ছেলেমেয়েরা যাবে,pro_private,pro_private,pro_private,pro_private,pro_private,pro_private
আপনি ঠিক বলেছেন স্যার,neutral,neutral,neutral,neutral,neutral,neutral
প্রাইভেট বিশ্ববিদ্যালয়ে পড়াশোনার প্রচুর টাকা খরচ একইভাবে প্রাইভেট হাসপাতালে চিকিৎসা করাতে গিয়ে দেশের জনসংখ্যার বড় অংশ নিঃস্ব যাচ্ছে,pro_public,pro_public,pro_public,pro_public,pro_public,pro_public
যেখান পড়ো নিজের যোগ্যতা প্রমাণ করাই মূল কথা,neutral,neutral,neutral,neutral,neutral,neutral
বাস্তব অভিজ্ঞতার সঠিক কথা,neutral,neutral,neutral,neutral,neutral,neutral
স্যার আপনি ইংরেজি ক্লাস নিতেন উপকৃত হতাম শুরু শিখতে চাই,neutral,pro_public,neutral,pro_private,neutral,neutral
স্যার আপনি ইংরেজি ক্লাস নিতেন উপকৃত হতাম,neutral,neutral,neutral,neutral,pro_public,pro_private
শুধু ভালো চাকরির পড়ালেখা ভাই,neutral,neutral,pro_public,neutral,neutral,neutral
ভাইয়া ন্যাশনালের কথা বলেন,neutral,neutral,neutral,neutral,neutral,neutral
পুরাই ফালতু,neutral,neutral,neutral,neutral,neutral,neutral
ভালো পরামর্শ আপনাকে স্যালুট,neutral,neutral,neutral,neutral,neutral,neutral
ভুল বিশ্ববিদ্যালয় সমস্যা আসল বিষয় ব্যক্তি,neutral,neutral,neutral,neutral,pro_public,neutral
প্রাইভেটে পড়া ছেলেমেয়েরা তো বেকার থাকে ন্যাশনালের ছেলেমেয়েদের বেশিরভাগই বেকার,pro_private,pro_private,pro_private,pro_public,pro_private,pro_private
ব্রো এর ছেড়ে তে গেছি বিশ্বাস করো ভাই যতই বলো বয়সের বুঝবে এর ছেলেমেয়েরাও ভালো,pro_private,pro_private,pro_private,pro_private,pro_private,pro_private
আপনাকে ভালোবাসি,neutral,neutral,neutral,neutral,neutral,neutral
গালিঅপমানসূচক মন্তব্য,neutral,neutral,neutral,pro_public,neutral,neutral
প্রাইভেট বিশ্ববিদ্যালয় কীভাবে পাবলিক বিশ্ববিদ্যালয়ের চেয়ে ভালো পারে চকচকে জিনিস সোনা,pro_public,pro_private,pro_public,pro_public,pro_public,pro_public
বিশ্বাস করুন প্রাইভেট বিশ্ববিদ্যালয় যেগুলো পাবলিকের চেয়েও ভালো— এগুলো শিক্ষার্থীদের খুব ভালোভাবে এর,pro_private,pro_private,pro_private,pro_private,pro_private,pro_private
পাবলিক বিশ্ববিদ্যালয় অজ্ঞ মানুষ তৈরি,pro_private,pro_private,pro_private,pro_private,pro_private,pro_private
আপনি কখনো তে গেছেন,pro_private,pro_private,pro_private,pro_private,pro_private,pro_private
ভালো বলেছেন,neutral,neutral,neutral,neutral,pro_private,neutral
দেখেছি সরকারি মেডিক্যাল পাস করেও অনেকে কোথাও ভালো সুযোগ পেয়ে বেতনে কাজ অথচ বেসরকারি মেডিক্যাল পাস ক্যাডার সম্মানের চাকরি,pro_private,pro_private,pro_private,pro_private,pro_private,pro_private
বিষয়টা ভাবব,neutral,neutral,neutral,neutral,neutral,neutral
ধন্যবাদ স্যার অপেক্ষায় রইলাম আশা অতি শীঘ্রই আপনার কাছ সুসংবাদ পাবো ইনশাআল্লাহ,neutral,neutral,neutral,neutral,neutral,neutral
ইংরেজির মজাটা জানেন ভাইয়া পদার্থ গণিত পড়ান,neutral,neutral,neutral,neutral,neutral,neutral
স্যার এবার মেডিকেল ভর্তি পরীক্ষায় পাবলিকে চান্স পাইনি স্কোর প্রাইভেটে পড়ব তা আপনার কথাগুলো ধন্যবাদ,neutral,neutral,neutral,neutral,neutral,neutral
আপনার সুমধুর কণ্ঠের উপস্থাপনা সুন্দর,neutral,neutral,neutral,neutral,neutral,neutral
ভাই বোনেরা বাজে কথায় হবেন বাংলাদেশের প্রাইভেট বিশ্ববিদ্যালয়ের ছাত্র এখন তে কাজ করছি ধরনের ভিডিও শুধু করার,pro_private,pro_private,pro_private,pro_private,neutral,pro_private
ভাই তো স্বায়ত্তশাসিত,neutral,neutral,pro_public,neutral,neutral,neutral
ভাই কথাগুলো ভালো লাগছে আপনাকে ধন্যবাদ,neutral,neutral,pro_public,neutral,neutral,pro_public
সবকিছুই এর ওপর নির্ভর গড়ে তুলতে পারলে ঝুঁকিতে পড়বে,neutral,neutral,neutral,neutral,neutral,neutral
প্রাইভেটে ভর্তি হয়েছি বলে মানুষ কত অপমান আজ কষ্টে দিন কাটায় দেখি,pro_private,pro_public,pro_private,pro_private,pro_private,neutral
ভাইয়া প্রাইভেট মেডিকেল পড়েও ভালো ডাক্তার হওয়া সম্ভব টপ প্রাইভেট মেডিকেল হলেও,neutral,pro_public,neutral,neutral,pro_private,neutral
স্যার কথাগুলো অসাধারণ আপনার কাছ শিক্ষামূলক তথ্য পেলাম ধন্যবাদ,neutral,neutral,neutral,neutral,neutral,neutral
অসাধারণ বক্তব্য,neutral,neutral,neutral,neutral,pro_public,pro_public
ব্যক্তিগত পড়াশোনার বিকল্প,neutral,pro_private,neutral,neutral,neutral,pro_public
ছাত্রকে পাবলিকে সিট দিন নিজের বাড়ানোর এর পিছনে লেগে ভালো বলুন,pro_public,pro_public,pro_public,pro_public,pro_public,pro_public
ভাই এর সংজ্ঞাটা বলবেন,neutral,neutral,neutral,pro_public,neutral,neutral
স্বায়ত্তশাসিত,neutral,neutral,neutral,neutral,neutral,neutral
ভাই ন্যাশনালের নামও নেন,neutral,neutral,neutral,neutral,neutral,neutral
বিদেশে যাওয়াটাই এসবের চেয়ে ভালো,neutral,pro_private,pro_private,pro_private,pro_public,neutral
ভাই,neutral,neutral,pro_private,neutral,neutral,neutral
ধন্যবাদ ভাই,neutral,neutral,neutral,neutral,neutral,neutral
এখন শুধু সার্টিফিকেটের বাজার জ্ঞান গেছে জ্ঞানগঞ্জে,neutral,pro_private,neutral,neutral,neutral,neutral
স্যার দয়া টা দিলে,neutral,neutral,neutral,neutral,neutral,pro_public
চমৎকার বলেছেন দাদা,neutral,neutral,neutral,neutral,neutral,neutral
ধর্মনিরপেক্ষ,neutral,neutral,neutral,neutral,neutral,neutral
আমরা জাতীয় বিশ্ববিদ্যালয়ের ছাত্ররা খুব অসহায় আমাদের ছাত্র হিসেবেই গণ্য পাবলিক কিংবা প্রাইভেট ভার্সিটির ছাত্ররা আমাদের দিকে তুচ্ছভাবে তাকায়,neutral,neutral,neutral,neutral,neutral,neutral
অশালীন গালি প্রাইভেট বিশ্ববিদ্যালয় বাজে কথা বলো,pro_private,pro_private,pro_private,pro_private,pro_private,pro_private
পলিটেকনিকডিপ্লোমা শিক্ষার্থীদের বিএসসির প্রাইভেট বিশ্ববিদ্যালয় ভিডিও দিন,neutral,neutral,neutral,neutral,neutral,neutral
বন্ধুদের অনেকেই ঢাকা বিশ্ববিদ্যালয় পাশ সাধারণ বিশ্ববিদ্যালয়ের ছাত্র মনে ঠিকভাবে কথাই বলে এটাই বাস্তবতা স্যার,neutral,pro_public,neutral,neutral,neutral,neutral
লাখ টাকা নষ্ট প্রাইভেটে পড়া চাকরি জীবনে বছরেও পড়ার খরচ ওঠে এর চেয়ে টাকায়,pro_public,pro_public,pro_public,pro_public,pro_public,pro_public
স্যার সত্যটা ধরার ধন্যবাদ,neutral,pro_private,neutral,neutral,neutral,neutral
চেষ্টাই সাফল্য,neutral,neutral,neutral,neutral,neutral,pro_private
বছর বাংলাদেশের টি সরকারি বেসরকারি বিশ্ববিদ্যালয় এসেছে তালিকায় বললেন ভাইয়া,neutral,neutral,neutral,neutral,neutral,neutral
বইলেন নিজেই প্রাইভেট বিশ্ববিদ্যালয়ের ছাত্রী কত কথা শুনি—বাবার টাকা নষ্ট ছাড়া জীবনে পারবা এখন ফ্লোর ভাড়া করেই বিশ্ববিদ্যালয় বানিয়ে ফেলছে,neutral,neutral,neutral,neutral,neutral,neutral
স্যার পরামর্শ দিলে উপকার হতো,neutral,neutral,neutral,pro_public,neutral,neutral
কই,neutral,neutral,neutral,pro_public,neutral,neutral
ভাই কবে দেবেন,neutral,neutral,pro_public,neutral,neutral,pro_private
ভিডিও চাই,neutral,pro_private,neutral,neutral,neutral,neutral
ভাইয়া ভিডিও দিতে পারলে অন্তত মতামতআলোচনাবিস্তারিত লিখে দিন পলিটেকনিকডিপ্লোমানার্সিংএ বিএসসি প্রাইভেট বিশ্ববিদ্যালয়ের অধীনে পড়ছে বললে ভালো,neutral,pro_public,neutral,neutral,neutral,neutral
মনের কথা বলেছো,neutral,neutral,neutral,pro_public,neutral,neutral
খুব দুঃখজনক বিষয়,neutral,neutral,neutral,pro_public,neutral,neutral
ভাই কথাগুলো সুন্দর শার্টটা লন্ড্রি থাকলে ভালো হতো এতে আপনি আপনার আমাদের জাতীয় ইমেজও উপস্থাপন করছেন,neutral,neutral,neutral,neutral,neutral,pro_private
স্যার আমাদের দেশে এর এর চেয়ে সত্যি,neutral,neutral,neutral,neutral,neutral,neutral
নিজেই দ্বিতীয় সারির প্রাইভেট বিশ্ববিদ্যালয়ে পড়ে সরকারি চাকরিতে সফলভাবে কাজ করছি বিশ্বাস নামধারী বিশ্ববিদ্যালয়ের চেয়ে জরুরি,pro_private,pro_private,pro_private,pro_private,pro_private,pro_private
হলাম প্রাইভেটে পড়ি বলে খোঁটা দেয় নিচ্ছি বলে পড়াশোনা ছাড়ব একদিন তারাই বাহবা দেবে ইনশাআল্লাহ,neutral,neutral,neutral,neutral,pro_public,neutral
আপনার সুন্দর পরামর্শের ধন্যবাদ প্রাইভেট বিশ্ববিদ্যালয়ের এর,neutral,neutral,neutral,neutral,pro_private,neutral
ম শ্রেণীর একজন ছাত্র ভিডিওটি দেখে ভালো লাগল ভুল ধারণা ভেঙেছে,neutral,neutral,pro_public,neutral,neutral,neutral
সরকারি বিশ্ববিদ্যালয়ের চেয়ে ফালতু বিশ্ববিদ্যালয় পাবলিক বিশ্ববিদ্যালয়গুলো রাজনীতি ব্যস্ত থাকে এও পিছিয়ে গুলো ভালোভাবে শেখায়,pro_private,pro_private,pro_private,pro_private,pro_private,pro_private
ইলন মাস্ক রকেট সায়েন্স পড়েনি স্পেস রকেট কাজ পড়া নিজের কাছে বিশ্ববিদ্যালয় পথ দেখাবে হাঁটার দায়িত্ব,neutral,neutral,pro_private,neutral,neutral,neutral
স্যার কীভাবে কিনব,neutral,neutral,neutral,neutral,neutral,neutral
হৃদয় ভালোবাসা দাদা,neutral,neutral,neutral,neutral,neutral,neutral
খুব সুন্দর কথা বলেছেন ভাই,neutral,neutral,neutral,neutral,pro_private,neutral
এর এর এখন আপনি তো বললেন এর,neutral,neutral,neutral,neutral,neutral,pro_private
বাংলাদেশেও সেদিকেই যাচ্ছে,neutral,neutral,neutral,neutral,neutral,neutral
স্যালুট স্যার গুরুত্বপূর্ণ বিষয়গুলো তুলে ধরার,neutral,neutral,neutral,neutral,neutral,neutral
স্যার অনেকগুলো বিষয় থাকে একজন ছাত্র পারদর্শী এজন্য হতাশ লাগে ভয় বিষয়টা আপনি কীভাবে দেখবেন,neutral,neutral,neutral,neutral,pro_public,neutral
ভাইয়া মনে কইরেন আপনার শার্ট এত বলাজলা,neutral,pro_public,neutral,neutral,neutral,neutral
তো প্রাইভেট বিশ্ববিদ্যালয়ের ভাইয়া,neutral,neutral,neutral,neutral,neutral,neutral
একজন নটরডেমিয়ান আপনাকে ভালোবাসি স্যার,neutral,neutral,neutral,neutral,pro_private,pro_public
হ্যাঁ এটা সত্য,neutral,neutral,neutral,neutral,neutral,neutral
এটা ভুল পাওয়ার সেক্টরে চাকরিতে ভরা আপনি ভালো দেখুন তাহলেই উত্তর পাবেন –টা পোস্ট থাকলে তে –টা পোস্ট থাকে,neutral,neutral,neutral,neutral,neutral,pro_public
রা বের হওয়ার পরপরই এর তুলনায় সহজে চাকরি পায়,neutral,neutral,neutral,neutral,neutral,neutral
হ্যাঁ আমিও এমনটাই শুনেছি,neutral,neutral,neutral,neutral,neutral,neutral
বিশ্ববিদ্যালয় গ্রেডের বা গ্রেড কত তা আফসোস এখন তো প্রাইভেট বিশ্ববিদ্যালয় জাতীয় বিশ্ববিদ্যালয় পাশ করেও অনেকে বিসিএস পরীক্ষায় মেধা তালিকায় নাম লেখাচ্ছে এখানে ছাত্রদের টাই মুখ্য,neutral,neutral,neutral,neutral,neutral,neutral
ভাইয়া বছরে ফার্মেসিতে কত খরচ মনে করলে একটু বলতেন,neutral,neutral,neutral,neutral,neutral,pro_public
আমাদের ব্যাচের চারজন বিভিন্ন সরকারি প্রতিষ্ঠানে সরকারি কর্মকর্তা হিসেবে যোগ দিয়েছে,pro_private,pro_private,pro_private,pro_private,pro_private,pro_private
ওয়াও,neutral,neutral,neutral,neutral,neutral,neutral
আপনার তো ম গ্রেডের,neutral,neutral,neutral,neutral,neutral,neutral
ধন্যবাদ আপনাকে,neutral,pro_public,neutral,neutral,neutral,neutral
দাদা প্রাইভেট পড়াশোনার দাম,neutral,neutral,neutral,neutral,neutral,neutral
আপনি বিশ্ববিদ্যালয়ে পড়েছেন ভাইয়া,neutral,neutral,neutral,pro_private,neutral,pro_private
ভাইয়া মনে করবেন না—আপনার বেতন কত,neutral,neutral,neutral,neutral,neutral,neutral
কাজ করছেন ভাই,neutral,neutral,neutral,neutral,neutral,pro_private
ভাইয়া স্ট্যামফোর্ড গ্রেডের বিশ্ববিদ্যালয়,neutral,neutral,neutral,neutral,neutral,neutral
আপনার বিশ্ববিদ্যালয় বিভাগ কোনটা বলবেন,neutral,neutral,neutral,neutral,neutral,neutral
আমিও আসলেই জানতে চাই,neutral,neutral,pro_private,neutral,neutral,neutral
প্রমাণ দিন আপনাদের উজবুকদের কথা শুনে মজা লাগে,neutral,neutral,neutral,neutral,neutral,neutral
অসাধারণ ভাই,neutral,neutral,neutral,neutral,neutral,neutral
ভাইয়া কিস্তিতে হওয়া যাবে,neutral,neutral,neutral,neutral,neutral,neutral
বিভ্রান্তিকর বানানো বন্ধ করুন,neutral,neutral,pro_private,neutral,neutral,neutral
স্যার আপনাকে ভালোবাসি,neutral,pro_private,neutral,neutral,neutral,neutral
সত্যি কথা বলেছেন,neutral,neutral,neutral,neutral,pro_private,pro_public
স্যার গুলা একটু দেখেন—এ রা পেয়েছে আপনার মতামত জানাবেন,neutral,neutral,neutral,neutral,neutral,neutral
দিনশেষে কথা জাতীয় বিশ্ববিদ্যালয় থেকেই বেশিরভাগ বিসিএস ক্যাডার ভালো সেক্টরেও চাকরি,neutral,neutral,neutral,neutral,neutral,neutral
কথাগুলাই বলছেন,neutral,neutral,neutral,neutral,neutral,neutral
পাবলিক বিশ্ববিদ্যালয়গুলো সরকার আমাদের ট্যাক্সভ্যাটের টাকা চালায় পাবলিক প্রাইভেট ট্যাগগুলো মুছে গেলে তবেই আসল অর্থে বিশ্ববিদ্যালয় ট্যাগ লাগলেই সেটা ব্যবসা যায়,neutral,neutral,neutral,pro_private,neutral,pro_public
আপনার কথাগুলো সাল পর্যন্ত ঠিক এখন উল্টাপাল্টা বর্তমান সময়ে চোর চোরের সন্তানেরাই সুযোগ পাচ্ছে,neutral,neutral,neutral,neutral,neutral,neutral
সরকারি বিশ্ববিদ্যালয়ে মোট সিট কত প্রতি বছর যত ছাত্রছাত্রী পাস তত সিট তো সরকারি বিশ্ববিদ্যালয়ে চান্স পাবে প্রাইভেট খারাপ দেশের থেকেই দেখেশুনে হওয়া উচিত,pro_private,pro_private,pro_public,pro_private,pro_private,pro_private
বরুণ ভাই কেমন দিন আপনাকে দেখলাম তে ভাই এক বছরের শেষ করবো,neutral,pro_private,neutral,neutral,neutral,neutral
সঠিক কথা বলেছেন,neutral,neutral,pro_private,neutral,neutral,neutral
খুব,neutral,neutral,neutral,neutral,pro_public,neutral
মূল্যবান তথ্যের ধন্যবাদ,neutral,neutral,neutral,neutral,neutral,neutral
প্রত্যেকের কাছেই বিশ্ববিদ্যালয় ক্যাম্পাস ইমোশনের নাম সেটা যতই কষ্টের হোক,neutral,neutral,neutral,neutral,neutral,pro_public
কীভাবে আমাকে জানিয়ো ভাইয়া,neutral,neutral,neutral,neutral,neutral,pro_public
প্রাইভেট বিশ্ববিদ্যালয়ে পড়ছো লাইফ শেষ তোমার—এমন দেখে মনে আপনি কে তুচ্ছ করছেন ভিডিওতে বিপক্ষে যুক্তি দিয়েছেন পাওয়ার ইচ্ছা এমন করেছেন,neutral,pro_public,neutral,neutral,neutral,neutral
জাতীয় বিশ্ববিদ্যালয়ের ছাত্ররা শুক্রাণুর মতো—লাখে মানুষ নিয়েই লাফায় জাতীয় প্রতিবছর বিসিএস কয়জনে দেয় সেটার হিসাব রাখেন,neutral,neutral,neutral,neutral,neutral,neutral
আপনি এত কথা বলছেন জাতীয় বিশ্ববিদ্যালয় প্রতিবছর লাখ লাখ শিক্ষার্থী পড়ে অনেকে বিসিএস ক্যাডার উচ্চপদে চাকরিও ট্যালেন্টকে মূল্যায়ন শিখুন প্রতিষ্ঠানকে,neutral,neutral,neutral,neutral,neutral,neutral
এটা বুঝবে জাতীয় বিশ্ববিদ্যালয় দেশে কাচকি মাছের,neutral,neutral,pro_private,neutral,neutral,neutral
পাবলিকপ্রাইভেট—দুই দিক থেকেই,neutral,neutral,neutral,neutral,neutral,neutral
ভাই সালের এসএসসি পরীক্ষা দিব সমস্যার কারণে বইয়ের পড়িনি এখন পারি এবার পরীক্ষাটা দিতেই,neutral,neutral,neutral,neutral,neutral,neutral
প্রাইভেট হোক বা পাবলিক হোক বাংলাদেশের শিক্ষার মানই সবকিছুর মতোই আমাদের ফালতু মুখস্থনির্ভর,neutral,pro_public,neutral,neutral,neutral,neutral
স্যার আজকে নিজের জীবন খুব হতাশ আপনার কথাগুলো শুনে আশার আলো পেলাম ধন্যবাদ স্যার,neutral,neutral,pro_private,neutral,neutral,neutral
আপনাকে ধন্যবাদ,neutral,neutral,neutral,neutral,neutral,neutral
অসাধারণ বক্তব্য সমাজের চিন্তাভাবনা এরকম হতো সমাজটাই বদলে যেত,neutral,neutral,neutral,neutral,pro_public,neutral
এসব ভিডিও চাই টা,neutral,neutral,neutral,neutral,neutral,neutral
অশালীন গালিঅপমানজনক মন্তব্য,neutral,neutral,neutral,neutral,neutral,neutral
মানে নির্ভর মানে বিবেচনা,neutral,neutral,neutral,neutral,neutral,neutral
স্যার প্রাইভেট বিশ্ববিদ্যালয় সম্পন্ন করছি ব্যাকগ্রাউন্ড ডিপ্লোমা এর বা আছে—ভবিষ্যতে যেন সমস্যা সেক্ষেত্রে কত করলে ভালো,neutral,neutral,pro_public,neutral,pro_private,neutral
জাহাঙ্গীরনগরের নামও নিল,neutral,neutral,pro_private,neutral,neutral,neutral
এখন স্যার আমরা সালের যেভাবে এসেছে সেভাবে পড়ব সালের পরীক্ষার্থী,neutral,pro_public,neutral,pro_public,neutral,pro_public
ভালোবাসা নিবেন দাদা এভাবেই ভিডিও দিবেন,neutral,neutral,pro_private,neutral,neutral,neutral
আমাদের দেশে অনলাইনে পিএইচডি,neutral,neutral,neutral,neutral,neutral,neutral
কোর্স করার জামালপুরের ইনস্টিটিউটে ভর্তি হয়েছি ব্যাচে জন এখন আমাকে একাই ক্লাস এটা কীভাবে বের হব বুঝতে পারছি খুব ডিপ্রেশনে,neutral,neutral,neutral,neutral,neutral,neutral
আপনার সৎ কথোপকথনের ধন্যবাদ,neutral,neutral,neutral,neutral,neutral,neutral
জানি বছর আগের কথা তারপরও নটরডেম কলেজের ভর্তিযুদ্ধ ভিডিও দেখতে চাই,neutral,neutral,neutral,neutral,pro_public,neutral
ভাইয়া এর রা আসলেই জীবনে পারবে ভিডিও বানাতেন খুব ভালো হতো,neutral,pro_public,neutral,neutral,neutral,neutral
বাবাকে কে বোঝাবে,neutral,neutral,neutral,neutral,neutral,neutral
ভালো তে পড়লে পড়তে স্যার,pro_public,pro_public,neutral,pro_public,pro_public,pro_public
ভালো থাকবেন,neutral,neutral,neutral,neutral,neutral,neutral
স্বাগতম,neutral,neutral,neutral,neutral,neutral,neutral
ধন্যবাদ ইনশাআল্লাহ একদিন চিন্তাধারা বদলে যাবে,neutral,pro_private,neutral,neutral,neutral,neutral
বাংলাদেশে শিক্ষক ছাত্র রাজনীতি বন্ধ হওয়া উচিত নিম্নমানের শিক্ষা অপ্রয়োজনীয় ছাত্ররাজনীতি আমাদের জ্ঞান তৈরির বদলে সমস্যা তৈরিকারী বানাচ্ছে,neutral,neutral,neutral,neutral,neutral,neutral
জাহাঙ্গীরনগরে এখন শুধু সুকু সুকু ওটার নাম নেয়,neutral,neutral,neutral,neutral,neutral,neutral
জাহাঙ্গীরনগর সবসময়ই নামটা বলতে ভুলে গেছি ক্ষমা করবেন,neutral,neutral,neutral,neutral,pro_private,neutral
ভাই পড়েন,neutral,neutral,neutral,neutral,neutral,neutral
বাকি রা,neutral,neutral,neutral,neutral,neutral,neutral
বাকি জনের জন শুধু পরীক্ষা দিতে আসে অন্য পড়াশোনা বাদ দিয়েছে এটা বের হওয়ার সমাধান চাই,neutral,pro_public,neutral,neutral,neutral,neutral
ঠিক,neutral,pro_private,pro_public,neutral,neutral,neutral
বাংলাদেশের ভালো ই এর দের দখলে বা কাজের দক্ষতা,neutral,neutral,neutral,neutral,neutral,neutral
শার্টটা নিলে ভালো হতো,neutral,neutral,neutral,neutral,neutral,neutral
আসসালামু আলাইকুম স্যার আপনার ভিডিওগুলো এভাবেই আমাদের থাকুন,neutral,neutral,neutral,pro_public,pro_private,neutral
ভাই পাবলিক বিশ্ববিদ্যালয়,neutral,neutral,neutral,neutral,neutral,neutral
আপনার প্রত্যেকটা কথাই যুক্তিযুক্ত,neutral,neutral,pro_private,neutral,neutral,neutral
উপকারী ভিডিও দিয়েছেন ভাই অনুপ্রাণিত হলাম,neutral,neutral,neutral,neutral,neutral,pro_private
ভাইয়া ধন্যবাদ বলব,neutral,neutral,pro_public,neutral,neutral,neutral
ক্যাডেট কলেজ পড়েছি ভালো সরকারি বিশ্ববিদ্যালয়ে চান্স পাইনি এখন দেশের সেরা প্রাইভেট বিশ্ববিদ্যালয় করছি মন,pro_private,pro_private,pro_public,pro_private,pro_private,pro_private
মরে গেলেও প্রাইভেটে পড়ব,pro_public,pro_public,pro_public,pro_public,pro_public,pro_public
স্যার এর চালু করলে উপকার হতো,neutral,neutral,pro_public,neutral,neutral,neutral
আপনি মানুষ একজন ভাইয়া,neutral,neutral,neutral,neutral,neutral,pro_public
আপনি অনুগ্রহ এর বছরের দিন,neutral,neutral,pro_public,neutral,neutral,neutral
এটা খুব সত্যি বলতে আমাদের তে এর নামকে এত উপরে তোলা পড়লে বা পেলে অনেকেই যায়,neutral,neutral,neutral,neutral,neutral,pro_private
স্যার খুব হতাশার বাবা বলছে পড়তে মাঝারি মানের পাব তা খুব ভয় লাগছে বাসায় চাপ দিচ্ছে হলে অন্য কোথাও পড়তেই দেবে,neutral,pro_private,neutral,neutral,neutral,pro_public
তে যথেষ্ট ভালো পড়িনি প্রাইভেট বিশ্ববিদ্যালয়ে পড়ি মনপ্রাণ পরিশ্রম ভালো অবস্থানে যেতে পারব দুর্বলতা উচ্চ স্তরে বিষয়গুলোর জ্ঞান কতটা দরকার,neutral,neutral,neutral,neutral,neutral,neutral
আপনার কথাগুলো সুন্দর ভাইয়া আপনার দোয়া রইলো,neutral,neutral,neutral,neutral,neutral,neutral
নমস্কার স্যার আমাদের অনেকেই পরিস্থিতির কারণে সরকারি ভার্সিটিতে চান্স পেয়ে প্রাইভেটে পড়ে প্রাইভেটে পড়েও অনেকেই সরকারি চাকরি নিজেও একজন প্রাইভেটের ইঞ্জিনিয়ারিং পড়ার ইচ্ছে,pro_private,pro_private,pro_private,pro_private,pro_private,pro_private
স্যার এখন শুরু করেছেন কবে করাবেন,neutral,neutral,pro_private,neutral,neutral,neutral
ধন্যবাদ ভাইয়া,neutral,neutral,pro_public,neutral,neutral,neutral
ভাইয়া,neutral,neutral,neutral,neutral,neutral,neutral
এটা নতুন শুধু,neutral,neutral,neutral,neutral,neutral,neutral
ধরনের পেশার চাপ তরুণ প্রজন্মকে আত্মহত্যার দিকে ঠেলে দিচ্ছে নিজের ইচ্ছাকে গুরুত্ব এগিয়ে যাও ব্রো,neutral,pro_public,neutral,neutral,neutral,neutral
প্যানিক করো,neutral,neutral,pro_private,neutral,neutral,neutral
আপনার মাবাবাকে ছেড়ে দিন,neutral,neutral,pro_public,neutral,neutral,pro_public
এখন পড়ছো,neutral,neutral,neutral,neutral,neutral,neutral
এখন,neutral,neutral,neutral,neutral,pro_private,neutral
ভাই পেয়েছিলেন,neutral,neutral,neutral,neutral,neutral,pro_private
ভাই এখন,neutral,neutral,neutral,neutral,neutral,neutral
ভাই এখন,neutral,neutral,neutral,neutral,neutral,neutral
ভাইয়া এখন পড়ছেন,neutral,neutral,neutral,neutral,pro_private,neutral
এসব চিন্তা বাদ যেকোনো একটায় টিকে থাকার মন স্থির করুন— বা ঢাবি এগুলো যথেষ্ট ভালো,pro_public,pro_public,pro_private,pro_public,pro_public,pro_public
বাসার মানুষদের বোঝান কঠিন পরিশ্রম আপনার হাতে আপনি মাঝারি —এই ভাবনা বাদ দিন খুব গুরুত্বপূর্ণ,neutral,pro_public,neutral,neutral,neutral,neutral
এখন আছো ভাই,neutral,neutral,neutral,neutral,neutral,neutral
দুই বছর এসে দেখলাম টা সাথেও খুব,neutral,pro_public,neutral,neutral,neutral,neutral
এখন আপনি পড়েন,neutral,neutral,neutral,neutral,neutral,neutral
ভয় পেও বন্ধু ঠাকুর ভালোই,neutral,neutral,neutral,neutral,pro_private,neutral
ভাই ভারত চলে যান—এর চেয়েও ভালো অত করার,pro_private,pro_private,pro_private,pro_private,pro_private,pro_private
ভারত চলে যান,neutral,neutral,neutral,neutral,pro_private,neutral
হ্যাঁ এটা পারবে,neutral,neutral,pro_private,pro_public,neutral,neutral
এটা নির্ভর পড়বে ওপর বা পড়ো এর ভালো সহায়ক এর ক্ষেত্রেও এর মানে এগুলোতে দুর্বলতা থাকলে ভালো যাবে তা উন্নত,neutral,neutral,neutral,neutral,neutral,neutral
পড়া উচিত,neutral,neutral,pro_public,pro_public,neutral,neutral
খারাপ শুধু করেছিলাম বলে ঘাটতি,neutral,neutral,neutral,pro_public,neutral,neutral
আপনি এখন তে পড়ছেন বললে ভালো হতো,neutral,neutral,neutral,neutral,neutral,neutral
ভাইয়া চাকরির পাশাপাশি কীভাবে যায়—এ ভিডিও বানাবেন প্লিজ,neutral,neutral,neutral,pro_public,neutral,neutral
ধন্যবাদ আপনাকে,neutral,neutral,neutral,neutral,neutral,neutral
দাদা আপনার একটু কথা বলতে চাই,neutral,neutral,neutral,neutral,neutral,pro_public
ভাইয়া ভিডিও বানান,neutral,neutral,pro_public,neutral,neutral,neutral
নাকি ভাই,neutral,neutral,neutral,neutral,neutral,pro_private
ভাইয়া কথা ভুল বলেছেন দুই দিন দেখলাম তম যেখানে নম্বরে,neutral,neutral,neutral,neutral,neutral,neutral
একক অধ্যায়ের ওপর যেমন শুধু তাপগতিবিদ্যার দরকার এজন্য আমাকে য় পত্রের টাই কিনতে,neutral,neutral,neutral,pro_private,neutral,neutral
ভাই কেমন ভাই গুলোর ওপর ভিডিও দিলে উপকার হতো,neutral,neutral,neutral,neutral,neutral,neutral
হে শ্রী কৃষ্ণ কৃপা করুন যেন একজন আদর্শ মানুষ পারি,neutral,neutral,neutral,neutral,neutral,neutral
দাদা বিদেশি গুলো —এদের আয়ের,neutral,neutral,neutral,neutral,pro_private,neutral
আপনার ভাই আমাকে দোয়ায় রাখবেন,neutral,neutral,neutral,neutral,neutral,neutral
ভাইজান আপনি রাজশাহী কবে চলে গেছেন কত দিন পড়িয়েছিলেন,neutral,neutral,pro_private,neutral,neutral,pro_private
ধরনের ভিডিও দরকার আপনার কথাগুলো শিক্ষার্থীদের মূল্যবান প্রভাব শিক্ষার্থীকে করুন,neutral,neutral,neutral,pro_public,neutral,neutral
এক ভাইয়া প্রথম সারির প্রাইভেট বিশ্ববিদ্যালয় পড়েছে বন্ধু তে পড়েছে তখন বলত বাবার টাকা নষ্ট করছ পরিশ্রম এর কারণে এখন বন্ধুরাই তাকে দেওয়ার এখন অধীনে কাজও,pro_private,pro_private,pro_private,pro_private,pro_private,pro_private
ভাইয়া করছি এটা এর খারাপ,neutral,pro_private,neutral,neutral,neutral,neutral
ভাইয়া বলেন এর হয়—এসবেতে ভর্তি হওয়ার মূল্য এর,neutral,neutral,neutral,neutral,neutral,neutral
ধন্যবাদ ভাই,neutral,neutral,neutral,neutral,neutral,neutral
স্যার আপনার ভালো লাগে,neutral,pro_private,neutral,neutral,neutral,neutral
পাবলিক বিশ্ববিদ্যালয় হলে সম্ভব,pro_public,pro_public,pro_public,pro_public,pro_public,pro_public
এশিয়া বিশ্ব,neutral,neutral,neutral,neutral,neutral,neutral
জি ভাই বিশ্বে তম,neutral,pro_public,neutral,pro_public,neutral,neutral
ভাই অনুযায়ী বলছি তম এখন,neutral,neutral,neutral,neutral,neutral,neutral
আপনি বলছেন সেটা ধরনের মিলিয়ে তম সেটা,neutral,neutral,pro_public,pro_public,neutral,neutral
এখন অনুযায়ী,neutral,neutral,pro_public,neutral,neutral,neutral
ওরা দের কাছ প্রচুর টাকা নেয়,neutral,neutral,neutral,neutral,neutral,pro_private
ওরা শুধু দের টাকার ওপর,neutral,neutral,neutral,neutral,pro_public,neutral
ভালো থাকবেন প্রিয়,neutral,neutral,neutral,neutral,neutral,pro_public
পড়ছে,neutral,neutral,neutral,neutral,neutral,neutral
বাংলাদেশের গুলোর থেকেও ভালো থাকলে ভালো সহজ টাকা নেয় সুবিধাও রকমই,pro_private,pro_private,pro_private,pro_private,pro_private,pro_private
এর কথা জানা,neutral,neutral,neutral,neutral,pro_public,neutral
এটাই বাস্তবতা,neutral,neutral,neutral,neutral,neutral,neutral
আপু নিজের টা যান বাকিটা ওপরওয়ালার হাতে এখানে দেখছি—এসব করুন,neutral,neutral,neutral,neutral,neutral,neutral
এর বলতে বাংলাদেশে,neutral,neutral,neutral,pro_public,pro_public,neutral
আপনার আলাদা আপনার ই আপনার,neutral,neutral,pro_public,pro_public,neutral,neutral
ভাই এর দের শেষ,neutral,neutral,neutral,pro_public,neutral,pro_private
ভাই দের ভিডিও চাই,neutral,neutral,pro_private,neutral,pro_private,neutral
পেয়ে অনেকদিন হতাশ দেখে হলাম,neutral,neutral,neutral,neutral,neutral,neutral
অমূল্য বক্তব্য ধন্যবাদ স্যার,neutral,pro_private,neutral,neutral,neutral,neutral
দাদা প্লিজ,neutral,neutral,neutral,neutral,neutral,neutral
দাদা ঠিক আপনার আগের এইটাতেও টা খুব কুঁচকানো দেখা যাচ্ছে নেতিবাচকভাবে বলছি ছোট ভাই হিসেবে বললাম,neutral,neutral,neutral,neutral,pro_private,pro_public
ভাইয়া সাভারের তে পড়ত কিছুদিন গেছে রাজশাহীতে পড়া নিয়েই,pro_private,pro_private,pro_private,pro_private,pro_private,pro_private
ভাই কেমন,neutral,neutral,neutral,neutral,neutral,neutral
তে পড়লে কেমন,neutral,neutral,neutral,neutral,neutral,neutral
ধন্যবাদ ভাইয়া ভিডিওটা সুন্দর,neutral,neutral,neutral,neutral,neutral,neutral
ঠিক বলেছেন স্যার,neutral,neutral,neutral,neutral,neutral,neutral
এটা,neutral,neutral,neutral,neutral,neutral,neutral
আপনি একজন দুঃখজনক,neutral,neutral,pro_private,neutral,pro_private,neutral
উনি আপনার ভাই নাকি একজন,neutral,neutral,neutral,neutral,neutral,neutral
এখন পড়েন ভাই,neutral,neutral,neutral,pro_public,neutral,neutral
প্রাইভেট বিশ্ববিদ্যালয়ে পড়লেও নিয়মিত স্কিল ডেভেলপ যায় ভালো ক্যারিয়ার গড়া সম্ভব,pro_private,pro_private,pro_private,pro_private,neutral,pro_private
পাবলিক বিশ্ববিদ্যালয়ের একাডেমিক পরিবেশ প্রতিযোগিতা এখনো আলাদা গুরুত্ব রাখে,pro_public,pro_public,neutral,pro_public,pro_public,pro_public
বিশ্ববিদ্যালয়ের নামের চেয়ে নিজের পরিশ্রমটাই শেষ পর্যন্ত কাজে লাগে,neutral,neutral,neutral,neutral,pro_private,neutral
অনেকেই প্রাইভেটকে ছোট দেখে সেখান থেকেও অনেকে ভালো,pro_private,pro_private,pro_private,pro_private,pro_private,pro_private
পাবলিকে সুযোগ পাওয়া এখনো শিক্ষার্থীর বড় অর্জন,pro_public,pro_public,pro_public,pro_public,pro_public,pro_public
ভালো গাইডলাইন পেলে যেকোনো জায়গা থেকেই উন্নতি যায়,neutral,neutral,neutral,neutral,neutral,neutral
ল্যাব প্রেজেন্টেশন কর্পোরেট রেডিনেসের দিক প্রাইভেট বিশ্ববিদ্যালয় বেশ শক্তিশালী,pro_private,pro_private,pro_private,pro_private,pro_private,pro_public
পাবলিক বিশ্ববিদ্যালয়ের ভর্তি প্রতিযোগিতা থেকেই বোঝা যায় সেখানে মানসম্মত শিক্ষার্থীর চাপ,pro_public,pro_public,pro_public,pro_public,pro_public,pro_private
নিজের লক্ষ্য পরিষ্কার থাকলে প্রতিষ্ঠান একমাত্র নির্ধারক হয়,neutral,neutral,neutral,neutral,neutral,neutral
ভাবে প্রাইভেট মানেই শেষ বাস্তব চাকরির বাজারটা ঠিকমতো দেখে,pro_private,pro_private,pro_private,pro_public,pro_private,pro_private
পাবলিকে চান্স পেলেও হতাশ হওয়ার ধারাবাহিক পরিশ্রম দূর নিয়ে যেতে পারে,neutral,pro_private,neutral,neutral,neutral,neutral
প্রাইভেট বিশ্ববিদ্যালয়ে ইন্ডাস্ট্রিফোকাসড কোর্স থাকার কারণে শিক্ষার্থীরা দ্রুত কর্পোরেট জগতে মানিয়ে পারে,pro_private,pro_private,pro_private,pro_private,pro_private,pro_private
পাবলিক বিশ্ববিদ্যালয়ের ভর্তি প্রতিযোগিতা এখনো দেশের সবচেয়ে কঠিন একাডেমিক লড়াইগুলোর,pro_public,pro_public,neutral,pro_public,pro_public,pro_public
জীবনে এগোতে হলে শুধু প্রতিষ্ঠানের নাম নয় নিজের কাজের মানও প্রমাণ হয়,neutral,neutral,neutral,neutral,neutral,neutral
অনেকের ধারণা প্রাইভেটে পড়লে দক্ষরা ঠিকই এগিয়ে যায়,pro_private,pro_private,pro_private,pro_private,pro_private,neutral
পাবলিক বিশ্ববিদ্যালয়ের রিসোর্স একাডেমিক পরিবেশ শিক্ষার্থীর বড় সুযোগ তৈরি,pro_public,pro_public,pro_public,pro_public,pro_public,pro_private
ছাত্র নিয়মিত শেখে যেকোনো ক্যাম্পাসই সম্ভাবনার জায়গা পারে,neutral,neutral,neutral,neutral,neutral,neutral
প্রাইভেট বিশ্ববিদ্যালয়ের বিভাগে ল্যাব সুবিধা সত্যিই চমৎকার মানের হয়ে থাকে,pro_private,pro_private,pro_private,pro_private,pro_private,pro_private
পাবলিকে পড়ার সামাজিক গ্রহণযোগ্যতা এখনো পরিবারে আলাদা গুরুত্ব পায়,pro_public,pro_public,neutral,pro_public,neutral,pro_public
সফলতা সময় প্রতিষ্ঠানের চেয়ে অভ্যাস শৃঙ্খলা ধৈর্যের নির্ভর,neutral,neutral,neutral,neutral,pro_public,neutral
প্রেজেন্টেশন স্কিল ইংরেজি চর্চা সফট স্কিলের প্রাইভেট বিশ্ববিদ্যালয় ভালো ভূমিকা রাখে,pro_private,pro_private,pro_public,pro_private,pro_private,pro_private
পাবলিক বিশ্ববিদ্যালয়ের বড় ক্যাম্পাস বৈচিত্র্যময় ছাত্রজীবন ব্যক্তিত্ব গঠনে প্রভাব ফেলে,pro_public,pro_public,pro_public,pro_public,pro_public,neutral
অনেকেই শুরুতে পিছিয়ে থেকেও নিজের দক্ষতায় ভালো অবস্থানে পৌঁছে যায়,neutral,neutral,neutral,neutral,neutral,neutral
প্রাইভেটে পড়া মানেই মেধাবী—এই ধারণাটা এখন বাস্তবতার মেলে,pro_private,pro_private,pro_private,pro_private,pro_private,pro_private
খরচে উচ্চশিক্ষার সুযোগ দেওয়ার কারণে পাবলিক বিশ্ববিদ্যালয়ের মূল্য আলাদা,pro_public,pro_public,pro_public,pro_public,pro_public,pro_public
আসল প্রতিযোগিতা হয় নিজের গতকালের সংস্করণের অন্য নয়,neutral,neutral,neutral,neutral,neutral,neutral
প্রাইভেট বিশ্ববিদ্যালয়ে ক্যারিয়ার সার্ভিস সেল শিক্ষার্থীদের চাকরির প্রস্তুতিতে কার্যকর সহায়তা দেয়,pro_private,pro_private,pro_private,pro_private,pro_private,pro_private
পাবলিক বিশ্ববিদ্যালয়ে টিকে থাকতে পারা সময় শিক্ষার্থীর মানসিক দৃঢ়তাকেও প্রকাশ,pro_public,pro_public,neutral,pro_public,pro_public,pro_public
ভালো রেজাল্ট থাকলেও স্কিল থাকলে চাকরির বাজারে টিকে থাকা কঠিন হয়ে যায়,neutral,neutral,neutral,neutral,neutral,neutral
শহরকেন্দ্রিক প্রাইভেট বিশ্ববিদ্যালয় ইন্টার্নশিপের সুযোগের দিক সুবিধাজনক অবস্থানে থাকে,pro_private,pro_private,pro_private,pro_private,pro_private,pro_private
দেশের শীর্ষ মেধাবী এখনো প্রথম পছন্দ হিসেবে পাবলিক বিশ্ববিদ্যালয়কেই বেছে নেয়,pro_public,pro_public,pro_public,pro_public,pro_public,pro_public
ক্যারিয়ার গড়ার পথে ভুল সিদ্ধান্তও পরের সঠিক সিদ্ধান্তের ভিত্তি পারে,neutral,pro_private,neutral,neutral,neutral,pro_private
কর্পোরেট কালচারে মানিয়ে নেওয়ার প্রশিক্ষণ প্রাইভেট প্রতিষ্ঠানে তুলনামূলক দেখা যায়,pro_private,pro_private,pro_private,pro_private,pro_private,pro_private
গবেষণা অনুদান শিক্ষকসংখ্যা সরকারি সহায়তায় পাবলিক বিশ্ববিদ্যালয় সময় এগিয়ে থাকে,pro_public,pro_public,pro_public,pro_public,pro_public,pro_public
শুধু ডিগ্রি নয় সময় ব্যবস্থাপনা যোগাযোগ দক্ষতাও একজন শিক্ষার্থীর বড় সম্পদ,neutral,neutral,neutral,neutral,neutral,neutral
যেসব প্রাইভেট বিশ্ববিদ্যালয় নিয়মিত ক্লাস মূল্যায়ন নিশ্চিত সেখানকার শিক্ষার্থীরা ধারাবাহিকতায় এগোয়,pro_private,pro_private,pro_private,pro_private,pro_private,pro_public
পাবলিক বিশ্ববিদ্যালয়ের অ্যালামনাই নেটওয়ার্ক শিক্ষার্থীদের ভবিষ্যৎ সুযোগ বাড়াতে সাহায্য,pro_public,pro_public,pro_public,pro_public,pro_public,pro_public
নিজের সীমাবদ্ধতা স্বীকার কাজ শুরু করাটাই উন্নতির প্রথম ধাপ,neutral,neutral,neutral,neutral,neutral,neutral
প্রাইভেট বিশ্ববিদ্যালয়ের কোর্স কারিকুলাম বাজারের চাহিদা অনুযায়ী দ্রুত আপডেট হয়,pro_private,pro_private,pro_private,pro_private,pro_private,pro_private
পাবলিক বিশ্ববিদ্যালয়ের ঐতিহ্য একাডেমিক মর্যাদা এখনো অনেকের কাছে বড় প্রেরণা,pro_public,neutral,neutral,neutral,pro_public,pro_public
শিখতে চায় লাইব্রেরি ইউটিউব শিক্ষক—সবই সম্পদ হয়ে উঠতে পারে,neutral,neutral,neutral,neutral,neutral,neutral
প্র্যাকটিক্যাল ক্লাসে গুরুত্ব দেওয়ার কারণে প্রাইভেট বিভাগের শিক্ষার্থীরা হাতেকলমে আত্মবিশ্বাসী হয়,pro_private,pro_private,pro_private,pro_private,pro_private,pro_private
পাবলিক বিশ্ববিদ্যালয়ে সিট পাওয়া শিক্ষার্থীর বহু বছরের পরিশ্রমের ফল,pro_public,pro_public,pro_public,pro_public,pro_public,pro_public
প্রতিষ্ঠানে ভর্তি হওয়া শেষ লক্ষ্য নয় বরং শেখার যাত্রার শুরু,neutral,neutral,neutral,neutral,neutral,pro_public
বেসরকারি বিশ্ববিদ্যালয়ের প্রোগ্রাম বিদেশে উচ্চশিক্ষার প্রস্তুতিতে বেশ সহায়ক পারে,pro_private,pro_private,pro_private,neutral,pro_private,pro_private
সরকারি সহায়তায় পরিচালিত হওয়ায় পাবলিক বিশ্ববিদ্যালয় তুলনামূলক খরচে ডিগ্রি দেয়,pro_public,neutral,pro_public,pro_public,pro_public,pro_public
ভেতরের আগ্রহ থাকলে নামী প্রতিষ্ঠানের সুযোগও সময় কাজে লাগে,neutral,pro_public,pro_private,neutral,neutral,neutral
প্রাইভেট বিশ্ববিদ্যালয় ইন্ডাস্ট্রির সংযোগ রেখে শিক্ষার্থীদের প্লেসমেন্টে কাজ,pro_private,pro_private,neutral,neutral,neutral,pro_private
মেধা যাচাইয়ের দিক পাবলিক বিশ্ববিদ্যালয়ের ভর্তি পরীক্ষা এখনো বেশ শক্ত মানদণ্ড হিসেবে ধরা হয়,pro_public,pro_public,pro_public,pro_public,pro_public,pro_public
প্রতিদিন অল্প অল্প উন্নতিই দীর্ঘমেয়াদে বড় পরিবর্তন তৈরি,neutral,neutral,neutral,neutral,neutral,neutral
যোগাযোগ দক্ষতা প্রফেশনাল আচরণের চর্চায় প্রাইভেট শিক্ষাপ্রতিষ্ঠান আলাদা নজর দেয়,pro_private,pro_private,neutral,pro_private,pro_private,pro_private
পাবলিক বিশ্ববিদ্যালয়ের শিক্ষার্থী রাজনীতি সংস্কৃতি ইতিহাস অনেককে ভিন্ন বাস্তবতা শেখায়,pro_public,pro_public,pro_public,pro_public,pro_public,pro_public
নিজের পথ নিজেকেই বানাতে হয় অন্যের তুলনা দেখে জীবন থামিয়ে রাখা ঠিক নয়,neutral,neutral,pro_private,pro_private,neutral,neutral
প্রাইভেটে পড়া শিক্ষার্থী স্কিলভিত্তিক প্রস্তুতির মাধ্যমে দ্রুত চাকরিতে ঢুকে পড়ে,pro_private,neutral,pro_private,pro_private,pro_private,pro_private
পাবলিক বিশ্ববিদ্যালয় দেশের বিভিন্ন শ্রেণির শিক্ষার্থীর উচ্চশিক্ষাকে তুলনামূলক সহজলভ্য,pro_public,pro_public,pro_public,pro_public,pro_public,pro_public
ডিগ্রির পাশাপাশি পোর্টফোলিও তৈরি করাও এখন শিক্ষার্থীদের গুরুত্বপূর্ণ,neutral,neutral,neutral,neutral,neutral,neutral
প্রাইভেট বিশ্ববিদ্যালয়ে অতিথি বক্তা কর্মশালা নেটওয়ার্কিং সেশন আয়োজন হয়,pro_private,pro_private,pro_private,pro_private,pro_private,pro_private
পাবলিক বিশ্ববিদ্যালয়ে ভিন্ন জেলার ভিন্ন পটভূমির শিক্ষার্থীরা একসাথে শেখার সুযোগ পায়,pro_public,pro_public,pro_public,pro_public,pro_public,pro_public
শেষ পর্যন্ত যিনি ধারাবাহিক সাধারণত তিনিই এগিয়ে থাকেন,neutral,pro_public,neutral,neutral,neutral,neutral
ভালো মানের প্রাইভেট বিশ্ববিদ্যালয় বেছে পারলে শিক্ষার্থীরা সুসংগঠিত একাডেমিক পরিবেশ পায়,pro_private,pro_private,pro_private,pro_private,pro_private,pro_private
অনেকে দেরিতে শুরু করেও নিয়মিত চর্চার মাধ্যমে খুব ভালো অবস্থানে পৌঁছায়,neutral,neutral,neutral,neutral,pro_public,pro_public
প্রাইভেট বিশ্ববিদ্যালয় শিক্ষার্থীদের ইন্টার্নশিপ খোঁজার ক্ষেত্রে দিকনির্দেশনা দেয়,pro_private,pro_private,neutral,pro_private,pro_private,pro_private
পাবলিক বিশ্ববিদ্যালয়ের সিটসংখ্যা সীমিত হওয়ায় সেখানে সুযোগ পাওয়া এখনো বড় অর্জন হিসেবে ধরা হয়,pro_public,pro_private,pro_public,pro_public,pro_public,pro_public
নিজেকে প্রতিদিন একটু ভালো করার অভ্যাসই দীর্ঘমেয়াদে সবচেয়ে বড় বিনিয়োগ,neutral,pro_public,neutral,neutral,neutral,neutral
মহানগরভিত্তিক প্রাইভেট বিশ্ববিদ্যালয়ে ইন্ডাস্ট্রি কানেকশন তুলনামূলক শক্তিশালী হয়,pro_private,pro_private,pro_private,pro_public,neutral,pro_private
পাবলিক বিশ্ববিদ্যালয়ের ডিগ্রি খরচে পাওয়া পরিবারের বড় স্বস্তি,pro_public,pro_public,pro_public,pro_public,neutral,pro_public
শিক্ষার্থী ফিডব্যাক শেখে উন্নতির গতি সাধারণত হয়,neutral,neutral,pro_private,neutral,neutral,neutral
প্রাইভেট বিশ্ববিদ্যালয়কে ছোট দেখা সময় তথ্যের অভাব তৈরি হয়,pro_private,pro_private,pro_private,pro_private,pro_private,pro_private
পাবলিক বিশ্ববিদ্যালয়ের বিস্তৃত একাডেমিক নেটওয়ার্ক ক্ষেত্রে ভবিষ্যৎ সুযোগ বাড়ায়,pro_public,pro_public,pro_public,pro_public,pro_public,pro_public
শৃঙ্খলা ছাড়া মেধা সময় পূর্ণ সম্ভাবনায় পৌঁছাতে পারে,neutral,neutral,neutral,neutral,pro_public,pro_public
প্রাইভেট ক্যাম্পাসে ছোট ব্যাচে ক্লাস হওয়ায় শিক্ষকশিক্ষার্থীর যোগাযোগ কার্যকর হয়,pro_private,pro_private,pro_private,pro_private,pro_private,pro_private
পাবলিক বিশ্ববিদ্যালয় দেশের নানা প্রান্তের শিক্ষার্থীদের একত্রে শেখার সুযোগ দেয়,pro_public,pro_public,pro_public,pro_public,pro_public,pro_public
শেখার গতি এক হয় ধারাবাহিকতা শেষ পর্যন্ত পার্থক্য গড়ে দেয়,neutral,neutral,neutral,neutral,neutral,pro_private
প্রাইভেট বিশ্ববিদ্যালয়ে আলাদাভাবে করানো হয়,pro_private,pro_private,pro_private,neutral,pro_private,pro_private
শিক্ষার্থীর কাছে পাবলিকে ভর্তি হওয়া পারিবারিক গর্বেরও বিষয়,pro_public,pro_public,pro_private,pro_public,pro_public,neutral
নিজের দুর্বল জায়গা চিহ্নিত পারা উন্নতির অর্ধেক পথ পেরোনোর,neutral,neutral,pro_public,neutral,neutral,neutral
ভালো বেছে পারলে নিয়মিত একাডেমিক মনিটরিং বড় সুবিধা দেয়,pro_private,pro_private,pro_private,pro_private,pro_private,pro_private
পাবলিক বিশ্ববিদ্যালয়ের দীর্ঘদিনের একাডেমিক ঐতিহ্য অনেককে অনুপ্রাণিত,pro_public,pro_public,pro_private,pro_public,pro_public,pro_public
পরিশ্রম তখনই ফল দেয় যখন তা সঠিক দিকনির্দেশনার যুক্ত হয়,neutral,neutral,neutral,neutral,neutral,neutral
প্রাইভেট বিশ্ববিদ্যালয়ের কোর্সে শিক্ষার্থীদের বাস্তব প্রস্তুতি বাড়ায়,pro_private,pro_private,pro_private,pro_private,pro_private,pro_private
পাবলিক বিশ্ববিদ্যালয়ের ভর্তি পরীক্ষায় টিকে যাওয়া মানসিক দৃঢ়তারও প্রমাণ পারে,pro_public,pro_public,pro_public,pro_public,pro_public,pro_public
অন্যের সাফল্য দেখে ভয় পেয়ে শেখার উৎসাহ নেওয়াই ভালো,neutral,neutral,neutral,neutral,pro_private,neutral
কর্মমুখী শিক্ষা ব্যবস্থার কারণে দ্রুত তৈরি হয়,pro_private,neutral,pro_private,pro_private,pro_private,pro_private
পাবলিক বিশ্ববিদ্যালয়ের সাবসিডাইজড শিক্ষা মেধাবী শিক্ষার্থীকে উচ্চশিক্ষায় টিকিয়ে রাখে,pro_public,neutral,pro_public,neutral,pro_public,pro_public
প্রতিদিন অল্প সময় হলেও মনোযোগ দিয়ে পড়া অনিয়মিত দীর্ঘ পড়ার চেয়ে কার্যকর,neutral,neutral,pro_private,neutral,neutral,neutral
তে কড়াকড়ি থাকায় শিক্ষার্থীরা থাকে,pro_private,pro_private,pro_private,pro_private,pro_private,pro_private
পাবলিক বিশ্ববিদ্যালয়ের সময় চাকরি গবেষণায় সহায়ক ভূমিকা রাখে,pro_public,pro_public,pro_public,pro_public,pro_public,pro_public
ব্যর্থতা স্থায়ী নয় সেখান শেখার অভ্যাস গড়ে তোলো,neutral,neutral,neutral,neutral,neutral,neutral
কর্পোরেট এর নিয়মিত আয়োজন,pro_private,pro_private,pro_private,pro_private,pro_private,pro_private
পাবলিক বিশ্ববিদ্যালয়ের একাডেমিক প্রতিদ্বন্দ্বিতা অনেককে নিজেদের সীমা ছাড়িয়ে যেতে বাধ্য,pro_public,pro_public,pro_public,pro_public,pro_public,pro_public
শুরুটা দুর্বল হলেও শেষটা শক্তিশালী পারে মাঝপথে থেমে যাও,neutral,neutral,neutral,neutral,neutral,neutral
প্রাইভেট বিশ্ববিদ্যালয়ের বিভাগে বেশ গুছানোভাবে পরিচালিত হয়,pro_private,pro_private,pro_private,pro_private,pro_private,pro_private
পাবলিক বিশ্ববিদ্যালয়ে ভর্তির সুযোগ পাওয়া এখনো দেশের মেধার বড় স্বীকৃতি হিসেবে দেখা হয়,pro_public,pro_public,pro_public,pro_public,pro_public,pro_public
নিজের লক্ষ্য লিখে রাখে বিচ্যুত হওয়ার সম্ভাবনা কমে যায়,neutral,neutral,neutral,neutral,neutral,neutral
ব্যস্ত নগরজীবনের মাঝেও শিক্ষার্থীদের পেশাগতভাবে প্রস্তুত তুলছে,pro_private,pro_private,pro_private,pro_private,pro_private,neutral
নিম্ন মধ্যবিত্ত পরিবারের পাবলিক বিশ্ববিদ্যালয় উচ্চশিক্ষার সবচেয়ে বাস্তব পথগুলোর,pro_public,pro_public,pro_public,pro_public,pro_public,pro_public
সত্যিকারের শেখা তখনই হয় যখন মুখস্থের বাইরে গিয়ে বোঝার চেষ্টা হয়,neutral,neutral,neutral,pro_public,neutral,neutral
তে ব্যবস্থা শিক্ষার্থীদের সিদ্ধান্ত সাহায্য,pro_private,pro_private,pro_private,pro_private,pro_private,pro_private
পাবলিক বিশ্ববিদ্যালয়ের সাংস্কৃতিক বুদ্ধিবৃত্তিক পরিবেশ শিক্ষার্থীর চিন্তাভাবনা বদলে দেয়,pro_public,pro_public,pro_public,pro_public,pro_public,pro_public
নিজের উন্নতির হিসাব অন্যের নয় নিজের আগের অবস্থার উচিত,neutral,neutral,neutral,neutral,neutral,neutral
শিক্ষার্থীদের শুরু থেকেই জোর দেয়,pro_private,pro_private,pro_private,pro_private,pro_private,pro_private
এখনো বহু মেধাবী শিক্ষার্থীর প্রথম পছন্দ থাকে শক্তিশালী পাবলিক বিশ্ববিদ্যালয়,pro_public,pro_public,pro_public,pro_public,pro_public,pro_public
দিক ঠিক থাকলে ধীরে চলাও অগ্রগতি,neutral,pro_public,pro_private,neutral,neutral,neutral
একরকম নয় ভর্তি হওয়ার মান যাচাই জরুরি,pro_private,pro_private,pro_private,pro_private,pro_private,pro_private
পাবলিক বিশ্ববিদ্যালয় শুধু ডিগ্রি নয় সময় সামাজিক গতিশীলতার দরজাও খুলে দেয়,pro_public,pro_private,neutral,pro_public,neutral,pro_public
সার্টিফিকেটের পাশাপাশি থাকলে ক্যারিয়ারে গতি আসে,neutral,neutral,pro_private,neutral,neutral,neutral
এর কারণে শিক্ষার্থীরা নিয়মিত পড়ার অভ্যাসে থাকে,pro_private,pro_private,pro_private,pro_private,pro_private,pro_private
পাবলিক বিশ্ববিদ্যালয়ের প্রতিযোগিতামূলক পরিবেশ শিক্ষার্থীদের সক্ষমতা যাচাইয়ের বড় মঞ্চ,pro_public,pro_public,pro_public,pro_public,neutral,pro_public
অনুপ্রেরণা দরকার অভ্যাসই শেষ পর্যন্ত কাজ শেষ করায়,neutral,neutral,neutral,neutral,neutral,neutral
যথাযথ পড়লে —তিনটাই একসাথে বাড়তে পারে,pro_private,pro_private,pro_private,pro_private,pro_private,pro_private
ভর্তি হওয়ার আসল চ্যালেঞ্জ শুরু হয় নিজের ধারাবাহিকতা ধরে রাখা,neutral,neutral,pro_public,neutral,neutral,neutral
প্রাইভেট বিশ্ববিদ্যালয়ে ইন্ডাস্ট্রিলিংকড প্রজেক্টের কারণে শিক্ষার্থীরা থেকেই বাস্তব কাজের অভিজ্ঞতা পায়,pro_private,neutral,pro_private,pro_private,pro_private,pro_private
পাবলিক বিশ্ববিদ্যালয়ে সুযোগ পাওয়া এখনো অধিকাংশ শিক্ষার্থীর কাছে বড় সম্মানের বিষয়,pro_public,pro_public,pro_public,pro_public,pro_public,neutral
ভালো ফলাফল তখনই টেকে যখন শেখার গভীরতা যুক্ত থাকে,neutral,neutral,neutral,neutral,neutral,neutral
প্রাইভেট বিশ্ববিদ্যালয় নিয়মিত ক্লাস কুইজ প্রেজেন্টেশনের মাধ্যমে শিক্ষার্থীদের সক্রিয় রাখে,pro_private,pro_private,pro_private,pro_private,pro_private,pro_private
খরচে মানসম্মত উচ্চশিক্ষা দেওয়ার কারণে পাবলিক বিশ্ববিদ্যালয়ের গুরুত্ব আলাদা,pro_public,pro_public,pro_public,pro_public,pro_public,neutral
নিজের ভুল বিশ্লেষণ পারে শেখার গতি সাধারণত দ্রুত হয়,neutral,neutral,neutral,neutral,neutral,neutral
উন্নয়নে শুরু থেকেই আলাদা গুরুত্ব দেওয়া হয়,pro_private,pro_private,pro_private,pro_private,pro_private,pro_private
পাবলিক বিশ্ববিদ্যালয়ের প্রতিযোগিতামূলক পরিবেশ শিক্ষার্থীকে পরিশ্রমী তোলে,pro_public,pro_public,pro_public,pro_public,pro_public,pro_public
ছোট ছোট অগ্রগতি মিলে একসময় বড় পরিবর্তন তৈরি,neutral,pro_private,pro_public,neutral,neutral,neutral
প্রাইভেট বিশ্ববিদ্যালয়ের বিভাগে শিক্ষকশিক্ষার্থীর যোগাযোগ তুলনামূলক কার্যকর হয়,pro_private,pro_private,pro_private,pro_private,pro_private,pro_private
পাবলিক বিশ্ববিদ্যালয়ের শক্তিশালী একাডেমিক ইতিহাস অনেকের সিদ্ধান্তকে প্রভাবিত,pro_public,pro_public,pro_public,pro_public,pro_public,pro_public
নিজের গন্তব্য পরিষ্কার থাকলে পথের বাধা সামলানো সহজ হয়,neutral,neutral,neutral,neutral,neutral,neutral
ভিত্তিক চাপ শিক্ষার্থীদের নিয়মিত পড়ায় রাখে,pro_private,pro_private,pro_private,pro_private,pro_private,neutral
পাবলিক বিশ্ববিদ্যালয়ের ভিন্নমুখী ছাত্রসমাজ বাস্তব জীবন নতুন ধারণা তৈরি,pro_public,pro_public,pro_public,pro_public,pro_public,pro_public
বুঝে শিখো তা দীর্ঘদিন মনে থাকে মুখস্থ করো তা দ্রুত হারিয়ে যায়,neutral,pro_private,neutral,neutral,neutral,neutral
ভালো তে বেশ গুছানো থাকতে পারে,pro_private,pro_private,pro_private,pro_private,pro_private,neutral
পাবলিক বিশ্ববিদ্যালয়ের ভর্তি পরীক্ষায় টিকে থাকা নিজেই একধরনের স্বীকৃতি,pro_public,pro_public,neutral,pro_public,pro_public,pro_public
প্রতিযোগিতায় জিততে হলে নিজের অলসতাকে হারাতে হয়,neutral,neutral,neutral,neutral,neutral,neutral
প্রাইভেট বিশ্ববিদ্যালয় বিদেশে উচ্চশিক্ষার প্রস্তুতিতে শিক্ষার্থীদের বিশেষ সহায়তা দেয়,pro_private,pro_private,pro_private,pro_private,pro_private,pro_private
পাবলিক বিশ্ববিদ্যালয়ের শিক্ষক গবেষণার সুযোগ শিক্ষার্থীর ভবিষ্যৎ পরিকল্পনায় প্রভাব ফেলে,pro_public,pro_public,pro_public,pro_public,pro_public,pro_public
অন্যরা ভাবছে চেয়ে শিখছ সেটাই গুরুত্বপূর্ণ,neutral,pro_private,pro_private,neutral,neutral,neutral
ব্যবস্থা শিক্ষার্থীদের সময়মতো সঠিক কোর্স সাহায্য,pro_private,pro_private,pro_private,pro_private,pro_private,pro_private
দেশের বহু শীর্ষ শিক্ষার্থী এখনো প্রথম পছন্দ হিসেবে পাবলিক বিশ্ববিদ্যালয়কে রাখে,pro_public,pro_public,pro_public,pro_public,pro_public,pro_public
বড় স্বপ্ন দেখার ছোট কাজগুলো নিয়মিত শেষ করার অভ্যাস গড়া দরকার,neutral,neutral,neutral,neutral,neutral,pro_public
প্রাইভেট বিশ্ববিদ্যালয়ের বিভাগে শিক্ষার্থীদের বাস্তব ধারণা দেয়,pro_private,pro_private,pro_private,pro_private,pro_private,pro_private
পাবলিক বিশ্ববিদ্যালয়ের সীমিত সিটের কারণে সেখানে ভর্তি হওয়া কঠিন সম্মানজনক,pro_public,pro_public,pro_public,pro_public,pro_public,pro_public
একদিনে বদল আসে প্রতিদিনের চর্চা মানুষকে বদলে দেয়,neutral,neutral,pro_private,neutral,pro_public,neutral
প্রাইভেট বিশ্ববিদ্যালয়ের চাকরির বাজারের চাহিদা মাথায় রেখে সাজানো হয়,pro_private,pro_private,pro_private,pro_private,pro_private,pro_private
সরকারি সহায়তায় পরিচালিত হওয়ায় পাবলিক বিশ্ববিদ্যালয় শিক্ষাকে তুলনামূলক অন্তর্ভুক্তিমূলক,pro_public,pro_public,pro_public,pro_public,pro_public,pro_public
নিজেকে ভাবা যেমন ক্ষতিকর তেমনি প্রস্তুতি ছাড়াই অতিরিক্ত আত্মবিশ্বাসও ঝুঁকিপূর্ণ,neutral,neutral,neutral,neutral,neutral,neutral
নিয়মিত এর কারণে র শিক্ষার্থীরা পড়াশোনায় পিছিয়ে পড়ার সুযোগ পায়,pro_private,pro_private,pro_private,pro_private,pro_private,pro_private
পাবলিক বিশ্ববিদ্যালয়ের শিক্ষার্থীকে নেতৃত্বগুণ শেখায়,pro_public,neutral,pro_public,pro_public,pro_public,neutral
ভালো রুটিন অসম্ভব কাজকেও সম্ভব তোলে,neutral,neutral,neutral,neutral,neutral,pro_public
এক মানের নয় ভালো প্রতিষ্ঠান বেছে নিলে ফলও ভালো পারে,pro_private,neutral,pro_private,pro_private,pro_private,pro_private
পাবলিক বিশ্ববিদ্যালয় দীর্ঘদিন ধরে দেশের জ্ঞানচর্চার বড় কেন্দ্র হিসেবে কাজ,pro_public,pro_public,pro_public,pro_public,neutral,pro_public
ক্যারিয়ারে এগোতে হলে শেখার ইচ্ছাকে আরামের চেয়ে বড় হয়,neutral,neutral,pro_public,neutral,neutral,pro_private
প্রাইভেট বিশ্ববিদ্যালয়ে এর গুরুত্ব থাকায় শিক্ষার্থীরা সম্পৃক্ত থাকে,pro_private,pro_private,pro_private,pro_private,pro_private,pro_private
পাবলিক বিশ্ববিদ্যালয়ের মেধাভিত্তিক ভর্তি ব্যবস্থা এখনো অনেকের কাছে সবচেয়ে গ্রহণযোগ্য মডেল,pro_public,pro_public,pro_public,pro_public,pro_public,neutral
দ্রুত ফল পেলেও সঠিক পথে এগিয়ে যাওয়া বন্ধ উচিত নয়,neutral,neutral,pro_public,neutral,neutral,neutral
তে শিক্ষার্থীদের এর পরিচিত হওয়ার সুযোগ দেয়,pro_private,pro_private,pro_private,pro_private,pro_private,pro_private
পাবলিক বিশ্ববিদ্যালয়ে বিভিন্ন আর্থসামাজিক পটভূমির শিক্ষার্থীরা একসঙ্গে শিখতে পারে,pro_public,pro_public,pro_public,pro_public,pro_public,pro_public
নিজের উদ্দেশ্য জানে বিভ্রান্ত হওয়ার সম্ভাবনা তুলনামূলক,neutral,pro_private,pro_public,neutral,neutral,pro_private
প্রাইভেট বিশ্ববিদ্যালয়ের প্রোগ্রাম এর মাধ্যমে শেখাকে বাস্তবমুখী,pro_private,pro_private,pro_private,pro_private,neutral,pro_private
পাবলিক বিশ্ববিদ্যালয়ের ডিগ্রি ক্ষেত্রে এখনো সামাজিক স্বীকৃতির শক্ত প্রতীক,pro_public,pro_public,pro_public,pro_public,pro_public,pro_public
শেখার পথে ধৈর্য কখনো কখনো মেধার চেয়েও কাজ দেয়,neutral,neutral,neutral,neutral,neutral,pro_private
থাকায় নতুন শিক্ষার্থীরা দ্রুত মানিয়ে পারে,pro_private,pro_private,pro_private,pro_private,pro_private,pro_private
পাবলিক বিশ্ববিদ্যালয়ের বড় পরিসরের একাডেমিক পরিবেশ শিক্ষার্থীদের নানা দিক গড়ে তোলে,pro_public,pro_public,pro_public,pro_public,pro_public,neutral
শুরুতে ধীর গতি মানেই ব্যর্থতা নয় দিক সঠিক থাকে,neutral,neutral,neutral,neutral,pro_private,neutral
ভালো শিক্ষার্থীদের —তিন দিকেই উন্নত পারে,pro_private,pro_private,pro_private,pro_private,pro_private,pro_private
ভালো বিশ্ববিদ্যালয় সুযোগ দিতে পারে সুযোগ কাজে লাগানো শিক্ষার্থীর নির্ভর,neutral,neutral,neutral,neutral,neutral,neutral
প্রাইভেট বিশ্ববিদ্যালয়ে ছোট থাকার কারণে শিক্ষকরা শিক্ষার্থীদের সময় দিতে পারেন,pro_private,pro_private,pro_private,pro_private,pro_private,pro_private
পাবলিক বিশ্ববিদ্যালয়ের ভর্তি পরীক্ষা এখনো সবচেয়ে প্রতিযোগিতামূলক একাডেমিক বাছাইগুলোর হিসেবে ধরা হয়,pro_public,pro_public,pro_public,pro_public,pro_public,pro_public
আজকের ছোট উন্নতিই আগামী দিনের বড় আত্মবিশ্বাস তৈরি,neutral,neutral,pro_public,neutral,neutral,neutral
তে বেশ নিয়মতান্ত্রিকভাবে অনুসরণ হয়,pro_private,pro_private,pro_private,pro_public,neutral,pro_private
পাবলিক বিশ্ববিদ্যালয়ে সুযোগ পাওয়া পরিবারে এখনো বিশেষ মর্যাদার বিষয়,pro_public,pro_public,pro_public,pro_public,pro_public,pro_public
নিজের লক্ষ্য পরিষ্কার থাকলে ভালো সুযোগও সময় নষ্ট হয়ে যায়,neutral,neutral,neutral,neutral,neutral,neutral
প্রাইভেট বিশ্ববিদ্যালয়ের কোর্সে দেখা যায়,pro_private,pro_private,pro_private,pro_private,pro_private,pro_private
পাবলিক বিশ্ববিদ্যালয়ের বিস্তৃত ছাত্রসমাজ অনেককে বাস্তব সমাজ গভীর ধারণা দেয়,pro_public,neutral,pro_public,pro_public,pro_public,pro_public
অন্যের গতি দেখে হতাশ হয়ে নিজের ধারাবাহিকতায় মন দেওয়া জরুরি,neutral,neutral,neutral,neutral,neutral,neutral
প্রাইভেট বিশ্ববিদ্যালয়ের বিভাগে উন্নয়নে আলাদা কর্মশালা আয়োজন হয়,pro_private,pro_private,neutral,pro_private,pro_private,pro_private
পাবলিক বিশ্ববিদ্যালয়ের ঐতিহ্য ইতিহাস বহু শিক্ষার্থীর কাছে অনুপ্রেরণার উৎস,pro_public,pro_public,pro_public,pro_public,neutral,pro_public
ভালো ফল করার অনুপ্রেরণার চেয়ে অভ্যাস স্থায়ী শক্তি,neutral,neutral,neutral,neutral,neutral,neutral
এর ওপর জোর থাকায় শিক্ষার্থীরা ব্যস্ত থাকে,pro_private,pro_private,pro_private,pro_private,pro_private,pro_private
পাবলিক বিশ্ববিদ্যালয়ের মেধাবী শিক্ষার্থীর উচ্চশিক্ষাকে সম্ভব তোলে,pro_public,pro_public,pro_public,pro_public,pro_public,pro_public
নিজেকে প্রতিদিন মূল্যায়ন উন্নতি সাধারণত দ্রুত হয়,neutral,neutral,neutral,neutral,neutral,pro_public
তে থাকায় শিক্ষার্থীরা আগেই বাস্তব কর্মপরিবেশের স্বাদ পায়,pro_private,pro_private,pro_private,pro_private,pro_private,pro_private
দেশের শিক্ষার্থীর কাছে পাবলিক বিশ্ববিদ্যালয়ে ভর্তি হওয়া জীবন বদলে দেওয়ার ঘটনা,pro_public,pro_public,pro_public,pro_public,pro_public,pro_public
শেখার সবচেয়ে বড় বাধা নিয়মিত শুরু,neutral,pro_private,neutral,pro_public,neutral,neutral
প্রাইভেট বিশ্ববিদ্যালয়ের প্রোগ্রাম এর মাধ্যমে শিক্ষার্থীদের সক্ষমতা বাড়ায়,pro_private,pro_private,pro_private,pro_private,pro_private,pro_private
পাবলিক বিশ্ববিদ্যালয়ের বহু শিক্ষক গবেষণা একাডেমিক নেতৃত্বে গুরুত্বপূর্ণ অবদান রাখেন,pro_public,pro_public,pro_public,pro_public,pro_public,pro_public
পরিশ্রমের সঠিক দিকনির্দেশনা থাকলে ফল পেতে দেরি হয়,neutral,pro_private,neutral,neutral,neutral,neutral
এর দিকে শুরু থেকেই গুরুত্ব দেওয়া হয়,pro_private,pro_private,pro_private,pro_private,pro_private,pro_private
পাবলিক বিশ্ববিদ্যালয় এখনো দেশের উচ্চশিক্ষার মানদণ্ড নির্ধারণে বড় ভূমিকা রাখে,pro_public,pro_public,pro_public,pro_public,pro_public,pro_public
কোথা শুরু করেছ তা নয় কোথায় পৌঁছাতে চাও সেটাই গুরুত্বপূর্ণ,neutral,neutral,neutral,neutral,neutral,neutral
প্রাইভেট বিশ্ববিদ্যালয় ব্যবহার নতুন শিক্ষার্থীদের চাকরির দিকনির্দেশনা দেয়,pro_private,pro_private,neutral,pro_public,pro_private,pro_private
পাবলিক বিশ্ববিদ্যালয়ের বৈচিত্র্যময় পরিবেশ সময় চিন্তাভাবনাকে পরিণত,pro_public,pro_public,pro_public,pro_public,pro_public,pro_public
শুরুতে ধীর অগ্রগতি থাকলেও নিয়মিত থাকলে ফল একসময় স্পষ্ট হয়,neutral,pro_public,neutral,neutral,neutral,neutral
ভালো তে পড়লে এর চর্চা দ্রুত গড়ে ওঠে,pro_private,pro_private,pro_private,pro_private,pro_private,pro_private
পাবলিক বিশ্ববিদ্যালয়ের ভর্তির সুযোগ সামাজিক অর্থনৈতিকভাবে শিক্ষার্থীর পারে,pro_public,neutral,pro_public,pro_public,pro_public,pro_public
কঠিন সময়েও থামে তারাই সাধারণত একসময় এগিয়ে যায়,neutral,neutral,neutral,neutral,neutral,neutral
শিক্ষার্থীদের বেশ সাহায্য,pro_private,pro_private,pro_private,pro_private,pro_private,neutral
পাবলিক বিশ্ববিদ্যালয়ের শক্তিশালী প্রতিযোগিতামূলক পরিবেশ মেধাকে ধারালো তুলতে পারে,pro_public,pro_public,pro_public,pro_public,pro_public,neutral
প্রতিদিনের ছোট শৃঙ্খলাই বড় স্বপ্নকে বাস্তবের দিকে এগিয়ে নেয়,neutral,neutral,neutral,neutral,neutral,neutral
প্রাইভেট বিশ্ববিদ্যালয়ের বিভাগে থাকায় শিক্ষার্থীরা দ্রুত আত্মবিশ্বাস পায়,pro_private,pro_private,neutral,pro_private,pro_private,pro_private
শীর্ষস্থানীয় শিক্ষার্থী আজও প্রথম পছন্দ হিসেবে পাবলিক বিশ্ববিদ্যালয়কে রাখে,pro_public,pro_public,pro_public,pro_public,pro_public,pro_public
খারাপ শুরু মানেই খারাপ শেষ নয় শেখার মানসিকতা থাকে,neutral,neutral,neutral,neutral,neutral,neutral
তে তুলনামূলক দ্রুত সহজলভ্য হয়,pro_private,pro_private,pro_private,neutral,pro_private,pro_private
পাবলিক বিশ্ববিদ্যালয়ের দীর্ঘমেয়াদি একাডেমিক সংস্কৃতি অনেককে গবেষণায় আগ্রহী তোলে,pro_public,pro_public,pro_public,pro_public,pro_public,pro_public
বোঝার পড়ে জ্ঞান সাধারণত পরীক্ষার পরেও টিকে থাকে,neutral,neutral,neutral,neutral,neutral,pro_public
ভালো পড়েও শিক্ষার্থী সফল হয়,pro_private,pro_private,pro_private,pro_private,pro_private,pro_private
পাবলিক বিশ্ববিদ্যালয়ের শিক্ষাব্যবস্থা খরচে বৃহৎ জনগোষ্ঠীকে উচ্চশিক্ষার সুযোগ দেয়,pro_public,pro_public,neutral,pro_public,pro_public,pro_public
নিজের সন্দেহ কমিয়ে প্রস্তুতি বাড়ানোই সবচেয়ে কার্যকর কৌশল,neutral,neutral,neutral,neutral,neutral,neutral
দ্রুত হওয়ায় শিক্ষার্থীরা নতুন জানে,pro_private,pro_private,pro_private,pro_private,pro_private,pro_private
পাবলিক বিশ্ববিদ্যালয়ের বৃহৎ ক্যাম্পাসজীবন অনেকের ব্যক্তিত্ব নেতৃত্বের গুণ গড়ে তোলে,pro_public,pro_public,neutral,neutral,pro_private,pro_public
একদিনে পড়ার চেয়ে প্রতিদিন নিয়মিত পড়া ফলদায়ক,neutral,neutral,pro_public,neutral,neutral,pro_public
নতুন শিক্ষার্থীদের মানিয়ে সহায়তা,pro_private,pro_private,pro_private,pro_private,pro_private,pro_private
পাবলিক বিশ্ববিদ্যালয়ে পড়ার সুযোগ এখনো বহু শিক্ষার্থীর কাছে আজীবনের অর্জন,pro_public,pro_public,pro_public,pro_public,pro_public,pro_public
সঠিক দিক জানা থাকলে ধীর অগ্রগতিও আত্মবিশ্বাসী লাগে,neutral,neutral,neutral,neutral,neutral,neutral
সুশৃঙ্খল পরিবেশ শিক্ষার্থীদের বাড়াতে পারে,pro_private,pro_private,pro_private,pro_private,pro_private,pro_private
ভর্তি হওয়ার নিজের দায়িত্ব বুঝে চলতে পারাই একজন শিক্ষার্থীর বড় পরিপক্বতা,neutral,pro_private,neutral,neutral,pro_private,neutral
প্রাইভেট বিশ্ববিদ্যালয়ে নিয়মিত নেওয়ার কারণে শিক্ষার্থীদের আত্মবিশ্বাস বাড়ে,pro_private,pro_private,pro_private,pro_private,pro_private,neutral
পাবলিক বিশ্ববিদ্যালয়ের ভর্তি পরীক্ষায় টিকে থাকা এখনো অসাধারণ প্রতিযোগিতামূলক সাফল্য হিসেবে দেখা হয়,pro_public,pro_public,pro_public,pro_public,pro_public,pro_public
অল্প অল্প প্রতিদিন উন্নতি একসাথে চাপ নেওয়ার চেয়ে কার্যকর,neutral,neutral,neutral,neutral,neutral,neutral
তে নির্দিষ্ট থাকায় তুলনামূলক হয়,pro_private,pro_private,pro_private,pro_private,pro_private,pro_private
পাবলিক বিশ্ববিদ্যালয়ে পড়ার সুযোগ পরিবারে গর্ব স্বীকৃতির বিষয় হয়ে থাকে,pro_public,pro_public,pro_public,pro_public,pro_public,pro_public
শুরুতে দেরি হলেও ধারাবাহিকতা থাকলে ভালো ফল পাওয়া সম্ভব,neutral,neutral,neutral,neutral,neutral,neutral
প্রাইভেট বিশ্ববিদ্যালয়ে শিক্ষার্থীদের বাস্তব সমস্যার পরিচিত,pro_private,pro_private,pro_private,pro_private,pro_private,pro_private
খরচে উচ্চশিক্ষা নিশ্চিত করার ক্ষেত্রে পাবলিক বিশ্ববিদ্যালয়ের ভূমিকা অত্যন্ত গুরুত্বপূর্ণ,pro_public,pro_public,pro_public,pro_public,pro_public,neutral
নিজেকে ছোট ভাবা বন্ধ করলে উন্নতির পথ অনেকটাই পরিষ্কার হয়ে যায়,neutral,neutral,neutral,neutral,neutral,neutral
শিক্ষার্থীদের সঠিক সাহায্য,pro_private,pro_private,pro_private,pro_private,pro_private,pro_private
পাবলিক বিশ্ববিদ্যালয়ের ইতিহাস ঐতিহ্য অবদান বহু শিক্ষার্থীকে অনুপ্রাণিত,pro_public,pro_public,pro_public,pro_public,pro_public,pro_public
ব্যর্থতা শেখার মানসিকতা থাকলে সেটাই পরের সাফল্যের ভিত্তি হয়,neutral,neutral,neutral,neutral,neutral,neutral
প্রাইভেট বিশ্ববিদ্যালয়ের বিভাগে চাকরির প্রস্তুতিকে এগিয়ে দেয়,pro_private,pro_private,pro_private,pro_private,pro_private,pro_private
পাবলিক বিশ্ববিদ্যালয়ের বড় ক্যাম্পাস বৈচিত্র্যময় ছাত্রসমাজ বাস্তব অভিজ্ঞতা বাড়ায়,pro_public,pro_public,pro_public,pro_public,neutral,pro_private
কাজ ফেলে রাখার অভ্যাসই স্বপ্নকে ধীরে ধীরে দুর্বল দেয়,neutral,neutral,neutral,neutral,neutral,neutral
ছোট হওয়ার কারণে পাওয়া সহজ হয়,pro_private,pro_private,pro_private,neutral,pro_private,pro_private
দেশের অসংখ্য শিক্ষার্থীর দীর্ঘদিনের স্বপ্ন থাকে ভালো পাবলিক বিশ্ববিদ্যালয়ে ভর্তি হওয়া,pro_public,pro_public,pro_public,pro_public,pro_public,pro_public
নিজের লক্ষ্য জানে তুলনায় বিভ্রান্ত হয়,neutral,neutral,neutral,neutral,neutral,neutral
প্রাইভেট বিশ্ববিদ্যালয়ে শেখানো হয় কর্মজীবনে কাজে লাগে,pro_private,pro_private,pro_private,pro_private,pro_private,pro_private
পাবলিক বিশ্ববিদ্যালয়ের সাশ্রয়ী খরচ বহু মেধাবী শিক্ষার্থীর উচ্চশিক্ষার দরজা খুলে দেয়,pro_public,pro_public,pro_public,pro_public,pro_public,pro_public
একই গতিতে শেখে নিজের অগ্রগতিকেই মানদণ্ড বানানো উচিত,neutral,neutral,neutral,neutral,neutral,neutral
তে এর মাধ্যমে গড়ে ওঠে,pro_private,pro_private,pro_private,pro_private,pro_private,pro_private
পাবলিক বিশ্ববিদ্যালয়ের প্রতিযোগিতামূলক পরিবেশ শিক্ষার্থীদের মানসিক দৃঢ়তা বাড়াতে সাহায্য,pro_public,pro_public,neutral,pro_public,pro_public,neutral
প্রতিদিনের ছোট শৃঙ্খলাই একসময় বড় সাফল্যের অভ্যাসে পরিণত হয়,neutral,neutral,pro_public,pro_public,neutral,neutral
ভালো তে সেবা শিক্ষার্থীর কার্যকর পারে,pro_private,pro_private,pro_private,pro_private,pro_private,pro_private
পাবলিক বিশ্ববিদ্যালয় এখনো দেশের উচ্চশিক্ষার অন্যতম মানদণ্ড হিসেবে বিবেচিত হয়,pro_public,pro_public,pro_public,pro_public,pro_public,pro_public
নিজের উন্নতির নিজেই জবাবদিহি তৈরি গতি সাধারণত হয়,neutral,neutral,neutral,neutral,neutral,neutral
শিক্ষকরা দ্রুত দেওয়ায় শেখার ঘাটতি কমে,pro_private,pro_private,neutral,pro_private,pro_private,pro_public
পাবলিক বিশ্ববিদ্যালয়ের সময় ভবিষ্যৎ সুযোগ তৈরিতে সহায়ক হয়,pro_public,pro_public,pro_public,pro_public,neutral,pro_public
প্রথমে নিখুঁত হওয়া দরকার নিয়মিত হওয়াই জরুরি,neutral,neutral,neutral,neutral,neutral,neutral
প্রাইভেট বিশ্ববিদ্যালয়ে শিক্ষার্থীদের বুঝতে সাহায্য,pro_private,pro_private,pro_public,pro_private,pro_private,pro_private
পাবলিক বিশ্ববিদ্যালয়ে পড়ার সুযোগ পাওয়া বহু পরিবারের অর্থনৈতিক চাপও কমায়,pro_public,pro_public,pro_public,pro_public,pro_public,pro_public
বুঝে শেখা হয় তা আত্মবিশ্বাস বাড়ায় মুখস্থ হয় তা দ্রুত ভুলে যায়,neutral,neutral,neutral,neutral,neutral,neutral
কড়াকড়ি হওয়ায় শিক্ষার্থীরা নিয়মিত ক্লাসে থাকে,pro_private,pro_private,pro_private,pro_private,pro_private,pro_private
পাবলিক বিশ্ববিদ্যালয়ের বহু বিভাগ এখনও গবেষণা উচ্চশিক্ষার শক্ত ভিত্তি তৈরি,pro_public,pro_public,pro_public,pro_public,pro_public,pro_public
নিজের গতিকে সম্মান পারলে অযথা মানসিক চাপ কমে যায়,neutral,pro_public,neutral,neutral,neutral,neutral
প্রাইভেট বিশ্ববিদ্যালয়ের অনুযায়ী দ্রুত হয়,pro_private,pro_private,pro_private,pro_private,pro_private,pro_private
পাবলিক বিশ্ববিদ্যালয়ে বিভিন্ন আর্থসামাজিক পটভূমির শিক্ষার্থীরা একসাথে শেখার সুযোগ পায়,pro_public,pro_public,pro_public,pro_public,pro_public,pro_public
সফল গেলে অনুপ্রেরণার চেয়ে দীর্ঘমেয়াদি অভ্যাস গুরুত্বপূর্ণ,neutral,pro_private,pro_public,neutral,pro_private,neutral
তে শিক্ষার্থীদের শুরুতেই বাস্তব অভিজ্ঞতা দেয়,pro_private,pro_private,pro_private,pro_private,pro_private,pro_private
পাবলিক বিশ্ববিদ্যালয়ের সীমিত সিট তীব্র প্রতিযোগিতা মূল্যকে বাড়িয়ে তোলে,pro_public,pro_public,pro_public,pro_public,pro_public,pro_public
ডিগ্রির পাশাপাশি যোগাযোগ দক্ষতা সমস্যা সমাধানের ক্ষমতাও সমান গুরুত্বপূর্ণ,neutral,neutral,neutral,neutral,neutral,neutral
প্রাইভেট বিশ্ববিদ্যালয়ে বা শিক্ষার্থীদের পড়াশোনায় সক্রিয় রাখে,pro_private,pro_private,pro_private,pro_private,pro_public,pro_private
দেশের বহু কৃতী শিক্ষার্থীর কাছে প্রথম পছন্দ এখনো শীর্ষ পাবলিক বিশ্ববিদ্যালয়,pro_public,pro_public,pro_public,pro_public,pro_public,pro_public
কোথায় আছ তা নয় আজ শিখলে সেটাই মূল্যবান,neutral,neutral,neutral,pro_public,pro_public,neutral
ভালো শিক্ষার্থীদের উন্নত পারে,pro_private,pro_private,pro_private,neutral,pro_private,pro_private
পাবলিক বিশ্ববিদ্যালয়ের ক্যাম্পাসজীবন শিক্ষার্থীকে সামাজিক বাস্তবতা বুঝতে সাহায্য,pro_public,pro_public,pro_public,pro_private,pro_public,pro_public
অগ্রগতি ধীর হলেও সঠিক পথে থাকাটা সবসময়ই গুরুত্বপূর্ণ,neutral,neutral,neutral,neutral,neutral,pro_private
সুশৃঙ্খল পরিবেশ —সবই অর্জন সম্ভব,pro_private,pro_private,pro_private,pro_private,pro_private,pro_private
শিক্ষার্থী নিজের অগ্রগতি নিজে মাপতে শেখে তুলনায় আত্মবিশ্বাসী হয়ে ওঠে,neutral,neutral,pro_public,pro_private,neutral,neutral
প্রাইভেট বিশ্ববিদ্যালয়ে এর কাজ করার সুযোগ শিক্ষার্থীদের বাস্তব ধারণা দেয়,pro_private,neutral,pro_private,pro_private,pro_private,pro_private
পাবলিক বিশ্ববিদ্যালয়ে ভর্তি হওয়া এখনো বহু শিক্ষার্থীর কাছে বড় স্বপ্নপূরণের সমান,pro_public,pro_public,pro_public,pro_public,pro_public,pro_public
প্রতিদিনের ছোট কাজগুলো শেষ করার অভ্যাসই বড় লক্ষ্যে পৌঁছাতে সাহায্য,neutral,neutral,pro_private,neutral,pro_public,neutral
তে এর মাধ্যমে নিয়মিত শেখা নিশ্চিত হয়,pro_private,pro_private,pro_private,pro_private,pro_private,pro_private
পাবলিক বিশ্ববিদ্যালয়ের সাশ্রয়ী খরচ শিক্ষাকে অনেকের নাগালের রাখে,pro_public,pro_public,pro_public,pro_public,pro_public,pro_public
নিজের দুর্বলতা বুঝে সেখানে কাজ উন্নতির সবচেয়ে কার্যকর উপায়গুলোর,neutral,neutral,pro_private,neutral,neutral,neutral
প্রাইভেট বিশ্ববিদ্যালয়ে শিক্ষার্থীদের ভবিষ্যৎ চাকরির সুযোগ বাড়ায়,pro_private,pro_private,neutral,pro_private,pro_private,pro_private
পাবলিক বিশ্ববিদ্যালয়ের একাডেমিক পরিবেশ শিক্ষার্থীকে চিন্তা বিশ্লেষণে পরিণত,pro_public,pro_public,pro_public,pro_public,pro_public,pro_public
লক্ষ্য যত বড়ই হোক শুরুটা সবসময় ছোট ছোট অভ্যাস দিয়েই হয়,neutral,neutral,neutral,neutral,pro_private,neutral
উন্নয়নে আলাদা দেওয়া হয়,pro_private,pro_private,pro_private,pro_private,pro_private,neutral
পাবলিক বিশ্ববিদ্যালয়ের ভর্তির সুযোগ সমাজের বহু শিক্ষার্থীর তৈরি,pro_public,pro_public,pro_public,pro_public,pro_public,pro_public
প্রস্তুতি ছাড়া আত্মবিশ্বাস যেমন ঝুঁকিপূর্ণ তেমনি আত্মবিশ্বাস ছাড়া প্রস্তুতিও অসম্পূর্ণ,neutral,neutral,neutral,neutral,neutral,neutral
প্রাইভেট বিশ্ববিদ্যালয়ে শিক্ষার্থীদের হাতেকলমে শেখায় সহায়তা,pro_private,pro_private,neutral,pro_private,pro_private,pro_private
দেশের বহু শীর্ষ পরীক্ষার্থী এখনও পাবলিক বিশ্ববিদ্যালয়কেই প্রথম লক্ষ্য হিসেবে ধরে,pro_public,pro_public,neutral,pro_public,pro_public,pro_public
নিজেকে প্রতিদিন সামান্য উন্নত দীর্ঘমেয়াদে বিশাল পার্থক্য গড়ে দেয়,neutral,neutral,neutral,neutral,neutral,neutral
ভালো তে শেখার সুযোগ পাওয়া যায়,pro_private,pro_private,pro_private,pro_private,pro_private,pro_private
পাবলিক বিশ্ববিদ্যালয়ের ডিগ্রির প্রতি এখনো পরিবার প্রতিষ্ঠানের আলাদা আস্থা রয়েছে,pro_public,pro_public,pro_public,pro_public,pro_public,pro_public
নিজের সময়কে মূল্য দেয় সাধারণত সুযোগও ভালোভাবে কাজে লাগাতে পারে,neutral,pro_public,neutral,neutral,neutral,neutral
তুলনামূলক দ্রুত পাওয়া যায় বলে শিক্ষার্থীরা সমস্যার সমাধান সহজে পায়,pro_private,pro_private,pro_private,pro_private,pro_private,pro_private
পাবলিক বিশ্ববিদ্যালয় খরচে মানসম্মত উচ্চশিক্ষার অন্যতম বড় মাধ্যম,pro_public,pro_public,pro_public,neutral,pro_public,pro_public
সঠিক পরিকল্পনা থাকলে মাঝারি শুরু থেকেও শক্তিশালী ফল অর্জন সম্ভব,neutral,neutral,neutral,neutral,neutral,neutral
প্রাইভেট বিশ্ববিদ্যালয়ে শিক্ষার্থীদের সবসময় প্রস্তুত রাখে,pro_private,pro_private,pro_private,pro_private,pro_private,neutral
পাবলিক বিশ্ববিদ্যালয়ের বৈচিত্র্যময় ছাত্রসমাজ সামাজিক সাংস্কৃতিক বোঝাপড়া বাড়ায়,pro_public,pro_public,pro_public,pro_public,pro_public,pro_private
প্রতিদিন শুরু পারা সময় প্রতিভার চেয়েও শক্তিশালী গুণ,neutral,neutral,neutral,pro_public,neutral,pro_private
এর বিশেষ আয়োজন হয়,pro_private,pro_private,pro_private,pro_private,pro_public,pro_private
পাবলিক বিশ্ববিদ্যালয়ের তীব্র প্রতিযোগিতা শিক্ষার্থীকে মনোযোগী তোলে,pro_public,pro_public,pro_public,pro_public,pro_public,pro_public
অন্যের সাফল্যের নিজের পথ তুলনা করলে অযথা চাপ বাড়ে,neutral,neutral,neutral,neutral,neutral,neutral
প্রাইভেট বিশ্ববিদ্যালয় শুরু থেকেই জোর দেয়,pro_private,pro_private,pro_private,pro_private,pro_private,pro_private
পাবলিক বিশ্ববিদ্যালয়ের দীর্ঘ ঐতিহ্য অনেকের কাছে একাডেমিক মর্যাদার প্রতীক,pro_public,pro_public,pro_public,pro_public,pro_public,pro_public
কঠিন সময়েও থেমে গিয়ে ছোট পদক্ষেপ নেওয়াই এগিয়ে থাকার উপায়,neutral,neutral,pro_public,neutral,neutral,neutral
শিক্ষার্থীদের গুরুত্বপূর্ণ ভূমিকা রাখে,pro_private,pro_private,pro_private,pro_private,pro_private,pro_private
পাবলিক বিশ্ববিদ্যালয়ে টিকে থাকা পড়া সময় শিক্ষার্থীর অধ্যবসায়েরও প্রমাণ দেয়,pro_public,pro_public,pro_public,pro_public,pro_public,pro_public
শুধু পরীক্ষার নয় বোঝার পড়লে জ্ঞানের ভিত্তি মজবুত হয়,neutral,neutral,neutral,neutral,neutral,neutral
তে ব্যবহারের ফলে শেখার অভিজ্ঞতা গতিশীল হয়,pro_private,pro_private,pro_private,pro_private,pro_private,pro_private
পাবলিক বিশ্ববিদ্যালয়ের গবেষণা বিতর্ক বুদ্ধিবৃত্তিক চর্চা শিক্ষার্থীকে বিস্তৃতভাবে গড়ে তোলে,pro_public,pro_public,pro_public,pro_public,pro_public,pro_public
দীর্ঘ পথ পাড়ি দিতে হলে প্রথমে নিজের অনিয়মকে নিয়ন্ত্রণ হয়,neutral,neutral,neutral,neutral,neutral,neutral
প্রাইভেট বিশ্ববিদ্যালয়ের শিক্ষার্থীদের বাস্তব চাকরির প্রস্তুত,pro_private,pro_private,pro_private,pro_private,neutral,neutral
পাবলিক বিশ্ববিদ্যালয়ে ভর্তি হওয়া বহু শিক্ষার্থীর কাছে সামাজিক স্বীকৃতির বড় ধাপ,pro_public,pro_public,pro_public,pro_public,pro_public,pro_public
মনোযোগ ধরে রাখার ক্ষমতা শেখার গতি বাড়িয়ে দিতে পারে,neutral,neutral,neutral,neutral,neutral,neutral
তে শক্তিশালী হওয়ায় শিক্ষার্থীরা দ্রুত ভুল ধরতে পারে,pro_private,pro_private,pro_private,pro_public,pro_private,pro_private
পাবলিক বিশ্ববিদ্যালয়ের ভর্তি প্রক্রিয়া এখনো মেধাভিত্তিক বাছাইয়ের গুরুত্বপূর্ণ উদাহরণ হিসেবে বিবেচিত হয়,pro_public,pro_public,pro_public,pro_public,pro_public,pro_public
স্বপ্ন বড় হলে রুটিনও বড় দায়িত্বের মানতে হয়,neutral,neutral,neutral,neutral,neutral,pro_public
প্রাইভেট বিশ্ববিদ্যালয়ে নিয়মিত শিক্ষার্থীদের দৃষ্টিভঙ্গি বাড়ায়,pro_private,pro_private,pro_private,pro_private,pro_private,pro_private
পাবলিক বিশ্ববিদ্যালয়ের বড় নেটওয়ার্ক সময় শিক্ষার্থীদের ভবিষ্যৎ একাডেমিক পেশাগত সুযোগে সহায়ক হয়,pro_public,pro_public,pro_public,pro_public,pro_public,pro_public
নিজের গতি ধীর হলেও শেখার ইচ্ছা টিকে থাকলে থেমে যেতে হয়,neutral,neutral,neutral,neutral,neutral,neutral
ভালো —তিনটিই অর্জন সম্ভব,pro_private,pro_private,pro_private,pro_private,pro_private,neutral
পাবলিক বিশ্ববিদ্যালয় এখনও বহু মেধাবী শিক্ষার্থীর কাছে সবচেয়ে কাঙ্ক্ষিত গন্তব্যগুলোর,pro_public,pro_public,pro_public,pro_public,pro_public,pro_public
বড় লক্ষ্যকে ছোট ধাপে ভাঙতে পারলে তা অর্জন সহজ হয়ে যায়,neutral,neutral,neutral,neutral,neutral,pro_public
সুশৃঙ্খল শিক্ষার্থীদের উল্লেখযোগ্যভাবে বাড়াতে পারে,pro_private,pro_private,pro_private,pro_private,pro_private,neutral
বিশ্ববিদ্যালয়ে ভর্তি হওয়া গুরুত্বপূর্ণ সেখানে নিজেকে গড়ে তোলাই আসল কাজ,neutral,neutral,neutral,neutral,neutral,neutral
প্রাইভেট বিশ্ববিদ্যালয়ে শিক্ষার্থীদের চাকরির বাজারে দ্রুত মানিয়ে সাহায্য,pro_private,pro_private,pro_private,pro_private,pro_private,pro_private
পাবলিক বিশ্ববিদ্যালয়ের ভর্তি প্রতিযোগিতা এখনও দেশের সবচেয়ে সম্মানজনক একাডেমিক চ্যালেঞ্জগুলোর,pro_public,neutral,pro_public,pro_public,neutral,pro_public
প্রতিদিন শেখার অভ্যাস ধরে রাখে ধীরে হলেও নিশ্চিতভাবে এগোয়,neutral,neutral,neutral,pro_public,pro_public,neutral
তে ছোট থাকার কারণে শিক্ষকরা শিক্ষার্থীদের অগ্রগতি ভালোভাবে পর্যবেক্ষণ পারেন,pro_private,pro_private,pro_private,pro_private,pro_private,pro_private
পাবলিক বিশ্ববিদ্যালয়ে সুযোগ পাওয়া শিক্ষার্থীর মেধা অধ্যবসায়ের বড় স্বীকৃতি,pro_public,pro_public,pro_public,pro_public,pro_public,pro_public
নিজের লক্ষ্য পরিষ্কার থাকলে বাইরের কথাবার্তা মনোযোগ নষ্ট পারে,neutral,neutral,neutral,neutral,neutral,neutral
প্রাইভেট বিশ্ববিদ্যালয়ে চাকরি খুঁজতে বাস্তব সহায়তা দেয়,pro_private,pro_private,neutral,pro_private,pro_private,pro_private
পাবলিক বিশ্ববিদ্যালয় তুলনামূলক খরচে উচ্চশিক্ষা পাওয়ার সুযোগ তৈরি,pro_public,pro_public,pro_public,pro_public,pro_public,pro_public
সময় ধীরে এগোনোও সঠিক পথে থাকার লক্ষণ পারে,neutral,neutral,pro_private,neutral,pro_public,neutral
এর শুরু থেকেই গুরুত্ব দেওয়া হয়,pro_private,pro_private,pro_private,pro_private,neutral,pro_private
পাবলিক বিশ্ববিদ্যালয়ের বিস্তৃত ক্যাম্পাসজীবন শিক্ষার্থীদের চিন্তাভাবনাকে পরিণত,pro_public,pro_public,pro_public,pro_public,pro_public,pro_public
সাফল্য সাধারণত একদিনে আসে ছোট ছোট শৃঙ্খলা মিলেই তা তৈরি হয়,neutral,neutral,neutral,neutral,neutral,neutral
প্রাইভেট বিশ্ববিদ্যালয়ে নিয়মিত শিক্ষার্থীদের আপডেট রাখে,pro_private,pro_private,pro_private,pro_private,pro_private,pro_private
পাবলিক বিশ্ববিদ্যালয়ের সীমিত সিটে সুযোগ পাওয়া এখনো বহু শিক্ষার্থীর দীর্ঘ লড়াইয়ের ফল,pro_public,pro_public,pro_public,pro_public,pro_public,neutral
নিজের ভুল স্বীকার দুর্বলতা নয় বরং উন্নতির প্রথম ধাপ,neutral,neutral,pro_private,neutral,pro_private,neutral
ভালো তে এর মাধ্যমে বাস্তব দক্ষতা তৈরি হয়,pro_private,pro_private,pro_private,pro_private,pro_private,pro_private
পাবলিক বিশ্ববিদ্যালয়ের ঐতিহ্য একাডেমিক মর্যাদা এখনো অনেকের কাছে বিশেষ আকর্ষণ,pro_public,pro_public,pro_public,pro_public,pro_public,pro_public
নিয়মিত চর্চা হয় সেটাই একসময় আত্মবিশ্বাসে পরিণত হয়,neutral,neutral,neutral,neutral,pro_public,neutral
শিক্ষার্থীদের সহায়তা,pro_private,pro_private,pro_private,pro_private,pro_private,pro_private
পাবলিক বিশ্ববিদ্যালয়ে ভিন্ন অঞ্চল শ্রেণির শিক্ষার্থীরা একসাথে শেখার সুযোগ পায়,pro_public,pro_public,pro_public,pro_public,pro_public,neutral
একবারে বড় পরিবর্তনের চেয়ে ধারাবাহিক ছোট পরিবর্তন স্থায়ী ফল দেয়,neutral,neutral,pro_private,pro_private,neutral,neutral
প্রাইভেট বিশ্ববিদ্যালয়ে বাধ্যতামূলক হওয়ায় শিক্ষার্থীরা সক্রিয় থাকে,pro_private,pro_private,pro_private,pro_private,pro_private,pro_private
পাবলিক বিশ্ববিদ্যালয়ের একাডেমিক পরিবেশ বহু শিক্ষার্থীকে গবেষণা উচ্চশিক্ষার দিকে আগ্রহী,pro_public,pro_public,pro_public,pro_public,pro_private,pro_public
অন্যের অবস্থান দেখে নয় নিজের অগ্রগতি দেখে অনুপ্রাণিত হওয়াই ভালো,neutral,neutral,neutral,neutral,neutral,pro_public
তে নিয়মিত এর কারণে শিক্ষার্থীরা সেমিস্টারজুড়ে পড়াশোনায় যুক্ত থাকে,pro_private,pro_private,pro_private,pro_private,pro_private,pro_private
পাবলিক বিশ্ববিদ্যালয় বহু মেধাবী শিক্ষার্থীর অর্থনৈতিকভাবে সবচেয়ে বাস্তবসম্মত পথ,pro_public,pro_public,pro_public,pro_public,pro_public,pro_public
নিজের সময়কে মূল্য দিতে শেখে সুযোগকেও ভালোভাবে কাজে লাগাতে পারে,neutral,neutral,neutral,neutral,pro_public,neutral
থাকায় শিক্ষার্থীরা ভবিষ্যৎ পরিকল্পনা গুছিয়ে পারে,pro_private,pro_private,neutral,pro_private,pro_private,pro_private
পাবলিক বিশ্ববিদ্যালয়ের কঠিন ভর্তি প্রক্রিয়া এখনো মেধার বড় পরীক্ষাগুলোর হিসেবে বিবেচিত হয়,pro_public,pro_public,pro_public,pro_public,pro_public,pro_public
প্রতিভার চেয়ে দীর্ঘসময় ধরে চেষ্টা করার ক্ষমতা সময় গুরুত্বপূর্ণ,neutral,neutral,neutral,neutral,pro_public,neutral
প্রাইভেট বিশ্ববিদ্যালয়ের শিক্ষার্থীদের শেখাকে সহজ তোলে,pro_private,pro_private,pro_private,pro_private,pro_private,pro_private
পাবলিক বিশ্ববিদ্যালয়ের ডিগ্রির ওপর এখনো সমাজের বহু মানুষের আলাদা আস্থা রয়েছে,pro_public,pro_public,neutral,pro_public,pro_public,pro_public
প্রথম পদক্ষেপ ছোট হলেও তা ভবিষ্যতের বড় পথ খুলে দিতে পারে,neutral,neutral,neutral,neutral,neutral,neutral
ভালো পড়েও সফল হওয়া সম্ভব,pro_private,pro_private,pro_private,pro_private,pro_private,pro_private
পাবলিক বিশ্ববিদ্যালয় দেশের উচ্চশিক্ষার মানদণ্ড গঠনে দীর্ঘদিন ধরে গুরুত্বপূর্ণ ভূমিকা রাখছে,pro_public,pro_public,pro_public,pro_public,pro_public,pro_public
ভয় কমানোর সবচেয়ে ভালো উপায় প্রস্তুতি বাড়ানো,neutral,neutral,neutral,neutral,neutral,neutral
তে শিক্ষার্থীদের পড়ার গতি ধরে রাখতে সাহায্য,pro_private,pro_private,pro_private,pro_private,pro_private,pro_private
পাবলিক বিশ্ববিদ্যালয়ে পড়ার সুযোগ এখনো বহু পরিবারের কাছে স্বপ্নপূরণের সমান,pro_public,pro_public,pro_public,neutral,pro_public,pro_public
নিজের সীমাবদ্ধতা জানা মানে নিজেকে ছোট নয় বরং ঠিক জায়গায় কাজ শুরু,neutral,neutral,neutral,neutral,neutral,neutral
প্রাইভেট বিশ্ববিদ্যালয়ে শিক্ষার্থীদের দলগতভাবে কাজ শেখায়,pro_private,pro_private,pro_private,pro_private,pro_private,pro_private
পাবলিক বিশ্ববিদ্যালয়ের সময় ভবিষ্যৎ একাডেমিক পেশাগত সুযোগে সহায়ক হয়,pro_public,pro_public,pro_public,pro_public,pro_public,pro_public
একদিনের প্রচেষ্টা মানুষকে বদলায় ধারাবাহিকতা বদলে দেয়,neutral,neutral,neutral,neutral,neutral,neutral
ভালো শিক্ষার্থীদের —সবগুলোই উন্নত পারে,pro_private,pro_private,pro_private,pro_private,pro_public,pro_private
পাবলিক বিশ্ববিদ্যালয়ের ক্যাম্পাসজীবন অনেককে নেতৃত্ব বিতর্ক সামাজিক বাস্তবতা শিখতে সাহায্য,pro_public,pro_public,pro_public,pro_public,neutral,pro_public
মাঝপথে থামে শেষ পর্যন্ত সবচেয়ে শিখে,neutral,neutral,neutral,neutral,neutral,neutral
দ্রুত পাওয়া যায় বলে শিক্ষার্থীরা ঘাটতি দ্রুত বুঝতে পারে,pro_private,pro_private,pro_private,pro_private,pro_private,pro_private
শীর্ষস্থানীয় বহু শিক্ষার্থীর প্রথম লক্ষ্য এখনো শক্তিশালী পাবলিক বিশ্ববিদ্যালয়,pro_public,pro_public,pro_private,pro_public,pro_public,pro_public
নিজের ওপর বিশ্বাস তখনই কাজে দেয় যখন পরিশ্রমও যুক্ত থাকে,neutral,neutral,neutral,neutral,neutral,neutral
সুশৃঙ্খল —তিনটিই পাওয়া যেতে পারে,pro_private,pro_private,pro_private,pro_private,pro_private,pro_private
বিশ্ববিদ্যালয়ের নাম শুরুটা সহজ পারে গন্তব্য ঠিক দেয় ধারাবাহিক পরিশ্রম,neutral,neutral,neutral,neutral,neutral,neutral
প্রাইভেট বিশ্ববিদ্যালয়ে থাকার কারণে শিক্ষার্থীরা বাস্তব কাজের ধরণ থেকেই বুঝে যায়,pro_private,pro_private,pro_private,pro_private,pro_private,pro_private
পাবলিক বিশ্ববিদ্যালয়ে ভর্তি হওয়া এখনো দেশের সবচেয়ে মর্যাদাপূর্ণ একাডেমিক সাফল্যগুলোর হিসেবে দেখা হয়,pro_public,neutral,pro_public,pro_public,pro_public,pro_public
প্রতিদিনের প্রস্তুতি ছাড়া বড় স্বপ্ন শুধু কল্পনাতেই যায়,neutral,neutral,neutral,neutral,neutral,neutral
তে শিক্ষকরা ছোট ব্যাচের কারণে শিক্ষার্থীদের অগ্রগতি ব্যক্তিগতভাবে পর্যবেক্ষণ পারেন,pro_private,pro_private,pro_private,pro_private,pro_private,pro_private
পাবলিক বিশ্ববিদ্যালয়ের খরচের শিক্ষা বহু পরিবারের আশীর্বাদস্বরূপ,pro_public,pro_public,pro_public,pro_public,pro_public,pro_public
যত দ্রুত নিজের দুর্বলতা চিনবে উন্নতির পথ তত দ্রুত খুলবে,neutral,neutral,pro_public,neutral,neutral,neutral
প্রাইভেট বিশ্ববিদ্যালয়ে নিয়মিত শিক্ষার্থীদের পেশাগত দক্ষতা বাড়ায়,pro_private,pro_private,pro_private,pro_private,pro_private,pro_private
পাবলিক বিশ্ববিদ্যালয়ের দীর্ঘদিনের একাডেমিক ঐতিহ্য এখনো বহু শিক্ষার্থীকে অনুপ্রাণিত,pro_public,pro_public,pro_public,pro_public,pro_public,pro_public
ছোট অগ্রগতিকে অবহেলা উচিত নয় বড় পরিবর্তন সেখান থেকেই শুরু হয়,neutral,neutral,neutral,neutral,neutral,pro_public
চাকরির প্রস্তুতিতে শিক্ষার্থীদের কার্যকর সহায়তা দেয়,pro_private,neutral,pro_private,pro_private,pro_private,pro_private
পাবলিক বিশ্ববিদ্যালয় আর্থিক সীমাবদ্ধতা থাকা শিক্ষার্থীদেরও উচ্চশিক্ষার সুযোগ দেয়,pro_public,pro_public,pro_public,pro_public,pro_public,pro_public
অন্যের সাফল্য দেখে থেমে যেও বরং নিজের পথটাকে স্পষ্ট করো,neutral,pro_private,neutral,neutral,neutral,neutral
শুরু থেকেই করানো হয়,pro_private,pro_private,pro_private,pro_private,pro_private,pro_private
পাবলিক বিশ্ববিদ্যালয়ের বৈচিত্র্যময় ছাত্রসমাজ অনেককে সমাজ বাস্তবতা নতুনভাবে ভাবতে শেখায়,pro_public,pro_public,pro_public,pro_public,pro_public,pro_public
নিজের বাস্তবসম্মত পরিকল্পনা চাপে এগোতে পারে,neutral,neutral,neutral,pro_private,neutral,pro_public
প্রাইভেট বিশ্ববিদ্যালয়ের আধুনিক হাতেকলমে শেখাকে শক্তিশালী,pro_private,pro_private,pro_private,pro_private,pro_private,pro_private
পাবলিক বিশ্ববিদ্যালয়ের সীমিত সিটে জায়গা পাওয়া এখনো অসাধারণ প্রতিযোগিতামূলক অর্জন,pro_public,pro_public,pro_public,neutral,pro_public,pro_public
অভ্যাসের ধারাবাহিকতা সময় একদিনের অনুপ্রেরণার চেয়ে শক্তিশালী,neutral,neutral,neutral,neutral,neutral,neutral
তে শিক্ষার্থীদের সময়মতো সঠিক কোর্স সাহায্য,pro_private,pro_private,pro_private,pro_private,neutral,pro_private
পাবলিক বিশ্ববিদ্যালয়ের মেধাভিত্তিক ভর্তি প্রক্রিয়া এখনো অনেকের কাছে সবচেয়ে গ্রহণযোগ্য,pro_public,pro_public,pro_public,pro_public,pro_public,pro_private
নিজেকে প্রমাণ করার সবচেয়ে ভালো উপায় চুপচাপ প্রস্তুতি নেওয়া,neutral,neutral,neutral,pro_private,pro_private,neutral
প্রাইভেট বিশ্ববিদ্যালয়ে থাকায় শিক্ষার্থীরা পড়ার পাশাপাশি বাস্তব অভিজ্ঞতা পায়,pro_private,pro_private,pro_private,pro_private,pro_private,pro_private
পাবলিক বিশ্ববিদ্যালয়ের শিক্ষাব্যবস্থা সামাজিক অর্থনৈতিক গতিশীলতা তৈরি বড় ভূমিকা রাখে,pro_public,pro_public,pro_public,pro_public,pro_public,pro_public
প্রতিদিন শুরু পারে শেষ পর্যন্ত দূর যেতে পারে,neutral,neutral,neutral,neutral,neutral,pro_private
ভালো তে একসঙ্গে গড়ে ওঠে,pro_private,pro_private,pro_private,pro_private,pro_private,pro_private
পাবলিক বিশ্ববিদ্যালয়ে ভর্তি হওয়া পরিবারের কাছে সম্মান স্বপ্নপূরণের প্রতীক,pro_public,pro_public,pro_public,pro_public,pro_public,pro_public
দ্রুত ফল এলেও সঠিক পদ্ধতিতে এগোলে অগ্রগতি নিশ্চিত হয়,neutral,neutral,neutral,neutral,neutral,neutral
এর মাধ্যমে উন্নত হয়,pro_private,pro_private,pro_private,pro_private,pro_private,pro_private
পাবলিক বিশ্ববিদ্যালয়ের বিস্তৃত একাডেমিক পরিবেশ শিক্ষার্থীদের নানা দিক পরিণত,pro_public,pro_public,pro_public,pro_public,pro_public,pro_public
নিজের লক্ষ্য লিখে রাখলে মনোযোগ হারানোর সম্ভাবনা কমে যায়,neutral,neutral,neutral,neutral,neutral,neutral
এর সমন্বয়ে শেখার ধারাবাহিকতা বজায় থাকে,pro_private,pro_private,pro_private,pro_private,pro_private,pro_private
পাবলিক বিশ্ববিদ্যালয়ের শক্তিশালী ভবিষ্যৎ সুযোগ তৈরিতে সহায়ক পারে,pro_public,pro_public,pro_public,pro_public,pro_public,neutral
সময়মতো ছোট কাজ শেষ করার অভ্যাসই বড় দায়িত্ব নেওয়ার সক্ষমতা তৈরি,neutral,neutral,neutral,neutral,neutral,neutral
প্রাইভেট বিশ্ববিদ্যালয়ে শিক্ষার্থীদের বাস্তব পেশাজীবনের পরিচিত,pro_private,pro_public,pro_private,pro_private,pro_private,pro_private
পাবলিক বিশ্ববিদ্যালয়ের ডিগ্রি এখনো নিয়োগদাতা পরিবারের কাছে বিশ্বাসযোগ্যতার প্রতীক,pro_public,pro_public,pro_private,pro_public,pro_private,pro_public
কোথা শুরু করেছ চেয়ে গুরুত্বপূর্ণ থেমে গেলে,neutral,neutral,pro_private,pro_public,neutral,pro_private
তে থাকায় শিক্ষার্থীরা নিয়মিতভাবে পড়ার অভ্যাসে থাকে,pro_private,pro_private,pro_private,pro_private,pro_private,pro_private
পাবলিক বিশ্ববিদ্যালয় এখনো বহু কৃতী শিক্ষার্থীর প্রথম পছন্দ হয়ে,pro_public,pro_public,pro_public,pro_public,pro_public,pro_public
বুঝে শিখতে চায় শেখা দীর্ঘমেয়াদে টিকে থাকে,neutral,neutral,neutral,neutral,neutral,neutral
থাকার কারণে শিক্ষার্থীরা নতুন দ্রুত জানতে পারে,pro_private,pro_private,pro_private,pro_private,pro_private,pro_private
পাবলিক বিশ্ববিদ্যালয়ের গবেষণা বিতর্ক সাংস্কৃতিক পরিবেশ শিক্ষার্থীদের দৃষ্টিভঙ্গি প্রসারিত,pro_public,pro_public,pro_public,pro_public,pro_public,pro_public
প্রতিদিনের একটু একটু প্রচেষ্টাই একসময় আত্মবিশ্বাসের বড় ভিত্তি হয়ে দাঁড়ায়,neutral,neutral,neutral,pro_public,neutral,pro_public
ভালো পড়লে তিনটিই বাড়ে,pro_private,pro_private,pro_private,pro_private,pro_private,pro_private
পাবলিক বিশ্ববিদ্যালয়ের কঠিন ভর্তি লড়াই তাকে এখনও বিশেষ মর্যাদার জায়গায় রেখেছে,pro_public,pro_public,pro_public,pro_public,pro_public,pro_public
পরিশ্রমের ধারাবাহিকতা ভয়কে ধীরে ধীরে কমিয়ে দেয়,neutral,neutral,pro_private,pro_public,neutral,neutral
তে দ্রুত পাওয়া যায় বলে শেখার ঘাটতি দ্রুত পূরণ সম্ভব হয়,pro_private,pro_private,pro_private,pro_private,neutral,pro_private
পাবলিক বিশ্ববিদ্যালয়ের বড় পরিসরের পরিবেশ অনেককে নেতৃত্ব সামাজিক বোধ তৈরি সাহায্য,pro_public,pro_public,pro_public,pro_public,pro_public,pro_public
বড় লক্ষ্য অর্জনের প্রতিদিনের রুটিনকেই সবচেয়ে গুরুত্ব দিতে হয়,neutral,neutral,neutral,neutral,pro_private,neutral
সুশৃঙ্খল —সবই তৈরি পারে,pro_private,pro_private,pro_private,pro_private,pro_private,pro_private
বিশ্ববিদ্যালয় শুধু ডিগ্রি দেয় বরং নিজেকে গড়ে তোলার দীর্ঘ সুযোগও দেয়,neutral,neutral,neutral,neutral,pro_public,neutral
প্রাইভেট বিশ্ববিদ্যালয়ে দের শিক্ষার্থীদের বাস্তব জগত পরিষ্কার ধারণা দেয়,pro_private,pro_private,pro_private,pro_private,pro_private,pro_private
পাবলিক বিশ্ববিদ্যালয়ে ভর্তি হওয়া এখনও দেশের সবচেয়ে কাঙ্ক্ষিত একাডেমিক অর্জনগুলোর হিসেবে ধরা হয়,pro_public,pro_public,pro_public,pro_public,neutral,pro_public
ভালো অভ্যাস গড়ে তুলতে পারলে মাঝারি শুরু থেকেও শক্তিশালী ফল তৈরি যায়,neutral,neutral,neutral,neutral,neutral,neutral
তে দের যোগাযোগ তুলনামূলক সহজ হয়,pro_private,pro_private,neutral,pro_private,pro_private,pro_private
পাবলিক বিশ্ববিদ্যালয় খরচে উচ্চশিক্ষা পাওয়ার সবচেয়ে গুরুত্বপূর্ণ পথগুলোর,pro_public,pro_public,neutral,pro_public,pro_public,pro_private
একবারে নিখুঁত হওয়ার চেয়ে প্রতিদিন একটু ভালো হওয়া বাস্তবসম্মত,neutral,neutral,neutral,neutral,neutral,neutral
প্রাইভেট বিশ্ববিদ্যালয়ে শিক্ষার্থীদের চাকরির প্রস্তুতিতে বাড়তি সুবিধা দেয়,pro_private,pro_private,pro_private,pro_private,pro_public,pro_private
পাবলিক বিশ্ববিদ্যালয়ের ইতিহাস সংস্কৃতি একাডেমিক মর্যাদা এখনো শিক্ষার্থীকে আকৃষ্ট,pro_public,pro_public,pro_public,pro_public,pro_public,pro_public
শিক্ষার্থী নিজের দুর্বল জায়গাগুলোতে কাজ শুরু দ্রুত উন্নতি দেখতে পায়,neutral,neutral,pro_public,neutral,pro_public,neutral
বাস্তব দক্ষতা বাড়াতে সাহায্য,pro_private,pro_private,pro_private,pro_private,neutral,pro_private
পাবলিক বিশ্ববিদ্যালয়ের প্রতিযোগিতামূলক পরিবেশ শিক্ষার্থীদের মেধা মানসিক দৃঢ়তা বাড়াতে পারে,pro_public,neutral,pro_public,pro_public,pro_private,pro_public
লক্ষ্য পরিষ্কার থাকলে বাইরের তুলনা প্রভাব ফেলতে পারে,neutral,pro_private,pro_public,pro_private,pro_private,neutral
প্রাইভেট বিশ্ববিদ্যালয়ে শিক্ষার্থীদের সহজ তোলে,pro_private,pro_private,pro_private,pro_private,pro_private,pro_private
পাবলিক বিশ্ববিদ্যালয়ে ভর্তি হওয়া বহু পরিবারের কাছে সামাজিক স্বীকৃতি গর্বের বিষয়,pro_public,pro_public,pro_public,pro_public,pro_private,pro_public
প্রতিদিনের সামান্য শৃঙ্খলাই একসময় বড় সাফল্যের ভিত তৈরি,neutral,neutral,neutral,neutral,neutral,pro_private
নিয়মিত শিক্ষার্থীদের সারাবছর সক্রিয় রাখে,pro_private,pro_private,pro_private,neutral,pro_private,pro_private
পাবলিক বিশ্ববিদ্যালয়ের বড় ক্যাম্পাস ভিন্নমুখী ছাত্রসমাজ ব্যক্তিত্ব গঠনে ইতিবাচক প্রভাব ফেলে,pro_public,pro_public,pro_public,pro_public,pro_public,pro_public
অন্যের গতি দেখে থেমে গিয়ে নিজের তাল ঠিক রাখাই জরুরি,neutral,neutral,neutral,neutral,neutral,neutral
প্রাইভেট বিশ্ববিদ্যালয় এর মাধ্যমে শিক্ষার্থীদের বাস্তব কর্মক্ষেত্রের যুক্ত,pro_private,pro_private,neutral,pro_private,pro_private,neutral
পাবলিক বিশ্ববিদ্যালয়ের ডিগ্রি এখনো বহু মানুষের কাছে নির্ভরযোগ্যতার প্রতীক,pro_public,pro_public,pro_public,pro_public,pro_public,pro_public
প্রস্তুতি যত বাড়ে অযথা ভয় তত কমে যায়,neutral,neutral,neutral,neutral,neutral,pro_public
ভালো তে একসঙ্গে গড়ে ওঠার সুযোগ থাকে,pro_private,pro_private,pro_public,pro_private,pro_private,pro_private
পাবলিক বিশ্ববিদ্যালয় বহু মেধাবী আর্থিকভাবে সীমিত শিক্ষার্থীর বড় ভরসা,pro_public,pro_public,pro_public,pro_public,pro_public,pro_public
শুরুতে ধীরে চললেও থেমে গেলে অগ্রগতি একসময় স্পষ্ট হয়,neutral,neutral,neutral,neutral,neutral,neutral
শিক্ষার্থীদের নতুন দ্রুত জানায়,pro_private,pro_private,pro_public,pro_private,pro_private,pro_private
পাবলিক বিশ্ববিদ্যালয়ের ভবিষ্যৎ একাডেমিক পেশাগত সুযোগে সহায়ক পারে,pro_public,pro_public,pro_public,pro_public,pro_public,pro_public
নিজের ওপর আস্থা তৈরি হয় ধারাবাহিক কাজের মাধ্যমে শুধু ভাবনার মাধ্যমে নয়,neutral,neutral,pro_private,neutral,pro_private,neutral
তে এর কারণে শিক্ষার্থীরা শিখে,pro_private,pro_private,pro_private,pro_private,neutral,pro_private
পাবলিক বিশ্ববিদ্যালয়ের সিটসংখ্যা সীমিত হওয়ায় সেখানে সুযোগ পাওয়া এখনো বিশেষ অর্জন হিসেবে দেখা হয়,pro_public,pro_public,pro_public,pro_public,pro_public,pro_public
বোঝার শেখা হয় তা পরীক্ষার পরেও কাজে লাগে,neutral,pro_public,neutral,neutral,neutral,neutral
প্রাইভেট বিশ্ববিদ্যালয়ে শিক্ষার্থীদের চাকরির প্রস্তুত,pro_private,pro_private,pro_private,pro_private,pro_private,pro_private
পাবলিক বিশ্ববিদ্যালয়ের সাংস্কৃতিক বুদ্ধিবৃত্তিক পরিবেশ শিক্ষার্থীদের দৃষ্টিভঙ্গি বিস্তৃত,pro_public,pro_public,pro_public,pro_public,pro_public,pro_public
বাস্তবসম্মত রুটিন অস্থির মনকেও স্থির দিতে পারে,neutral,neutral,neutral,neutral,pro_public,pro_public
শিক্ষার্থীদের নিয়মিতভাবে পড়াশোনায় ধরে রাখে,pro_private,pro_private,pro_private,pro_private,pro_private,pro_private
দেশের বহু কৃতী শিক্ষার্থীর কাছে প্রথম লক্ষ্য এখনো ভালো পাবলিক বিশ্ববিদ্যালয়,pro_public,pro_public,pro_public,pro_public,pro_public,pro_public
বড় স্বপ্নের প্রতিদিনের ছোট কাজগুলো অবহেলা যায়,neutral,neutral,neutral,neutral,neutral,neutral
প্রাইভেট বিশ্ববিদ্যালয়ে ব্যবহারে শেখা ইন্টার‌্যাকটিভ হয়ে ওঠে,pro_private,pro_private,pro_private,pro_private,pro_private,pro_private
পাবলিক বিশ্ববিদ্যালয়ের ভর্তি লড়াই এখনও সবচেয়ে কঠিন মর্যাদাপূর্ণ প্রতিযোগিতাগুলোর,pro_public,pro_public,pro_public,pro_public,pro_public,pro_public
নিজের ভুল শেখে একই জায়গায় বেশিদিন আটকে থাকে,neutral,neutral,neutral,pro_public,neutral,neutral
ভালো —সবই অর্জন সম্ভব,pro_private,pro_private,pro_private,pro_private,neutral,pro_private
পাবলিক বিশ্ববিদ্যালয় দেশের উচ্চশিক্ষার ভিত্তিকে দীর্ঘদিন ধরে শক্তিশালী,pro_public,pro_public,pro_public,pro_public,pro_public,pro_public
অযথা দুশ্চিন্তার চেয়ে নির্দিষ্ট প্রস্তুতি সবসময় কার্যকর,neutral,neutral,neutral,neutral,neutral,neutral
দ্রুত পাওয়া যায় বলে শিক্ষার্থীরা ঘাটতি তাড়াতাড়ি বুঝতে পারে,pro_private,pro_private,pro_private,pro_private,pro_private,pro_private
পাবলিক বিশ্ববিদ্যালয়ের পরিবেশ শিক্ষার্থীকে নেতৃত্ব সামাজিক দায়িত্ববোধ শেখায়,pro_public,pro_public,pro_public,pro_public,pro_public,pro_public
নিজের গতি ধীর হলেও সঠিক পথে থাকা সবচেয়ে গুরুত্বপূর্ণ বিষয়,neutral,neutral,neutral,neutral,neutral,pro_public
তে নতুন শিক্ষার্থীদের মানিয়ে সহায়তা,pro_private,neutral,neutral,pro_public,pro_private,pro_private
পাবলিক বিশ্ববিদ্যালয়ে পড়ার সুযোগ এখনও বহু শিক্ষার্থীর জীবনে বড় হয়ে দাঁড়ায়,pro_public,pro_public,pro_public,pro_public,pro_public,pro_public
প্রতিদিন কাজ অনুপ্রেরণা থাকলেও এগিয়ে যেতে পারে,neutral,neutral,neutral,neutral,neutral,neutral
সুশৃঙ্খল —তিনটিই তৈরি পারে,pro_private,pro_private,pro_private,pro_private,pro_private,neutral
ভালো ক্যাম্পাস তোমাকে সুযোগ দেখাতে পারে সুযোগ ধরার দায়িত্ব নিজের,neutral,neutral,neutral,neutral,neutral,neutral
প্রাইভেট বিশ্ববিদ্যালয়ে শিক্ষার্থীদের বাস্তব কর্মপরিবেশ আগেভাগেই ধারণা দেয়,pro_private,pro_private,pro_private,pro_private,pro_private,pro_private
পাবলিক বিশ্ববিদ্যালয়ের ভর্তি যাত্রা এখনো দেশের সবচেয়ে কঠিন মেধা যাচাইগুলোর হিসেবে বিবেচিত হয়,pro_public,pro_public,pro_public,pro_public,pro_public,pro_public
ছোট ছোট নিয়ম মেনে চলাই বড় অর্জনের ভিত গড়ে দেয়,neutral,neutral,pro_private,pro_private,pro_public,neutral
তে শিক্ষকরা তুলনামূলক সহজে হওয়ায় শিক্ষার্থীরা প্রশ্ন স্বাচ্ছন্দ্য বোধ,pro_private,pro_private,pro_private,pro_private,neutral,pro_private
পাবলিক বিশ্ববিদ্যালয় সীমিত খরচে উচ্চশিক্ষা নিশ্চিত পরিবারকে স্বস্তি দেয়,pro_public,pro_public,neutral,pro_public,pro_public,pro_public
নিজের যাত্রাকে অন্যের মেলালে অগ্রগতির আনন্দ সময় হারিয়ে যায়,neutral,neutral,neutral,neutral,neutral,neutral
প্রাইভেট বিশ্ববিদ্যালয়ে থাকায় শিক্ষার্থীরা থেকেই চাকরিমুখী প্রস্তুতি পারে,pro_private,pro_private,pro_private,pro_private,neutral,pro_private
পাবলিক বিশ্ববিদ্যালয়ের দীর্ঘ ইতিহাস শিক্ষার্থীর কাছে আলাদা একাডেমিক মর্যাদা বহন,pro_public,pro_private,neutral,pro_public,pro_public,pro_public
প্রতিদিন শুরু করার ক্ষমতা সময় অসাধারণ মেধার চেয়েও কার্যকর হয়,neutral,neutral,pro_public,neutral,pro_private,neutral
নিয়মিত শিক্ষার্থীদের পড়াশোনার ধারাবাহিকতা বজায় রাখে,pro_private,pro_private,pro_private,pro_private,pro_private,pro_private
পাবলিক বিশ্ববিদ্যালয়ের প্রতিযোগিতামূলক পরিবেশ শিক্ষার্থীকে কঠিন পরিশ্রমে অভ্যস্ত তোলে,pro_public,pro_public,neutral,pro_public,pro_public,pro_public
বোঝার শেখে আত্মবিশ্বাস সাধারণত পরীক্ষার পরেও টিকে থাকে,neutral,pro_private,neutral,neutral,neutral,neutral
প্রাইভেট বিশ্ববিদ্যালয়ে নতুন শিক্ষার্থীদের ভবিষ্যৎ পরিকল্পনা সহায়তা,pro_private,pro_private,pro_private,pro_private,pro_public,pro_private
পাবলিক বিশ্ববিদ্যালয়ের আসনসংখ্যা সীমিত হলেও সামাজিক গুরুত্ব এখনো খুবই,pro_public,pro_public,pro_public,pro_public,pro_public,pro_public
গোলমেলে ভয়কে কমানোর সেরা উপায় পরিষ্কার পরিকল্পনা তৈরি,neutral,neutral,neutral,neutral,pro_private,neutral
ভালো তে একসাথে গড়ে উঠতে পারে,pro_private,pro_private,pro_private,pro_private,pro_private,neutral
পাবলিক বিশ্ববিদ্যালয়ে পড়ার সুযোগ শিক্ষার্থীর জীবনে সামাজিক স্বীকৃতির বড় ধাপ হয়ে দাঁড়ায়,pro_public,pro_public,pro_public,pro_public,pro_public,pro_public
ধীরে চলা সমস্যা নয় থেমে যাওয়া আসল সমস্যা,neutral,neutral,neutral,neutral,pro_public,neutral
শিক্ষার্থীদের নতুন প্রযুক্তি এর পরিচিত রাখে,pro_private,pro_private,pro_private,pro_public,pro_private,pro_private
পাবলিক বিশ্ববিদ্যালয়ের বিস্তৃত সামাজিক সাংস্কৃতিক পরিবেশ ব্যক্তিত্ব গঠনে সহায়ক হয়,pro_public,pro_public,pro_public,pro_public,pro_public,pro_public
প্রতিদিন অল্প কাজ হলেও তা জমে একসময় বড় ফল তৈরি,neutral,neutral,neutral,neutral,neutral,neutral
তে এর কারণে শিক্ষার্থীরা বছরই পড়াশোনার থাকে,pro_private,pro_private,pro_private,pro_public,pro_private,pro_private
অসংখ্য শিক্ষার্থীর পাবলিক বিশ্ববিদ্যালয়ে ভর্তি হওয়া মানে দীর্ঘদিনের স্বপ্ন পূরণ হওয়া,pro_public,pro_public,pro_public,pro_public,pro_public,pro_public
নিজের দুর্বল জায়গা এড়িয়ে গেলে ভয় বাড়ে মুখোমুখি হলে আত্মবিশ্বাস বাড়ে,neutral,pro_private,neutral,neutral,neutral,neutral
প্রাইভেট বিশ্ববিদ্যালয়ে হাতেকলমে দক্ষতা উন্নত সাহায্য,pro_private,pro_private,pro_private,pro_public,pro_private,pro_private
পাবলিক বিশ্ববিদ্যালয়ের ডিগ্রির ওপর বহু মানুষের আস্থা এখনো দৃশ্যমানভাবে শক্তিশালী,pro_public,pro_public,pro_public,pro_public,pro_public,pro_public
শুরুটা ছোট হলেও নিয়মিত থাকলে ফল বড় বাধ্য,neutral,neutral,pro_public,neutral,neutral,neutral
শিক্ষার্থীদের সময়মতো কোর্স পরিকল্পনা সাহায্য,pro_private,pro_private,pro_private,pro_private,pro_private,pro_private
পাবলিক বিশ্ববিদ্যালয়ের ভবিষ্যৎ একাডেমিক পেশাগত সংযোগ তৈরিতে গুরুত্বপূর্ণ ভূমিকা রাখতে পারে,pro_public,pro_public,pro_public,pro_public,pro_public,pro_public
নিজেকে অন্যের মানদণ্ডে মেপে নিজের উন্নতির মানদণ্ড নিজেই তৈরি উচিত,neutral,neutral,neutral,neutral,neutral,neutral
প্রাইভেট বিশ্ববিদ্যালয়ে চাকরির প্রস্তুতিকে বাস্তবভিত্তিক তোলে,pro_private,pro_private,pro_private,pro_private,pro_private,pro_private
পাবলিক বিশ্ববিদ্যালয়ের ভর্তি পরীক্ষা এখনো অনেকের কাছে সবচেয়ে শক্তিশালী মেধা প্রতিযোগিতা,pro_public,pro_public,neutral,pro_public,neutral,pro_public
অনুপ্রেরণা থাকলেও কাজ চালিয়ে যেতে পারে তারই এগোনোর সম্ভাবনা,neutral,neutral,neutral,neutral,pro_private,neutral
শিক্ষার্থীদের সহযোগিতামূলক কাজের অভ্যাস গড়ে তোলে,pro_private,pro_private,pro_private,pro_private,pro_private,pro_private
পাবলিক বিশ্ববিদ্যালয়ের একাডেমিক বুদ্ধিবৃত্তিক চর্চা শিক্ষার্থীকে বিস্তৃতভাবে ভাবতে শেখায়,pro_public,pro_public,pro_public,pro_public,pro_public,pro_public
বড় লক্ষ্য পূরণ চাইলে দৈনন্দিন রুটিনকে গুরুত্ব দিতেই,neutral,neutral,neutral,neutral,neutral,neutral
ভালো তে শিক্ষকশিক্ষার্থীর ঘনিষ্ঠ একাডেমিক যোগাযোগ শেখাকে কার্যকর পারে,pro_private,pro_private,pro_private,pro_private,pro_private,pro_private
পাবলিক বিশ্ববিদ্যালয়ে সুযোগ পাওয়া অনেকের কাছে আজীবনের স্মরণীয় অর্জন হয়ে থাকে,pro_public,pro_public,pro_public,pro_public,pro_public,pro_public
একদিনে এগোনোর চেয়ে প্রতিদিন এগোনো নির্ভরযোগ্য,neutral,pro_private,neutral,neutral,neutral,neutral
তে শিক্ষার্থীদের সক্রিয় রাখে,pro_private,pro_private,pro_private,pro_private,pro_private,pro_private
দেশের বহু মেধাবী শিক্ষার্থীর কাছে প্রথম পছন্দ এখনো ভালো পাবলিক বিশ্ববিদ্যালয়,pro_public,pro_public,pro_public,pro_private,pro_public,pro_public
আত্মবিশ্বাস তৈরি হয় যখন প্রস্তুতি কাজ একসাথে এগোয়,neutral,neutral,neutral,neutral,neutral,neutral
শিক্ষার্থীদের বাড়াতে সাহায্য,pro_private,pro_private,pro_private,pro_private,pro_private,pro_private
পাবলিক বিশ্ববিদ্যালয়ের বড় বৈচিত্র্যময় পরিবেশ শিক্ষার্থীদের সামাজিক বাস্তবতা বুঝতে সাহায্য,pro_public,pro_public,pro_private,pro_public,pro_public,pro_public
শুরু দেরি হলেও নিয়মিত থাকলে ভালো ফল সম্ভব,neutral,neutral,neutral,neutral,neutral,neutral
সুশৃঙ্খল —তিনটিই অর্জন যায়,pro_private,pro_private,pro_private,pro_private,pro_private,pro_private
পাবলিক বিশ্ববিদ্যালয় বহু শিক্ষার্থীর খরচে উচ্চমানের শিক্ষা পাওয়ার বড় দরজা,pro_public,pro_public,pro_public,pro_public,pro_public,pro_private
থামে ধীরে হলেও এগোয় এগোয় একসময় বদলে যায়,neutral,neutral,neutral,neutral,neutral,pro_private
ভালো শিক্ষার্থীদের বাড়াতে পারে,pro_private,pro_public,pro_private,pro_private,pro_private,pro_private
বিশ্ববিদ্যালয় তোমাকে মঞ্চ দিতে পারে পারফর্ম হয় নিজের প্রস্তুতি দিয়ে,neutral,neutral,neutral,neutral,neutral,neutral
প্রাইভেট বিশ্ববিদ্যালয়ে থাকায় শিক্ষার্থীরা আগেভাগেই চাকরির বাজার ধারণা পায়,pro_private,pro_private,pro_private,pro_private,pro_private,pro_private
পাবলিক বিশ্ববিদ্যালয়ের ভর্তি পরীক্ষায় টিকে থাকা এখনো দেশের অন্যতম বড় একাডেমিক অর্জন হিসেবে ধরা হয়,pro_public,pro_public,pro_public,pro_public,pro_public,pro_public
প্রতিদিন অল্প এগোনো মানে থেমে থাকা সেটাই সবচেয়ে বড় শক্তি,neutral,neutral,neutral,neutral,neutral,neutral
তে শিক্ষার্থীদের পেশাগত যোগাযোগ বাড়াতে সাহায্য,pro_private,pro_private,pro_private,pro_private,pro_private,pro_private
পাবলিক বিশ্ববিদ্যালয় খরচে উচ্চশিক্ষা নিশ্চিত করার ক্ষেত্রে গুরুত্বপূর্ণ ভূমিকা পালন,pro_public,pro_public,pro_public,pro_public,pro_public,pro_public
নিজের লক্ষ্য পরিষ্কার থাকলে অন্যের মন্তব্যে খুব প্রভাবিত হয়,neutral,neutral,pro_private,neutral,neutral,neutral
প্রাইভেট বিশ্ববিদ্যালয়ে ছোট ক্লাসে শিক্ষকশিক্ষার্থীর যোগাযোগ কার্যকর হয়,pro_private,neutral,pro_private,pro_private,neutral,pro_private
পাবলিক বিশ্ববিদ্যালয়ের দীর্ঘ একাডেমিক ঐতিহ্য এখনো বহু শিক্ষার্থীর কাছে বিশেষ আকর্ষণ তৈরি,pro_public,pro_public,pro_public,pro_public,pro_public,pro_public
আজকের শৃঙ্খলিত পড়া আগামী দিনের আত্মবিশ্বাস তৈরি,neutral,pro_public,neutral,neutral,neutral,neutral
শিক্ষার্থীদের চাকরির প্রস্তুত,pro_private,pro_private,pro_private,pro_private,pro_private,pro_private
পাবলিক বিশ্ববিদ্যালয়ের প্রতিযোগিতামূলক পরিবেশ অনেককে কঠোর পরিশ্রমে অভ্যস্ত তোলে,pro_public,neutral,pro_public,pro_public,pro_public,pro_public
ভয় কমাতে চাইলে অনুমান নয় প্রস্তুতির পরিমাণ বাড়ানো দরকার,neutral,neutral,neutral,neutral,neutral,pro_private
প্রাইভেট বিশ্ববিদ্যালয়ে থাকায় শিক্ষার্থীরা নতুন দ্রুত জানতে পারে,pro_private,neutral,pro_private,neutral,pro_private,pro_private
পাবলিক বিশ্ববিদ্যালয়ে ভর্তি হওয়া এখনও অসংখ্য শিক্ষার্থীর দীর্ঘদিনের স্বপ্ন,pro_public,pro_public,pro_public,pro_public,pro_public,pro_public
নিয়মিত পড়ে অগ্রগতি ধীর হলেও বেশিরভাগ সময় স্থায়ী হয়,neutral,neutral,neutral,neutral,neutral,neutral
শিক্ষার্থীদের সেমিস্টারজুড়ে সক্রিয় রাখে,pro_private,pro_private,neutral,pro_private,pro_private,pro_private
পাবলিক বিশ্ববিদ্যালয়ের ডিগ্রির ওপর এখনো বহু পরিবার প্রতিষ্ঠানের আলাদা আস্থা রয়েছে,pro_public,pro_public,pro_private,pro_public,pro_public,pro_public
নিজের সীমাবদ্ধতা মেনে নিয়ে কাজ শুরু করাই উন্নতির সবচেয়ে বাস্তব উপায়,neutral,neutral,neutral,neutral,neutral,neutral
তে শিক্ষার্থীদের হাতেকলমে দক্ষতা বাড়াতে সাহায্য,pro_private,pro_private,pro_private,pro_private,pro_private,pro_private
পাবলিক বিশ্ববিদ্যালয়ের বড় বৈচিত্র্যময় ক্যাম্পাসজীবন শিক্ষার্থীদের সামাজিক বোধ গড়ে তোলে,pro_public,pro_public,pro_public,pro_public,pro_public,pro_public
প্রতিদিন শুরু পারে শেষ পর্যন্ত সবচেয়ে দূর যায়,neutral,neutral,neutral,neutral,neutral,pro_private
শিক্ষার্থীদের সঠিক কোর্স পরিকল্পনা বেছে সহায়তা,pro_private,pro_private,pro_private,neutral,pro_public,pro_private
পাবলিক বিশ্ববিদ্যালয় বহু মেধাবী শিক্ষার্থীর অর্থনৈতিকভাবে সবচেয়ে কার্যকর উচ্চশিক্ষার পথ,pro_public,pro_public,neutral,pro_public,neutral,pro_public
অন্যের গতির নিজেকে মিলিয়ে নিজের ধারাবাহিকতাকে গুরুত্ব দেওয়া উচিত,neutral,neutral,neutral,neutral,neutral,neutral
ভালো তে একসঙ্গে গড়ে উঠতে পারে,pro_private,pro_private,pro_private,pro_private,pro_private,pro_private
পাবলিক বিশ্ববিদ্যালয়ের সময় ভবিষ্যৎ সুযোগ তৈরিতে মূল্যবান ভূমিকা রাখে,pro_public,pro_public,pro_public,pro_public,pro_public,pro_public
দীর্ঘমেয়াদি সাফল্য সাধারণত দৈনন্দিন ছোট ছোট শৃঙ্খলা থেকেই জন্ম নেয়,neutral,neutral,pro_private,neutral,neutral,neutral
প্রাইভেট বিশ্ববিদ্যালয়ে থাকায় পড়ার সময়ই বাস্তব কাজের অভিজ্ঞতা পাওয়া যায়,pro_private,pro_private,neutral,pro_private,pro_private,pro_private
পাবলিক বিশ্ববিদ্যালয়ে সুযোগ পাওয়া বহু শিক্ষার্থীর জীবনে মর্যাদা আত্মবিশ্বাসের বড় উৎস,pro_public,pro_public,pro_public,pro_public,pro_public,pro_public
পথ কঠিন হলেও দিক ঠিক থাকলে এগোনো থামানো উচিত নয়,neutral,neutral,neutral,neutral,neutral,neutral
তে শিক্ষার্থীদের বুঝতে সাহায্য,pro_private,pro_private,pro_private,pro_private,pro_private,pro_private
পাবলিক বিশ্ববিদ্যালয়ের সীমিত সিট প্রতিযোগিতাকে মর্যাদাপূর্ণ তুলেছে,pro_public,pro_public,pro_public,pro_public,pro_public,pro_public
আজ শেখো তা বুঝে শেখো সেটাই স্থায়ী শক্তি হয়,neutral,neutral,neutral,neutral,neutral,neutral
এর মাধ্যমে তৈরি হয়,pro_private,pro_public,pro_private,pro_private,pro_public,pro_private
পাবলিক বিশ্ববিদ্যালয় দেশের উচ্চশিক্ষা কাঠামোর ভিত্তিকে দীর্ঘদিন ধরে শক্তিশালী,pro_public,pro_public,pro_public,pro_public,pro_public,pro_public
দ্রুত এগোয় নিয়মিতরা সাধারণত থেমে যায়,neutral,neutral,neutral,neutral,neutral,neutral
গুছানো থাকায় শিক্ষার্থীরা পরিকল্পনা অনুযায়ী এগোতে পারে,pro_private,pro_private,pro_private,pro_private,pro_private,pro_private
আত্মবিশ্বাস তখনই টেকে যখন বাস্তব প্রস্তুতি থাকে,neutral,neutral,neutral,neutral,neutral,neutral
পাবলিক বিশ্ববিদ্যালয়ের সাংস্কৃতিক বুদ্ধিবৃত্তিক পরিবেশ শিক্ষার্থীদের চিন্তাকে বিস্তৃত,pro_public,pro_public,pro_public,pro_public,pro_public,pro_public
বড় লক্ষ্য পূরণ হলে প্রতিদিনের ছোট কাজগুলোকে গুরুত্ব দিতে হয়,neutral,neutral,pro_public,neutral,neutral,neutral
তে দ্রুত পাওয়া যায় বলে শেখার ঘাটতি দ্রুত ধরা পড়ে,pro_private,pro_private,pro_private,neutral,pro_private,pro_private
পাবলিক বিশ্ববিদ্যালয়ে ভর্তি হওয়া বহু পরিবারের কাছে গর্বের উপলক্ষ,pro_public,pro_public,pro_public,pro_public,pro_public,pro_private
নিজের অগ্রগতি বুঝতে চাইলে অন্যের ফল নয় নিজের অভ্যাস দেখো,neutral,neutral,neutral,neutral,neutral,neutral
এর ওপর জোর থাকায় শিক্ষার্থীরা সম্পৃক্ত থাকে,pro_private,pro_private,pro_public,pro_private,pro_private,pro_private
পাবলিক বিশ্ববিদ্যালয়ের সুযোগ শিক্ষার্থীর জীবনে বড় পরিবর্তনের সূচনা,pro_public,pro_public,pro_public,pro_public,pro_public,pro_public
একদিনে করার চেয়ে প্রতিদিন ফলদায়ক,neutral,neutral,neutral,neutral,neutral,neutral
সুশৃঙ্খল পরিবেশ —সবই তৈরি পারে,pro_private,pro_private,neutral,pro_private,pro_private,neutral
বিশ্ববিদ্যালয়ের নাম দরজা খুলে দিতে পারে ভেতরে কতদূর যাবে তা নির্ভর অভ্যাসের,neutral,pro_private,neutral,pro_private,neutral,neutral
প্রাইভেট বিশ্ববিদ্যালয়ে শিক্ষার্থীদের চাকরির বাজারের আগেভাগেই প্রস্তুত,pro_private,pro_private,pro_private,pro_private,pro_private,pro_private
পাবলিক বিশ্ববিদ্যালয়ে ভর্তি হওয়া এখনও বহু শিক্ষার্থীর কাছে বড় একাডেমিক স্বীকৃতি হিসেবে বিবেচিত হয়,pro_public,pro_public,neutral,pro_private,pro_public,pro_public
প্রতিদিনের ছোট অগ্রগতিই দীর্ঘমেয়াদে সবচেয়ে বড় পরিবর্তন আনে,neutral,neutral,neutral,neutral,pro_public,neutral
তে ছোট ব্যাচের কারণে শিক্ষকরা তুলনামূলকভাবে মনোযোগ দিতে পারেন,pro_private,pro_private,pro_private,pro_private,pro_private,pro_private
পাবলিক বিশ্ববিদ্যালয় খরচে মানসম্মত উচ্চশিক্ষা পাওয়ার সুযোগ তৈরি,pro_public,pro_public,pro_public,pro_public,neutral,pro_public
নিজের গতিতে এগোলেও থেমে যাও অগ্রগতি হবেই,neutral,pro_public,pro_private,pro_private,neutral,neutral
প্রাইভেট বিশ্ববিদ্যালয়ে শিক্ষার্থীদের বাস্তব চাকরির প্রস্তুতিতে সাহায্য,pro_private,pro_private,pro_private,pro_private,pro_private,pro_private
পাবলিক বিশ্ববিদ্যালয়ের দীর্ঘদিনের একাডেমিক ঐতিহ্য এখনো অনেককে অনুপ্রাণিত,pro_public,pro_public,neutral,pro_public,pro_public,pro_public
অন্যের সাফল্যের নিজেকে মেলালে নয় নিজের উন্নতি দেখলে আত্মবিশ্বাস বাড়ে,neutral,neutral,neutral,neutral,neutral,neutral
এর ওপর বিশেষ জোর দেওয়া হয়,pro_private,pro_private,neutral,pro_private,pro_private,pro_private
পাবলিক বিশ্ববিদ্যালয়ের প্রতিযোগিতামূলক পরিবেশ শিক্ষার্থীকে কঠোর পরিশ্রমে অভ্যস্ত তোলে,pro_public,pro_public,pro_public,pro_public,pro_public,pro_public
লক্ষ্য পরিষ্কার থাকলে অনিশ্চয়তাও তুলনামূলকভাবে ভীতিকর লাগে,neutral,neutral,neutral,neutral,neutral,neutral
প্রাইভেট বিশ্ববিদ্যালয়ে নিয়মিত শিক্ষার্থীদের সারাবছর ব্যস্ত রাখে,pro_private,pro_private,pro_private,pro_private,pro_private,pro_private
পাবলিক বিশ্ববিদ্যালয়ে পড়ার সুযোগ এখনও বহু পরিবারের কাছে স্বপ্নপূরণের অনুভূতি তৈরি,pro_public,pro_public,neutral,pro_public,pro_public,pro_public
প্রস্তুতি বাড়লে ভয় কমে ভয় কমলে কাজের গতি বাড়ে,neutral,neutral,pro_private,neutral,neutral,neutral
শিক্ষার্থীদের সঠিক কোর্স পরিকল্পনা সাহায্য,pro_private,pro_private,pro_private,pro_private,pro_private,neutral
পাবলিক বিশ্ববিদ্যালয় আর্থিকভাবে সীমিত শিক্ষার্থীদের বড় ভরসার জায়গা,pro_public,pro_public,pro_public,pro_public,pro_private,pro_public
আজকের কাজ আজই শেষ আগামীকালের চাপ অনেকটা কমিয়ে ফেলে,neutral,neutral,neutral,neutral,neutral,neutral
ভালো তে বাস্তব দক্ষতা তৈরিতে কার্যকর পারে,pro_private,pro_private,pro_private,pro_private,pro_private,pro_public
পাবলিক বিশ্ববিদ্যালয়ের বৈচিত্র্যময় ছাত্রসমাজ অনেককে সমাজ বিস্তৃতভাবে ভাবতে শেখায়,pro_public,pro_public,pro_public,pro_public,pro_public,pro_public
নিয়মিততা এমন এক শক্তি মাঝারি মেধাকেও শক্ত অবস্থানে নিয়ে যেতে পারে,neutral,neutral,neutral,neutral,neutral,neutral
প্রাইভেট বিশ্ববিদ্যালয়ে থাকায় শিক্ষার্থীরা আগেই কর্মক্ষেত্রের অভিজ্ঞতা পায়,pro_private,pro_private,pro_private,pro_private,pro_private,pro_private
পাবলিক বিশ্ববিদ্যালয়ের ডিগ্রির প্রতি এখনও পরিবার নিয়োগদাতার আস্থা রয়েছে,pro_public,pro_public,pro_public,pro_public,pro_public,pro_public
শুরুতে দুর্বল হওয়া সমস্যা নয় শেখার ইচ্ছা হারিয়ে ফেলা সমস্যার,neutral,neutral,neutral,neutral,neutral,neutral
চাকরির প্রস্তুতিকে বাস্তবভিত্তিক,pro_private,pro_private,pro_public,pro_private,pro_public,pro_private
পাবলিক বিশ্ববিদ্যালয়ের সময় ভবিষ্যৎ সুযোগ পাওয়ায় সহায়ক হয়,pro_public,pro_private,pro_public,pro_public,pro_public,pro_public
নিজের দুর্বল জায়গাগুলো চিহ্নিত পারা উন্নতির বড় পদক্ষেপ,neutral,neutral,neutral,pro_private,neutral,neutral
তে শিক্ষার্থীদের নতুন সচেতন রাখে,pro_private,pro_private,neutral,pro_private,pro_private,neutral
পাবলিক বিশ্ববিদ্যালয়ে সুযোগ পাওয়া এখনো বহু শিক্ষার্থীর কাছে মর্যাদার বিষয়,pro_public,pro_public,pro_public,pro_public,pro_public,pro_public
বড় লক্ষ্য পূরণ চাইলে দৈনন্দিন রুটিনকে অবহেলা যায়,neutral,neutral,neutral,neutral,neutral,neutral
শিক্ষার্থীদের সহযোগিতামূলক কাজ শিখতে সাহায্য,pro_private,pro_private,pro_private,pro_private,pro_private,pro_private
পাবলিক বিশ্ববিদ্যালয় দেশের উচ্চশিক্ষার ভিত্তিকে শক্তিশালী রাখতে গুরুত্বপূর্ণ ভূমিকা পালন,pro_public,pro_public,pro_public,pro_public,pro_public,pro_public
নিজের অগ্রগতি ধীর মনে হলেও শেখা বন্ধ হলে এগোচ্ছই,neutral,neutral,neutral,pro_private,neutral,neutral
শিক্ষার্থীদের পড়াশোনার ধারাবাহিকতা বজায় রাখতে সহায়তা,pro_private,pro_private,neutral,pro_private,pro_private,pro_private
দেশের বহু কৃতী শিক্ষার্থীর প্রথম লক্ষ্য এখনও শক্তিশালী পাবলিক বিশ্ববিদ্যালয়,pro_public,pro_public,neutral,neutral,pro_public,pro_public
অনুপ্রেরণা থাকলেও অভ্যাস থাকলে কাজ এগিয়ে নেওয়া সম্ভব,neutral,neutral,neutral,neutral,neutral,neutral
ভালো —তিনটিই অর্জন যায়,pro_private,pro_private,pro_private,pro_private,pro_private,pro_private
পাবলিক বিশ্ববিদ্যালয়ের সাংস্কৃতিক একাডেমিক সামাজিক পরিবেশ শিক্ষার্থীকে পরিণত তোলে,pro_public,pro_public,pro_public,pro_public,pro_public,pro_public
নিজেকে প্রতিদিন সামান্য উন্নত করার চেষ্টা শেষ পর্যন্ত বড় পার্থক্য গড়ে দেয়,neutral,neutral,pro_private,neutral,neutral,neutral
প্রাইভেট বিশ্ববিদ্যালয়ে দ্রুত পাওয়া যায় বলে শেখার ঘাটতি দ্রুত ধরা পড়ে,pro_private,pro_private,pro_private,pro_public,pro_private,pro_private
পাবলিক বিশ্ববিদ্যালয়ের সীমিত সিট কঠিন ভর্তি লড়াই মর্যাদাকে বাড়িয়ে দেয়,pro_public,pro_public,pro_public,pro_private,pro_public,pro_public
বোঝার শেখে জ্ঞান সাধারণত পরীক্ষার পরেও টিকে থাকে,neutral,neutral,neutral,neutral,neutral,pro_public
তে বাধ্যতামূলক থাকায় শিক্ষার্থীরা সম্পৃক্ত থাকে,pro_private,pro_private,neutral,pro_private,pro_private,pro_private
পাবলিক বিশ্ববিদ্যালয়ে ভর্তি শিক্ষার্থীর জীবনে বড় পরিবর্তনের সূচনা পারে,pro_public,pro_public,pro_public,pro_public,pro_public,pro_public
বড় স্বপ্ন দেখার পাশাপাশি ছোট কাজ সময়মতো শেষ করাও সমান জরুরি,neutral,neutral,pro_public,neutral,neutral,neutral
সুশৃঙ্খল তৈরি পারে,pro_private,pro_private,pro_private,pro_public,pro_private,pro_private
পাবলিক বিশ্ববিদ্যালয় এখনও বহু পরিবারের কাছে গর্বের প্রতীক হিসেবে বিবেচিত হয়,pro_public,pro_public,pro_public,pro_public,pro_public,pro_public
ধারাবাহিক চেষ্টা এমন এক অভ্যাস শেষ পর্যন্ত আত্মবিশ্বাসে রূপ নেয়,neutral,neutral,neutral,neutral,neutral,neutral
ভালো শিক্ষার্থীদের দুটোই বাড়াতে পারে,pro_private,pro_private,pro_private,pro_private,pro_private,pro_private
বিশ্ববিদ্যালয় তোমাকে পরিচয় দিতে পারে যোগ্যতা তৈরি হয় নিজের কাজের মাধ্যমে,neutral,neutral,pro_private,neutral,pro_private,neutral
প্রাইভেট বিশ্ববিদ্যালয়ে থাকায় শিক্ষার্থীরা পড়াশোনার পাশাপাশি বাস্তব দক্ষতাও গড়ে তুলতে পারে,pro_private,pro_private,pro_private,pro_private,pro_private,pro_private
পাবলিক বিশ্ববিদ্যালয়ে ভর্তি হওয়া এখনো অনেকের কাছে কঠিন প্রতিযোগিতা পেরোনোর বড় স্বীকৃতি,pro_public,neutral,pro_public,pro_public,pro_public,pro_public
প্রতিদিনের সামান্য অগ্রগতিও সময়ের বড় আত্মবিশ্বাসে রূপ নেয়,neutral,pro_private,neutral,neutral,neutral,neutral
তে শিক্ষার্থীদের পথ পরিষ্কার সাহায্য,pro_private,pro_private,pro_private,pro_private,pro_private,pro_private
পাবলিক বিশ্ববিদ্যালয়ের স্বল্প খরচে শিক্ষা বহু পরিবারের উচ্চশিক্ষাকে সম্ভব তোলে,pro_public,pro_public,pro_public,neutral,pro_public,pro_public
নিজের দুর্বলতাকে এড়িয়ে গিয়ে ঠিক সেখানেই কাজ উন্নতি দ্রুত হয়,neutral,neutral,neutral,pro_private,neutral,neutral
প্রাইভেট বিশ্ববিদ্যালয়ে হওয়ায় শিক্ষার্থীরা প্রশ্ন স্বচ্ছন্দ বোধ,pro_private,pro_private,pro_private,pro_private,pro_public,pro_private
পাবলিক বিশ্ববিদ্যালয়ের ঐতিহ্য একাডেমিক পরিবেশ এখনও বহু শিক্ষার্থীর কাছে অনুপ্রেরণার উৎস,pro_public,neutral,pro_public,pro_public,pro_public,neutral
শুরুটা ছোট হলেও ধারাবাহিক হলে ফলাফল বড় পারে,neutral,neutral,pro_public,neutral,pro_private,neutral
থাকায় শিক্ষার্থীরা পরিকল্পিতভাবে সেমিস্টার এগিয়ে পারে,pro_private,pro_private,pro_private,pro_private,pro_private,pro_private
আজ পারো তা কাল পর্যন্ত ফেলে রাখলে চাপই শুধু বাড়ে,neutral,neutral,pro_public,neutral,neutral,neutral
প্রাইভেট বিশ্ববিদ্যালয়ে শিক্ষার্থীদের বাস্তব সমস্যার সমাধান শিখতে সাহায্য,pro_private,pro_private,pro_private,pro_private,pro_private,pro_private
পাবলিক বিশ্ববিদ্যালয় বহু মেধাবী শিক্ষার্থীর খরচে শক্ত ভিত্তি তৈরি,pro_public,pro_public,pro_public,pro_public,pro_public,pro_public
পরিষ্কার লক্ষ্য থাকলে অনিশ্চয়তার মধ্যেও এগোনো সহজ হয়,neutral,neutral,neutral,neutral,pro_private,neutral
চাকরির প্রস্তুতিকে কার্যকর,pro_private,pro_private,pro_private,pro_private,pro_private,pro_private
পাবলিক বিশ্ববিদ্যালয়ে সুযোগ পাওয়া এখনও বহু পরিবারের কাছে মর্যাদার বিষয়,pro_public,pro_public,pro_public,pro_public,pro_public,pro_public
ধীরে এগোনো সমস্যা নয় থেমে যাও,neutral,neutral,neutral,pro_public,neutral,pro_private
তে এর ওপর আলাদা জোর দেওয়া হয়,pro_private,pro_private,neutral,neutral,pro_private,neutral
পাবলিক বিশ্ববিদ্যালয়ের বৈচিত্র্যময় ক্যাম্পাসজীবন শিক্ষার্থীদের সামাজিক বোঝাপড়া বাড়ায়,pro_public,pro_public,pro_public,pro_public,pro_public,pro_public
শেখার সবচেয়ে ভালো উপায় নিয়মিত অনুশীলন ভুল শেখা,neutral,neutral,neutral,neutral,neutral,neutral
শিক্ষার্থীদের সারা বছর পড়াশোনায় রাখে,pro_private,pro_private,pro_private,pro_private,neutral,pro_private
পাবলিক বিশ্ববিদ্যালয়ের ডিগ্রি এখনো অনেকের কাছে বিশ্বাসযোগ্যতার প্রতীক,pro_public,pro_public,pro_public,neutral,pro_public,pro_public
অন্যের তুলনা নিজের অগ্রগতির দিকে তাকানো স্বাস্থ্যকর,neutral,neutral,neutral,pro_private,pro_private,neutral
প্রাইভেট বিশ্ববিদ্যালয়ে থাকায় শেখার ফাঁক দ্রুত ধরা পড়ে,pro_private,pro_public,pro_private,pro_private,pro_private,pro_private
পাবলিক বিশ্ববিদ্যালয়ের সময় ভবিষ্যৎ সুযোগ তৈরিতে সাহায্য,pro_public,pro_public,pro_public,pro_public,pro_public,pro_public
লক্ষ্য বড় হয় রুটিনকেও গুরুত্বের,neutral,neutral,neutral,neutral,neutral,neutral
তে শিক্ষার্থীদের আগেই পেশাগত অভিজ্ঞতা দেয়,pro_private,pro_private,pro_private,pro_private,pro_private,pro_private
দেশের বহু কৃতী শিক্ষার্থী এখনো প্রথম পছন্দ হিসেবে ভালো পাবলিক বিশ্ববিদ্যালয়কেই দেখে,pro_public,pro_public,pro_public,pro_public,pro_public,pro_public
প্রস্তুতি ছাড়া আত্মবিশ্বাস টেকে প্রস্তুতির আত্মবিশ্বাস যুক্ত হলে ফল বদলে যায়,neutral,neutral,neutral,neutral,pro_public,neutral
প্রাইভেট বিশ্ববিদ্যালয়ে হাতেকলমে শেখাকে সহজ,pro_private,pro_private,pro_private,pro_private,neutral,pro_private
পাবলিক বিশ্ববিদ্যালয়ের বুদ্ধিবৃত্তিক সাংস্কৃতিক চর্চা শিক্ষার্থীকে নতুনভাবে ভাবতে শেখায়,pro_public,pro_public,pro_public,neutral,pro_public,pro_public
প্রতিদিন একটু এগোনোই দীর্ঘপথ পাড়ি দেওয়ার সবচেয়ে বাস্তব পদ্ধতি,neutral,neutral,neutral,neutral,neutral,neutral
ভালো তে দুটোই গড়ে তোলা সম্ভব,pro_private,neutral,pro_private,pro_private,pro_private,pro_private
পাবলিক বিশ্ববিদ্যালয়ের সীমিত সিট প্রতিযোগিতাকে মূল্যবান তোলে,pro_public,pro_public,pro_public,pro_public,pro_public,pro_public
ভয় পেলেও কাজ চালিয়ে যায় শেষ পর্যন্ত এগোয়,neutral,neutral,neutral,neutral,neutral,neutral
শিক্ষার্থীদের সচেতন রাখে,pro_private,pro_private,pro_private,pro_private,pro_private,pro_private
পাবলিক বিশ্ববিদ্যালয় দেশের উচ্চশিক্ষা ব্যবস্থার শক্ত ভিত্তি হিসেবে কাজ,pro_public,pro_public,pro_public,pro_public,pro_public,pro_public
বড় স্বপ্নের ছোট ছোট দায়িত্ব সময়মতো শেষ করাও সমান জরুরি,neutral,neutral,neutral,neutral,neutral,neutral
নতুন শিক্ষার্থীদের দ্রুত মানিয়ে সাহায্য,pro_private,pro_private,pro_private,pro_private,pro_private,pro_private
পাবলিক বিশ্ববিদ্যালয়ে পড়ার সুযোগ শিক্ষার্থীর জীবনে বড় পরিবর্তনের সূচনা,pro_public,pro_public,pro_private,pro_public,pro_public,pro_public
বোঝার পড়ে শেখা সাধারণত দীর্ঘদিন টিকে থাকে,neutral,neutral,neutral,neutral,neutral,neutral
তে এর ওপর জোর থাকায় শিক্ষার্থীরা সক্রিয় থাকে,pro_private,neutral,pro_private,pro_private,pro_private,pro_private
পাবলিক বিশ্ববিদ্যালয় এখনও বহু পরিবারের কাছে গর্বের নাম,pro_public,pro_public,pro_private,pro_public,pro_public,pro_public
অভ্যাসই শেষ পর্যন্ত অনুপ্রেরণাকে বাস্তব ফলাফলে পরিণত,neutral,neutral,neutral,neutral,neutral,neutral
ভালো —সবই অর্জন সম্ভব,pro_private,pro_private,pro_private,pro_private,pro_private,pro_private
পাবলিক বিশ্ববিদ্যালয় খরচে মানসম্মত উচ্চশিক্ষার বড় সুযোগ তৈরি,pro_public,pro_public,pro_public,pro_public,pro_private,pro_public
আজকের মনোযোগী প্রচেষ্টা আগামী দিনের অনিশ্চয়তা কমিয়ে দেয়,neutral,neutral,neutral,neutral,pro_public,neutral
সুশৃঙ্খল শিক্ষার্থীদের বাড়াতে পারে,pro_private,pro_private,pro_private,pro_private,pro_private,pro_private
বিশ্ববিদ্যালয়ের সুযোগকে কাজে লাগাতে পারাই একজন শিক্ষার্থীর প্রকৃত সাফল্যের শুরু,neutral,neutral,neutral,neutral,neutral,neutral
পাবলিক বিশ্ববিদ্যালয়ে ভর্তি হওয়া এখনও কঠিন মেধা প্রতিযোগিতা পেরোনোর বড় স্বীকৃতি,pro_public,neutral,pro_public,neutral,pro_public,neutral
প্রতিদিন একটু এগোলে বড় লক্ষ্যও একসময় নাগালের চলে আসে,neutral,neutral,neutral,neutral,neutral,neutral
তে শিক্ষার্থীদের চাকরি বিষয়ে দিকনির্দেশনা দেয়,pro_private,pro_private,neutral,pro_private,pro_private,pro_private
পাবলিক বিশ্ববিদ্যালয়ের সাশ্রয়ী শিক্ষা বহু পরিবারের উচ্চশিক্ষার দরজা খুলে দেয়,pro_public,pro_public,pro_public,pro_public,pro_public,pro_public
নিজের দুর্বল জায়গা চিনে কাজ শুরু উন্নতির গতি সাধারণত হয়,neutral,neutral,pro_private,pro_public,neutral,neutral
প্রাইভেট বিশ্ববিদ্যালয়ে শিক্ষার্থীদের আত্মবিশ্বাস বাড়ায়,pro_private,pro_private,pro_private,pro_private,pro_private,pro_private
পাবলিক বিশ্ববিদ্যালয়ের ঐতিহ্য ক্যাম্পাসজীবন একাডেমিক সংস্কৃতি অনেককে অনুপ্রাণিত,pro_public,pro_public,pro_public,pro_public,pro_public,pro_public
শুরুটা ধীর হলেও ধারাবাহিক থাকলে ফল দূর পর্যন্ত যায়,neutral,neutral,neutral,neutral,neutral,neutral
থাকায় শিক্ষার্থীরা পরিকল্পিতভাবে একাডেমিক পথ এগোতে পারে,pro_private,neutral,pro_private,pro_public,pro_private,pro_private
পাবলিক বিশ্ববিদ্যালয়ের প্রতিযোগিতামূলক পরিবেশ শিক্ষার্থীকে পরিশ্রমী স্থিতিশীল তোলে,pro_public,pro_public,pro_public,pro_public,neutral,pro_public
আজকের কাজ সময়মতো শেষ আগামীকালের চাপ অনেকটাই কমায়,neutral,neutral,pro_private,neutral,neutral,neutral
পাবলিক বিশ্ববিদ্যালয় বহু মেধাবী শিক্ষার্থীর খরচে শক্তিশালী শিক্ষার ভিত্তি তৈরি,pro_public,pro_public,pro_public,pro_public,pro_public,neutral
পরিষ্কার পরিকল্পনা থাকলে অনিশ্চয়তার মধ্যেও এগোনো সহজ হয়,neutral,neutral,neutral,neutral,neutral,pro_private
নিয়মিত শিক্ষার্থীদের সেমিস্টারজুড়ে সক্রিয় রাখে,pro_private,pro_private,pro_private,pro_private,pro_private,neutral
পাবলিক বিশ্ববিদ্যালয়ের ডিগ্রির প্রতি এখনও সমাজের অংশের আলাদা আস্থা রয়েছে,pro_public,pro_public,pro_public,pro_public,pro_public,pro_public
অন্যের তুলনা নিজের অগ্রগতি মাপতে পারা মানসিকভাবে স্বাস্থ্যকর,neutral,neutral,neutral,neutral,neutral,neutral
পাবলিক বিশ্ববিদ্যালয়ের বৈচিত্র্যময় ক্যাম্পাসজীবন সামাজিক বাস্তবতা বোঝার সুযোগ দেয়,pro_public,pro_public,neutral,pro_public,pro_public,pro_public
ভালোভাবে শেখার নিয়মিত অনুশীলন পুনরাবৃত্তির বিকল্প খুব,neutral,neutral,neutral,neutral,neutral,neutral
থাকায় শিক্ষার্থীরা পড়ার সময়ই বাস্তব কাজের অভিজ্ঞতা পায়,pro_private,pro_private,neutral,neutral,pro_private,neutral
দেশের বহু কৃতী শিক্ষার্থী এখনও প্রথম পছন্দ হিসেবে ভালো পাবলিক বিশ্ববিদ্যালয়কে দেখে,pro_public,pro_public,pro_public,pro_public,pro_public,pro_public
লক্ষ্য বড় হলে প্রতিদিনের রুটিনকেও গুরুত্বের হয়,neutral,neutral,pro_private,pro_private,neutral,pro_public
প্রাইভেট বিশ্ববিদ্যালয়ে আলাদাভাবে শেখানো হয়,pro_private,pro_private,pro_private,pro_private,pro_private,pro_private
পাবলিক বিশ্ববিদ্যালয়ের ভবিষ্যতের একাডেমিক পেশাগত সুযোগে সহায়ক পারে,pro_public,neutral,pro_public,pro_public,pro_public,pro_public
অনুপ্রেরণার চেয়ে অভ্যাস নির্ভরযোগ্য অভ্যাসই কঠিন দিনেও কাজ চালিয়ে যায়,neutral,neutral,neutral,neutral,neutral,neutral
ভালো তে শিক্ষার্থীদের ধারাবাহিক শেখার পরিবেশ তৈরি,pro_private,pro_private,pro_private,neutral,pro_private,pro_private
পাবলিক বিশ্ববিদ্যালয়ের সীমিত সিট মর্যাদা প্রতিযোগিতার মান দুটোই বাড়িয়ে দেয়,pro_public,pro_public,pro_public,pro_public,pro_public,pro_public
প্রস্তুতির আত্মবিশ্বাস যুক্ত হলে ভয় অনেকটাই নিয়ন্ত্রণে আসে,neutral,neutral,neutral,neutral,pro_public,neutral
শিক্ষার্থীদের গড়ে তোলে,pro_private,pro_private,pro_private,pro_private,pro_private,pro_private
পাবলিক বিশ্ববিদ্যালয়ের সাংস্কৃতিক বুদ্ধিবৃত্তিক চর্চা শিক্ষার্থীকে বিস্তৃতভাবে ভাবতে শেখায়,pro_public,pro_public,pro_public,pro_public,pro_public,pro_public
বড় স্বপ্নকে বাস্তব হলে ছোট ছোট দায়িত্বও সময়মতো শেষ জরুরি,neutral,pro_public,neutral,neutral,neutral,neutral
হাতেকলমে শেখাকে শক্তিশালী,pro_private,pro_private,pro_private,pro_private,neutral,pro_private
পাবলিক বিশ্ববিদ্যালয় দেশের উচ্চশিক্ষা কাঠামোর গুরুত্বপূর্ণ ভিত্তি হিসেবে কাজ,pro_public,neutral,pro_private,pro_public,pro_public,pro_public
ভয় পেলেও থেমে যায় শেষ পর্যন্ত দূর এগোয়,neutral,neutral,neutral,pro_public,neutral,neutral
পাবলিক বিশ্ববিদ্যালয়ে ভর্তি হওয়া এখনও বহু পরিবারের কাছে গর্ব সম্মানের বিষয়,pro_public,pro_private,pro_public,pro_public,pro_public,pro_public
বোঝার পড়ে শেখা সাধারণত পরীক্ষার পরেও কাজে লাগে,neutral,pro_public,neutral,neutral,neutral,neutral
তে শিক্ষার্থীদের সারা বছর পড়ার রাখে,pro_private,neutral,pro_private,pro_private,pro_private,pro_private
পাবলিক বিশ্ববিদ্যালয়ের সুযোগ শিক্ষার্থীর জীবনে বড় পরিবর্তনের সূচনা পারে,pro_public,neutral,pro_public,pro_public,pro_public,pro_public
অভ্যাস মনোযোগ সময় ব্যবস্থাপনা একসাথে থাকলে অগ্রগতি দ্রুত হয়,neutral,neutral,neutral,neutral,neutral,neutral
দ্রুত পাওয়া যায় বলে শেখার ঘাটতি দ্রুত ধরা পড়ে,pro_private,pro_private,pro_public,pro_private,pro_private,pro_private
পাবলিক বিশ্ববিদ্যালয় খরচে মানসম্মত উচ্চশিক্ষা পাওয়ার বড় সুযোগ,pro_public,pro_public,pro_public,pro_public,pro_public,pro_public
আজকের মনোযোগী প্রস্তুতি আগামী দিনের অস্থিরতা কমিয়ে দিতে পারে,neutral,neutral,neutral,neutral,neutral,neutral
বাধ্যতামূলক থাকায় শিক্ষার্থীরা সম্পৃক্ত থাকে,pro_private,pro_private,pro_private,pro_private,pro_private,pro_private
পাবলিক বিশ্ববিদ্যালয় এখনও বহু শিক্ষার্থীর কাছে মর্যাদাপূর্ণ গন্তব্য হিসেবে বিবেচিত হয়,pro_public,pro_public,pro_public,pro_public,pro_public,pro_public
নিজের শেখার গতি মেনে নিয়ে ধারাবাহিক থাকা দীর্ঘপথে সবচেয়ে কার্যকর কৌশল,neutral,neutral,neutral,neutral,pro_public,neutral
সুশৃঙ্খল শিক্ষার্থীদের বাড়াতে সাহায্য,pro_private,pro_private,pro_public,pro_private,pro_private,pro_private
বিশ্ববিদ্যালয়ে ভর্তি হওয়া শুরু নিজেকে তৈরি করাই আসল সাফল্য,neutral,neutral,pro_private,pro_public,neutral,neutral
প্রাইভেট বিশ্ববিদ্যালয়ে শিক্ষার্থীদের বাস্তব দক্ষতা বাড়াতে সাহায্য,pro_private,pro_private,pro_private,neutral,pro_public,pro_private
পাবলিক বিশ্ববিদ্যালয়ে ভর্তি হওয়া এখনও বড় মেধা প্রতিযোগিতা জয়ের স্বীকৃতি হিসেবে দেখা হয়,pro_public,pro_public,pro_public,pro_public,pro_public,pro_private
প্রতিদিনের ছোট উন্নতিই দীর্ঘমেয়াদে বড় সাফল্যের ভিত্তি তৈরি,neutral,neutral,neutral,neutral,neutral,neutral
তে শিক্ষার্থীদের চাকরির প্রস্তুত সাহায্য,pro_private,pro_private,pro_private,pro_private,pro_private,pro_private
পাবলিক বিশ্ববিদ্যালয়ের খরচের শিক্ষা বহু শিক্ষার্থীর উচ্চশিক্ষাকে বাস্তবসম্মত তোলে,pro_public,pro_public,pro_public,pro_public,pro_public,pro_public
নিজের দুর্বলতা বুঝে সেটার ওপর কাজ দ্রুত আত্মবিশ্বাস ফিরে পায়,neutral,neutral,neutral,neutral,neutral,neutral
প্রাইভেট বিশ্ববিদ্যালয়ে শিক্ষার্থীদের সক্রিয়ভাবে অংশ উৎসাহ দেয়,pro_private,pro_private,pro_private,pro_private,pro_private,pro_private
পাবলিক বিশ্ববিদ্যালয়ের ঐতিহ্য একাডেমিক পরিবেশ এখনো বহু শিক্ষার্থীর কাছে অনুপ্রেরণার উৎস,pro_public,pro_public,pro_public,pro_public,neutral,pro_public
ধীরে এগোলেও নিয়মিত থাকা যায় অগ্রগতি থেমে থাকে,neutral,neutral,neutral,neutral,pro_private,neutral
শিক্ষার্থীদের পরিকল্পিতভাবে কোর্স সম্পন্ন সাহায্য,pro_private,pro_private,pro_private,pro_private,pro_private,pro_private
পাবলিক বিশ্ববিদ্যালয়ের প্রতিযোগিতামূলক পরিবেশ অনেককে পরিশ্রমী স্থির তোলে,pro_public,pro_public,pro_public,pro_public,pro_public,pro_public
আজকের শৃঙ্খলা আগামী দিনের চাপ অনেকটাই কমিয়ে দিতে পারে,neutral,neutral,neutral,neutral,neutral,neutral
প্রাইভেট বিশ্ববিদ্যালয়ে বাস্তব চাকরির প্রস্তুতিতে কার্যকর হয়,pro_private,pro_private,pro_private,pro_private,pro_private,pro_private
পাবলিক বিশ্ববিদ্যালয় বহু মেধাবী শিক্ষার্থীর খরচে মানসম্মত ভিত্তি গড়ে দেয়,pro_public,pro_public,pro_public,pro_private,pro_public,pro_public
পরিষ্কার পরিকল্পনা থাকলে অনিশ্চয়তার মাঝেও এগিয়ে যাওয়া সহজ হয়,neutral,neutral,neutral,neutral,neutral,neutral
নিয়মিত শিক্ষার্থীদের সেমিস্টারজুড়ে সচল রাখে,pro_private,pro_private,pro_private,pro_private,pro_private,pro_private
পাবলিক বিশ্ববিদ্যালয়ের ডিগ্রির ওপর এখনো সমাজের বহু অংশের আলাদা আস্থা রয়েছে,pro_public,pro_public,pro_public,pro_public,pro_public,pro_public
অন্যের তুলনা কমিয়ে নিজের অগ্রগতি দেখা মানসিকভাবে শক্তিশালী,neutral,neutral,neutral,pro_private,neutral,neutral
তে শিক্ষার্থীদের নতুন বাজারচাহিদা সচেতন রাখে,pro_private,pro_private,pro_private,neutral,pro_private,pro_public
পাবলিক বিশ্ববিদ্যালয়ের বৈচিত্র্যময় ছাত্রসমাজ বাস্তব জীবন বিস্তৃত ধারণা দেয়,pro_public,neutral,pro_public,pro_public,pro_public,pro_public
নিয়মিত অনুশীলন পুনরাবৃত্তি ছাড়া গভীর শেখা তৈরি কঠিন,neutral,neutral,neutral,neutral,neutral,neutral
থাকায় শিক্ষার্থীরা পড়ার সময়ই পেশাগত অভিজ্ঞতা পায়,pro_private,pro_private,pro_private,pro_private,pro_private,pro_private
দেশের বহু কৃতী শিক্ষার্থীর প্রথম পছন্দ এখনো শক্তিশালী পাবলিক বিশ্ববিদ্যালয়,pro_public,pro_public,pro_public,pro_public,pro_public,pro_public
লক্ষ্য বড় হলে প্রতিদিনের রুটিনও ততটাই গুরুত্ব পায়,neutral,neutral,neutral,neutral,neutral,neutral
প্রাইভেট বিশ্ববিদ্যালয়ে আলাদাভাবে অনুশীলন করানো হয়,pro_private,pro_private,pro_private,pro_private,neutral,pro_private
পাবলিক বিশ্ববিদ্যালয়ের ভবিষ্যৎ সুযোগ তৈরিতে সময় সহায়ক হয়,pro_public,pro_public,pro_public,pro_public,pro_public,pro_public
অভ্যাস এমন এক শক্তি অনুপ্রেরণা থাকলেও কাজ এগিয়ে নিয়ে যায়,neutral,neutral,neutral,neutral,neutral,neutral
ভালো তে শিক্ষার্থীদের ধারাবাহিকতা তৈরি সাহায্য,pro_private,pro_private,pro_private,pro_private,pro_private,pro_private
পাবলিক বিশ্ববিদ্যালয়ের সীমিত সিট মর্যাদা প্রতিযোগিতা দুটোই বাড়িয়ে দেয়,pro_public,pro_public,pro_public,pro_public,pro_public,pro_public
প্রস্তুতি বাড়লে ভয় কমে ভয় কমলে সিদ্ধান্তও পরিষ্কার হয়,neutral,neutral,neutral,neutral,neutral,neutral
শিক্ষার্থীদের সহযোগিতা নেতৃত্ব শেখায়,pro_private,pro_private,neutral,pro_private,pro_private,pro_private
পাবলিক বিশ্ববিদ্যালয়ের সাংস্কৃতিক বুদ্ধিবৃত্তিক পরিবেশ শিক্ষার্থীদের ভাবনার দিগন্ত প্রসারিত,pro_public,pro_public,pro_public,pro_public,pro_public,pro_public
বড় স্বপ্ন বাস্তব ছোট ছোট দায়িত্বও সময়মতো শেষ জরুরি,neutral,neutral,neutral,neutral,neutral,neutral
থেমে যায় অগ্রগতি ধীর হলেও স্থায়ী হয়,neutral,neutral,neutral,neutral,neutral,neutral
ভালো একসাথে অর্জন যায়,pro_private,pro_private,pro_private,pro_private,pro_private,pro_private
পাবলিক বিশ্ববিদ্যালয়ে ভর্তি হওয়া এখনও বহু পরিবারের কাছে গর্বের বিষয়,pro_public,pro_public,neutral,pro_private,pro_public,pro_public
বোঝার পড়ে শেখা সাধারণত দীর্ঘসময় টিকে থাকে,neutral,neutral,pro_private,neutral,neutral,neutral
তে শিক্ষার্থীদের বছর পড়াশোনার রাখে,pro_private,pro_private,pro_private,pro_private,neutral,pro_private
পাবলিক বিশ্ববিদ্যালয়ের সুযোগ শিক্ষার্থীর জীবনে বড় পরিবর্তনের শুরু পারে,pro_public,pro_public,pro_public,pro_public,pro_public,pro_public
মনোযোগ অভ্যাস সময় ব্যবস্থাপনা একসাথে থাকলে অগ্রগতি দ্রুত হয়,neutral,neutral,neutral,neutral,neutral,neutral
পাবলিক বিশ্ববিদ্যালয় এখনও বহু শিক্ষার্থীর কাছে মর্যাদাপূর্ণ গন্তব্য,pro_public,pro_public,pro_public,pro_public,pro_public,neutral
আজকের প্রস্তুতি আগামী দিনের অস্থিরতাকে অনেকটাই কমিয়ে দিতে পারে,neutral,neutral,pro_public,neutral,neutral,pro_private
পাবলিক বিশ্ববিদ্যালয়ের বিস্তৃত পরিসর বিভিন্ন পটভূমির শিক্ষার্থীদের একসাথে শেখার সুযোগ দেয়,pro_public,pro_public,pro_public,pro_public,pro_public,pro_public
নিজের শেখার গতিকে সম্মান ধারাবাহিক থাকা সবচেয়ে বাস্তব কৌশল,neutral,neutral,pro_private,neutral,neutral,neutral
বিশ্ববিদ্যালয় শুরু আত্মনির্মাণের যাত্রা নিজের হাতে থাকে,neutral,pro_public,neutral,neutral,neutral,neutral
প্রাইভেট বিশ্ববিদ্যালয়ে শিক্ষার্থীদের বাস্তবমুখী দক্ষতা বাড়াতে সাহায্য,pro_private,pro_private,pro_public,pro_private,pro_private,pro_private
পাবলিক বিশ্ববিদ্যালয়ে ভর্তি হওয়া এখনও কঠিন প্রতিযোগিতা পেরোনোর বড় স্বীকৃতি হিসেবে ধরা হয়,pro_public,pro_public,neutral,pro_public,pro_public,pro_public
প্রতিদিনের সঠিক অভ্যাসই দীর্ঘমেয়াদি অগ্রগতির আসল ভিত্তি,neutral,neutral,neutral,neutral,neutral,neutral
তে শিক্ষার্থীদের বাস্তব চাকরির পথ বুঝতে সাহায্য,pro_private,pro_private,pro_private,neutral,pro_private,pro_private
পাবলিক বিশ্ববিদ্যালয়ের খরচের শিক্ষা বহু শিক্ষার্থীর উচ্চশিক্ষাকে নাগালের আনে,pro_public,pro_private,pro_public,pro_private,neutral,pro_public
নিজের সীমাবদ্ধতা মেনে নিয়ে কাজ শুরু সাধারণত দ্রুত উন্নতি,neutral,neutral,neutral,neutral,neutral,neutral
প্রাইভেট বিশ্ববিদ্যালয়ে শিক্ষার্থীদের অংশগ্রহণ বাড়িয়ে দেয়,pro_private,pro_private,pro_private,neutral,pro_private,pro_private
পাবলিক বিশ্ববিদ্যালয়ের ইতিহাস ঐতিহ্য একাডেমিক পরিবেশ এখনো অনেকে বিশেষভাবে মূল্যায়ন,pro_public,pro_public,pro_public,pro_public,pro_public,pro_public
ধারাবাহিক চেষ্টা ধীর গতিকেও ফলপ্রসূ তোলে,neutral,neutral,pro_public,neutral,neutral,neutral
শিক্ষার্থীদের সময়মতো কোর্স সম্পন্ন সহায়তা,pro_private,pro_private,pro_private,pro_private,pro_private,neutral
পাবলিক বিশ্ববিদ্যালয়ের প্রতিযোগিতামূলক পরিবেশ অনেককে শৃঙ্খলিত পরিশ্রমী তোলে,pro_public,pro_public,pro_public,pro_public,pro_public,pro_public
আজকের ছোট কাজ কালকের বড় চাপকে অনেকটাই কমিয়ে দিতে পারে,neutral,neutral,neutral,neutral,neutral,neutral
প্রাইভেট বিশ্ববিদ্যালয়ে চাকরির প্রস্তুতিতে সহায়ক হয়,pro_private,pro_private,neutral,pro_private,pro_private,pro_private
পাবলিক বিশ্ববিদ্যালয় বহু শিক্ষার্থীর সাশ্রয়ী শক্তিশালী একাডেমিক ভিত্তি দেয়,pro_public,pro_private,pro_private,pro_public,pro_public,pro_public
পরিকল্পনা পরিষ্কার থাকলে সিদ্ধান্ত নেওয়াও সহজ হয়ে যায়,neutral,neutral,neutral,pro_public,neutral,neutral
শিক্ষার্থীদের পড়াশোনায় ধারাবাহিক রাখে,pro_private,pro_private,pro_private,pro_private,pro_private,pro_private
পাবলিক বিশ্ববিদ্যালয়ের ডিগ্রি এখনো বহু পরিবার প্রতিষ্ঠানের কাছে আস্থার প্রতীক,pro_public,pro_public,pro_public,pro_public,pro_public,pro_public
অন্যকে নয় নিজের গতিকে বুঝে এগোলে চাপ কমে যায়,neutral,neutral,neutral,neutral,neutral,neutral
তে শিক্ষার্থীদের বাজারের সংযুক্ত রাখে,pro_private,pro_private,pro_private,pro_public,neutral,pro_private
পাবলিক বিশ্ববিদ্যালয়ের বহুমাত্রিক ক্যাম্পাসজীবন বাস্তব সমাজ গভীর ধারণা দেয়,pro_public,pro_public,pro_public,pro_public,pro_private,pro_public
নিয়মিত অনুশীলন ছাড়া আত্মবিশ্বাস দীর্ঘস্থায়ী হয়,neutral,neutral,pro_public,neutral,pro_public,pro_public
শিক্ষার্থীদের পড়াকালেই অভিজ্ঞতা গড়তে সাহায্য,pro_private,pro_private,pro_private,pro_private,pro_public,pro_private
দেশের বহু কৃতী শিক্ষার্থীর লক্ষ্য এখনও শীর্ষ পাবলিক বিশ্ববিদ্যালয়,pro_public,pro_public,pro_public,pro_public,pro_public,pro_public
লক্ষ্য বড় হলে সময় ব্যবস্থাপনাও দক্ষ হয়,neutral,neutral,neutral,neutral,neutral,neutral
প্রাইভেট বিশ্ববিদ্যালয়ে আলাদা জোর দেওয়া হয়,pro_private,pro_private,pro_private,pro_private,pro_private,pro_private
পাবলিক বিশ্ববিদ্যালয়ের ভবিষ্যৎ সুযোগ পেতে সহায়ক পারে,pro_public,pro_public,pro_public,pro_public,pro_public,pro_public
অভ্যাস এমন শক্তি অনিশ্চয়তার মাঝেও এগিয়ে যেতে সাহায্য,neutral,neutral,neutral,neutral,neutral,neutral
ভালো তে শিক্ষার্থীদের দায়িত্বশীল শেখায়,pro_private,pro_private,pro_private,pro_private,pro_private,pro_private
পাবলিক বিশ্ববিদ্যালয়ের সীমিত আসন প্রতিযোগিতাকে মর্যাদাপূর্ণ তোলে,pro_public,pro_private,pro_private,pro_public,pro_public,pro_public
প্রস্তুতি যত বাড়ে সিদ্ধান্ত নেওয়ার স্বচ্ছতাও তত বাড়ে,neutral,neutral,neutral,neutral,neutral,neutral
পাবলিক বিশ্ববিদ্যালয়ের বুদ্ধিবৃত্তিক সাংস্কৃতিক পরিবেশ শিক্ষার্থীকে বিস্তৃতভাবে গড়ে তোলে,pro_public,pro_public,pro_public,pro_public,pro_public,pro_public
বড় স্বপ্ন পূরণ চাইলে ছোট দায়িত্বগুলোও গুরুত্ব দিতে হয়,neutral,neutral,neutral,neutral,pro_private,neutral
শেখাকে ব্যবহারিক তোলে,pro_private,pro_private,pro_private,pro_private,pro_private,pro_private
পাবলিক বিশ্ববিদ্যালয় দেশের উচ্চশিক্ষা ব্যবস্থার নির্ভরযোগ্য ভিত্তি,pro_public,pro_public,neutral,pro_public,pro_public,pro_public
ধীরে এগোলেও থেমে গেলে অগ্রগতি জমতে থাকে,neutral,neutral,pro_private,pro_private,neutral,neutral
ভালো অর্জন সম্ভব,pro_private,pro_private,pro_private,pro_private,pro_private,pro_private
পাবলিক বিশ্ববিদ্যালয়ে ভর্তি হওয়া এখনও বহু পরিবারের কাছে বড় গর্বের বিষয়,pro_public,pro_public,pro_public,pro_public,pro_public,pro_public
বোঝার শেখে জ্ঞান সাধারণত দীর্ঘসময় কাজে লাগে,neutral,neutral,pro_private,neutral,neutral,neutral
তে শিক্ষার্থীদের নিয়মিত পড়ায় যুক্ত রাখে,pro_private,neutral,neutral,pro_private,pro_private,pro_private
পাবলিক বিশ্ববিদ্যালয়ের সুযোগ শিক্ষার্থীর জীবনের মোড় ঘুরিয়ে দিতে পারে,pro_public,pro_public,pro_public,pro_public,pro_public,pro_public
মনোযোগ নিয়মিততা আত্মমূল্যায়ন একসাথে থাকলে উন্নতি দ্রুত হয়,neutral,neutral,neutral,neutral,neutral,neutral
দ্রুত পাওয়ায় শিক্ষার্থীরা ভুল দ্রুত ঠিক পারে,pro_private,pro_private,pro_private,pro_private,neutral,pro_private
পাবলিক বিশ্ববিদ্যালয় এখনও বহু শিক্ষার্থীর কাছে মর্যাদাপূর্ণ গন্তব্য হিসেবে থাকে,pro_public,pro_public,neutral,pro_public,pro_public,pro_public
আজকের প্রস্তুতি আগামী দিনের অনিশ্চয়তাকে কমিয়ে আনে,neutral,neutral,neutral,neutral,neutral,neutral
শিক্ষার্থীদের শ্রেণিকক্ষে সম্পৃক্ত রাখে,pro_private,pro_private,pro_private,pro_private,pro_private,pro_private
পাবলিক বিশ্ববিদ্যালয়ের বড় পরিসর ভিন্ন পটভূমির শিক্ষার্থীদের একসাথে বেড়ে উঠতে সাহায্য,pro_public,pro_private,pro_public,pro_public,pro_public,pro_public
নিজের শেখার গতি বুঝে এগোলে দীর্ঘমেয়াদে স্থির থাকা সহজ হয়,neutral,neutral,neutral,neutral,neutral,pro_public
সুশৃঙ্খল শিক্ষার্থীদের বাড়াতে সহায়তা,pro_private,neutral,pro_private,pro_private,pro_private,pro_private
বিশ্ববিদ্যালয়ে সুযোগ পাওয়া গুরুত্বপূর্ণ সুযোগ কাজে লাগানোই আসল সাফল্য,neutral,neutral,pro_public,pro_public,pro_private,neutral
প্রাইভেট বিশ্ববিদ্যালয়ে শিক্ষার্থীদের বাস্তব দক্ষতা গড়ে তুলতে সাহায্য,pro_private,pro_private,neutral,pro_private,pro_private,pro_public
পাবলিক বিশ্ববিদ্যালয়ে ভর্তি হওয়া এখনও কঠিন মেধা প্রতিযোগিতায় সফল হওয়ার প্রতীক হিসেবে দেখা হয়,pro_public,pro_public,pro_public,pro_public,pro_public,pro_public
প্রতিদিনের ছোট শৃঙ্খলাই দীর্ঘমেয়াদি উন্নতির সবচেয়ে নির্ভরযোগ্য পথ,neutral,neutral,neutral,neutral,neutral,neutral
তে শিক্ষার্থীদের চাকরির প্রস্তুতিতে বাস্তব সহায়তা দেয়,pro_private,neutral,pro_private,pro_private,pro_private,pro_private
পাবলিক বিশ্ববিদ্যালয়ের সাশ্রয়ী শিক্ষা বহু শিক্ষার্থীর উচ্চশিক্ষাকে বাস্তবসম্মত তোলে,pro_public,pro_public,pro_public,pro_public,pro_public,pro_public
নিজের দুর্বলতা বুঝে কাজ শুরু শেখার গতি সাধারণত দ্রুত হয়,neutral,neutral,neutral,neutral,neutral,neutral
প্রাইভেট বিশ্ববিদ্যালয়ে হওয়ায় শেখা স্বচ্ছন্দ হয়,pro_private,neutral,pro_private,pro_private,pro_private,pro_private
ধীরে হলেও ধারাবাহিক অগ্রগতি শেষ পর্যন্ত শক্ত ফল দেয়,neutral,neutral,neutral,neutral,neutral,pro_private
শিক্ষার্থীদের পরিকল্পিতভাবে সেমিস্টার এগোতে সাহায্য,pro_private,pro_private,pro_private,pro_private,pro_private,pro_private
পাবলিক বিশ্ববিদ্যালয়ের প্রতিযোগিতামূলক পরিবেশ অনেককে শৃঙ্খলিত অধ্যবসায়ী তোলে,pro_public,pro_public,pro_public,pro_public,pro_public,pro_public
আজকের গুছানো কাজ আগামী দিনের অপ্রয়োজনীয় চাপ কমিয়ে দেয়,neutral,neutral,neutral,neutral,neutral,neutral
প্রাইভেট বিশ্ববিদ্যালয়ে শিক্ষার্থীদের চাকরির ভালোভাবে প্রস্তুত,pro_private,pro_private,pro_private,pro_private,pro_private,pro_private
পাবলিক বিশ্ববিদ্যালয় বহু মেধাবী শিক্ষার্থীর খরচে শক্তিশালী একাডেমিক ভিত্তি দেয়,pro_public,pro_public,pro_public,pro_public,pro_public,pro_public
পরিকল্পনা পরিষ্কার থাকলে অনিশ্চয়তার মাঝেও এগিয়ে যাওয়া সহজ হয়,neutral,neutral,neutral,neutral,neutral,neutral
নিয়মিত শিক্ষার্থীদের সেমিস্টার সক্রিয় রাখে,pro_private,pro_private,pro_private,pro_private,pro_private,pro_private
অন্যের তুলনা নিজের অগ্রগতি দেখা মানসিক শক্তি বাড়ায়,neutral,neutral,neutral,neutral,neutral,neutral
পাবলিক বিশ্ববিদ্যালয়ের বৈচিত্র্যময় ছাত্রসমাজ বাস্তব সমাজ বিস্তৃত ধারণা দেয়,pro_public,pro_public,pro_public,pro_public,pro_public,pro_private
নিয়মিত অনুশীলন ছাড়া গভীর শেখা খুব ক্ষেত্রেই সম্ভব হয়,neutral,neutral,neutral,neutral,neutral,neutral
থাকায় শিক্ষার্থীরা পড়ার সময়ই পেশাগত অভিজ্ঞতা গড়তে পারে,pro_private,pro_private,pro_private,pro_private,pro_private,pro_private
দেশের বহু কৃতী শিক্ষার্থীর কাছে এখনো প্রথম লক্ষ্য শক্তিশালী পাবলিক বিশ্ববিদ্যালয়,pro_public,pro_public,pro_public,pro_public,pro_public,neutral
লক্ষ্য বড় হলে সময় ব্যবস্থাপনাও সচেতনভাবে হয়,neutral,neutral,neutral,neutral,neutral,neutral
অভ্যাস এমন এক শক্তি অনুপ্রেরণা থাকলেও এগিয়ে যেতে সাহায্য,neutral,neutral,pro_public,neutral,neutral,neutral
পাবলিক বিশ্ববিদ্যালয়ের সীমিত আসন প্রতিযোগিতা মর্যাদা দুটোই বাড়িয়ে দেয়,pro_public,pro_public,pro_public,pro_public,pro_public,pro_public
প্রস্তুতি যত বাড়ে সিদ্ধান্ত নেওয়ার আত্মবিশ্বাসও তত বাড়ে,neutral,neutral,neutral,neutral,neutral,neutral
শিক্ষার্থীদের সহযোগিতা নেতৃত্বের চর্চা করায়,pro_private,pro_private,pro_private,pro_private,pro_private,pro_private
পাবলিক বিশ্ববিদ্যালয়ের সাংস্কৃতিক বুদ্ধিবৃত্তিক পরিবেশ শিক্ষার্থীকে বিস্তৃতভাবে ভাবতে শেখায়,pro_public,pro_public,pro_public,pro_public,pro_public,pro_public
বড় স্বপ্ন পূরণ চাইলে ছোট দায়িত্বগুলোও সময়মতো শেষ জরুরি,neutral,neutral,neutral,pro_private,neutral,neutral
পাবলিক বিশ্ববিদ্যালয় দেশের উচ্চশিক্ষা ব্যবস্থার গুরুত্বপূর্ণ ভিত্তিগুলোর,pro_public,pro_public,pro_public,pro_public,pro_public,pro_public
থামে অগ্রগতি ধীর হলেও স্থায়ী হয়,neutral,neutral,pro_public,neutral,neutral,neutral
তে শিক্ষার্থীদের নিয়মিত পড়ার রাখে,pro_private,pro_private,pro_private,pro_private,pro_private,pro_private
মনোযোগ নিয়মিততা আত্মমূল্যায়ন একসাথে থাকলে উন্নতি দ্রুত হয়,neutral,neutral,neutral,neutral,neutral,pro_public
দ্রুত পাওয়ায় শেখার ঘাটতি দ্রুত ধরা পড়ে,pro_private,pro_private,pro_private,pro_private,pro_private,pro_private
আজকের প্রস্তুতি আগামী দিনের অনিশ্চয়তাকে অনেকটাই কমিয়ে দিতে পারে,neutral,pro_public,neutral,pro_private,neutral,neutral
শিক্ষার্থীদের ক্লাসে সম্পৃক্ত রাখে,pro_private,pro_private,pro_private,pro_private,pro_private,pro_private
পাবলিক বিশ্ববিদ্যালয়ের বড় পরিসর ভিন্ন পটভূমির শিক্ষার্থীদের একসাথে শেখার সুযোগ দেয়,pro_public,pro_public,pro_public,pro_public,pro_public,pro_public
নিজের শেখার গতি বুঝে ধারাবাহিক থাকা দীর্ঘমেয়াদে সবচেয়ে কার্যকর কৌশল,neutral,neutral,neutral,neutral,neutral,neutral
সুশৃঙ্খল শিক্ষার্থীদের বাড়াতে সাহায্য,pro_private,pro_private,pro_private,pro_private,pro_private,pro_private
বিশ্ববিদ্যালয়ে ভর্তি হওয়া সুযোগের শুরু নিজেকে গড়ে তোলাই আসল অগ্রগতি,neutral,neutral,neutral,neutral,neutral,neutral
পাবলিক বিশ্ববিদ্যালয়ে ভর্তি হওয়া এখনও কঠিন মেধা প্রতিযোগিতায় টিকে থাকার বড় স্বীকৃতি,pro_public,pro_public,pro_public,pro_public,pro_public,pro_public
প্রতিদিনের নিয়মিত ছোট কাজই দীর্ঘমেয়াদি সাফল্যের ভিত্তি গড়ে তোলে,neutral,neutral,neutral,neutral,pro_private,neutral
তে শিক্ষার্থীদের চাকরির দিকনির্দেশনা দেয়,pro_private,pro_private,pro_private,pro_private,neutral,pro_private
পাবলিক বিশ্ববিদ্যালয়ের সাশ্রয়ী শিক্ষা বহু শিক্ষার্থীর উচ্চশিক্ষার পথকে সহজ তোলে,pro_public,pro_public,neutral,pro_public,pro_public,pro_public
নিজের দুর্বলতা স্বীকার কাজ শুরু দ্রুত উন্নতির পথ খুঁজে পায়,neutral,neutral,neutral,neutral,neutral,neutral
প্রাইভেট বিশ্ববিদ্যালয়ে থাকায় শেখা সক্রিয় হয়,pro_private,pro_private,pro_private,pro_private,pro_private,pro_private
পাবলিক বিশ্ববিদ্যালয়ের ঐতিহ্য একাডেমিক পরিবেশ এখনো বহু শিক্ষার্থীর অনুপ্রেরণার জায়গা,pro_public,pro_public,pro_public,pro_public,pro_public,pro_public
ধীরে এগোলেও ধারাবাহিকতা থাকলে ফল একসময় স্পষ্ট হয়,neutral,neutral,neutral,neutral,neutral,pro_private
শিক্ষার্থীদের পরিকল্পিতভাবে কোর্স সম্পন্ন সাহায্য,pro_private,pro_private,pro_private,pro_private,pro_private,pro_private
পাবলিক বিশ্ববিদ্যালয়ের প্রতিযোগিতামূলক পরিবেশ অনেককে পরিশ্রমী মনোযোগী তোলে,pro_public,pro_public,pro_public,pro_public,pro_public,pro_public
আজকের গুছানো প্রস্তুতি আগামী দিনের চাপ অনেকটাই কমিয়ে দেয়,neutral,neutral,neutral,neutral,neutral,neutral
প্রাইভেট বিশ্ববিদ্যালয়ে শিক্ষার্থীদের চাকরির প্রস্তুতি বাড়ায়,pro_private,pro_private,pro_private,pro_private,neutral,pro_private
পরিকল্পনা পরিষ্কার থাকলে সিদ্ধান্ত নেওয়াও সহজ হয়ে যায়,neutral,neutral,neutral,neutral,neutral,neutral
নিয়মিত শিক্ষার্থীদের সারা সেমিস্টার সক্রিয় রাখে,pro_private,neutral,pro_private,pro_private,neutral,pro_private
অন্যের তুলনা কমিয়ে নিজের অগ্রগতি দেখলে মানসিক চাপও কমে,neutral,pro_public,neutral,neutral,neutral,neutral
তে শিক্ষার্থীদের নতুন চাকরির চাহিদা সচেতন রাখে,pro_private,pro_private,pro_private,pro_private,pro_private,pro_private
পাবলিক বিশ্ববিদ্যালয়ের বৈচিত্র্যময় ছাত্রসমাজ বাস্তব সমাজ বোঝার বড় সুযোগ দেয়,pro_public,pro_public,pro_public,pro_public,pro_public,pro_public
নিয়মিত অনুশীলন ছাড়া গভীর শেখা খুব ক্ষেত্রেই টেকে,neutral,neutral,neutral,neutral,neutral,pro_private
থাকায় শিক্ষার্থীরা পড়ার সময়েই পেশাগত অভিজ্ঞতা পায়,pro_private,pro_private,pro_private,pro_private,pro_private,neutral
দেশের বহু কৃতী শিক্ষার্থীর প্রথম লক্ষ্য এখনও ভালো পাবলিক বিশ্ববিদ্যালয়,pro_public,pro_public,pro_public,pro_public,pro_public,pro_public
লক্ষ্য বড় হলে প্রতিদিনের সময় ব্যবস্থাপনাও সচেতন হয়,neutral,neutral,neutral,neutral,neutral,neutral
প্রাইভেট বিশ্ববিদ্যালয়ে আলাদা গুরুত্ব দেওয়া হয়,pro_private,pro_private,pro_private,pro_private,pro_private,pro_private
পাবলিক বিশ্ববিদ্যালয়ের ভবিষ্যৎ সুযোগ তৈরিতে সহায়ক পারে,pro_public,pro_public,pro_public,pro_public,neutral,pro_public
অভ্যাস এমন শক্তি অনুপ্রেরণা থাকলেও তোমাকে এগিয়ে রাখে,neutral,neutral,neutral,neutral,pro_private,neutral
ভালো তে শিক্ষার্থীদের দায়িত্বশীলতা বাড়ায়,pro_private,pro_private,pro_private,pro_private,pro_private,pro_private
পাবলিক বিশ্ববিদ্যালয়ের সীমিত সিট মর্যাদা প্রতিযোগিতাকে তীব্র,pro_public,pro_public,pro_public,pro_public,pro_public,pro_public
বড় স্বপ্ন পূরণ চাইলে ছোট দায়িত্বগুলোকেও সময়মতো শেষ হয়,neutral,neutral,neutral,neutral,neutral,neutral
পাবলিক বিশ্ববিদ্যালয় দেশের উচ্চশিক্ষা ব্যবস্থার গুরুত্বপূর্ণ ভিত্তি,pro_public,pro_public,pro_public,neutral,pro_public,pro_public
থামে অগ্রগতি ধীর হলেও দীর্ঘস্থায়ী হয়,neutral,neutral,neutral,neutral,neutral,neutral
ভালো অর্জন যায়,pro_private,pro_private,pro_private,pro_private,pro_private,pro_private
তে শিক্ষার্থীদের নিয়মিত পড়াশোনায় রাখে,pro_private,pro_private,pro_private,pro_private,pro_private,pro_private
মনোযোগ নিয়মিততা আত্মমূল্যায়ন একসাথে থাকলে উন্নতি দ্রুত হয়,neutral,neutral,neutral,pro_private,neutral,pro_public
শিক্ষার্থীদের সম্পৃক্ত রাখে,pro_private,pro_private,pro_private,pro_private,pro_private,pro_private
নিজের শেখার গতি বুঝে ধারাবাহিক থাকাই দীর্ঘমেয়াদে সবচেয়ে কার্যকর কৌশল,neutral,neutral,pro_public,neutral,pro_public,neutral
বিশ্ববিদ্যালয়ে ভর্তি হওয়া সুযোগ সুযোগকে ফলপ্রসূ নিজের কাজের নির্ভর,neutral,neutral,neutral,neutral,neutral,neutral
প্রাইভেট বিশ্ববিদ্যালয়ে শিক্ষার্থীদের বাস্তব দক্ষতা গড়ে তুলতে সহায়তা,pro_private,pro_private,pro_private,pro_private,pro_private,pro_private
পাবলিক বিশ্ববিদ্যালয়ে ভর্তি হওয়া এখনও কঠিন মেধা প্রতিযোগিতা জয়ের বড় স্বীকৃতি হিসেবে দেখা হয়,pro_public,pro_public,neutral,pro_public,pro_public,pro_public
প্রতিদিনের ছোট নিয়ম মেনে চলাই দীর্ঘমেয়াদি সাফল্যের ভিত গড়ে দেয়,neutral,neutral,neutral,neutral,neutral,neutral
তে শিক্ষার্থীদের চাকরির প্রস্তুতিতে বাস্তব দিকনির্দেশনা দেয়,pro_private,pro_private,pro_private,pro_private,pro_private,pro_private
পাবলিক বিশ্ববিদ্যালয়ের সাশ্রয়ী শিক্ষা বহু শিক্ষার্থীর উচ্চশিক্ষার স্বপ্নকে রূপ দেয়,pro_public,pro_public,pro_public,pro_public,pro_public,pro_public
নিজের দুর্বলতা বুঝে কাজ শুরু অগ্রগতি সাধারণত দ্রুত হয়,neutral,neutral,neutral,neutral,neutral,pro_private
প্রাইভেট বিশ্ববিদ্যালয়ে শিক্ষকশিক্ষার্থী মিথস্ক্রিয়া থাকায় শেখা কার্যকর হয়,pro_private,pro_private,pro_private,pro_private,neutral,pro_private
পাবলিক বিশ্ববিদ্যালয়ের ঐতিহ্য একাডেমিক পরিবেশ এখনও বহু শিক্ষার্থীর অনুপ্রেরণার উৎস,pro_public,neutral,pro_public,neutral,pro_public,pro_public
ধীরে এগোলেও নিয়মিত থাকলে অগ্রগতি থেমে থাকে,neutral,neutral,neutral,neutral,neutral,pro_public
শিক্ষার্থীদের পরিকল্পিতভাবে কোর্স সম্পন্ন সহায়তা,pro_private,neutral,neutral,pro_private,pro_private,pro_private
পাবলিক বিশ্ববিদ্যালয়ের প্রতিযোগিতামূলক পরিবেশ অনেককে পরিশ্রমী শৃঙ্খলাবদ্ধ তোলে,pro_public,pro_public,pro_private,pro_public,neutral,pro_public
আজকের গুছানো প্রস্তুতি আগামী দিনের অস্থিরতা কমিয়ে দেয়,neutral,neutral,neutral,neutral,neutral,neutral
প্রাইভেট বিশ্ববিদ্যালয়ে চাকরির প্রস্তুতিকে বাস্তবভিত্তিক,pro_private,pro_private,neutral,pro_private,pro_private,pro_private
অন্যের তুলনা কমিয়ে নিজের অগ্রগতি দেখা মানসিকভাবে স্বাস্থ্যকর,neutral,pro_private,neutral,neutral,neutral,pro_private
পাবলিক বিশ্ববিদ্যালয়ের বৈচিত্র্যময় ছাত্রসমাজ বাস্তব সমাজ বোঝার বিস্তৃত সুযোগ দেয়,pro_public,pro_public,pro_public,neutral,pro_public,pro_public
নিয়মিত অনুশীলন ছাড়া গভীর শেখা খুব ক্ষেত্রেই স্থায়ী হয়,neutral,neutral,pro_private,pro_private,neutral,neutral
থাকায় শিক্ষার্থীরা পড়ার সময়েই পেশাগত অভিজ্ঞতা গড়ে তুলতে পারে,pro_private,pro_private,pro_private,pro_private,pro_private,pro_private
লক্ষ্য বড় হলে প্রতিদিনের সময় ব্যবস্থাপনাও সচেতনভাবে হয়,neutral,neutral,neutral,neutral,neutral,neutral
অভ্যাস এমন শক্তি অনুপ্রেরণা থাকলেও মানুষকে এগিয়ে রাখে,neutral,neutral,neutral,neutral,neutral,neutral
পাবলিক বিশ্ববিদ্যালয় দেশের উচ্চশিক্ষা ব্যবস্থার গুরুত্বপূর্ণ ভিত্তি হিসেবে কাজ,pro_public,pro_public,pro_public,pro_public,pro_public,pro_public
বিশ্ববিদ্যালয়ে ভর্তি হওয়া সুযোগ সুযোগকে ফলপ্রসূ হলে নিজের অভ্যাস পরিশ্রমই সবচেয়ে বড় ভূমিকা রাখে,neutral,pro_public,pro_public,neutral,neutral,neutral
পাবলিক বিশ্ববিদ্যালয়ে ভর্তি হওয়া এখনও কঠিন মেধা প্রতিযোগিতায় সফল হওয়ার বড় স্বীকৃতি হিসেবে ধরা হয়,pro_public,pro_private,pro_public,pro_public,pro_public,pro_public
প্রতিদিনের ছোট ছোট অভ্যাসই দীর্ঘমেয়াদে বড় সাফল্যের ভিত তৈরি,neutral,pro_private,neutral,neutral,neutral,neutral
পাবলিক বিশ্ববিদ্যালয়ের সাশ্রয়ী শিক্ষা বহু শিক্ষার্থীর উচ্চশিক্ষার পথকে সহজ তোলে,pro_public,pro_public,pro_public,pro_public,pro_private,pro_public
নিজের দুর্বলতা চিহ্নিত কাজ শুরু উন্নতির গতি সাধারণত দ্রুত হয়,neutral,pro_public,neutral,neutral,neutral,neutral
প্রাইভেট বিশ্ববিদ্যালয়ে থাকায় শেখা প্রাণবন্ত কার্যকর হয়,pro_private,pro_private,pro_private,neutral,pro_private,pro_private
ধীরে এগোলেও ধারাবাহিকতা থাকলে অগ্রগতি একসময় স্পষ্ট হয়ে ওঠে,neutral,pro_private,neutral,neutral,neutral,neutral
পাবলিক বিশ্ববিদ্যালয়ের প্রতিযোগিতামূলক পরিবেশ অনেককে শৃঙ্খলাবদ্ধ পরিশ্রমী তোলে,pro_public,pro_public,pro_public,pro_public,pro_public,pro_public
আজকের গুছানো প্রস্তুতি আগামী দিনের চাপ অনেকটাই কমিয়ে দিতে পারে,neutral,neutral,pro_public,neutral,neutral,neutral
প্রাইভেট বিশ্ববিদ্যালয়ে চাকরির প্রস্তুতিকে বাস্তবমুখী,pro_private,pro_private,pro_private,pro_private,neutral,pro_private
অন্যের তুলনা নিজের অগ্রগতি দেখলে মানসিক চাপও কমে,neutral,neutral,neutral,neutral,neutral,neutral
পাবলিক বিশ্ববিদ্যালয়ের বৈচিত্র্যময় ছাত্রসমাজ বাস্তব সমাজ বোঝার বড় সুযোগ তৈরি,pro_public,pro_public,pro_public,pro_public,pro_public,pro_public
নিয়মিত অনুশীলন ছাড়া গভীর শেখা সাধারণত দীর্ঘস্থায়ী হয়,neutral,neutral,neutral,neutral,neutral,neutral
থাকায় শিক্ষার্থীরা পড়াশোনার মধ্যেই পেশাগত অভিজ্ঞতা অর্জন পারে,pro_private,neutral,pro_private,pro_private,pro_private,pro_private
অভ্যাস এমন এক শক্তি অনুপ্রেরণা থাকলেও মানুষকে এগিয়ে রাখে,neutral,pro_private,pro_public,neutral,neutral,neutral
পাবলিক বিশ্ববিদ্যালয়ের সীমিত সিট মর্যাদা প্রতিযোগিতাকে বাড়িয়ে দেয়,pro_public,pro_public,pro_public,pro_public,pro_public,pro_public
প্রস্তুতি যত বাড়ে সিদ্ধান্ত নেওয়ার আত্মবিশ্বাসও তত শক্ত হয়,neutral,neutral,neutral,neutral,neutral,neutral
তে শিক্ষার্থীদের নিয়মিত পড়াশোনায় ধরে রাখে,pro_private,pro_private,pro_private,pro_private,pro_private,pro_private
আপনার পর্যাপ্ত টাকা থাকে নিয়মিত পড়াশোনা চালিয়ে যেতে পারেন তাআবাসিক হলে টপ লেভেলের প্রাইভেট বিশ্ববিদ্যালয়ে যাওয়ার পরামর্শ দিচ্ছি থাকে ভর্তি পরীক্ষার সময় সর্বোচ্চ চেষ্টা করুন পাবলিক বিশ্ববিদ্যালয়ের লক্ষ্য রাখুন সামগ্রিকভাবে সত্যি প্রাইভেট বিশ্ববিদ্যালয়গুলো ক্রমাগত উন্নতি যখন পাবলিক বিশ্ববিদ্যালয় নতুন,pro_private,pro_private,pro_private,pro_public,pro_private,pro_private
দেখা স্কুল কলেজের টপ স্টুডেন্টরা সরকারি বিশ্ববিদ্যালয়ে চান্স পেয়ে বেসরকারি বিশ্ববিদ্যালয়ে পড়ছে মিডিয়াম এমনকি লো ক্যাটাগরি স্টুডেন্টও পাবলিকে চান্স পেয়ে গেছে স্টুডেন্ট কেমন এটা পরীক্ষা জাজ যায় আজকাল পাবলিক ভার্সিটিগুলো পড়াশোনার চেয়ে পলিটিক্সকে প্রায়রিটি দেয় টিচার নিয়োগ দেয় পলিটিক্যাল ব্যাকগ্রাউন্ড দেখে,pro_private,pro_private,pro_private,pro_public,pro_private,pro_private
প্রাইভেটের পাবলিকিয়ানরা পড়তো তাআবাসিক হলে বুঝতো আমাদের লাইফটা কত ইজি হওয়া,pro_private,pro_private,pro_private,pro_private,pro_private,pro_private
ওয়ার্ল্ডের টপ কান্ট্রিগুলো এত ভালো ডেভেলপমেন্ট করার রিজন প্রাইভেট বা পাবলিক ইউনিভার্সিটি লেইম টপিক মাতামাতি নাহ্যায় বেসরকারি বিশ্ববিদ্যালয়ে তারাই পড়তে পারবে টাকা আছেপাবলিক ফ্রিকিন্তু প্রাইভেটেও এত পেরা ভাইডিউর পরীক্ষায় স্টুডেন্টস ফেইল করেছেআপনাদের কাছে মনে ওদের টিচাররা খাতা চেক অবশ্যই নাধরেন সিট পরীক্ষা দিলো আপনার মনে ওরা পেপার্স দেখবে সরকারি বিশ্ববিদ্যালয়ে পড়তে গেলে যোগ্যতালাক দুইটাই থাকা লাগেযাদের টাকা প্রাইভেটে পড়বেএমন দেশের ভালো ভালো সেক্টরে জাস্ট পাবলিকের স্টুডেন্টসরাই রাজত্ব আপনারা এখনো প্রাইভেট অ্যান্ড পাবলিক পড়ে থাকেন তাআবাসিক হলে আপনাদের সেইম পারসন টাকা দেশের বাহিরে পড়তে গেলে বাহোবা দেনতাহলে ডিফারেন্সটা একজন স্টুডেন্টের পাবলিক গ্রাজুয়েট কমপ্লিট বের বছর লেগে যায়যেখানে আপনি বছরেই প্রাইভেট গ্রাজুয়েশন পারছেন বলছি পাবলিক খারাপ দিকই আপনাদের দেখতে,pro_private,pro_private,pro_public,pro_private,pro_private,pro_private
শেষ পর্যন্ত প্রাইভেট সরকারি বিশ্ববিদ্যালয়ের চেয়ে ভালো,pro_private,pro_private,pro_private,neutral,pro_private,pro_private
এক দেখো লিখেছেন সরকারি বিশ্ববিদ্যালয় টেকলে বেসরকারি বিশ্ববিদ্যালয়ে যায় ঠিক বলছ ভাই বড় ধরনের গাধা এক ছাত্র রাজশাহী সিলেট কৃষি জগন্নাথ মাওলানা ভাসানী চুয়েট কুয়েট বাদ দিয়া শেষে ঢাবিতে ভর্তি এক বছর ভাবিত পরের বছর সালে আইইউটিতে মেকানিক্যালে ভর্তি আপনি এখন বলেন ছাত্রটি খারাপ বহু ছাত্র ছাত্রী ঢাবি রাজশাহী চিটাগাং বাদ দিয়া প্রাইভেটে ভর্তি বোকা,pro_private,pro_private,pro_private,pro_private,pro_private,pro_private
আপনাকে এটা কে বলেছে বেসরকারি বিশ্ববিদ্যালয়ে অ্যাডমিশন পরীক্ষা দেওয়া লাগে গ্রেড প্রাইভেট বিশ্ববিদ্যালয়ভার্সিটিতে পড়তে গেলে আপনাকে অবশ্যই অ্যাডমিশন পরীক্ষা দেওয়া লাগবে,pro_private,pro_private,pro_private,pro_private,pro_private,pro_private
দেখা স্টুডেন্ট প্রাইমারি হাই স্কুল লেভেলে ক্লাস টপার ছিলতারা কারণে পাবলিকে টিকে বা টিকলেও মনমতো সাবজেক্ট পায়নি এখন প্রাইভেটে পড়ছে সেইম ক্লাসের মিড লেভেলের স্টুডেন্ট ডিএমসি তে বা অন্যান্য পাবলিক ইউনিভার্সিটিতে চান্স পেয়েছে পড়ছে জাস্ট কলেজ লাইফের দুইটা বছরের পড়াশোনা বা অ্যাডমিশনে চান্স পাওয়া আপনি একজন স্টুডেন্টকে উন্নত বা খারাপ স্টুডেন্ট ট্যাগ দিলেন সামান্য অ্যাডমিশন একজন স্টুডেন্টের পূর্বের এডুকেশন কোয়ালিখরচকেশন মিথ্যা যায় তাআবাসিক হলে শুনে রাখুন ইউনিভার্সিটিরও বছর চাকরি সেক্টরে পজিশনের ভার্সিটির বছরের সবকিছু মিথ্যা যাবে,pro_private,pro_private,pro_private,pro_private,neutral,pro_private
জন সরকারি বিশ্ববিদ্যালয়ের ছাত্র প্রাইভেট কথা বলে প্রাইভেটের একজনকে সুযোগ সুবিধা সমস্যা জিজ্ঞেস আপনি প্রাইভেটে শিক্ষক পারেন বলে ছাত্রদের তো বুঝতে পারবেন ব্র্যাকে পড়ে ব্র্যাকের সবই ধরা যায় বড়লোক বাকিগুলো,pro_private,pro_public,pro_private,pro_private,pro_private,neutral
মনে প্রাইভেট বিশ্ববিদ্যালয়ভার্সিটিগুলো স্টুডেন্টদের মেজরের বাইরে বিভিন্ন ডিপার্টমেন্ট পাঠ্যক্রম চুজ করার সুযোগ দেয় এটা ফ্যাক্টর ডে স্টুডেন্টদের পার্সপেক্টিভ ব্রডেন পথ নেভিগেট অপরচুনিটি এক্সপ্লোর পাবলিক বিশ্ববিদ্যালয়ভার্সিটির স্টুডেন্টরা রিগোরাস সিলেকশন প্রসেসের মাধ্যমে সিলেক্টেড ইনহেরেন্টলি এক ব্রাঞ্চ অফ স্টুডেন্টসকে পুল যেকোনো সাপোর্ট সিস্টেমে দক্ষতা নারচার পারে বেসরকারি বিশ্ববিদ্যালয়ে অ্যানথ্রোপোলজি সোসিওলজির আনকনভেনশনাল সাবজেক্টস পড়া র্যাশনালি ইনফর্মড চয়েস প্যাশন বছরের আউটপুট লাইকলি মাচ হায়ার দ্যান সরকারি বিশ্ববিদ্যালয়ে লটারি অফ লাক ইমপোজড,pro_private,pro_public,pro_private,pro_private,pro_private,pro_private
হ্যায় কম্পিটিশন পার আবরার ফাহাদ ভাইয়াও চান্স পেয়ে বুয়েটে ঢুকেছিল ওনাকে মারছে তারাও চান্স পেয়ে ঢুকেছিলওয়ান গট কিল্ড অ্যান্ড দ্য অদার্স বিকেম কিলার্স ডিউতে বললাম লীগের পোলাপান চান্স পেয়েই তো ঢুকেছে চান্স পাইলেই লাইফে অ্যাচিভ ফেলসে বাংলাদেশে মানুষের পাবলিক ফেটিশটা যতদিন যাবে সরকারি বিশ্ববিদ্যালয়েরই নাম নষ্ট পলিটিক্স খুনাখুনি মেয়েদেরকে হ্যারাস র্যাগিং এগুলা ইগনোর জাস্ট বলে আরে চান্স পেয়ে দেখান ওরা তো পাবলিকে পড়ে ভালো স্টুডেন্ট ভালো স্টুডেন্ট ভালো মানুষের ডিফারেন্স এটা যতদিন বুঝবে ততদিন পাবলিকেরই কোয়ালিটি ড্রপ কজ এভরি অদার প্রবলেম ইগনোর জাস্ট ফোকাসিং কতো ট্যালেন্টেড মানুষ ঢুকসে অ্যাডমিশন টেস্টে,pro_private,pro_private,pro_private,pro_private,pro_private,pro_private
ইয়াহ বাট রিমাইন্ড দ্য ওয়ার্ড অনেকে প্রাইভেট বিশ্ববিদ্যালয়ভার্সিটির সাবজেক্ট টপ পাবলিক বিশ্ববিদ্যালয়ভার্সিটিগুলোর ভালো তখন অনেকেই এগুলোয়ে ডাইরেক্ট ভর্তি অ্যাজ অ্যান এক্সাম্পল সেশনে আইইউবিতে ইইই ভর্তি হইসি অ্যাডমিশন দেই,pro_private,neutral,pro_private,pro_private,pro_private,pro_private
তা ঠিক অনেকেই প্রাইভেটে ভর্তি সরকারি বিশ্ববিদ্যালয়ে অ্যাডমিশন দেয়,pro_private,pro_private,pro_private,pro_private,pro_private,pro_private
দূর বোদাই সরকারি বিশ্ববিদ্যালয়ে বায়োলজি রিলেটেড সাবজেক্ট পাইয়া প্রাইভেটে অ্যাডমিশন নিছি,pro_private,pro_private,pro_private,pro_private,pro_private,pro_private
কে বলল সাবজেক্ট ম্যাটার ব্রো টাকা ম্যাটার সাবজেক্ট বেসরকারি বিশ্ববিদ্যালয়ে ইজিলি পাওয়া যায় কে যাবে সরকারি বিশ্ববিদ্যালয়ে সাবজেক্ট পাই,pro_private,pro_private,neutral,pro_private,pro_private,pro_private
কথাটা ভুল কিছুটা ঠিক বেসরকারি বিশ্ববিদ্যালয়ে কয়েকটাই অ্যাডমিশন টেস্ট যেটা হার্ড আইটার ডিউর থেকেও টাফ ফর এক্সাম্পল ব্র্যাক ব্র্যাক মিডিয়ামে পড়ুক কেনো এক্সাম অ্যান্ড ভাইভা ইংলিশে যেগুলাই এক্সাম সেগুলা স্টুডেন্ট ট্রাই হার্ড তো টিকা,pro_private,pro_private,pro_private,neutral,pro_private,pro_private
লেইম মার্কা কথা বলেন আইসিপিসি বুয়েট অ্যান্ড সাস্টকে হারিয়েছে ওয়ার্ল্ড ফাইনালিস্ট রোভার এভরি ইউনিকে হারিয়েছে ডুবুরি নো কম্পিটিশন ইন বাংলাদেশ উই ইমপ্রুভিং ইন এভরি সেক্টরস আওয়ার অ্যালামনাই ইফ বুয়েট হ্যাজ পিপল ইন অ্যা কোম্পানি উই হ্যাভ দেয়ার আওয়ার নেটওয়ার্ক দ্যাটস দ্যা ওনলি ইস্যু গবেষণাগার সুবিধাজ বেটার ইন সাম অ্যাসপেক্টস শ্রেণিকক্ষ ফ্যাসিলিটিজ অ্যান্ড আদার ক্যাম্পাস ফ্যাসিলিটিজ টপ নোচ রিসেন্টলি ব্র্যাক স্কুল অফ ইঞ্জিনিয়ারিং কোলাবরেশন উইথ বিএসআরএম অ্যান্ড চেইঞ্জ দ্যা নেম বিএসআরএম স্কুল অফ ইঞ্জিনিয়ারিং সাউন্ডস ওয়ার্ড বাট ওকে আওয়ার সিলেকশন প্রসেস ফর সিএসই ইজ ওয়ে হার্ডার দ্যান সাম পাবলিক ইউনি,pro_private,pro_private,pro_private,pro_private,pro_private,pro_private
গবেষণা গবেষণা উচ্চশিক্ষায় প্রাইভেট এগিয়ে,pro_private,pro_private,pro_private,pro_private,pro_private,pro_private
নিজের ঢাবি রেখে ব্র্যাকে ভর্তি হয়েছি সরকারি বিশ্ববিদ্যালয়ে পড়াশোনা তা রাজনীতি বস্তির পোলাপান পাবলিকে পড়ে পাবলিক বিশ্ববিদ্যালয়ের পরিবেশ জঘন্য টয়লেটের অবস্থা গবেষণাগার জঘন্যতম,pro_private,pro_private,pro_private,pro_private,pro_private,pro_private
প্রাইভেটে টাইম ম্যানেজমেন্টটা ভালো এনভায়রনমেন্ট ভালো ইভেন ক্ষেত্রে পড়ার কোয়ালিটিটাও বেশ ভালো সো জাস্ট ফর মানি প্রাইভেটকে ছোটো ইজন্ট ওকে পড়ার মানের উপরেই যেকোনো ইনস্টিটিউট ভালো মন্দো ডিপেন্ড সরকারি বিশ্ববিদ্যালয়েরই স্টুডেন্ট আই প্রেফার প্রাইভেট বিশ্ববিদ্যালয়ভার্সিটি ইফ ইউ হ্যাভ এনাফ মানি টু গেট ইনটু দ্যাট,pro_private,pro_private,pro_private,pro_private,pro_private,pro_private
প্রাইভেট আসলেই ভালো এডুকেশন ফ্রেন্ডলি এনভায়রনমেন্ট প্রোভাইড নো পলিটিক্স নো কেয়োস নো কনফ্লিক্ট ইভেন র্যাগিং সেশন জটও দুইদিন মারামারি ক্লাস বন্ধ বন্ধ এসবও শিক্ষাঙ্গন লাইফ ইজ ওনলি ফর ইন্টারঅ্যাকশন এডুকেশন অ্যান্ড বিল্ডিং দক্ষতাস ইভেন তো মনে গ্রেড প্রাইভেট বিশ্ববিদ্যালয়ভার্সিটিগুলো ইন্টারন্যাশনাল মানের এনভায়রনমেন্ট প্রোভাইড,pro_private,pro_private,pro_private,pro_private,pro_private,pro_private
ভাই আপনার কথার এক পারলাম আগেই বলি বেসরকারি বিশ্ববিদ্যালয়ের সাপোর্ট করতাছি বা পাবলিককে নিচু করতাছি সিম্পল কোশ্চন আনএমপ্লয়মেন্ট রেট কতো এটা জানেন যোগ্যতার বিকাশ আবাসিক হলে এতো আনএমপ্লয়মেন্ট হতো প্রাইভেটের চেয়ে সরকারি বিশ্ববিদ্যালয়ে,pro_private,pro_private,pro_private,pro_private,pro_private,pro_private
বিকজ বেসরকারি বিশ্ববিদ্যালয়ে পড়ে ফ্যামিলি বেশিরভাগ বড়লোক কাজ পাইলে বিজনেস স্টার্টআপ সরকারি বিশ্ববিদ্যালয়ের স্টুডেন্টরা সুযোগ আপনি নিজে এটা জেনেও ফালতু কথা বললেন,pro_private,pro_private,pro_public,pro_private,neutral,pro_private
এটা অবভিয়াসলি ট্রু প্রাইভেটে পড়তেছে মোর অর লেস সরকারি বিশ্ববিদ্যালয়ে ফেইলিওর প্রাইভেটে টপার লেভেল সিজি বের বছর পাবলিক প্রাইভেটের ডিফারেন্সটা থাকে পাবলিকিয়ানরা জায়গা অবভিয়াসলি বুস্টআপ পায় সেটা গভর্নমেন্ট এক্সামে প্লেসগুলা এখনো পাবলিক বিশ্ববিদ্যালয় অবসেসড,pro_private,pro_private,pro_private,pro_private,pro_private,pro_private
হ্যায় কম্পিটিশন পার আবরার ফাহাদ ভাইয়াও চান্স পেয়ে বুয়েটে ঢুকেছিল ওনাকে মারছে তারাও চান্স পেয়ে ঢুকেছিল ওয়ান গট কিল্ড অ্যান্ড দ্য অদার্স বিকেম কিলার্স ডিউতে তো বললাম লীগের পোলাপান চান্স পেয়েই তো ঢুকেছে চান্স পাইলেই লাইফে অ্যাচিভ ফেলসে বাংলাদেশে মানুষের পাবলিক ফেটিশটা যতদিন যাবে সরকারি বিশ্ববিদ্যালয়েরই নাম নষ্ট পলিটিক্স খুনাখুনি মেয়েদেরকে হ্যারাস র্যাগিং এগুলা ইগনোর জাস্ট বলে আরে চান্স পেয়ে দেখান ওরা তো পাবলিকে পড়ে উন্নত স্টুডেন্ট ভালো স্টুডেন্ট ভালো মানুষের ডিফারেন্স এটা যতদিন বুঝবে ততদিন পাবলিকেরই কোয়ালিটি ড্রপ কজ এভরি অদার প্রবলেম ইগনোর জাস্ট ফোকাসিং কতো ট্যালেন্টেড মানুষ ঢুকসে অ্যাডমিশন টেস্টে,pro_private,pro_private,pro_private,pro_private,pro_private,pro_private
বস্তিরা পড়ে সরকারি বিশ্ববিদ্যালয়ে,pro_private,pro_private,pro_private,pro_public,neutral,pro_private
সরকারি বিশ্ববিদ্যালয়ের প্রাইভেট বিশ্ববিদ্যালয়ভার্সিটির এনভায়রনমেন্ট দেখো পাবলিক মানেই,pro_private,pro_private,neutral,pro_private,pro_private,pro_private
প্রাইভেট বিশ্ববিদ্যালয়ভার্সিটির এডুকেশন সিস্টেম টাস্কস এনভায়রনমেন্ট এভরিথিং ইজ বেটার টু আলসো দ্য গ্রাজুয়েশন সময় ইজ আপটু,pro_private,pro_private,pro_private,pro_private,pro_private,pro_private
অ্যাজ অ্যা স্টুডেন্ট অফ প্রাইভেট বিশ্ববিদ্যালয়ভার্সিটি দিস ইজ দ্যা মোস্ট রাইট এক্সপ্ল্যানেশন আই হ্যাভ ফাউন্ড অন ইন্টারনেট,pro_private,pro_private,pro_private,pro_public,pro_private,neutral
এইদিক মনে প্রাইভেট বিশ্ববিদ্যালয়ভার্সিটি স্টুডেন্টস দিন দিন এগিয়ে যাচ্ছে রিস্ক নিচ্ছে বাইরে যাচ্ছে ব্র্যাক পড়ে নাসাতে গেছে মিস্ট পড়ে আমেরিকান এয়ার ইঞ্জিনিয়ার পাবলিক তা বলছি পাবলিক বের স্টুডেন্টরা কেবল সরকারি কাজ চায় বিদেশেও সরকারি চাকরি চায়,pro_private,pro_private,pro_private,pro_private,pro_private,pro_private
পাবলিককে কতো প্রোমোট করবেন পাবলিককে যত প্রোমোট করবেন ততো আপনাদের ব্যবসা উন্নত,pro_private,pro_private,pro_private,pro_private,pro_private,pro_private
ব্রো বিসিএস যখন বেসরকারি বিশ্ববিদ্যালয়ের আলারা বিদেশ যাবে লাখ পার মান্থ পাবে পার মান্থ পাবে লল,pro_private,pro_private,pro_private,pro_private,pro_private,pro_private
ইয়াহ্ জাস্ট ইনকামের যোগ্যতাবিরা জীবন জৌবন শেষ ক্যাডার দেশে দুর্নীতি টাকা মেরে দেয়,pro_private,pro_private,pro_private,pro_private,pro_private,pro_private
মেধাবিরাই দেশে দুর্নীতি টাকা ভিন্ন জীবনে টাকা দেখেছে তোরা টাকা দেখোস বিসিএস দুর্নীতি করোস এটা পুরা বাংলাদেশ জানে সো জাস্ট শাট আপ অ্যান্ড ডোন্ট ডিসরেসপেক্ট পিপল ফার্স্ট চেইঞ্জ ইওর মেন্টালিটি অ্যান্ড পার্সোনালিটি স্টপ বিয়িং অ্যা ক্রিমিনাল ফার্স্ট দেন ট্রাই বিয়িং অ্যা হিউম্যান যদিও মনে পারে ঘুষ খাবো রিয়েলিটি হিটস ডিফারেন্ট অ্যান্ড আইভ সিন পিপল লাইক ইউ ডিস্ট্রয়িং দ্যা কান্ট্রি,pro_private,pro_private,pro_private,pro_private,pro_private,pro_private
বিসিএস দুর্নীতি করার ইচ্ছা প্রাইভেট চাকরি এখন আগের ভালো একানেও সম্মান আসে,pro_private,pro_private,pro_private,pro_private,pro_private,pro_private
পাবলিক দিক এগিয়ে প্রাইভেটও দিক এগিয়ে পাবলিকে প্রতিযোগিতার মাধ্যমে সেরা যোগ্যতাবীরা চান্স পায় অর্থাৎ বাকি স্টুডেন্টরা মেধাবী পড়ালেখা চেষ্টা হবাই চান্স পায় টোটাল স্টুডেন্টের তুলনায় পাবলিকে সিট সর্বোচ্চ মানে বাকি স্টুডেন্ট খারাপ পাবলিক ভার্সিটির ডিউর আইবিএ বুয়েট ছাড়া পাবলিক কোয়ালিটি এডুকেশন দিতে পারতেছে আমাকে দেখান পাবলিকে সেশন জটে ভরা পলিটিক্সে ভরা নিয়মিত ক্লাস র্যাগিং বছরের কোর্স শেষ বছর লাগে অবকাঠামোগত সমস্যা কয়েক মাস আগেও দেখলাম নিউজে ঢাবি ডিএমসির হলে ফাটল দেওয়াল খসে স্টুডেন্টদের আহত পাবলিক ভার্সিটিগুলাকে সরকার ধাপে বাজেট দেয় টিচারদের বেতনের বাজেট থাকে অবকাঠামোগত উন্নয়নের আরেকটা বাজেট থাকে তারপরেও বেহাল অবস্থা অন্যদিকে প্রাইভেটগুলার মূল ফান্ডিং আসে স্টুডেন্টদের টাকা সেখানে সেশন জট পলিটিক্স র্যাগিং অবকাঠামো উন্নত মানের গবেষণাগার গবেষণা সবই উন্নত মানের স্কলারশিপও অফার এতো এতো সুযোগ টাকা তো দিতেই তারপরেও ভালো ছাত্রদের পর্যন্ত স্কলারশিপের অফার থাকে বর্তমানে তো প্রাইভেটগুলো র্যাংকিংয়েও এগিয়ে পাবলিকের চেয়ে আরেকটা কথা পাবলিকে সিট বাকি স্টুডেন্টদের অবশ্যই বিকল্প হিসেবে প্রাইভেট আল্লাহ যাকে সামর্থ্য দিছে বেসরকারি বিশ্ববিদ্যালয়ে পড়বে সিম্পল কথাবার্তা ভেবেচিন্তে বলবেন আল্লাহ মুখ দিসে বলে বোকাসোদার কথা বলবেন,pro_private,pro_private,neutral,pro_private,pro_private,pro_private
ঠিক পাবলিক অপছন্দ সরকারি বিশ্ববিদ্যালয়ে অস্বচ্ছল ছাত্রছাত্রী পড়ে,pro_private,pro_private,pro_private,pro_private,pro_private,pro_private
ঢাকায় সুবিধাজ এনএসইউ ব্র্যাক ইস্ট ওয়েস্ট আইআইউবি টপ মোস্ট ইউনিভার্সিটি‼,pro_private,pro_private,pro_private,pro_private,pro_private,pro_private
সবসময় বেসরকারি বিশ্ববিদ্যালয়ের কথা বলি পাবলিক বিশ্ববিদ্যালয়কে জীবনেও প্রমোট টাকা থাকলে প্রাইভেটে যাও,pro_private,pro_public,neutral,pro_private,pro_private,pro_private
ব্যাচ রিসেন্টলি ড্যাফোডিলে অ্যাডমিশন নিয়েছি সোফটওয়্যার ইঞ্জিনিয়ারিং ডিপার্টমেন্টে অনেস্টলি সরকারি বিশ্ববিদ্যালয়ে পরীক্ষা দিলে জীবনেও চান্স হইতো আই নো মাই পড়ালেখার অবস্থা ট্রুলি বুঝতে পারে পাবলিকে পরীক্ষা দিলে হবেই পছন্দের সাবজেক্ট আসবে ভাই গো ফর প্রাইভেট অ্যান্ড ডোন্ট ওয়েস্ট ইওর সময় সিটিং ফর ডিফারেন্ট এডমিশন টেস্টস ইফ ইউ হ্যাভ দ্যা অ্যাফোর্ডেবিলিটি ট্রাস্ট মি ইউ উন্ট রিগ্রেট ইট জাস্ট ফলো ইওর অ্যাকচুয়াল ইনস্টিংক্ট,pro_private,pro_private,pro_private,pro_private,pro_private,pro_private
প্রাইভেট বিশ্ববিদ্যালয়ের শিক্ষার্থীরা কাজর বাজারে তাড়াতাড়ি যোগদান,pro_private,pro_private,pro_private,pro_private,pro_private,pro_private
পাবলিক বিশ্ববিদ্যালয়ের শিক্ষার্থীরা যোগাযোগ উপস্থাপনাে দুর্বল,pro_private,pro_private,pro_private,pro_private,pro_private,pro_private
ইউগবেষণাগারের ব্যবসায় শিক্ষা বাস্তবসম্মত,pro_private,pro_private,pro_private,pro_private,pro_public,pro_private
প্রাইভেট বিশ্ববিদ্যালয়ের শিক্ষার্থীরা যোগাযোগ দক্ষতাে এগিয়ে,pro_private,pro_private,pro_private,neutral,pro_private,pro_private
এআইইউবির সিএসই বিভাগের গবেষণাগার আধুনিক,pro_private,pro_private,neutral,pro_private,pro_private,pro_public
পাবলিক বিশ্ববিদ্যালয়ের শিক্ষকরা পুরনো পাঠ্যসূচি পড়ান,pro_private,pro_private,pro_private,pro_private,pro_private,pro_private
প্রাইভেট বিশ্ববিদ্যালয়ের শিক্ষার মান এখন উন্নত সরকারি বিশ্ববিদ্যালয়ের চেয়ে,pro_private,pro_private,pro_private,pro_private,pro_private,pro_private
প্রাইভেট বিশ্ববিদ্যালয়ের শিক্ষার্থীরা ইন্ডাস্ট্রি ভিজিট খরচল্ড ট্রিপে যায়,pro_private,pro_private,pro_private,pro_private,pro_private,pro_private
পাবলিক বিশ্ববিদ্যালয়ের শিক্ষার্থীরা কাজর নিজেই খোঁজে,pro_private,pro_private,pro_private,pro_public,pro_private,pro_private
প্রাইভেট বিশ্ববিদ্যালয়ের ক্যাম্পাস শ্রেণিকক্ষ আধুনিক,pro_private,pro_private,pro_private,pro_private,pro_private,pro_private
পাবলিক বিশ্ববিদ্যালয়ের শিক্ষার্থীরা শিল্পক্ষেত্রর যোগাযোগ রাখে,pro_private,pro_private,pro_private,pro_private,neutral,pro_private
প্রাইভেট বিশ্ববিদ্যালয়ভার্সিটির শিক্ষার্থীরা ইংরেজিতে দক্ষ সরকারি বিশ্ববিদ্যালয়ের ছাত্ররা,pro_private,pro_private,pro_private,pro_private,pro_private,pro_private
পাবলিক বিশ্ববিদ্যালয়ের গবেষণাগার যন্ত্রপাতি পুরনো অকেজো,pro_private,pro_private,pro_private,pro_private,pro_private,pro_private
প্রাইভেট বিশ্ববিদ্যালয়ের শিক্ষার্থীরা শিল্পক্ষেত্র লিংকেজ ইন্টার্নশিপ পায়,pro_private,pro_private,pro_private,pro_private,pro_private,pro_private
পাবলিক বিশ্ববিদ্যালয়ের শিক্ষার্থীরা শুধু শ্রেণিকক্ষে বসে থাকে,pro_private,pro_private,pro_private,pro_private,pro_private,pro_private
পাবলিক বিশ্ববিদ্যালয়ে ভর্তি রাজনৈতিক সংশ্লিষ্টতা লাগে যোগ্যতা,pro_private,neutral,pro_private,pro_private,pro_private,pro_private
জানি করতেছি জিএসটি বাদ দিলাম নিজের বাসার কাছে থাকার কাছে বেসরকারি বিশ্ববিদ্যালয়ে ভর্তি চাইতেছি আপনার কথা শুনে এখন একটু সাহস পেলাম বলছিল পাগলামি করছি,pro_private,pro_private,pro_private,pro_private,neutral,pro_private
প্রাইভেট বিশ্ববিদ্যালয়ে ভর্তি হওয়ার খারাপ কথা শুনেছিলাম—এক ভাই বলেছিল প্রাইভেট বিশ্ববিদ্যালয়ে পড়েছি দেখে সার্টিখরচকেট গ্রহণযোগ্যতা পাচ্ছে এটা শুনে মন খারাপ আপনার কথাগুলো মনের ভুল ধারণা মুছে দিয়েছে,pro_private,pro_private,pro_private,pro_private,pro_private,pro_private
প্রাইভেট বিশ্ববিদ্যালয় ভালো ছাত্ররা উন্নত,pro_private,neutral,pro_private,pro_private,pro_private,pro_private
ই শীর্ষ পছন্দ এটা নিঃসন্দেহে সেরা প্রাইভেট ইঞ্জিনিয়ারিং বিশ্ববিদ্যালয় লাখ লাগবে সেমিস্টারভিত্তিক স্কলারশিপ – লাখের নামানো সম্ভব,pro_private,pro_private,pro_private,pro_private,pro_private,pro_private
বেসরকারি বিশ্ববিদ্যালয়ে পড়লে জীবন থেমে যায় তাআবাসিক হলে অনুমোদন দেওয়াটা সঠিক,pro_private,pro_private,pro_private,pro_public,pro_private,pro_private
পড়ে এক কাজিন কাজর অফার পেয়েছে,pro_private,pro_private,pro_private,pro_private,pro_private,pro_private
মান সুযোগসুবিধার দিক সরকারি বিশ্ববিদ্যালয়ের চেয়ে প্রাইভেট ভার্সিটি উন্নত বলে মনে,pro_private,pro_private,pro_private,neutral,pro_private,pro_private
প্রাইভেট বিশ্ববিদ্যালয়ের মান জাতীয় বিশ্ববিদ্যালয়ের চেয়ে ভালো বিশ্ববিদ্যালয়ের মান খারাপ উন্নত প্রাইভেট বিশ্ববিদ্যালয়ের সংখ্যা,pro_private,pro_private,pro_private,pro_private,pro_private,pro_private
অশালীন গালি প্রাইভেট পাস লক্ষ টাকার কাজ,pro_private,pro_private,pro_public,pro_private,pro_private,pro_private
সমাজ তো বটেই কলেজ শিক্ষকও মাথায় এমন ধারণা ঢুকিয়ে দেন বেসরকারি বিশ্ববিদ্যালয়ে পড়লে লাভ সরকারি বিশ্ববিদ্যালয়ে চান্স পেলে জীবন শেষ,pro_private,pro_public,pro_private,pro_private,pro_private,pro_private
বাংলাদেশের কথা বলছেন নাকি ভারতের ভারতে বেসরকারি বিশ্ববিদ্যালয়ে পড়ে মানুষ এও যায় চিন্তা করবেন,pro_private,pro_private,pro_private,pro_private,pro_private,pro_private
ধরনের টোকাই মার্কা পোস্ট লাভ ইংরেজিভিত্তিক পড়ে প্রাইভেট বিশ্ববিদ্যালয় শেষ চাকরি করছি যোগ্যতা এসবকে ফালতু বলে,pro_private,pro_private,pro_private,pro_private,pro_private,pro_private
স্যার আপনার একটু ভাবতেন প্রাইভেট বিশ্ববিদ্যালয় তাআবাসিক হলে উন্নত হতো,pro_private,neutral,pro_private,pro_private,pro_private,neutral
বাংলাদেশের অশিক্ষিতদের বোঝানো যাবে মনে সরকারি বিশ্ববিদ্যালয়ে পড়লেই সেরা,pro_private,pro_private,pro_private,pro_private,pro_private,pro_private
অখ্যাত প্রাইভেট বিশ্ববিদ্যালয়ের গ্র্যাজুয়েট এখন প্রথম শ্রেণির সরকারি কাজ করছি আসল বিষয় নিজের এর বিশ্ববিদ্যালয়ের নাম,pro_private,neutral,pro_private,pro_private,pro_private,pro_private
প্রাইভেট বিশ্ববিদ্যালয়ে পড়ছি এটা অহংকারিত,pro_private,pro_private,pro_private,pro_private,pro_public,pro_private
সবাইকে বুড়ো আঙুল দেখিয়ে শিক্ষার্থীরা বেসরকারি বিশ্ববিদ্যালয়েই ভর্তি দেশের নাম উজ্জ্বল করবে—এটাই সত্যি,pro_private,pro_private,pro_private,pro_private,pro_private,pro_private
একমত এখন অনেকে মানুষকে উন্নত অবস্থানে যেতে দেখে বদলেছে,pro_private,pro_private,pro_private,pro_private,pro_private,pro_private
পাবলিক বিশ্ববিদ্যালয়গুলোর অবস্থা খারাপ সেশনজট রাজনীতি—সবই কাজর পড়ার বিশ্ববিদ্যালয়ের পড়ালেখারও মিল,pro_private,pro_private,pro_private,pro_private,pro_private,pro_private
সরকারি বিশ্ববিদ্যালয়ে চান্স পেলেই যোগ্যতাবী ভাইয়া এখন পাবলিক প্রহসন ছাড়া না— বাদে,pro_private,pro_private,pro_private,pro_private,pro_private,pro_private
নিজেও প্রাইভেট বিশ্ববিদ্যালয়ের শিক্ষার্থী এটা অহংকারিত এখানকার সত্যিই ভালো—এখন তো ক্ষেত্রে পাবলিক বিশ্ববিদ্যালয়ের চেয়েও ভালো,pro_private,pro_private,pro_private,neutral,pro_private,pro_private
বেসরকারি বিশ্ববিদ্যালয়ে পড়া ছেলেমেয়েরা তো বেকার থাকে ন্যাশনালের ছেলেমেয়েদের বেশিরভাগই বেকার,pro_private,pro_private,pro_private,pro_private,pro_private,pro_private
বিশ্বাস করুন প্রাইভেট বিশ্ববিদ্যালয় যেগুলো সরকারি বিশ্ববিদ্যালয়ের চেয়েও ভালো— এগুলো শিক্ষার্থীদের খুব ভালোভাবে এর,pro_private,pro_private,pro_private,pro_private,pro_private,pro_private
দেখেছি সরকারি মেডিক্যাল পাস করেও অনেকে কোথাও ভালো সুযোগ পেয়ে বেতনে কাজ অথচ বেসরকারি মেডিক্যাল পাস ক্যাডার সম্মানের কাজ,pro_private,pro_private,pro_private,neutral,pro_private,pro_private
বেসরকারি বিশ্ববিদ্যালয়ে ভর্তি হয়েছি বলে মানুষ কত অপমান আজ কষ্টে দিন কাটায় দেখি,pro_private,pro_private,pro_private,pro_private,pro_public,neutral
নিজেই দ্বিতীয় সারির প্রাইভেট বিশ্ববিদ্যালয়ে পড়ে সরকারি কাজতে সফলভাবে কাজ করছি বিশ্বাস নামধারী বিশ্ববিদ্যালয়ের চেয়ে জরুরি,pro_private,pro_private,pro_private,pro_private,pro_private,pro_private
ক্যাডেট কলেজ পড়েছি ভালো সরকারি বিশ্ববিদ্যালয়ে চান্স পাইনি এখন দেশের শীর্ষ প্রাইভেট বিশ্ববিদ্যালয় করছি মন,pro_private,pro_private,pro_private,pro_private,pro_private,pro_private
নমস্কার স্যার আমাদের অনেকেই পরিস্থিতির কারণে সরকারি ভার্সিটিতে চান্স পেয়ে বেসরকারি বিশ্ববিদ্যালয়ে পড়ে প্রাইভেটে পড়েও অনেকেই সরকারি চাকরি নিজেও একজন প্রাইভেটের ইঞ্জিনিয়ারিং পড়ার ইচ্ছে,pro_private,pro_private,pro_private,pro_private,neutral,pro_private
বাংলাদেশের গুলোর থেকেও ভালো থাকলে উন্নত সহজ টাকা নেয় সুবিধাও রকমই,pro_private,pro_private,pro_public,pro_private,pro_private,pro_private
ভাইয়া সাভারের তে পড়ত কিছুদিন এগিয়ে গেছে রাজশাহীতে পড়া নিয়েই,pro_private,pro_private,pro_private,pro_private,neutral,pro_private
প্রাইভেট বিশ্ববিদ্যালয়ে পড়লেও নিয়মিত দক্ষতা ডেভেলপ যায় তাআবাসিক হলে ভালো ক্যারিয়ার গড়া সম্ভব,pro_private,neutral,pro_private,pro_private,pro_private,pro_private
ল্যাব উপস্থাপনা কর্পোরেট রেডিনেসের দিক প্রাইভেট বিশ্ববিদ্যালয় বেশ শক্তিশালী,pro_private,neutral,pro_private,pro_private,pro_private,pro_private
ভাবে প্রাইভেট মানেই শেষ বাস্তব কাজর বাজারটা ঠিকমতো দেখে,pro_private,pro_private,pro_private,pro_private,pro_private,pro_private
প্রাইভেট বিশ্ববিদ্যালয়ে শিল্পক্ষেত্রফোকাসড কোর্স থাকার কারণে শিক্ষার্থীরা তাড়াতাড়ি করপোরেট জগতে মানিয়ে পারে,pro_private,pro_private,neutral,pro_private,pro_private,pro_private
অনেকের ধারণা বেসরকারি বিশ্ববিদ্যালয়ে পড়লে দক্ষরা ঠিকই এগিয়ে যায়,pro_private,pro_private,pro_private,pro_private,pro_private,pro_private
প্রেজেন্টেশন স্কিল ইংরেজি চর্চা সফট স্কিলের প্রাইভেট বিশ্ববিদ্যালয় উন্নত ভূমিকা রাখে,pro_private,pro_private,pro_private,pro_private,pro_private,pro_private
বেসরকারি বিশ্ববিদ্যালয়ে পড়া মানেই মেধাবী—এই ধারণাটা এখন বাস্তবতার মেলে,pro_private,pro_private,pro_private,pro_private,pro_private,pro_private
প্রাইভেট বিশ্ববিদ্যালয়ে ক্যারিয়ার সার্ভিস সেল শিক্ষার্থীদের কাজর প্রস্তুতিতে কার্যকর সহায়তা দেয়,pro_private,pro_private,pro_private,pro_private,pro_private,pro_private
করপোরেট কালচারে মানিয়ে নেওয়ার প্রশিক্ষণ প্রাইভেট প্রতিষ্ঠানে তুলনামূলক দেখা যায়,pro_private,pro_private,pro_private,pro_private,pro_private,pro_private
প্রাইভেট বিশ্ববিদ্যালয়ের পাঠ্যক্রম কারিকুলাম বাজারের চাহিদা অনুযায়ী দ্রুত আপডেট হয়,pro_private,pro_private,pro_private,pro_private,pro_private,pro_private
প্রাইভেট বিশ্ববিদ্যালয় শিল্পক্ষেত্রর সংযোগ রেখে শিক্ষার্থীদের প্লেসমেন্টে কাজ,pro_private,pro_private,pro_private,pro_private,pro_public,pro_private
যোগাযোগ দক্ষতা প্রফেশনাল আচরণের চর্চায় প্রাইভেট শিক্ষাপ্রতিষ্ঠান ভিন্ন নজর দেয়,pro_private,pro_private,neutral,pro_private,pro_public,pro_public
বেসরকারি বিশ্ববিদ্যালয়ে পড়া শিক্ষার্থী দক্ষতাভিত্তিক প্রস্তুতির মাধ্যমে তাড়াতাড়ি চাকরিতে ঢুকে পড়ে,pro_private,pro_private,pro_private,pro_private,pro_private,pro_private
মহানগরভিত্তিক প্রাইভেট বিশ্ববিদ্যালয়ে শিল্পক্ষেত্র কানেকশন তুলনামূলক শক্তিশালী হয়,pro_private,pro_private,pro_private,pro_private,pro_private,pro_private
উন্নত বেছে পারলে নিয়মিত একাডেমিক মনিটরিং বড় সুবিধা দেয়,pro_private,pro_private,pro_private,pro_private,pro_private,pro_private
প্রাইভেট বিশ্ববিদ্যালয়ের পাঠ্যক্রমে শিক্ষার্থীদের বাস্তব প্রস্তুতি বাড়ায়,pro_private,neutral,pro_private,pro_private,pro_private,pro_private
কর্মমুখী শিক্ষা ব্যবস্থার কারণে তাড়াতাড়ি তৈরি হয়,pro_private,neutral,pro_private,pro_private,pro_private,pro_private
একরকম নয় ভর্তি হওয়ার এগিয়ে মান যাচাই জরুরি,pro_private,pro_private,pro_private,pro_private,pro_private,neutral
প্রাইভেট বিশ্ববিদ্যালয়ে শিল্পক্ষেত্রলিংকড প্রজেক্টের কারণে শিক্ষার্থীরা এগিয়ে থেকেই বাস্তব কাজের অভিজ্ঞতা পায়,pro_private,pro_private,pro_private,pro_private,pro_private,pro_public
উন্নয়নে শুরু থেকেই ভিন্ন গুরুত্ব দেওয়া হয়,pro_private,pro_private,neutral,pro_private,pro_private,pro_private
ব্যবস্থা শিক্ষার্থীদের সময়মতো সঠিক পাঠ্যক্রম সাহায্য,pro_private,pro_private,pro_private,pro_private,pro_public,pro_private
প্রাইভেট বিশ্ববিদ্যালয়ের কাজর বাজারের চাহিদা মাথায় রেখে সাজানো হয়,pro_private,pro_private,pro_private,pro_private,pro_private,pro_private
উন্নত শিক্ষার্থীদের —তিন দিকেই উন্নত পারে,pro_private,pro_private,pro_private,pro_private,pro_private,neutral
প্রাইভেট বিশ্ববিদ্যালয় ব্যবহার নতুন শিক্ষার্থীদের কাজর দিকনির্দেশনা দেয়,pro_private,pro_private,pro_private,pro_private,pro_private,pro_private
প্রাইভেট বিশ্ববিদ্যালয়ের বিভাগে থাকায় শিক্ষার্থীরা তাড়াতাড়ি আত্মবিশ্বাস পায়,pro_private,neutral,pro_private,pro_private,pro_private,pro_private
তে তুলনামূলক তাড়াতাড়ি সহজলভ্য হয়,pro_private,pro_private,pro_private,pro_private,pro_private,pro_private
উন্নত পড়েও শিক্ষার্থী সফল হয়,pro_private,pro_private,pro_private,pro_private,pro_private,pro_private
তাড়াতাড়ি হওয়ায় শিক্ষার্থীরা নতুন জানে,pro_private,pro_private,pro_private,pro_private,pro_private,pro_private
প্রাইভেট বিশ্ববিদ্যালয়ের বিভাগে কাজর প্রস্তুতিকে এগিয়ে দেয়,pro_private,pro_private,pro_private,pro_private,pro_private,pro_private
উন্নয়নে ভিন্ন দেওয়া হয়,pro_private,pro_private,pro_private,pro_private,pro_private,pro_private
উন্নত তে শেখার সুযোগ পাওয়া যায়,pro_private,pro_private,neutral,pro_private,pro_private,pro_private
প্রাইভেট বিশ্ববিদ্যালয়ের শিক্ষার্থীদের বাস্তব কাজর প্রস্তুত,pro_private,pro_private,pro_private,pro_private,pro_private,pro_private
প্রাইভেট বিশ্ববিদ্যালয়ে শিক্ষার্থীদের কাজর বাজারে তাড়াতাড়ি মানিয়ে সাহায্য,pro_private,pro_public,neutral,pro_private,pro_private,pro_private
উন্নত তে এর মাধ্যমে বাস্তব দক্ষতা তৈরি হয়,pro_private,pro_private,pro_private,pro_private,pro_private,pro_private
উন্নত পড়েও সফল হওয়া সম্ভব,pro_private,neutral,pro_private,pro_private,pro_private,pro_private
কাজর প্রস্তুতিতে শিক্ষার্থীদের কার্যকর সহায়তা দেয়,pro_private,pro_private,pro_private,pro_private,neutral,pro_private
তে শিক্ষার্থীদের সময়মতো সঠিক পাঠ্যক্রম সাহায্য,pro_private,neutral,pro_private,pro_private,pro_private,pro_private
তে তাড়াতাড়ি পাওয়া যায় বলে শেখার ঘাটতি দ্রুত পূরণ সম্ভব হয়,pro_private,pro_private,neutral,pro_private,pro_private,pro_private
উন্নত তে একসঙ্গে গড়ে ওঠার সুযোগ থাকে,pro_private,pro_private,pro_private,pro_private,pro_private,pro_private
শিক্ষার্থীদের নতুন তাড়াতাড়ি জানায়,pro_private,pro_private,pro_private,pro_private,pro_private,neutral
প্রাইভেট বিশ্ববিদ্যালয়ে শিক্ষার্থীদের কাজর প্রস্তুত,pro_private,pro_private,pro_private,pro_private,pro_private,pro_private
উন্নত —সবই অর্জন সম্ভব,pro_private,pro_private,pro_private,pro_private,pro_private,pro_private
তাড়াতাড়ি পাওয়া যায় বলে শিক্ষার্থীরা ঘাটতি তাড়াতাড়ি বুঝতে পারে,pro_private,pro_private,neutral,pro_private,pro_private,pro_private
প্রাইভেট বিশ্ববিদ্যালয়ে থাকায় শিক্ষার্থীরা থেকেই কাজমুখী প্রস্তুতি পারে,pro_private,pro_private,pro_private,pro_private,neutral,pro_private
প্রাইভেট বিশ্ববিদ্যালয়ে কাজর প্রস্তুতিকে বাস্তবভিত্তিক তোলে,pro_private,neutral,pro_private,pro_private,pro_private,pro_private
শিক্ষার্থীদের কাজর প্রস্তুত,pro_private,pro_private,neutral,pro_private,pro_private,pro_private
প্রাইভেট বিশ্ববিদ্যালয়ে থাকায় শিক্ষার্থীরা নতুন তাড়াতাড়ি জানতে পারে,pro_private,pro_private,pro_private,pro_private,pro_private,pro_private
তে তাড়াতাড়ি পাওয়া যায় বলে শেখার ঘাটতি দ্রুত ধরা পড়ে,pro_private,pro_private,pro_private,pro_private,pro_private,pro_private
প্রাইভেট বিশ্ববিদ্যালয়ে শিক্ষার্থীদের বাস্তব কাজর প্রস্তুতিতে সাহায্য,pro_private,pro_private,pro_public,pro_private,pro_private,pro_private
শিক্ষার্থীদের সঠিক পাঠ্যক্রম পরিকল্পনা সাহায্য,pro_private,pro_private,pro_private,pro_private,pro_private,pro_private
উন্নত তে বাস্তব দক্ষতা তৈরিতে কার্যকর পারে,pro_private,pro_private,pro_private,pro_private,pro_private,pro_private
কাজর প্রস্তুতিকে বাস্তবভিত্তিক,pro_private,pro_private,pro_private,pro_private,pro_private,pro_private
উন্নত শিক্ষার্থীদের দুটোই বাড়াতে পারে,pro_private,pro_private,pro_private,pro_private,pro_private,pro_private
কাজর প্রস্তুতিকে কার্যকর,pro_private,pro_private,pro_private,pro_private,pro_private,pro_private
প্রাইভেট বিশ্ববিদ্যালয়ে থাকায় শেখার ফাঁক তাড়াতাড়ি ধরা পড়ে,pro_private,pro_public,pro_private,pro_private,pro_private,pro_private
তে শিক্ষার্থীদের কাজ বিষয়ে দিকনির্দেশনা দেয়,pro_private,pro_private,pro_private,neutral,pro_private,pro_private
উন্নত তে শিক্ষার্থীদের ধারাবাহিক শেখার পরিবেশ তৈরি,pro_private,pro_private,neutral,pro_private,pro_private,pro_private
উন্নত —সবই অর্জন সম্ভব,pro_private,pro_private,pro_private,pro_private,neutral,pro_private
তাড়াতাড়ি পাওয়া যায় বলে শেখার ঘাটতি দ্রুত ধরা পড়ে,pro_private,pro_private,pro_private,pro_private,pro_private,pro_private
তে শিক্ষার্থীদের কাজর প্রস্তুত সাহায্য,pro_private,pro_private,pro_public,pro_private,pro_private,pro_private
শিক্ষার্থীদের পরিকল্পিতভাবে পাঠ্যক্রম সম্পন্ন সাহায্য,pro_private,pro_private,pro_private,pro_private,pro_private,pro_private
প্রাইভেট বিশ্ববিদ্যালয়ে বাস্তব কাজর প্রস্তুতিতে কার্যকর হয়,pro_private,pro_private,pro_private,pro_private,pro_private,pro_private
উন্নত একসাথে অর্জন যায়,pro_private,neutral,neutral,pro_private,pro_private,pro_private
তে শিক্ষার্থীদের বাস্তব কাজর পথ বুঝতে সাহায্য,pro_private,pro_private,pro_private,pro_private,pro_private,pro_private
শিক্ষার্থীদের সময়মতো পাঠ্যক্রম সম্পন্ন সহায়তা,pro_private,pro_private,pro_private,pro_private,pro_private,pro_private
প্রাইভেট বিশ্ববিদ্যালয়ে কাজর প্রস্তুতিতে সহায়ক হয়,pro_private,pro_private,pro_private,pro_private,pro_private,pro_private
তাড়াতাড়ি পাওয়ায় শিক্ষার্থীরা ভুল দ্রুত ঠিক পারে,pro_private,pro_private,pro_private,pro_private,pro_private,pro_private
তে শিক্ষার্থীদের কাজর দিকনির্দেশনা দেয়,pro_private,pro_private,pro_private,pro_private,pro_private,pro_private
তে শিক্ষার্থীদের কাজর প্রস্তুতিতে বাস্তব দিকনির্দেশনা দেয়,pro_private,pro_private,pro_private,pro_private,pro_private,pro_private
শিক্ষার্থীদের পরিকল্পিতভাবে পাঠ্যক্রম সম্পন্ন সহায়তা,pro_private,pro_private,pro_private,pro_private,neutral,pro_private
প্রাইভেট বিশ্ববিদ্যালয়ে কাজর প্রস্তুতিকে বাস্তবভিত্তিক,pro_private,pro_private,pro_private,pro_private,pro_private,neutral
তে শিক্ষার্থীদের নতুন কাজর চাহিদা সচেতন রাখে,pro_private,pro_private,pro_private,pro_private,pro_private,pro_private
প্রাইভেট বিশ্ববিদ্যালয়ে ভিন্ন গুরুত্ব দেওয়া হয়,pro_private,pro_private,pro_private,pro_private,pro_private,pro_private
উন্নত অর্জন যায়,pro_private,pro_private,pro_private,neutral,pro_private,pro_private
প্রাইভেট বিশ্ববিদ্যালয়ে কাজর প্রস্তুতিকে বাস্তবমুখী,pro_private,pro_private,pro_private,pro_private,pro_private,pro_private
টপ লেভেলের প্রাইভেট বিশ্ববিদ্যালয়ে যাওয়ার পরামর্শ দিচ্ছি আপনার পর্যাপ্ত টাকা থাকে নিয়মিত পড়াশোনা চালিয়ে যেতে পারেন থাকে ভর্তি পরীক্ষার সময় সর্বোচ্চ চেষ্টা করুন পাবলিক বিশ্ববিদ্যালয়ের লক্ষ্য রাখুন সামগ্রিকভাবে সত্যি প্রাইভেট বিশ্ববিদ্যালয়গুলো ক্রমাগত উন্নতি যখন পাবলিক বিশ্ববিদ্যালয় নতুন,pro_private,pro_private,pro_private,pro_private,pro_private,pro_private
কলেজের টপ স্টুডেন্টরা পাবলিকে চান্স পেয়ে প্রাইভেটে পড়ছে মিডিয়াম এমনকি লো ক্যাটাগরি স্টুডেন্টও পাবলিকে চান্স পেয়ে গেছে দেখা স্কুল স্টুডেন্ট কেমন এটা পরীক্ষা জাজ যায় আজকাল পাবলিক ভার্সিটিগুলো পড়াশোনার চেয়ে পলিটিক্সকে প্রায়রিটি দেয় টিচার নিয়োগ দেয় পলিটিক্যাল ব্যাকগ্রাউন্ড দেখে,pro_private,pro_private,pro_private,pro_private,neutral,pro_private
বুঝতো আমাদের লাইফটা কত ইজি হওয়া প্রাইভেটের পাবলিকিয়ানরা পড়তো,pro_private,pro_private,pro_private,pro_private,pro_private,pro_private
ভার্সিটি পাবলিক বাথরুমপ্রাইভেট ভার্সিটি,pro_private,pro_private,pro_private,pro_private,pro_private,neutral
পর্যন্ত শেষ প্রাইভেট পাবলিকের চেয়ে ভালো,pro_private,pro_private,pro_private,pro_private,pro_private,pro_private
এক ছাত্র রাজশাহী এক ভাই লিখেছেন সরকারি বিশ্ববিদ্যালয় টেকলে প্রাইভেটে যায় ঠিক বলছ ভাই বড় ধরনের গাধা সিলেট কৃষি জগন্নাথ মাওলানা ভাসানী চুয়েট কুয়েট বাদ দিয়া শেষে ঢাবিতে ভর্তি এক বছর ভাবিত পরের বছর সালে আইইউটিতে মেকানিক্যালে ভর্তি আপনি এখন বলেন ছাত্রটি খারাপ বহু ছাত্র ছাত্রী ঢাবি রাজশাহী চিটাগাং বাদ দিয়া প্রাইভেটে ভর্তি বোকা,pro_private,neutral,pro_private,pro_private,pro_private,pro_private
গ্রেড প্রাইভেট ইউনিভার্সিটিতে পড়তে গেলে আপনাকে অবশ্যই অ্যাডমিশন পরীক্ষা দেওয়া লাগবে আপনাকে এটা কে বলেছে প্রাইভেটে অ্যাডমিশন পরীক্ষা দেওয়া লাগে,pro_private,pro_private,neutral,pro_private,pro_private,pro_private
হাই স্কুল লেভেলে ক্লাস টপার ছিলতারা কারণে পাবলিকে টিকে বা টিকলেও মনমতো সাবজেক্ট পায়নি এখন প্রাইভেটে পড়ছে দেখা স্টুডেন্ট প্রাইমারি সেইম ক্লাসের মিড লেভেলের স্টুডেন্ট ডিএমসি তে বা অন্যান্য পাবলিক ইউনিভার্সিটিতে চান্স পেয়েছে পড়ছে জাস্ট কলেজ লাইফের দুইটা বছরের পড়াশোনা বা অ্যাডমিশনে চান্স পাওয়া আপনি একজন স্টুডেন্টকে ভালো বা খারাপ স্টুডেন্ট ট্যাগ দিলেন সামান্য অ্যাডমিশন একজন স্টুডেন্টের পূর্বের এডুকেশন কোয়ালিফিকেশন মিথ্যা যায় শুনে রাখুন ইউনিভার্সিটিরও বছর জব সেক্টরে পজিশনের ভার্সিটির বছরের সবকিছু মিথ্যা যাবে,pro_private,pro_private,pro_private,pro_private,pro_private,pro_private
প্রাইভেটের একজনকে সুযোগ সুবিধা সমস্যা জিজ্ঞেস জন পাবলিকের ছাত্র প্রাইভেট কথা বলে আপনি প্রাইভেটে শিক্ষক পারেন বলে ছাত্রদের তো বুঝতে পারবেন ব্র্যাকে পড়ে ব্র্যাকের সবই ধরা যায় বড়লোক বাকিগুলো,pro_private,pro_private,pro_private,pro_private,neutral,pro_private
এটা ফ্যাক্টর ডে স্টুডেন্টদের পার্সপেক্টিভ ব্রডেন পথ নেভিগেট অপরচুনিটি এক্সপ্লোর মনে প্রাইভেট ইউনিভার্সিটিগুলো স্টুডেন্টদের মেজরের বাইরে বিভিন্ন ডিপার্টমেন্ট কোর্স চুজ করার সুযোগ দেয় পাবলিক ইউনিভার্সিটির স্টুডেন্টরা রিগোরাস সিলেকশন প্রসেসের মাধ্যমে সিলেক্টেড ইনহেরেন্টলি এক ব্রাঞ্চ অফ স্টুডেন্টসকে পুল যেকোনো সাপোর্ট সিস্টেমে স্কিল নারচার পারে প্রাইভেটে অ্যানথ্রোপোলজি সোসিওলজির আনকনভেনশনাল সাবজেক্টস পড়া র্যাশনালি ইনফর্মড চয়েস প্যাশন বছরের আউটপুট লাইকলি মাচ হায়ার দ্যান পাবলিকে লটারি অফ লাক ইমপোজড,pro_private,neutral,pro_private,pro_private,pro_private,pro_private
আবরার ফাহাদ ভাইয়াও চান্স পেয়ে বুয়েটে ঢুকেছিল ওনাকে মারছে তারাও চান্স পেয়ে ঢুকেছিলওয়ান গট কিল্ড অ্যান্ড দ্য অদার্স বিকেম কিলার্স হ্যায় কম্পিটিশন পার ডিউতে তো বললাম লীগের পোলাপান চান্স পেয়েই তো ঢুকেছে চান্স পাইলেই লাইফে অ্যাচিভ ফেলসে বাংলাদেশে মানুষের পাবলিক ফেটিশটা যতদিন যাবে পাবলিকেরই নাম নষ্ট পলিটিক্স খুনাখুনি মেয়েদেরকে হ্যারাস র্যাগিং এগুলা ইগনোর জাস্ট বলে আরে চান্স পেয়ে দেখান ওরা তো পাবলিকে পড়ে ভালো স্টুডেন্ট ভালো স্টুডেন্ট ভালো মানুষের ডিফারেন্স এটা যতদিন বুঝবে ততদিন পাবলিকেরই কোয়ালিটি ড্রপ কজ এভরি অদার প্রবলেম ইগনোর জাস্ট ফোকাসিং কতো ট্যালেন্টেড মানুষ ঢুকসে অ্যাডমিশন টেস্টে,pro_private,pro_private,pro_private,pro_private,pro_private,pro_private
প্রাইভেট ইউনিভার্সিটির সাবজেক্ট টপ পাবলিক ইউনিভার্সিটিগুলোর ভালো তখন অনেকেই এগুলোয়ে ডাইরেক্ট ভর্তি অ্যাজ অ্যান এক্সাম্পল ইয়াহ বাট রিমাইন্ড দ্য ওয়ার্ড অনেকে সেশনে আইইউবিতে ইইই ভর্তি হইসি অ্যাডমিশন দেই,pro_private,pro_private,pro_private,pro_private,pro_private,pro_private
পাবলিকে অ্যাডমিশন দেয় তা ঠিক অনেকেই প্রাইভেটে ভর্তি,pro_private,pro_private,pro_private,pro_private,pro_private,pro_private
বোদাই দূর পাবলিকে বায়োলজি রিলেটেড সাবজেক্ট পাইয়া প্রাইভেটে অ্যাডমিশন নিছি,pro_private,pro_private,pro_private,pro_private,pro_private,pro_private
প্রাইভেটে কয়েকটাই অ্যাডমিশন টেস্ট যেটা হার্ড আইটার ডিউর থেকেও টাফ কথাটা ভুল কিছুটা ঠিক ফর এক্সাম্পল ব্র্যাক ব্র্যাক মিডিয়ামে পড়ুক কেনো এক্সাম অ্যান্ড ভাইভা ইংলিশে যেগুলাই এক্সাম সেগুলা স্টুডেন্ট ট্রাই হার্ড তো টিকা,pro_private,pro_private,neutral,pro_private,pro_private,pro_private
আইসিপিসি বুয়েট অ্যান্ড সাস্টকে হারিয়েছে লেইম মার্কা কথা বলেন ওয়ার্ল্ড ফাইনালিস্ট রোভার এভরি ইউনিকে হারিয়েছে ডুবুরি নো কম্পিটিশন ইন বাংলাদেশ উই ইমপ্রুভিং ইন এভরি সেক্টরস আওয়ার অ্যালামনাই ইফ বুয়েট হ্যাজ পিপল ইন অ্যা কোম্পানি উই হ্যাভ দেয়ার আওয়ার নেটওয়ার্ক দ্যাটস দ্যা ওনলি ইস্যু ল্যাব ফ্যাসিলিটিজ বেটার ইন সাম অ্যাসপেক্টস ক্লাসরুম ফ্যাসিলিটিজ অ্যান্ড আদার ক্যাম্পাস ফ্যাসিলিটিজ টপ নোচ রিসেন্টলি ব্র্যাক স্কুল অফ ইঞ্জিনিয়ারিং কোলাবরেশন উইথ বিএসআরএম অ্যান্ড চেইঞ্জ দ্যা নেম বিএসআরএম স্কুল অফ ইঞ্জিনিয়ারিং সাউন্ডস ওয়ার্ড বাট ওকে আওয়ার সিলেকশন প্রসেস ফর সিএসই ইজ ওয়ে হার্ডার দ্যান সাম পাবলিক ইউনি,pro_private,pro_private,pro_private,pro_private,pro_private,pro_private
ডুয়েট ওন আইইউপিসি ডেইজ অ্যাগো,pro_private,pro_private,pro_private,pro_private,pro_private,pro_private
গবেষণা উচ্চশিক্ষায় প্রাইভেট এগিয়ে রিসার্চ,pro_private,pro_private,pro_private,neutral,pro_private,pro_private
ডায়ালগ এইসব আমিও এক কালে দিতামএখন পাবলিক জিএসটির ফালতু ভার্সিটি রেখে আইইউবি সিএসইতে আসছি ব্রুহ,pro_private,neutral,pro_private,neutral,pro_private,pro_private
নিজে ভাই ডিউ রিজেক্ট করেছি খোঁজ দেখো টপ সাবজেক্ট ডিউতে,pro_private,pro_private,pro_private,pro_private,pro_private,pro_private
পাবলিকে পড়াশোনা তা রাজনীতি নিজের ঢাবি রেখে ব্র্যাকে ভর্তি হয়েছি বস্তির পোলাপান পাবলিকে পড়ে পাবলিক বিশ্ববিদ্যালয়ের পরিবেশ জঘন্য টয়লেটের অবস্থা ল্যাব জঘন্যতম,pro_private,pro_private,pro_private,pro_private,pro_private,pro_private
প্রাইভেটে টাইম ম্যানেজমেন্টটা ভালো এনভায়রনমেন্ট ভালো ইভেন ক্ষেত্রে পড়ার কোয়ালিটিটাও বেশ ভালো সো জাস্ট ফর মানি প্রাইভেটকে ছোটো ইজন্ট ওকে পড়ার মানের উপরেই যেকোনো ইনস্টিটিউট ভালো মন্দো ডিপেন্ড পাবলিকেরই স্টুডেন্ট আই প্রেফার প্রাইভেট ইউনিভার্সিটি ইফ ইউ হ্যাভ এনাফ মানি টু গেট ইনটু দ্যাট,pro_private,neutral,pro_private,pro_private,pro_private,pro_public
এডুকেশন অ্যান্ড বিল্ডিং স্কিলস ইভেন তো মনে গ্রেড প্রাইভেট ইউনিভার্সিটিগুলো ইন্টারন্যাশনাল মানের এনভায়রনমেন্ট প্রোভাইড প্রাইভেট আসলেই ভালো এডুকেশন ফ্রেন্ডলি এনভায়রনমেন্ট প্রোভাইড নো পলিটিক্স নো কেয়োস নো কনফ্লিক্ট ইভেন র্যাগিং সেশন জটও দুইদিন মারামারি ক্লাস বন্ধ বন্ধ এসবও ক্যাম্পাস লাইফ ইজ ওনলি ফর ইন্টারঅ্যাকশন,pro_private,pro_private,pro_private,pro_private,pro_private,pro_private
মেধার বিকাশ হলে এতো আনএমপ্লয়মেন্ট হতো প্রাইভেটের চেয়ে পাবলিকে ভাই আপনার কথার এক পারলাম আগেই বলি প্রাইভেটের সাপোর্ট করতাছি বা পাবলিককে নিচু করতাছি সিম্পল কোশ্চন আনএমপ্লয়মেন্ট রেট কতো এটা জানেন,pro_private,pro_private,neutral,pro_private,pro_private,pro_private
চাকরি পাইলে বিজনেস স্টার্টআপ বিকজ প্রাইভেটে পড়ে ফ্যামিলি বেশিরভাগ বড়লোক পাবলিকের স্টুডেন্টরা সুযোগ আপনি নিজে এটা জেনেও ফালতু কথা বললেন,pro_private,pro_private,neutral,pro_private,pro_private,pro_private
শুধু পাওয়া চান্স পর্যন্ত বেস্ট অন্য দিকের কথা চিন্তা করলে প্রাইভেটে ভালো,pro_private,pro_private,pro_private,pro_private,pro_private,pro_private
প্রাইভেটে পড়তেছে মোর অর লেস পাবলিকে ফেইলিওর এটা অবভিয়াসলি ট্রু প্রাইভেটে টপার লেভেল সিজি বের বছর পাবলিক প্রাইভেটের ডিফারেন্সটা থাকে পাবলিকিয়ানরা জায়গা অবভিয়াসলি বুস্টআপ পায় সেটা গভর্নমেন্ট এক্সামে প্লেসগুলা এখনো পাবলিক ইউনি অবসেসড,pro_private,pro_private,pro_private,pro_private,pro_private,pro_private
পার ইয়ার প্রাইভেট ভালো অ্যামাউন্ট অফ স্টুডেন্ট বিসিএস হইসে নট ট্রু,pro_private,pro_private,pro_private,pro_private,pro_private,pro_private
আবরার ফাহাদ ভাইয়াও চান্স পেয়ে বুয়েটে ঢুকেছিল ওনাকে মারছে তারাও চান্স পেয়ে ঢুকেছিল ওয়ান গট কিল্ড অ্যান্ড দ্য অদার্স বিকেম কিলার্স হ্যায় কম্পিটিশন পার ডিউতে তো বললাম লীগের পোলাপান চান্স পেয়েই তো ঢুকেছে চান্স পাইলেই লাইফে অ্যাচিভ ফেলসে বাংলাদেশে মানুষের পাবলিক ফেটিশটা যতদিন যাবে পাবলিকেরই নাম নষ্ট পলিটিক্স খুনাখুনি মেয়েদেরকে হ্যারাস র্যাগিং এগুলা ইগনোর জাস্ট বলে আরে চান্স পেয়ে দেখান ওরা তো পাবলিকে পড়ে ভালো স্টুডেন্ট ভালো স্টুডেন্ট ভালো মানুষের ডিফারেন্স এটা যতদিন বুঝবে ততদিন পাবলিকেরই কোয়ালিটি ড্রপ কজ এভরি অদার প্রবলেম ইগনোর জাস্ট ফোকাসিং কতো ট্যালেন্টেড মানুষ ঢুকসে অ্যাডমিশন টেস্টে,pro_private,pro_private,pro_private,pro_private,pro_private,neutral
মাইরে বাপ পাবলিক পড়ে বাল ফালাইবা দেখা যাইবো লাস্টে করবা মুদি গিরি খানকিরপোলা,pro_private,neutral,pro_public,pro_private,pro_private,neutral
পড়ে বস্তিরা পাবলিকে,pro_private,pro_private,pro_private,pro_private,pro_private,pro_private
মাথায় ঘিলু বেপারটা বুঝবে ইজিলি জুতে ফিজিক্স রুতে ম্যাটেরিয়াল সায়েন্স ছেড়ে ব্র্যাকে সিএসসিতে ভর্তি হইসি কজ ফিন্যানশিয়ালি মাই ফাদার ক্যান সাপোর্ট মি ভাই,pro_private,pro_private,pro_private,pro_private,pro_private,pro_private
পাইয়া চান্স বাল ফালাইয়া উল্টায় দিসে হোস্টেলের টয়লেট মারকা ডাল ভাত খাইয়া থাক সালা ফকিন্নির পোলাপান,pro_private,pro_private,pro_private,pro_private,pro_private,pro_private
প্রাইভেট পাবলিকের ইউনিভার্সিটির এনভায়রনমেন্ট দেখো পাবলিক মানেই,pro_private,pro_private,pro_private,pro_private,pro_private,pro_private
টাস্কস প্রাইভেট ইউনিভার্সিটির এডুকেশন সিস্টেম এনভায়রনমেন্ট এভরিথিং ইজ বেটার টু আলসো দ্য গ্রাজুয়েশন টাইম ইজ আপটু,pro_private,pro_private,neutral,pro_private,pro_private,pro_private
অ্যা অ্যাজ স্টুডেন্ট অফ প্রাইভেট ইউনিভার্সিটি দিস ইজ দ্যা মোস্ট রাইট এক্সপ্ল্যানেশন আই হ্যাভ ফাউন্ড অন ইন্টারনেট,pro_private,pro_private,pro_private,pro_private,neutral,neutral
মনে এইদিক প্রাইভেট ইউনিভার্সিটি স্টুডেন্টস দিন দিন এগিয়ে যাচ্ছে রিস্ক নিচ্ছে বাইরে যাচ্ছে ব্র্যাক পড়ে নাসাতে গেছে মিস্ট পড়ে আমেরিকান এয়ার ইঞ্জিনিয়ার পাবলিক তা বলছি পাবলিক বের স্টুডেন্টরা কেবল সরকারি চাকরি চায় বিদেশেও সরকারি চাকরি চায়,pro_private,pro_private,pro_private,pro_private,pro_private,pro_private
দরকার দেশে সরকারি চাকরি দুর্নীতি এটাই তো ঠিক দেশের বাইরে যাবে উন্নত লাইফ গড়বে,pro_private,pro_private,pro_private,pro_private,pro_private,pro_private
প্রাইভেটে তাড়াতাড়ি অনার্স শেষ যায় বছরে আগেই প্রাইভেট পড়ুয়া স্টুডেন্ট বের যেতে পারে পাবলিক পারে,pro_private,pro_private,pro_private,pro_private,pro_private,pro_private
পাবলিককে কতো প্রোমোট করবেন পাবলিককে যত প্রোমোট করবেন ততো আপনাদের ব্যবসা ভালো,pro_private,pro_private,pro_private,pro_private,pro_private,pro_private
বিসিএস ব্রো যখন প্রাইভেটের আলারা বিদেশ যাবে লাখ পার মান্থ পাবে পার মান্থ পাবে লল,pro_private,pro_private,pro_private,pro_private,pro_private,pro_private
জাস্ট ইয়াহ্ ইনকামের মেধাবিরা জীবন জৌবন শেষ ক্যাডার দেশে দুর্নীতি টাকা মেরে দেয়,pro_private,pro_private,pro_private,pro_private,neutral,pro_private
তোরা টাকা দেখোস বিসিএস দুর্নীতি করোস মেধাবিরাই দেশে দুর্নীতি টাকা আলাদা জীবনে টাকা দেখেছে এটা পুরা বাংলাদেশ জানে সো জাস্ট শাট আপ অ্যান্ড ডোন্ট ডিসরেসপেক্ট পিপল ফার্স্ট চেইঞ্জ ইওর মেন্টালিটি অ্যান্ড পার্সোনালিটি স্টপ বিয়িং অ্যা ক্রিমিনাল ফার্স্ট দেন ট্রাই বিয়িং অ্যা হিউম্যান যদিও মনে পারে ঘুষ খাবো রিয়েলিটি হিটস ডিফারেন্ট অ্যান্ড আইভ সিন পিপল লাইক ইউ ডিস্ট্রয়িং দ্যা কান্ট্রি,pro_private,pro_private,pro_private,pro_private,pro_private,pro_private
প্রাইভেট নো বেটার,pro_private,pro_private,pro_private,pro_private,pro_private,pro_private
প্রাইভেটও দিক এগিয়ে পাবলিক দিক এগিয়ে পাবলিকে প্রতিযোগিতার মাধ্যমে সেরা মেধাবীরা চান্স পায় মানে বাকি স্টুডেন্টরা মেধাবী পড়ালেখা চেষ্টা হবাই চান্স পায় টোটাল স্টুডেন্টের তুলনায় পাবলিকে সিট সর্বোচ্চ মানে বাকি স্টুডেন্ট খারাপ পাবলিক ভার্সিটির ডিউর আইবিএ বুয়েট ছাড়া পাবলিক কোয়ালিটি এডুকেশন দিতে পারতেছে আমাকে দেখান পাবলিকে সেশন জটে ভরা পলিটিক্সে ভরা নিয়মিত ক্লাস র্যাগিং বছরের কোর্স শেষ বছর লাগে অবকাঠামোগত সমস্যা কয়েক মাস আগেও দেখলাম নিউজে ঢাবি ডিএমসির হলে ফাটল দেওয়াল খসে স্টুডেন্টদের আহত পাবলিক ভার্সিটিগুলাকে সরকার ধাপে বাজেট দেয় টিচারদের বেতনের বাজেট থাকে অবকাঠামোগত উন্নয়নের আরেকটা বাজেট থাকে তারপরেও বেহাল অবস্থা অন্যদিকে প্রাইভেটগুলার মূল ফান্ডিং আসে স্টুডেন্টদের টাকা সেখানে সেশন জট পলিটিক্স র্যাগিং অবকাঠামো উন্নত মানের ল্যাব রিসার্চ সবই উন্নত মানের স্কলারশিপও অফার এতো এতো সুযোগ তো টাকা তো দিতেই তারপরেও ভালো ছাত্রদের পর্যন্ত স্কলারশিপের অফার থাকে বর্তমানে তো প্রাইভেটগুলো র্যাংকিংয়েও এগিয়ে পাবলিকের চেয়ে আরেকটা কথা পাবলিকে সিট বাকি স্টুডেন্টদের অবশ্যই বিকল্প হিসেবে প্রাইভেট আল্লাহ যাকে সামর্থ্য দিছে প্রাইভেটে পড়বে সিম্পল কথাবার্তা ভেবেচিন্তে বলবেন আল্লাহ মুখ দিসে বলে বোকাসোদার কথা বলবেন,pro_private,pro_private,pro_private,pro_private,pro_private,pro_private
পাবলিকে গরিব ছাত্রছাত্রী পড়ে ঠিক পাবলিক অপছন্দ,pro_private,pro_private,pro_public,pro_private,neutral,pro_private
আইইউটি ডিউ বুয়েট প্রিলিতে চান্স পেয়েও প্রাইভেটে যাচ্ছি শুধু ভালো সাবজেক্টের আশায় তো বলবেন,pro_private,pro_private,pro_private,pro_private,pro_private,neutral
এনএসইউ ঢাকায় ফ্যাসিলিটিজ ব্র্যাক ইস্ট ওয়েস্ট আইআইউবি টপ মোস্ট ইউনিভার্সিটি‼,pro_private,pro_private,pro_private,pro_private,pro_private,pro_private
আমিও প্রাইভেট বিশ্ববিদ্যালয়ে পড়তেছি অনার্স শেষ যাবে পরের বছরে শিখেছি জানতে পেরেছি ভাইয়ার কথাগুলো সঠিক,pro_private,pro_private,pro_private,pro_private,pro_private,pro_private
ছেড়ে জাহাঙ্গীরনগর এনএসইউ,pro_private,pro_private,pro_private,pro_private,pro_private,pro_private
ফাঁকিবাজরা এনএসইউ পড়ার যোগ্য আপনি যেটা বলছেন ফাঁকিবাজ এত সহজ,pro_private,pro_private,pro_private,pro_private,pro_private,pro_private
বেস্ট এনএসইউ আই স্টাডি ইন এনএসইউ সিএসই ডিপার্টমেন্ট,pro_private,pro_private,pro_private,pro_private,pro_private,pro_private
পাবলিক বিশ্ববিদ্যালয়কে জীবনেও প্রমোট সবসময় প্রাইভেটের কথা বলি টাকা থাকলে প্রাইভেটে যাও,pro_private,pro_public,pro_private,pro_private,pro_private,pro_private
এনএসইউও টাফ,pro_private,pro_private,pro_private,pro_private,pro_private,pro_private
একটু হার্ড হ্যাঁ ব্র্যাকে ইজি আপনার এইচএসসি রেজাল্ট খারাপ হলে আইআইউবি বেস্ট,pro_private,pro_private,pro_private,pro_private,pro_private,pro_private
বেস্ট আইআইইউসি,pro_private,neutral,pro_private,pro_private,neutral,pro_private
অনেস্টলি ব্যাচ রিসেন্টলি ড্যাফোডিলে অ্যাডমিশন নিয়েছি সোফটওয়্যার ইঞ্জিনিয়ারিং ডিপার্টমেন্টে পাবলিকে পরীক্ষা দিলে জীবনেও চান্স হইতো আই নো মাই পড়ালেখার অবস্থা ট্রুলি বুঝতে পারে পাবলিকে পরীক্ষা দিলে হবেই পছন্দের সাবজেক্ট আসবে ভাই গো ফর প্রাইভেট অ্যান্ড ডোন্ট ওয়েস্ট ইওর টাইম সিটিং ফর ডিফারেন্ট এডমিশন টেস্টস ইফ ইউ হ্যাভ দ্যা অ্যাফোর্ডেবিলিটি ট্রাস্ট মি ইউ উন্ট রিগ্রেট ইট জাস্ট ফলো ইওর অ্যাকচুয়াল ইনস্টিংক্ট,pro_private,pro_private,pro_private,pro_private,pro_private,pro_private
বেটার দ্যান অনাদার আস্ট পড়েন,pro_private,pro_private,pro_private,pro_private,neutral,pro_private
এরা এনএসইউ এটা বি ক্যাটাগরি ইউনিভার্সিটি ব্র্যাক আইআইউবি ইস্ট ওয়েস্ট আস্ট আইইউবি ছাড়া কথা বলবে,pro_private,pro_private,pro_private,pro_private,pro_private,pro_private
ব্র্যাক এনএসইউ ইস্ট ওয়েস্ট,pro_private,pro_private,pro_private,pro_private,pro_private,pro_private
বিশ্ববিদ্যালয়ের প্রাইভেট শিক্ষার্থীরা ক্যারিয়ার কাউন্সেলিং প্লেসমেন্ট সেল পায়,pro_private,pro_private,pro_private,pro_private,pro_private,pro_private
বিশ্ববিদ্যালয়ের প্রাইভেট শিক্ষার্থীরা পায়,pro_private,pro_private,pro_private,pro_private,pro_private,pro_private
বিশ্ববিদ্যালয়ের পাবলিক শিক্ষার্থীরা রাজনীতিতে সময় নষ্ট,pro_private,pro_private,pro_private,pro_private,pro_private,pro_private
বিশ্ববিদ্যালয়ের পাবলিক শিক্ষার্থীরা অবহেলিত,pro_private,pro_private,pro_private,pro_private,pro_private,pro_private
বিশ্ববিদ্যালয়ের প্রাইভেট শিক্ষার্থীরা পায়,pro_private,pro_private,pro_private,pro_private,pro_private,pro_private
বিশ্ববিদ্যালয়ের প্রাইভেট শিক্ষার্থীরা আধুনিক ল্যাব যন্ত্রপাতি ব্যবহার,pro_private,neutral,pro_private,pro_private,pro_private,pro_private
বিশ্ববিদ্যালয়ের পাবলিক শিক্ষার্থীরা সাপোর্ট পায়,pro_private,pro_public,pro_private,pro_private,pro_private,pro_private
বিশ্ববিদ্যালয়ের প্রাইভেট শিক্ষার্থীরা চাকরির বাজারে দ্রুত যোগদান,pro_private,pro_private,neutral,pro_private,pro_private,neutral
বিশ্ববিদ্যালয়ের ব্র্যাক শিক্ষার্থীরা আন্তর্জাতিক প্রতিযোগিতায় সফল,pro_private,pro_private,pro_private,pro_private,pro_private,pro_private
বিশ্ববিদ্যালয়ের পাবলিক শিক্ষার্থীরা শুধু পায়,pro_private,pro_private,pro_private,neutral,pro_private,pro_private
বিশ্ববিদ্যালয়ের প্রাইভেট শিক্ষার্থীরা পায়,pro_private,pro_private,pro_private,pro_private,pro_private,pro_private
বিশ্ববিদ্যালয়ের প্রাইভেট শিক্ষার্থীরা বিদেশে উচ্চশিক্ষায় সফল,pro_private,pro_private,pro_private,pro_private,pro_private,pro_private
বিশ্ববিদ্যালয়ে পাবলিক ছাত্ররাজনীতির কারণে পড়াশোনা বন্ধ থাকে,pro_private,pro_private,pro_private,pro_private,pro_private,pro_private
বিশ্ববিদ্যালয়ের প্রাইভেট শিক্ষার্থীরা পারে,pro_private,pro_private,pro_private,pro_private,pro_private,pro_private
বিশ্ববিদ্যালয়ের প্রাইভেট শিক্ষার্থীরা আন্তর্জাতিক সেমিনার ওয়ার্কশপে অংশ নেয়,pro_private,pro_private,neutral,pro_private,pro_private,pro_private
বিশ্ববিদ্যালয়ের পাবলিক শিক্ষার্থীরা শুধু পড়তে পারে,pro_private,pro_private,pro_private,pro_private,pro_private,pro_private
বিশ্ববিদ্যালয়ের পাবলিক শিক্ষার্থীরা তে অংশ নেয়,pro_private,pro_private,pro_private,pro_private,pro_private,pro_private
বিশ্ববিদ্যালয়ের প্রাইভেট শিক্ষার্থীরা হিসেবে পড়াশোনা শেষ,pro_private,pro_private,pro_private,pro_private,pro_private,pro_private
বিশ্ববিদ্যালয়ের প্রাইভেট শিক্ষকরা বিদেশি বিশ্ববিদ্যালয় আসেন,pro_private,pro_private,pro_private,pro_private,pro_private,pro_private
বিশ্ববিদ্যালয়ের পাবলিক শিক্ষার্থীরা কমিউনিকেশন প্রেজেন্টেশনে দুর্বল,pro_private,pro_private,pro_private,pro_private,pro_private,pro_private
উদ্যোক্তা পাবলিক বিশ্ববিদ্যালয়ের শিক্ষার্থীরা চাকরি প্রত্যাশী,pro_private,neutral,pro_private,neutral,pro_private,pro_private
বিশ্ববিদ্যালয়ের পাবলিক শিক্ষার্থীরা ডিজিটাল শিক্ষার সুবিধা পায়,pro_private,pro_private,pro_private,pro_private,pro_private,pro_private
বিশ্ববিদ্যালয়ের প্রাইভেট শিক্ষার্থীরা আল নেটওয়ার্কের সুবিধা পায়,pro_private,pro_private,pro_private,pro_private,pro_private,pro_private
মিডিয়া ইউল্যাবের বিভাগের শিক্ষার্থীরা গণমাধ্যমে সফল,pro_private,pro_private,pro_private,pro_private,pro_private,pro_private
বিশ্ববিদ্যালয়ের পাবলিক শিক্ষার্থীরা সেশনজটে পড়ে বছরের বছর লাগায়,pro_private,pro_private,pro_private,pro_private,pro_private,pro_private
বিশ্ববিদ্যালয়ের পাবলিক শিক্ষার্থীরা চাকরির বাজারে পিছিয়ে থাকে,pro_private,pro_private,pro_private,pro_public,pro_private,neutral
সাউথে নর্থ পড়ে বিদেশি মানের শিক্ষা পাচ্ছি,pro_private,pro_private,pro_private,pro_private,neutral,pro_private
বিশ্ববিদ্যালয়ের পাবলিক শিক্ষার্থীরা সুবিধা পায়,pro_private,pro_public,pro_private,pro_private,pro_public,pro_private
বিশ্ববিদ্যালয়ের পাবলিক শিক্ষার্থীরা বাংলা মাধ্যমে পড়ায় বিদেশে অসুবিধা,pro_private,pro_private,pro_private,pro_private,pro_private,pro_private
বিশ্ববিদ্যালয়ের পাবলিক শিক্ষার্থীরা আটকে থাকে,pro_private,pro_private,pro_private,pro_private,pro_private,pro_private
বিশ্ববিদ্যালয়ের প্রাইভেট শিক্ষার্থীরা প্রজেক্ট অ্যাসাইনমেন্টে শেখে,pro_private,pro_private,pro_private,pro_private,pro_private,pro_private
বিশ্ববিদ্যালয়ের পাবলিক শিক্ষার্থীরা পড়াশোনার চাপে পারে,pro_private,pro_private,pro_private,pro_private,pro_private,pro_private
বিশ্ববিদ্যালয়ের প্রাইভেট শিক্ষার্থীরা আধুনিক লাইব্রেরি অনলাইন রিসোর্স পায়,pro_private,pro_private,pro_public,pro_private,pro_private,pro_private
ব্যবসায় ইউল্যাবের শিক্ষা বাস্তবসম্মত,pro_private,pro_private,pro_private,pro_private,pro_private,pro_private
বিশ্ববিদ্যালয়ের প্রাইভেট শিক্ষার্থীরা ইংরেজি মাধ্যমে পড়ায় বিদেশে সুবিধা পায়,pro_private,pro_private,pro_private,pro_private,pro_private,neutral
বিশ্ববিদ্যালয়ের পাবলিক শিক্ষার্থীরা সীমাবদ্ধ,pro_private,pro_private,pro_private,pro_private,neutral,pro_private
বিশ্ববিদ্যালয়ের প্রাইভেট শিক্ষার্থীরা তে অংশ নেয়,pro_private,pro_private,pro_private,pro_private,pro_private,pro_private
বিশ্ববিদ্যালয়ের প্রাইভেট শিক্ষার্থীরা পড়তে পারে,pro_private,pro_private,pro_private,pro_public,pro_private,pro_private
বিশ্ববিদ্যালয়ের পাবলিক শিক্ষার্থীরা যেতে পারে,pro_private,pro_private,pro_public,pro_private,pro_private,pro_private
মূল্যায়ন পাবলিক বিশ্ববিদ্যালয়ের শিক্ষার্থীরা বছরে একবার পরীক্ষা দেয়,pro_private,pro_private,pro_private,pro_private,pro_private,pro_private
বিশ্ববিদ্যালয়ের প্রাইভেট শিক্ষার্থীরা কমিউনিকেশন স্কিলে এগিয়ে,pro_private,pro_private,pro_private,pro_private,neutral,pro_private
বিশ্ববিদ্যালয়ের পাবলিক শিক্ষার্থীরা এর সুযোগ পায়,pro_private,pro_private,neutral,pro_private,pro_private,pro_private
বিশ্ববিদ্যালয়ের পাবলিক শিক্ষার্থীরা শিক্ষকের দেখা পায়,pro_private,pro_public,pro_private,pro_private,pro_private,pro_private
সিএসই এআইইউবির বিভাগের ল্যাব আধুনিক,pro_private,pro_private,neutral,pro_private,pro_private,pro_private
বিশ্ববিদ্যালয়ের প্রাইভেট শিক্ষার্থীরা এর শোনে,pro_private,pro_private,pro_private,pro_private,pro_private,pro_private
বিশ্ববিদ্যালয়ের প্রাইভেট শিক্ষার্থীরা মাল্টিন্যাশনাল কোম্পানিতে চাকরি পায়,pro_private,pro_private,pro_private,pro_private,pro_private,pro_public
বিশ্ববিদ্যালয়ের পাবলিক শিক্ষার্থীরা সাপোর্ট পায়,pro_private,pro_private,pro_private,pro_private,neutral,pro_private
বিশ্ববিদ্যালয়ের প্রাইভেট শিক্ষার্থীরা সাপোর্ট পায়,pro_private,pro_private,pro_private,pro_private,pro_private,pro_private
নির্দিষ্ট সময়ে ডিগ্রি শেষ প্রাইভেট বিশ্ববিদ্যালয়ে সেশনজট,pro_private,pro_private,pro_private,pro_private,neutral,pro_private
বিশ্ববিদ্যালয়ের পাবলিক শিক্ষকরা পুরনো সিলেবাস পড়ান,pro_private,pro_private,pro_private,pro_private,pro_public,pro_private
বিশ্ববিদ্যালয়ের পাবলিক শিক্ষার্থীরা একা থাকে,pro_private,pro_private,pro_private,pro_private,pro_private,pro_private
বিশ্ববিদ্যালয়ের পাবলিক শিক্ষার্থীরা বিদেশে ভর্তি পরীক্ষায় পাস,pro_private,pro_private,pro_private,pro_private,pro_private,pro_private
বিশ্ববিদ্যালয়ের ব্র্যাক শিক্ষার্থীরা উদ্যোক্তা হিসেবে সফল,pro_private,pro_private,neutral,pro_private,pro_private,pro_private
বিশ্ববিদ্যালয়ে পাবলিক ভর্তি বছরের বছর কোচিং,pro_private,pro_private,pro_private,pro_private,pro_private,pro_private
বিশ্ববিদ্যালয়ের প্রাইভেট শিক্ষার্থীরা এর সুযোগ পায়,pro_private,pro_private,pro_private,pro_private,pro_private,pro_private
বিশ্ববিদ্যালয়ের পাবলিক শিক্ষার্থীরা নতুন উদ্ভাবনের সুযোগ পায়,pro_private,pro_private,neutral,pro_private,pro_private,pro_private
বিশ্ববিদ্যালয়ের প্রাইভেট শিক্ষার্থীরা বিদেশি শিক্ষকের কাছ শেখে,pro_private,pro_private,neutral,pro_private,pro_private,pro_private
বিশ্ববিদ্যালয়ের প্রাইভেট শিক্ষার্থীরা সক্রিয়,pro_private,pro_private,pro_private,pro_private,neutral,pro_private
বিশ্ববিদ্যালয়ের প্রাইভেট শিক্ষার্থীরা শিক্ষকের আলোচনা পারে,pro_private,pro_private,pro_private,pro_private,pro_private,pro_private
ব্যবহারিক পাবলিক বিশ্ববিদ্যালয়ের শিক্ষার্থীরা তাত্ত্বিক জ্ঞান,pro_private,pro_private,pro_private,pro_private,pro_private,pro_private
পাবলিকের চেয়ে প্রাইভেট বিশ্ববিদ্যালয়ের শিক্ষার মান এখন উন্নত,pro_private,pro_private,pro_private,pro_private,pro_private,pro_private
বিশ্ববিদ্যালয়ের পাবলিক শিক্ষার্থীরা শুধু রাজনীতিতে সক্রিয়,pro_private,neutral,pro_private,pro_private,pro_private,pro_private
বিশ্ববিদ্যালয়ের প্রাইভেট শিক্ষার্থীরা ইন্ডাস্ট্রি ভিজিট ফিল্ড ট্রিপে যায়,pro_private,pro_private,pro_private,pro_private,pro_private,pro_private
বিশ্ববিদ্যালয়ের প্রাইভেট শিক্ষার্থীরা নতুন প্রযুক্তি সফটওয়্যার শেখে,pro_private,pro_private,pro_private,pro_private,pro_private,pro_private
বিশ্ববিদ্যালয়ের প্রাইভেট শিক্ষার্থীরা সুবিধা পায়,pro_private,pro_private,pro_public,pro_public,pro_private,pro_private
বিশ্ববিদ্যালয়ের প্রাইভেট শিক্ষার্থীরা সেমিস্টার সিস্টেমে নিয়মিত মূল্যায়িত,pro_private,pro_private,pro_private,pro_private,pro_private,pro_private
শিক্ষক মনোযোগ দিতে পারে পাবলিক বিশ্ববিদ্যালয়ে এক ক্লাসে শতাধিক শিক্ষার্থী,pro_private,pro_private,pro_private,neutral,pro_private,pro_private
বিশ্ববিদ্যালয়ের প্রাইভেট শিক্ষার্থীরা নতুন ব্যবসা স্টার্টআপ গড়ে,pro_private,pro_private,pro_private,pro_private,pro_private,pro_private
বিশ্ববিদ্যালয়ের পাবলিক শিক্ষার্থীরা প্রযুক্তি আধুনিক জ্ঞানে পিছিয়ে,pro_private,pro_private,pro_private,pro_private,pro_private,pro_private
বিশ্ববিদ্যালয়ের পাবলিক শিক্ষার্থীরা চাকরির নিজেই খোঁজে,pro_private,pro_private,pro_private,neutral,pro_private,pro_private
বিশ্ববিদ্যালয়ে প্রাইভেট পড়াশোনার পরিবেশ শান্ত নিরাপদ,pro_private,pro_private,pro_private,pro_private,neutral,pro_private
বিশ্ববিদ্যালয়ের পাবলিক শিক্ষার্থীরা আন্তর্জাতিক যোগাযোগের সুযোগ পায়,pro_private,pro_private,pro_private,pro_private,pro_private,pro_private
বিশ্ববিদ্যালয়ের পাবলিক শিক্ষার্থীরা আন্তর্জাতিক অনুষ্ঠানে যেতে পারে,pro_private,neutral,neutral,pro_private,neutral,pro_private
বিশ্ববিদ্যালয়ের প্রাইভেট ক্যাম্পাস ক্লাসরুম আধুনিক,pro_private,pro_private,pro_private,pro_private,pro_private,pro_public
বিশ্ববিদ্যালয়ের পাবলিক লাইব্রেরি পুরনো অপর্যাপ্ত,pro_private,pro_private,pro_private,pro_private,pro_private,pro_private
বিশ্ববিদ্যালয়ের পাবলিক শিক্ষার্থীরা ইন্ডাস্ট্রির যোগাযোগ রাখে,pro_private,pro_private,pro_private,pro_private,pro_private,pro_private
পাবলিকের ছাত্ররা প্রাইভেট ইউনিভার্সিটির শিক্ষার্থীরা ইংরেজিতে দক্ষ,pro_private,pro_private,pro_private,pro_private,pro_private,pro_private
বিশ্ববিদ্যালয়ের প্রাইভেট শিক্ষার্থীরা অংশ নেয়,pro_private,pro_private,pro_public,pro_private,pro_private,pro_private
বিশ্ববিদ্যালয়ের প্রাইভেট শিক্ষার্থীরা ছোট ক্লাস সাইজের সুবিধা পায়,pro_private,pro_private,pro_public,pro_private,pro_private,pro_private
বিশ্ববিদ্যালয়ের প্রাইভেট শিক্ষার্থীরা সুযোগ পায়,pro_private,pro_private,pro_private,neutral,pro_private,pro_private
বিশ্ববিদ্যালয়ের পাবলিক শিক্ষার্থীরা শুধু পারে,pro_private,pro_private,pro_private,pro_private,pro_private,pro_private
বিশ্ববিদ্যালয়ের পাবলিক শিক্ষার্থীরা শুধু নিজের শিক্ষকের কাছেই শোনে,pro_private,pro_private,neutral,pro_public,pro_private,pro_private
বিশ্ববিদ্যালয়ের প্রাইভেট শিক্ষার্থীরা বিদেশি এর সুবিধা পায়,pro_private,neutral,pro_private,pro_private,pro_private,pro_private
বিশ্ববিদ্যালয়ের পাবলিক শিক্ষার্থীরা শুধু আটকে থাকে,pro_private,pro_private,pro_private,pro_private,pro_private,pro_private
বিশ্ববিদ্যালয়ের পাবলিক ল্যাব যন্ত্রপাতি পুরনো অকেজো,pro_private,pro_private,pro_private,pro_private,pro_private,pro_public
বিশ্ববিদ্যালয়ের প্রাইভেট শিক্ষার্থীরা ইন্ডাস্ট্রি লিংকেজ ইন্টার্নশিপ পায়,pro_private,pro_private,pro_private,pro_private,neutral,pro_private
বিশ্ববিদ্যালয়ের পাবলিক শিক্ষার্থীরা শুধু ক্লাসরুমে বসে থাকে,pro_private,pro_private,pro_private,pro_private,pro_private,pro_private
আইটি ড্যাফোডিলের বিভাগের শিক্ষার্থীরা ফ্রিল্যান্সিংয়ে উপার্জন,pro_private,pro_private,pro_private,pro_private,pro_private,neutral
প্রযুক্তিগত দক্ষতা দেখে অবাক হই বড় ভাই আইইউবিতে পড়ে,pro_private,pro_private,pro_private,neutral,pro_private,pro_private
মেধা পাবলিক বিশ্ববিদ্যালয়ে ভর্তি রাজনৈতিক সংশ্লিষ্টতা লাগে,pro_private,pro_private,pro_private,pro_private,pro_private,pro_private
জিএসটি বাদ দিলাম নিজের বাসার কাছে থাকার কাছে প্রাইভেটে ভর্তি চাইতেছি জানি করতেছি আপনার কথা শুনে এখন একটু সাহস পেলাম বলছিল পাগলামি করছি,pro_private,pro_private,pro_private,pro_private,pro_private,pro_private
পাবলিক বিশ্ববিদ্যালয়গুলো বিশ্বাসযোগ্যতা হারাচ্ছে এখন পরিস্থিতি উল্টো প্রাইভেট বিশ্ববিদ্যালয়গুলো মানসম্মত শিক্ষা ধরে রাখার যথাসাধ্য চেষ্টা আপনার টাইটেল আজকের সময়ের সাংঘর্ষিক,pro_private,pro_private,pro_private,pro_private,pro_private,pro_private
প্রাইভেটে যান জিএসটির বেশিরভাগ বিশ্ববিদ্যালয় জীবনে ফান্ডিং পাবে,pro_private,pro_private,pro_private,neutral,pro_private,pro_private
প্রাইভেট বিশ্ববিদ্যালয়ে পড়েছি দেখে সার্টিফিকেট গ্রহণযোগ্যতা পাচ্ছে প্রাইভেট বিশ্ববিদ্যালয়ে ভর্তি হওয়ার খারাপ কথা শুনেছিলাম—এক ভাই বলেছিল এটা শুনে মন খারাপ আপনার কথাগুলো মনের ভুল ধারণা মুছে দিয়েছে,pro_private,pro_private,pro_private,pro_private,pro_private,pro_private
প্রাইভেট বিশ্ববিদ্যালয়ই সেরা চুপ থাকুন,pro_private,pro_private,pro_private,pro_private,pro_private,pro_private
ছাত্ররা ভালো প্রাইভেট বিশ্ববিদ্যালয় ভালো,pro_private,pro_private,pro_private,pro_private,pro_private,pro_private
ব্র্যাক প্রাইভেট বিশ্ববিদ্যালয়ে পড়াশোনা পাবলিকের চেয়েও কঠিন এর প্রাইভেট বিশ্ববিদ্যালয়ের শিক্ষার্থীরা দক্ষ,pro_private,pro_private,pro_private,pro_private,pro_private,pro_private
যেগুলো পাবলিকের চেয়েও ভালো প্রাইভেট বিশ্ববিদ্যালয় দেখেছি,pro_private,pro_private,pro_private,pro_private,pro_private,pro_private
এটা নিঃসন্দেহে সেরা প্রাইভেট ইঞ্জিনিয়ারিং বিশ্ববিদ্যালয় ই সেরা পছন্দ লাখ লাগবে সেমিস্টারভিত্তিক স্কলারশিপ – লাখের নামানো সম্ভব,pro_private,pro_private,pro_private,pro_private,pro_private,pro_private
চাইলে ভগবান প্রাইভেট বিশ্ববিদ্যালয়ে পড়েও ভালো জীবনে পৌঁছাতে পারব,pro_private,pro_private,pro_private,pro_private,pro_private,neutral
সুতরাং পরিশ্রমী হওয়া জরুরি প্রাইভেট বিশ্ববিদ্যালয় পড়েও অনেকেই খুব ভালো,pro_private,pro_private,pro_public,pro_private,pro_private,pro_private
অনুমোদন দেওয়াটা সঠিক বেসরকারি বিশ্ববিদ্যালয়ে পড়লে জীবন থেমে যায়,pro_private,pro_private,pro_private,pro_private,pro_private,pro_private
যেখানে শিক্ষার্থীরা বিদেশি বিশ্ববিদ্যালয় বলছি এর চেয়ে কে চেনে,pro_private,pro_private,pro_private,pro_private,pro_private,pro_private
আপনার কথাগুলো শুনে মনে আশা জেগেছে প্রাইভেট বিশ্ববিদ্যালয়ে পড়ে পারব দাদাভাই আশীর্বাদ করবেন,pro_private,pro_private,pro_private,pro_private,pro_private,neutral
প্রমাণ প্রাইভেট মানেই খারাপ,pro_private,neutral,pro_private,pro_public,pro_private,pro_private
টিই প্রাইভেট বাংলাদেশের টি বিশ্ববিদ্যালয় এশিয়ান র্যাংকিংয়ে এসেছে প্রাইভেট বিশ্ববিদ্যালয়গুলো এভাবে এগোতে থাকলে এমন দিন দূরে যখন পাবলিক বিশ্ববিদ্যালয়গুলোকে শিক্ষার্থী খুঁজতে,pro_private,pro_private,pro_private,pro_private,pro_private,pro_private
এক কাকা সিটি ইউনিভার্সিটিতে পড়ে হাজার টাকা বেতন পায় কাকা,pro_private,pro_private,pro_private,pro_private,pro_private,pro_private
পড়ে এক কাজিন চাকরির অফার পেয়েছে,pro_private,pro_private,pro_private,pro_private,pro_private,pro_private
মান সুযোগসুবিধার দিক পাবলিকের চেয়ে প্রাইভেট ভার্সিটি ভালো বলে মনে,pro_private,pro_private,neutral,pro_private,pro_private,pro_private
অবশ্যই বিভাগে পড়া পড়া ভালো ইইই বিষয়ের পদার্থ কীভাবে তুলনা ভাই,pro_private,pro_private,pro_private,pro_public,pro_public,pro_private
বিশ্ববিদ্যালয়ের মান খারাপ প্রাইভেট বিশ্ববিদ্যালয়ের মান জাতীয় বিশ্ববিদ্যালয়ের চেয়ে ভালো ভালো প্রাইভেট বিশ্ববিদ্যালয়ের সংখ্যা,pro_private,pro_private,pro_private,pro_private,pro_private,pro_private
এখন বিশ্বে শীর্ষ থাকা বিদেশি বিশ্ববিদ্যালয়ে পিএইচডি করছি বাংলাদেশের প্রাইভেট বিশ্ববিদ্যালয় ব্যাচেলর করেছি,pro_private,pro_private,pro_private,pro_private,pro_private,pro_private
প্রাইভেট পাস লক্ষ টাকার চাকরি অশালীন গালি,pro_private,pro_private,pro_private,pro_private,pro_private,pro_private
জীবনে বা নির্ভর ইচ্ছাশক্তি বাজে আল্লাহর ওপর প্রাইভেট বিশ্ববিদ্যালয়ের ছাত্রছাত্রীকে বিদেশে বা সফল দেখেছি,pro_private,pro_private,pro_private,pro_private,pro_private,pro_private
বন্ধু এখন সরকারি বেসরকারি খাতে খুব ভালো অবস্থানে প্রাইভেট বিশ্ববিদ্যালয়ে পড়েছি,pro_private,pro_private,pro_private,pro_private,pro_private,pro_private
কলেজ শিক্ষকও মাথায় এমন ধারণা ঢুকিয়ে দেন প্রাইভেটে পড়লে লাভ সমাজ তো বটেই পাবলিকে চান্স পেলে জীবন শেষ,pro_private,pro_private,pro_private,pro_private,pro_private,pro_private
প্রাইভেট থেকেও নিজের ক্যারিয়ারে সফল হওয়া যায় আপনি তো বলছেন এখানে পড়ছে তারাও তো বের সফল,pro_private,pro_private,pro_private,pro_private,pro_private,pro_private
পড়ে পাবলিকে ফকিরদেশে শ্রমিকের থাকার চেয়ে প্রাইভেটে পড়ে বিদেশে যাওয়াই শ্রেয় জীবনও উন্নত,pro_private,pro_private,pro_private,pro_private,pro_private,neutral
গতকাল দেখলাম র্যাংকিংয়ে দেশে নম্বরে এমন টোকাই মার্কা কথা বলে লাভ এটা পাবলিকগুলোর সতর্কবার্তা,pro_private,pro_private,neutral,pro_private,pro_private,pro_private
ভারতে প্রাইভেটে পড়ে মানুষ এও যায় বাংলাদেশের কথা বলছেন নাকি ভারতের চিন্তা করবেন,pro_private,pro_private,pro_private,pro_private,pro_private,pro_private
এটা সত্যি প্রাইভেটের পড়াশোনার সিস্টেম পাবলিকের চেয়ে ভালো,pro_private,pro_private,pro_public,pro_private,pro_private,pro_private
সেটা অর্জন প্রাইভেট বিশ্ববিদ্যালয় স্কলারশিপ দেয়,pro_private,pro_private,neutral,pro_private,pro_private,pro_private
বাদে বাকি ফালতু পাবলিক ফালতু র্যাগ সমাবেশ করতেই দিন যায়,pro_private,pro_private,pro_private,pro_private,pro_private,pro_private
ইংলিশ মিডিয়াম পড়ে প্রাইভেট বিশ্ববিদ্যালয় শেষ চাকরি করছি ধরনের টোকাই মার্কা পোস্ট লাভ যোগ্যতা এসবকে ফালতু বলে,pro_private,pro_private,pro_private,pro_private,pro_private,pro_private
ভালো হতো স্যার আপনার একটু ভাবতেন প্রাইভেট বিশ্ববিদ্যালয়,pro_private,pro_private,pro_private,pro_private,pro_private,pro_private
বিশ্ববিদ্যালয় পাবলিক বস্তি থুঃ,pro_private,pro_private,pro_private,pro_private,pro_private,pro_private
অশিক্ষিতদের বাংলাদেশের বোঝানো যাবে মনে পাবলিকে পড়লেই সেরা,pro_private,pro_private,pro_private,pro_private,pro_private,pro_private
এখন প্রথম শ্রেণির সরকারি চাকরি করছি অখ্যাত প্রাইভেট বিশ্ববিদ্যালয়ের গ্র্যাজুয়েট আসল বিষয় নিজের এর বিশ্ববিদ্যালয়ের নাম,pro_private,pro_private,pro_private,neutral,pro_private,neutral
এটা গর্বিত প্রাইভেট বিশ্ববিদ্যালয়ে পড়ছি,pro_private,pro_private,pro_private,pro_private,pro_private,pro_public
বুড়ো সবাইকে আঙুল দেখিয়ে শিক্ষার্থীরা প্রাইভেটেই ভর্তি দেশের নাম উজ্জ্বল করবে—এটাই সত্যি,pro_private,pro_public,pro_private,pro_private,pro_public,pro_private
এখন অনেকে একমত মানুষকে ভালো অবস্থানে যেতে দেখে বদলেছে,pro_private,pro_private,pro_private,pro_private,pro_private,pro_private
সেশনজট পাবলিক বিশ্ববিদ্যালয়গুলোর অবস্থা খারাপ রাজনীতি—সবই চাকরির পড়ার বিশ্ববিদ্যালয়ের পড়ালেখারও মিল,pro_private,pro_private,pro_private,pro_private,pro_private,pro_private
এখন পাবলিক প্রহসন ছাড়া না— বাদে পাবলিকে চান্স পেলেই মেধাবী ভাইয়া,pro_private,pro_private,pro_private,pro_private,pro_private,pro_private
এখানকার সত্যিই ভালো—এখন তো ক্ষেত্রে পাবলিক বিশ্ববিদ্যালয়ের চেয়েও ভালো নিজেও প্রাইভেট বিশ্ববিদ্যালয়ের শিক্ষার্থী এটা গর্বিত,pro_private,pro_private,pro_private,pro_private,pro_private,pro_private
বিশ্ববিদ্যালয় প্রাইভেট থাকলে ছেলেমেয়েরা যাবে,pro_private,pro_private,pro_private,pro_private,neutral,pro_private
ন্যাশনালের ছেলেমেয়েদের বেশিরভাগই বেকার প্রাইভেটে পড়া ছেলেমেয়েরা তো বেকার থাকে,pro_private,pro_private,pro_private,pro_private,pro_public,pro_private
এর ছেড়ে তে গেছি ব্রো বিশ্বাস করো ভাই যতই বলো বয়সের বুঝবে এর ছেলেমেয়েরাও ভালো,pro_private,pro_private,neutral,pro_private,pro_private,pro_private
প্রাইভেট বিশ্ববিদ্যালয় যেগুলো পাবলিকের চেয়েও ভালো— বিশ্বাস করুন এগুলো শিক্ষার্থীদের খুব ভালোভাবে এর,pro_private,pro_private,neutral,pro_private,pro_private,pro_private
পাবলিক বিশ্ববিদ্যালয় অজ্ঞ মানুষ তৈরি,pro_private,pro_private,pro_private,pro_private,pro_private,pro_private
সরকারি মেডিক্যাল পাস করেও অনেকে কোথাও ভালো সুযোগ পেয়ে বেতনে কাজ অথচ বেসরকারি মেডিক্যাল পাস ক্যাডার সম্মানের চাকরি দেখেছি,pro_private,pro_public,neutral,pro_private,pro_private,pro_private
বাজে কথায় হবেন ভাই বোনেরা বাংলাদেশের প্রাইভেট বিশ্ববিদ্যালয়ের ছাত্র এখন তে কাজ করছি ধরনের ভিডিও শুধু করার,pro_private,pro_private,pro_private,pro_private,pro_private,pro_public
আজ কষ্টে দিন কাটায় প্রাইভেটে ভর্তি হয়েছি বলে মানুষ কত অপমান দেখি,pro_private,pro_private,pro_private,pro_private,pro_private,pro_private
প্রাইভেট বিশ্ববিদ্যালয় বাজে কথা বলো অশালীন গালি,pro_private,pro_private,pro_private,pro_public,pro_private,pro_private
বিশ্বাস নামধারী বিশ্ববিদ্যালয়ের চেয়ে জরুরি নিজেই দ্বিতীয় সারির প্রাইভেট বিশ্ববিদ্যালয়ে পড়ে সরকারি চাকরিতে সফলভাবে কাজ করছি,pro_private,pro_private,neutral,pro_private,pro_private,pro_private
পাবলিক বিশ্ববিদ্যালয়গুলো সরকারি বিশ্ববিদ্যালয়ের চেয়ে ফালতু বিশ্ববিদ্যালয় রাজনীতি ব্যস্ত থাকে এও পিছিয়ে গুলো ভালোভাবে শেখায়,pro_private,pro_private,pro_public,pro_private,pro_private,pro_private
প্রতি বছর যত ছাত্রছাত্রী পাস সরকারি বিশ্ববিদ্যালয়ে মোট সিট কত তত সিট তো সরকারি বিশ্ববিদ্যালয়ে চান্স পাবে প্রাইভেট খারাপ দেশের থেকেই দেখেশুনে হওয়া উচিত,pro_private,pro_private,pro_private,pro_private,pro_private,neutral
ভালো সরকারি বিশ্ববিদ্যালয়ে চান্স পাইনি ক্যাডেট কলেজ পড়েছি এখন দেশের সেরা প্রাইভেট বিশ্ববিদ্যালয় করছি মন,pro_private,pro_private,pro_private,pro_private,pro_private,pro_private
আমাদের অনেকেই পরিস্থিতির কারণে সরকারি ভার্সিটিতে চান্স পেয়ে প্রাইভেটে পড়ে নমস্কার স্যার প্রাইভেটে পড়েও অনেকেই সরকারি চাকরি নিজেও একজন প্রাইভেটের ইঞ্জিনিয়ারিং পড়ার ইচ্ছে,pro_private,pro_private,pro_private,pro_private,neutral,pro_public
ভারত চলে যান—এর চেয়েও ভালো ভাই অত করার,pro_private,pro_private,pro_private,pro_private,pro_private,pro_private
বন্ধু এক ভাইয়া প্রথম সারির প্রাইভেট বিশ্ববিদ্যালয় পড়েছে তে পড়েছে তখন বলত বাবার টাকা নষ্ট করছ পরিশ্রম এর কারণে এখন বন্ধুরাই তাকে দেওয়ার এখন অধীনে কাজও,pro_private,pro_private,pro_private,pro_private,pro_private,pro_private
কিছুদিন গেছে ভাইয়া সাভারের তে পড়ত রাজশাহীতে পড়া নিয়েই,pro_private,neutral,pro_private,pro_private,pro_private,pro_private
ভালো ক্যারিয়ার গড়া সম্ভব প্রাইভেট বিশ্ববিদ্যালয়ে পড়লেও নিয়মিত স্কিল ডেভেলপ যায়,pro_private,pro_private,pro_private,pro_private,pro_private,pro_public
সেখান থেকেও অনেকে ভালো অনেকেই প্রাইভেটকে ছোট দেখে,pro_private,pro_private,pro_private,pro_private,pro_private,pro_public
প্রেজেন্টেশন কর্পোরেট রেডিনেসের দিক প্রাইভেট বিশ্ববিদ্যালয় বেশ শক্তিশালী ল্যাব,pro_private,pro_private,pro_private,pro_private,pro_private,pro_private
বাস্তব চাকরির বাজারটা ঠিকমতো দেখে ভাবে প্রাইভেট মানেই শেষ,pro_private,pro_private,pro_private,pro_private,pro_private,neutral
প্রাইভেট বিশ্ববিদ্যালয়ে ইন্ডাস্ট্রিফোকাসড কোর্স থাকার কারণে শিক্ষার্থীরা দ্রুত কর্পোরেট জগতে মানিয়ে পারে,pro_private,pro_private,pro_private,pro_private,pro_private,pro_private
দক্ষরা ঠিকই এগিয়ে যায় অনেকের ধারণা প্রাইভেটে পড়লে,pro_private,pro_public,pro_private,neutral,pro_private,pro_private
বিশ্ববিদ্যালয়ের প্রাইভেট বিভাগে ল্যাব সুবিধা সত্যিই চমৎকার মানের হয়ে থাকে,pro_private,pro_private,pro_private,pro_private,pro_private,pro_private
ইংরেজি চর্চা সফট স্কিলের প্রাইভেট বিশ্ববিদ্যালয় ভালো ভূমিকা রাখে প্রেজেন্টেশন স্কিল,pro_private,pro_private,pro_private,pro_private,pro_private,pro_private
পড়া প্রাইভেটে মানেই মেধাবী—এই ধারণাটা এখন বাস্তবতার মেলে,pro_private,pro_private,pro_public,pro_private,pro_private,pro_private
প্রাইভেট বিশ্ববিদ্যালয়ে ক্যারিয়ার সার্ভিস সেল শিক্ষার্থীদের চাকরির প্রস্তুতিতে কার্যকর সহায়তা দেয়,pro_private,pro_private,neutral,pro_private,pro_private,pro_private
শহরকেন্দ্রিক প্রাইভেট বিশ্ববিদ্যালয় ইন্টার্নশিপের সুযোগের দিক সুবিধাজনক অবস্থানে থাকে,pro_private,pro_private,pro_private,pro_private,neutral,pro_private
কালচারে কর্পোরেট মানিয়ে নেওয়ার প্রশিক্ষণ প্রাইভেট প্রতিষ্ঠানে তুলনামূলক দেখা যায়,pro_private,pro_private,pro_private,pro_private,pro_private,pro_private
সেখানকার শিক্ষার্থীরা ধারাবাহিকতায় এগোয় যেসব প্রাইভেট বিশ্ববিদ্যালয় নিয়মিত ক্লাস মূল্যায়ন নিশ্চিত,pro_private,pro_private,pro_private,pro_private,pro_private,pro_private
প্রাইভেট বিশ্ববিদ্যালয়ের কোর্স কারিকুলাম বাজারের চাহিদা অনুযায়ী দ্রুত আপডেট হয়,pro_private,pro_private,pro_private,pro_private,pro_private,pro_private
ক্লাসে প্র্যাকটিক্যাল গুরুত্ব দেওয়ার কারণে প্রাইভেট বিভাগের শিক্ষার্থীরা হাতেকলমে আত্মবিশ্বাসী হয়,pro_private,pro_private,pro_private,pro_private,pro_private,pro_private
বিশ্ববিদ্যালয়ের বেসরকারি প্রোগ্রাম বিদেশে উচ্চশিক্ষার প্রস্তুতিতে বেশ সহায়ক পারে,pro_private,pro_private,pro_private,pro_private,pro_private,pro_private
বিশ্ববিদ্যালয় প্রাইভেট ইন্ডাস্ট্রির সংযোগ রেখে শিক্ষার্থীদের প্লেসমেন্টে কাজ,pro_private,pro_private,neutral,pro_private,pro_public,pro_private
দক্ষতা যোগাযোগ প্রফেশনাল আচরণের চর্চায় প্রাইভেট শিক্ষাপ্রতিষ্ঠান আলাদা নজর দেয়,pro_private,pro_private,neutral,pro_private,pro_private,pro_private
পড়া প্রাইভেটে শিক্ষার্থী স্কিলভিত্তিক প্রস্তুতির মাধ্যমে দ্রুত চাকরিতে ঢুকে পড়ে,pro_private,pro_private,pro_private,pro_private,pro_private,pro_private
কর্মশালা নেটওয়ার্কিং সেশন আয়োজন হয় প্রাইভেট বিশ্ববিদ্যালয়ে অতিথি বক্তা,pro_private,pro_private,pro_private,pro_private,pro_private,pro_private
মানের ভালো প্রাইভেট বিশ্ববিদ্যালয় বেছে পারলে শিক্ষার্থীরা সুসংগঠিত একাডেমিক পরিবেশ পায়,pro_private,pro_private,pro_private,pro_private,pro_private,pro_private
প্রাইভেট বিশ্ববিদ্যালয় শিক্ষার্থীদের ইন্টার্নশিপ খোঁজার ক্ষেত্রে দিকনির্দেশনা দেয়,pro_private,pro_private,pro_private,pro_private,pro_private,pro_private
মহানগরভিত্তিক প্রাইভেট বিশ্ববিদ্যালয়ে ইন্ডাস্ট্রি কানেকশন তুলনামূলক শক্তিশালী হয়,pro_private,pro_private,neutral,pro_private,pro_private,pro_private
বিশ্ববিদ্যালয়কে প্রাইভেট ছোট দেখা সময় তথ্যের অভাব তৈরি হয়,pro_private,pro_private,neutral,pro_private,pro_private,pro_private
প্রাইভেট ক্যাম্পাসে ছোট ব্যাচে ক্লাস হওয়ায় শিক্ষকশিক্ষার্থীর যোগাযোগ কার্যকর হয়,pro_private,pro_private,pro_public,pro_private,pro_private,pro_private
প্রাইভেট বিশ্ববিদ্যালয়ে আলাদাভাবে করানো হয়,pro_private,pro_private,pro_public,pro_private,pro_private,pro_private
বিশ্ববিদ্যালয়ের প্রাইভেট কোর্সে শিক্ষার্থীদের বাস্তব প্রস্তুতি বাড়ায়,pro_private,pro_private,neutral,pro_private,pro_private,pro_private
শিক্ষা কর্মমুখী ব্যবস্থার কারণে দ্রুত তৈরি হয়,pro_private,pro_private,pro_private,pro_private,pro_private,pro_private
এর কর্পোরেট নিয়মিত আয়োজন,pro_private,pro_private,pro_private,pro_private,pro_private,pro_private
বিশ্ববিদ্যালয়ের প্রাইভেট বিভাগে বেশ গুছানোভাবে পরিচালিত হয়,pro_private,pro_private,pro_private,pro_private,pro_private,pro_private
নগরজীবনের ব্যস্ত মাঝেও শিক্ষার্থীদের পেশাগতভাবে প্রস্তুত তুলছে,pro_private,pro_public,pro_private,pro_private,pro_private,pro_private
ভর্তি হওয়ার মান যাচাই জরুরি একরকম নয়,pro_private,pro_private,pro_private,pro_private,pro_private,pro_private
—তিনটাই একসাথে বাড়তে পারে যথাযথ পড়লে,pro_private,pro_private,pro_private,pro_private,pro_private,pro_private
প্রাইভেট বিশ্ববিদ্যালয়ে ইন্ডাস্ট্রিলিংকড প্রজেক্টের কারণে শিক্ষার্থীরা থেকেই বাস্তব কাজের অভিজ্ঞতা পায়,pro_private,pro_private,pro_private,pro_private,pro_private,pro_private
কুইজ প্রেজেন্টেশনের মাধ্যমে শিক্ষার্থীদের সক্রিয় রাখে প্রাইভেট বিশ্ববিদ্যালয় নিয়মিত ক্লাস,pro_private,pro_private,pro_private,pro_private,pro_private,pro_private
বিশ্ববিদ্যালয়ের প্রাইভেট বিভাগে শিক্ষকশিক্ষার্থীর যোগাযোগ তুলনামূলক কার্যকর হয়,pro_private,pro_private,pro_private,pro_private,pro_private,pro_private
বেশ গুছানো থাকতে পারে ভালো তে,pro_private,pro_private,pro_private,pro_private,pro_private,pro_private
প্রাইভেট বিশ্ববিদ্যালয় বিদেশে উচ্চশিক্ষার প্রস্তুতিতে শিক্ষার্থীদের বিশেষ সহায়তা দেয়,pro_private,pro_private,pro_private,pro_private,pro_private,pro_private
বিশ্ববিদ্যালয়ের প্রাইভেট বিভাগে শিক্ষার্থীদের বাস্তব ধারণা দেয়,pro_private,pro_private,neutral,pro_private,pro_private,pro_private
প্রাইভেট বিশ্ববিদ্যালয়ের চাকরির বাজারের চাহিদা মাথায় রেখে সাজানো হয়,pro_private,pro_private,pro_private,pro_private,pro_private,pro_private
এর নিয়মিত কারণে র শিক্ষার্থীরা পড়াশোনায় পিছিয়ে পড়ার সুযোগ পায়,pro_private,pro_private,pro_private,pro_private,pro_private,neutral
ভালো প্রতিষ্ঠান বেছে নিলে ফলও ভালো পারে এক মানের নয়,pro_private,pro_private,pro_public,neutral,pro_private,pro_private
বিশ্ববিদ্যালয়ে প্রাইভেট এর গুরুত্ব থাকায় শিক্ষার্থীরা সম্পৃক্ত থাকে,pro_private,pro_private,neutral,pro_private,pro_private,pro_private
বিশ্ববিদ্যালয়ের প্রাইভেট প্রোগ্রাম এর মাধ্যমে শেখাকে বাস্তবমুখী,pro_private,pro_private,pro_private,pro_private,pro_private,pro_private
—তিন দিকেই উন্নত পারে ভালো শিক্ষার্থীদের,pro_private,pro_private,pro_private,pro_private,pro_private,pro_private
প্রাইভেট বিশ্ববিদ্যালয়ে ছোট থাকার কারণে শিক্ষকরা শিক্ষার্থীদের সময় দিতে পারেন,pro_private,pro_private,pro_private,pro_private,pro_private,neutral
প্রাইভেট বিশ্ববিদ্যালয়ের কোর্সে দেখা যায়,pro_private,pro_private,pro_private,pro_private,pro_private,pro_private
বিশ্ববিদ্যালয়ের প্রাইভেট বিভাগে উন্নয়নে আলাদা কর্মশালা আয়োজন হয়,pro_private,pro_private,pro_private,pro_private,pro_private,neutral
বিশ্ববিদ্যালয়ের প্রাইভেট প্রোগ্রাম এর মাধ্যমে শিক্ষার্থীদের সক্ষমতা বাড়ায়,pro_private,pro_private,pro_public,pro_private,pro_private,pro_private
প্রাইভেট বিশ্ববিদ্যালয় ব্যবহার নতুন শিক্ষার্থীদের চাকরির দিকনির্দেশনা দেয়,pro_private,pro_private,pro_private,pro_private,pro_private,neutral
বিশ্ববিদ্যালয়ের প্রাইভেট বিভাগে থাকায় শিক্ষার্থীরা দ্রুত আত্মবিশ্বাস পায়,pro_private,pro_private,pro_private,pro_private,pro_private,pro_private
বাড়াতে পারে সুশৃঙ্খল পরিবেশ শিক্ষার্থীদের,pro_private,pro_private,neutral,pro_private,pro_private,pro_private
প্রাইভেট বিশ্ববিদ্যালয়ে নিয়মিত নেওয়ার কারণে শিক্ষার্থীদের আত্মবিশ্বাস বাড়ে,pro_private,pro_private,pro_private,pro_private,pro_private,pro_private
প্রাইভেট বিশ্ববিদ্যালয়ে শিক্ষার্থীদের বাস্তব সমস্যার পরিচিত,pro_private,pro_private,pro_private,neutral,pro_private,pro_private
বিশ্ববিদ্যালয়ের প্রাইভেট বিভাগে চাকরির প্রস্তুতিকে এগিয়ে দেয়,pro_private,pro_private,pro_public,pro_private,pro_private,pro_private
কর্মজীবনে কাজে লাগে প্রাইভেট বিশ্ববিদ্যালয়ে শেখানো হয়,pro_private,pro_private,pro_private,pro_private,pro_private,neutral
প্রাইভেট বিশ্ববিদ্যালয়ে শিক্ষার্থীদের বুঝতে সাহায্য,pro_private,pro_private,pro_private,pro_private,pro_public,pro_private
বিশ্ববিদ্যালয়ের প্রাইভেট অনুযায়ী দ্রুত হয়,pro_private,neutral,pro_private,pro_private,pro_private,pro_private
বিশ্ববিদ্যালয়ে প্রাইভেট বা শিক্ষার্থীদের পড়াশোনায় সক্রিয় রাখে,pro_private,neutral,pro_private,pro_private,pro_private,pro_private
—সবই অর্জন সম্ভব সুশৃঙ্খল পরিবেশ,pro_private,pro_private,pro_private,pro_private,pro_private,pro_private
প্রাইভেট বিশ্ববিদ্যালয়ে এর কাজ করার সুযোগ শিক্ষার্থীদের বাস্তব ধারণা দেয়,pro_private,pro_private,neutral,pro_private,pro_private,pro_private
এর মাধ্যমে নিয়মিত শেখা নিশ্চিত হয় তে,pro_private,pro_private,neutral,pro_private,pro_private,pro_private
প্রাইভেট বিশ্ববিদ্যালয়ে শিক্ষার্থীদের ভবিষ্যৎ চাকরির সুযোগ বাড়ায়,pro_private,pro_private,pro_private,pro_private,pro_private,pro_private
প্রাইভেট বিশ্ববিদ্যালয়ে শিক্ষার্থীদের হাতেকলমে শেখায় সহায়তা,pro_private,pro_private,pro_private,pro_private,pro_public,pro_private
প্রাইভেট বিশ্ববিদ্যালয়ে শিক্ষার্থীদের সবসময় প্রস্তুত রাখে,pro_private,pro_private,pro_private,pro_private,neutral,pro_private
জোর দেয় প্রাইভেট বিশ্ববিদ্যালয় শুরু থেকেই,pro_private,pro_private,pro_private,pro_private,pro_private,neutral
বিশ্ববিদ্যালয়ের প্রাইভেট শিক্ষার্থীদের বাস্তব চাকরির প্রস্তুত,pro_private,pro_private,pro_private,pro_private,pro_private,pro_private
প্রাইভেট বিশ্ববিদ্যালয়ে নিয়মিত শিক্ষার্থীদের দৃষ্টিভঙ্গি বাড়ায়,pro_private,pro_private,pro_private,pro_private,pro_private,pro_private
—তিনটিই অর্জন সম্ভব ভালো,pro_private,pro_private,pro_private,pro_private,pro_private,pro_private
প্রাইভেট বিশ্ববিদ্যালয়ে শিক্ষার্থীদের চাকরির বাজারে দ্রুত মানিয়ে সাহায্য,pro_private,pro_private,pro_private,pro_private,pro_private,pro_private
প্রাইভেট বিশ্ববিদ্যালয়ে চাকরি খুঁজতে বাস্তব সহায়তা দেয়,pro_private,pro_private,pro_private,pro_private,pro_private,pro_private
প্রাইভেট বিশ্ববিদ্যালয়ে নিয়মিত শিক্ষার্থীদের আপডেট রাখে,pro_private,pro_private,pro_private,pro_private,pro_private,pro_private
প্রাইভেট বিশ্ববিদ্যালয়ে বাধ্যতামূলক হওয়ায় শিক্ষার্থীরা সক্রিয় থাকে,pro_private,pro_private,pro_private,pro_private,pro_private,pro_private
প্রাইভেট বিশ্ববিদ্যালয়ের শিক্ষার্থীদের শেখাকে সহজ তোলে,pro_private,pro_public,pro_private,neutral,pro_private,pro_private
প্রাইভেট বিশ্ববিদ্যালয়ে শিক্ষার্থীদের দলগতভাবে কাজ শেখায়,pro_private,pro_private,pro_private,pro_private,pro_private,pro_private
—সবগুলোই উন্নত পারে ভালো শিক্ষার্থীদের,pro_private,pro_private,pro_private,pro_private,pro_private,pro_private
—তিনটিই পাওয়া যেতে পারে সুশৃঙ্খল,pro_private,pro_private,pro_private,pro_private,pro_private,pro_private
প্রাইভেট বিশ্ববিদ্যালয়ে থাকার কারণে শিক্ষার্থীরা বাস্তব কাজের ধরণ থেকেই বুঝে যায়,pro_private,pro_private,pro_public,pro_private,pro_private,pro_private
শিক্ষার্থীদের পেশাগত দক্ষতা বাড়ায় প্রাইভেট বিশ্ববিদ্যালয়ে নিয়মিত,pro_private,pro_private,pro_private,pro_private,neutral,pro_private
প্রাইভেট বিশ্ববিদ্যালয়ের আধুনিক হাতেকলমে শেখাকে শক্তিশালী,pro_private,pro_private,pro_private,pro_private,pro_private,pro_private
প্রাইভেট বিশ্ববিদ্যালয়ে থাকায় শিক্ষার্থীরা পড়ার পাশাপাশি বাস্তব অভিজ্ঞতা পায়,pro_private,pro_private,pro_private,pro_private,pro_private,pro_private
এর সমন্বয়ে শেখার ধারাবাহিকতা বজায় থাকে,pro_private,pro_private,pro_private,pro_private,pro_private,pro_private
প্রাইভেট বিশ্ববিদ্যালয়ে শিক্ষার্থীদের বাস্তব পেশাজীবনের পরিচিত,pro_private,pro_private,pro_private,pro_private,neutral,pro_private
পাবলিক বিশ্ববিদ্যালয় শুধু যোগ্যতাবী শিক্ষার্থীদের,pro_public,pro_public,pro_public,pro_public,pro_public,pro_public
বেসরকারি বিশ্ববিদ্যালয়ে তারাই পড়ে অ্যাডমিশনে ব্যর্থ — এটাই সত্য,pro_public,pro_public,pro_public,neutral,neutral,pro_public
দেখো প্রাইভেট বিশ্ববিদ্যালয়ে পড়ার টাকা আমাদের গরিব মানুষদের পাবলিক বিশ্ববিদ্যালয়ই ঠিক,pro_public,pro_public,pro_public,pro_public,pro_public,pro_private
পাবলিক পাবলিক যোগ্যতা তারাই সরকারি বিশ্ববিদ্যালয়ে পড়ে পুলাপান পাবলিকে চান্স পেলে টাকা প্রাইভেটে ভর্তি দেখা খারাপ ছাত্র বাবার টাকা প্রাইভেটে ভর্তি,pro_public,pro_public,pro_public,pro_public,pro_private,pro_public
নট রিয়েলি শেষ পর্যন্ত সরকারি বিশ্ববিদ্যালয়ের স্টুডেন্টরাই বেসরকারি বিশ্ববিদ্যালয়ের টিচার পাবলিকে পড়তে অ্যাডমিশন দেওয়া লাগে যেটা প্রাইভেটে দেওয়া লাগে দিলেও পাবলিকের এতো হার্ড,pro_public,pro_public,pro_public,pro_public,pro_public,pro_public
সরকারি বিশ্ববিদ্যালয়ে ট্রাই টিকলে তবেই অনেকে বাধ্য বেসরকারি বিশ্ববিদ্যালয়ে যায় এটাই বাস্তব,pro_public,pro_public,pro_public,pro_public,pro_public,pro_public
খানকির পোলা তোরা স্পুন ফিড করিস বেসরকারি বিশ্ববিদ্যালয়ে,pro_public,pro_public,neutral,pro_public,pro_public,pro_public
সরকারি বিশ্ববিদ্যালয়ের স্টুডেন্ট স্টুডেন্ট বেসরকারি বিশ্ববিদ্যালয়ে টিচার প্রাইভেটে লেভেল আসলেই বোঝা যায়,pro_public,pro_public,pro_public,pro_public,pro_public,pro_public
দেখো আপনার একমত পারলাম সরকারি বিশ্ববিদ্যালয়ের পোলাপান গদ বাধা টুকুর মধ্যেই ঘুরে প্রাইভেটের স্টুডেন্টরা তো ম্যাক্সিমাম বিদেশ চলে যায় পাবলিকের পোলাপান রিস্ক পারে নেয় বাংলাদেশের বড় বড় জায়গা বলেন কিংবা ব্যবসা দেখবেন এক সময় পাবলিকেই পড়ত আরেকটা পয়েন্ট পাবলিকে পড়লে নেটওয়ার্ক তৈরি সেটা অন্য কোথাও সম্ভব,pro_public,pro_public,pro_public,pro_public,pro_public,pro_public
পাবলিক বিশ্ববিদ্যালয় শিক্ষার্থীরা পরিমাণ কষ্ট যোগ্যতার প্রতিযোগিতায় থাকে মনে বেসরকারি বিশ্ববিদ্যালয়ে সম্ভব মেধার বিকাশ জ্ঞান প্রতিযোগিতায় প্রকাশ পায় তা পরবর্তীতে ভবিষ্যতে দেখা যায় অবশ্যই স্মার্ট সেটা পাবলিক হোক কিংবা প্রাইভেট,pro_public,pro_public,pro_public,pro_public,pro_public,neutral
পাবলিক তো সরকারি বিশ্ববিদ্যালয়ে যতই টক শো কম্পিটিশন পার চান্স পাওয়ার বিরাট ব্যাপার কখনোই পাবেন,pro_public,pro_public,pro_private,pro_public,pro_public,pro_public
এগিয়ে চান্স পেয়ে দেখান,pro_public,pro_public,pro_public,pro_public,pro_public,pro_public
বস বাধ্য জাতীয়তে যায় বেসরকারি বিশ্ববিদ্যালয়ে,pro_public,pro_public,pro_public,pro_public,pro_public,pro_public
হুম তো এনএসইউ ব্র্যাকে পড়ে বেশিরভাগ বেসরকারি বিশ্ববিদ্যালয়ের স্টুডেন্টরা এন্ট্রি লেভেলের গুলোতে পড়ে যেখানের টিচাররা আবাসিক পাবলিকের লাস্টের দিকের ছেলেপেলে ভালো গুলো তো বেশিরভাগ চাকরি অ্যান্ড অ্যাব্রোড যায়,pro_public,neutral,neutral,pro_public,pro_public,pro_public
সরকারি বিশ্ববিদ্যালয়ের স্টুডেন্ট স্টুডেন্ট বেসরকারি বিশ্ববিদ্যালয়ে টিচার তাআবাসিক হলে প্রাইভেটে লেভেল আসলেই বোঝা যায়,pro_public,pro_public,pro_public,pro_public,neutral,pro_public
মিস্ট পাবলিক ভাই মিস্ট বিইউপির অধীনে সরকারি প্রতিষ্ঠান প্রতি বছর সরকার কোটি টাকা দেয় এটা মিলিটারির অধীনে আবাসিক হলেও এটা সরকারি এটা মাস্ট নামে পরিচিতি পাবে বিইউপি বের বিইউপি বানানই মিস্টের এখানে লক্ষ টাকা বছরে খরচ পরিষ্কার পরিছন্ন পরিবেশ সাবজেক্টগুলো ভালো মিস্টে এমন সাবজেক্ট যেগুলো বুয়েটেও ডিউতেও,pro_public,pro_public,pro_public,pro_public,pro_public,pro_public
পাবলিক প্রাইভেট কজ বেসরকারি বিশ্ববিদ্যালয়ে টাকাওয়ালা গাধা গরুরা পড়ে সরকারি বিশ্ববিদ্যালয়ে মেধাবিরা পড়ে,pro_public,pro_public,pro_public,pro_public,pro_public,pro_public
চান্স পাও প্রাইভেট প্রোমোট করো সরকারি বিশ্ববিদ্যালয়ে চান্স পেয়ে পাবলিকের লাগতে এসো কুক যাবা,pro_public,pro_public,pro_public,pro_public,pro_public,pro_public
প্রাইভেট বিশ্ববিদ্যালয় পাবলিক বিশ্ববিদ্যালয় শীর্ষ প্রতিযোগিতা আসতে টাকা যেকোনো দিক বিবেচনা করলে সেরা পাবলিক বিশ্ববিদ্যালয় সেরা,pro_public,pro_private,pro_public,pro_public,neutral,pro_public
সরকারি বিশ্ববিদ্যালয়ে পরিশ্রম চান্স পায় প্রাইভেট টাকা দেয় ভর্তি প্রাইভেটের মেয়েগুলাও আস্তাগখরচরুল্লাহ,pro_public,pro_public,pro_public,pro_public,pro_public,pro_public
ব্রো বাংলাদেশে থাকো এইদিকে চাকরিেও ডিসক্রিমিনেশন পাবলিক প্রাইভেট এমন এক জবে গেছি ক্লিয়ার রিকোয়ার্ড পাবলিক ইউনিভার্সিটি হইলে সিজিপিএ অ্যাপ্লাই পারবো প্রাইভেট ইউনিভার্সিটি হইলে সিজিপিএ লাগবো একজন চু পড়া সাক্ষাৎকার বোর্ডে আই সিজিপিএ জব আরেকজন উলাব জবটা পায় তারপরও বলবা দক্ষতা ইউনিভার্সিটি ম্যাটার,pro_public,pro_public,pro_public,pro_public,pro_public,pro_public
হার্ভার্ড ইউনিভার্সিটি অক্সফোর্ড ইউনিভার্সিটিতে চান্স পেয়েও বাংলাদেশের প্রাইভেট বিশ্ববিদ্যালয়ভার্সিটিতে যাচ্ছি শুধু বাপের টাকা উড়ানোর আশায় অপ লেভেল ফাপরবাজি,pro_public,pro_public,pro_public,pro_public,pro_public,pro_public
বিটিডব্লিউ ভার্সিটি ইজ অ্যা স্ক্যাম মোস্টলি সি ক্যাটাগরি প্রাইভেট বিশ্ববিদ্যালয়ভার্সিটি এটা ভিডিও বানান এটা জাস্ট স্ক্যাম,pro_public,pro_public,pro_public,pro_public,pro_public,pro_public
ভাইয়া আসসালামুআলাইকুম ভাইয়া খুব সমস্যায় এইচএসসি ব্যাচের স্টুডেন্ট মিডল ক্লাস ফ্যামিলিতে বেলং এখন ভাইয়া এবার কারণে চান্সটা হাতে পেয়েও মিস গিয়েছে অবস্থায় ভাইয়া এখন সেকেন্ড সময় প্রিপারেশন নিজের স্বপ্নটা পূরণ চাই ফ্যামিলি চিন্তা বছর গ্যাপ পড়বে আগাই চলে যাবে পিছে পড়ে থাকবো তো ওরা আমাকে বেসরকারি বিশ্ববিদ্যালয়ে পড়ানোর জোর বলছে প্রাইভেটে পড়ে সেকেন্ড টাইম প্রিপারেশন নাও ফ্যামিলিকে অনেকবার বুঝিয়েছি ওরা বুঝতে চাচ্ছে ওরা শুধু চিন্তা লাইফ বছর এমনি এমনি চলে যাবে সেকেন্ড টাইম চান্স তখন এগুলো এখন ভাইয়া করবো বুঝতে পারছি হেল্পলেস যাচ্ছি,pro_public,pro_public,pro_public,pro_public,pro_public,pro_public
এখন ইস্ট ওয়েস্টে জেনেটিক ইঞ্জিনিয়ারিং অ্যান্ড বায়োটেকনোলজি ডিপার্টমেন্টেযদিও জাহাঙ্গীরনগরে চান্স পাইছিলামআমার বায়োকেমিস্ট্রি সাবজেক্ট আসছেকিন্তু যাই নাইআমার বাসার ইস্ট ওয়েস্টএকটা উন্নত সাবজেক্ট পাইছি এখানেতার শুনলাম এক ফ্রেন্ড নাকি জেইউতে ফার্মেসিতে চান্স পাইছেওর কথা বলে দেখলামওদের এতো সেশন জট লাগে রেও এখনো পিছিয়ে আছেআর য় বর্ষে উঠে গেলাম প্রাইভেট ভার্সিটিতে মারাত্তক প্রেসার পাগলের অবস্থা দেখলাম ইস্ট ওয়েস্টে ম্যাক্সিমাম স্টুডেন্ট সারাদিন খালি কুইজ মিড অ্যাসাইনমেন্ট গ্রুপ ওয়ার্ক প্রেজেন্টেশন স্পট অ্যাসেসমেন্ট ভাইভাআরো কতো এসব দৌড়ি দৌড়ি একদিন এক সিনিয়র আপু বললেন জানতাম সরকারি বিশ্ববিদ্যালয়েই পড়তাম অন্তত এখানে আসিয়া বাস খাইতাম নাহ আপু তো ঢাবিতে চান্স পাইছিলো ইকনোমিক্সেকিন্তু এখন ইস্ট ওয়েস্টে পড়ে যাই বলুক বেসরকারি বিশ্ববিদ্যালয়ের পড়ার প্রেসারযারা পাইছেন তারাই জানে ভয়ানক,pro_public,pro_public,pro_public,pro_public,pro_public,pro_public
শোয়া কত দেহুম বেসরকারি বিশ্ববিদ্যালয়ের মূল্য দেহাইয়া কত ব্যবসা করবি,pro_public,pro_public,pro_public,pro_public,pro_private,pro_public
প্রাইভেট ভার্সিটি প্রেসার দেইসময় পড়া শেষ করাইআর আপনি ডেইলি ক্লাসে প্রেজেন্ট থাকলে ঝামেলা হবেআপনার মার্কস কমবেসিজি ডাউন হবেআর ফ্যাকাল্টি এগুলো খুব ভালোভাবে নোটিস করেআর দিনের ক্লাস মিস তাআবাসিক হলে আপনাকে মেবি অ্যাপ্লিকেশন ফাইনাল এক্সামে বসার,pro_public,pro_public,pro_public,pro_public,pro_public,pro_public
টাকা প্রাইভেটকে মূল্য দেই প্রাইভেট ফার্মেসি পড়ে নাকি কাজ পাওয়া যায়,pro_public,pro_public,pro_public,neutral,pro_private,neutral
একজন এনএসইউয়ার হিসেবে ফ্রিডম টিকে থাকা ইজি ভালো সিজি ক্যারি করার জাস্ট পাস করার জন্যই হার্ড ওয়ার্ক লাইফ হেল যাচ্ছে মতে সরকারি বিশ্ববিদ্যালয়েই ফ্রিডম অনেক্ক্ক ইজি গোয়িং,pro_public,pro_public,pro_public,pro_public,pro_public,pro_public
প্রমোশনাল ভিডিও বানাইছেন ভাইয়া ঠিক এখানে আমাদের ছোট ভাই বোনের বাবা মায়ের দীর্ঘ কষ্টের টাকা স্বপ্ন এরা বেসরকারি বিশ্ববিদ্যালয়ে ভর্তি কয়েকটা তিক্ত কথা বলি ইস্ট ওয়েস্টে বিবিএ কমপ্লিট বছর লাগছে সেশন জট রিটেক ফেল ধরে নেন খারাপ স্টুডেন্ট পরিচিত কয়েকজনের উদাহরণ দেই সহকক্ষবাসী ছোট ভাই সেমেস্টার পড়ার হতাশ রিএডমিশন খুলনা ইউনিভার্সিটিতে চলে গেল ফ্রেন্ড বছর পড়ার আইআইউবিতে চলে গেল এক বড় ভাই বছর ইউগবেষণাগারে চলে গেল এরকম অনেকেই লক্ষ লক্ষ টাকা খরচ করেও গ্রেডের মাইরপ্যাচে ইস্ট ওয়েস্ট ছাড়তে বাধ্য হইছে বলব আপনি আসলেই উন্নত স্টুডেন্ট হন তবেই এনএসইউ ব্র্যাক ইস্ট ওয়েস্টে ভর্তি হবেন সিজিপিএ থাকলে ভার্সিটির নাম কাজ পাবেন রিক্রুটার এসবের ভ্যালু বোঝে অনেকে বায়াসডও থাকে ধন্যবাদ সবাইকে,pro_public,pro_public,pro_public,pro_public,neutral,pro_public
ভাই ঢাবি আবাসিক হলে বিদেশে চলে যাবো,pro_public,pro_public,pro_public,pro_public,pro_public,pro_public
এটা ট্রু এক ইউনিভার্সিটিতে ভর্তি আবাসিক হলাম সিএস ডিপার্টমেন্টে হাই হাই সর্বনাশ মেয়েরা প্রফেসরদের প্রস্টিটিউশন গ্রেডস লাগায় ছেলেরা প্রফেসরদের গাঁজা খায় টাকা লাগায় সিজিপিএ আপ প্রফেসরগুলাও ফালতু টপ টপ ইউনিভার্সিটি পাসআউটস হোক ফুল অফ শিট অন্তত বাস থাকে পাবলিক বিশ্ববিদ্যালয়ভার্সিটি বাস খাও এটা গভর্নমেন্ট ফান্ডেড ইনস্টিটিউশন প্রাইভেট বিশ্ববিদ্যালয়ভার্সিটিতে বস্তা বস্তা টাকাও দিবো বাসও নাও এটা টোটালি ফালতু দ্যাটস হোয়াই ইভেন ইফ ইউ হ্যাভ মানি গো ফর পাবলিক,pro_public,pro_public,pro_public,pro_public,pro_public,pro_public
কাম অন ইউ ডিডন্ট ইভেন ওয়ান্ট টু পাবলিক বিশ্ববিদ্যালয়ভার্সিটি ইন বাংলাদেশ পাবলিক বিশ্ববিদ্যালয়ে যোগ্যতাবী পড়ে ইউ কান্ট ডিনাই দ্যাট,pro_public,pro_public,neutral,pro_public,pro_public,pro_public
যোগ্যতাটা ধুইয়া দুইবেলা পানি খান লাখ বেকারের দেশে ভার্সিটি চোদায়,pro_public,pro_public,pro_public,neutral,pro_public,pro_public
পাবলিক বিশ্ববিদ্যালয়ভার্সিটির শিক্ষকরা দেশের শীর্ষ পণ্ডিত,pro_public,pro_public,pro_public,pro_public,pro_public,pro_public
পাবলিক বিশ্ববিদ্যালয়ের ডিগ্রি বিদেশে স্বীকৃতি পায় বেসরকারি বিশ্ববিদ্যালয়ের,pro_public,pro_public,pro_private,pro_public,pro_public,pro_public
প্রাইভেট বিশ্ববিদ্যালয়ের সার্টিখরচকেটের বাজার মূল্য,pro_public,pro_public,pro_public,pro_public,pro_public,pro_public
প্রাইভেট বিশ্ববিদ্যালয়ে ভর্তি আবাসিক হলে টাকা পাস যায়,pro_public,pro_public,pro_public,neutral,pro_public,pro_public
প্রাইভেট বিশ্ববিদ্যালয়ে ভর্তি আবাসিক হলে প্রতিযোগিতামূলক পরিবেশ পাওয়া যায়,pro_public,pro_public,pro_public,pro_public,pro_public,pro_public
বড় দেখো জাহাঙ্গীরনগরে পড়ে জ্ঞানের গভীরতা দেখে অবাক হই,pro_public,pro_public,pro_public,pro_public,pro_public,pro_public
পাবলিক বিশ্ববিদ্যালয়ের আবাসিক হলগুলো বন্ধুত্ব ভ্রাতৃত্ব শেখায়,pro_public,pro_public,pro_public,neutral,pro_public,neutral
পাবলিক বিশ্ববিদ্যালয়ের শিক্ষার্থীরা দেশের সবচেয়ে বড় বিতর্ক প্রতিযোগিতায় শীর্ষ,pro_public,pro_public,pro_public,pro_public,pro_public,pro_public
প্রাইভেট বিশ্ববিদ্যালয়ের টিউশন খরচ অসহনীয় সাধারণ মানুষের নাগালের বাইরে,pro_public,pro_public,pro_public,pro_public,pro_public,pro_public
পাবলিক বিশ্ববিদ্যালয়ের ডিগ্রি কাজর বাজারে প্রাধান্য পাওয়া যায়,pro_public,pro_public,neutral,pro_public,pro_public,pro_public
প্রাইভেট বিশ্ববিদ্যালয়ে ভর্তি আবাসিক হলে টাকার বিনিময়ে পাওয়া যায়,pro_public,neutral,pro_public,pro_public,neutral,pro_public
প্রাইভেট বিশ্ববিদ্যালয়ের ডিগ্রি ব্যাংক সরকারি কাজ পাওয়া কঠিন,pro_public,pro_public,pro_public,pro_public,pro_public,pro_public
বুয়েটের ইঞ্জিনিয়াররা দেশের সেরা বেসরকারি বিশ্ববিদ্যালয়ের কাছে আসতে পারে,pro_public,pro_public,pro_public,pro_public,pro_public,pro_public
রাজশাহী বিশ্ববিদ্যালয়ের শিক্ষাঙ্গন জীবন অসাধারণ,pro_public,pro_public,pro_public,pro_public,pro_public,pro_public
প্রাইভেট বিশ্ববিদ্যালয়ের শিক্ষার্থীরা শুধু সার্টিখরচকেট কালেক্টর,pro_public,pro_public,pro_public,pro_public,pro_public,pro_public
চবির শিক্ষার্থীরা দক্ষিণাঞ্চলের শ্রেষ্ঠ যোগ্যতা,pro_public,pro_public,neutral,neutral,pro_public,pro_public
প্রাইভেট বিশ্ববিদ্যালয়ের শিক্ষার্থীরা শুধু ব্যক্তিগত পেশাগত পথ ভাবে,pro_public,pro_public,neutral,pro_public,pro_public,pro_public
পাবলিক বিশ্ববিদ্যালয়ের পরীক্ষার আবাসিক হলে কঠোর নিয়ম মানা,pro_public,pro_public,pro_public,pro_public,pro_public,pro_public
ঢাকা বিশ্ববিদ্যালয়ে পড়াশোনা অহংকারিত,pro_public,pro_public,pro_public,pro_public,pro_public,pro_public
পাবলিক বিশ্ববিদ্যালয়ের শিক্ষার্থীরা দেশের সবচেয়ে বড় রোবটিক্স প্রতিযোগিতায় শীর্ষ,pro_public,pro_public,neutral,pro_public,pro_public,pro_public
জাবির সমাচাকরিিজ্ঞান বিভাগের গবেষণা দেশের নীতিনির্ধারণে সাহায্য,pro_public,pro_public,pro_public,pro_public,pro_public,pro_public
প্রাইভেট বিশ্ববিদ্যালয়ে শিক্ষার্থীরা শিক্ষাঙ্গন লাইফ উপভোগ পারে,pro_public,pro_public,pro_public,pro_public,pro_public,neutral
বাংলাদেশে প্রতিটা বিশ্ববিদ্যালয়ে পাবলিকে পড়লে কাজ পাবে কাজ বেরাবে,pro_public,pro_public,pro_public,pro_public,pro_public,pro_private
এর অন্যান্য বিশ্ববিদ্যালয়ের রাতদিন তফাৎ বেসরকারি বিশ্ববিদ্যালয় পড়াশোনা খুব ছেলেমেয়েই ভালো পারে এসব বিশ্ববিদ্যালয় শিক্ষার্থীদের যোগ্যতা তৈরি শুধু পাঠ্যক্রম শেষ করানোর ধান্দায় থাকে ভালো নিজেদের ব্যক্তিগত চেষ্টায়,pro_public,pro_public,pro_public,pro_public,pro_public,pro_public
সরকারি বিশ্ববিদ্যালয়ে চান্স পান মনকে শান্তনা দেওয়ার এসব দেখুন,pro_public,pro_public,pro_public,pro_public,pro_private,pro_public
আপনার কথা ধরি তাআবাসিক হলে ঢাকা বিশ্ববিদ্যালয় রাজশাহী বিশ্ববিদ্যালয়ের তো গবেষণা অন্য বিশ্ববিদ্যালয়ের তুলনামূলক প্রতিযোগিতাও যেসব বিশ্ববিদ্যালয়ে গবেষণা সেসব বিশ্ববিদ্যালয়ের ছাত্রই যোগ্যতার দিক আপনার কথাগুলো পাগলের প্রলাপ মনে,pro_public,pro_public,pro_public,pro_public,pro_public,pro_public
প্রাইভেট ভার্সিটিতে পাঠ্যসূচি থাকে পড়ায় তা থেকেই প্রশ্ন ফলে সিজিপিএ ওঠে সরকারি বিশ্ববিদ্যালয়ে বিশাল সিলেবাস সিজিপিএ ওঠে এদের ভাইভায় প্রশ্ন করলে পারে,pro_public,pro_public,pro_public,pro_public,pro_public,pro_public
প্রাইভেট বিশ্ববিদ্যালয়গুলো টাকার বিনিময়ে শিক্ষা বা সার্টিখরচকেট দেয় বিশ্ববিদ্যালয় বন্ধ সরকারের উচিত কারিগরি শিক্ষা দেওয়া,pro_public,pro_public,pro_public,pro_public,pro_public,pro_public
ঢাকা বিশ্ববিদ্যালয় বাংলাদেশের শীর্ষ বিশ্ববিদ্যালয়,pro_public,pro_public,pro_public,pro_public,pro_public,pro_public
জেনে কথা বলা বন্ধ করুন সরকারি বিশ্ববিদ্যালয়ের ছেলেমেয়েরা বিদেশে যায় বন্ধুদের দেশে,pro_public,pro_public,pro_public,pro_public,pro_public,pro_public
আপনি ভিসাপাসপোর্টের ব্যবস্থা দিতে পারবেন সরকারি বিশ্ববিদ্যালয়ে পড়া শিক্ষার্থীও বিদেশে যায় প্রাইভেট টাকা খরচ গেলেও থাকে,pro_public,pro_public,pro_public,pro_public,pro_public,pro_public
মিডল ক্লাস আন্ডারমিডল ক্লাস পরিবারগুলো চাইলেই তো সন্তানদের প্রাইভেট বিশ্ববিদ্যালয়ে পড়াতে পারবে সরকারি বিশ্ববিদ্যালয়ে পড়লেও সমস্যা বিদেশে পড়ার সুযোগও তৈরি যায়,pro_public,pro_public,pro_public,pro_public,pro_public,pro_public
সরকারি বিশ্ববিদ্যালয়ে চান্স পান মানলাম প্রাইভেটেও সুযোগ বলে সেটাকে পাবলিক বিশ্ববিদ্যালয়ের তুলনা আসা উচিত,pro_public,pro_public,pro_public,pro_public,pro_public,pro_public
তাআবাসিক হলে ছাত্রকে সরকারি বিশ্ববিদ্যালয়ে সিট দিন নিজের বাড়ানোর এর পিছনে লেগে ভালো বলুন,pro_public,pro_public,pro_public,pro_public,pro_public,pro_public
লাখ টাকা নষ্ট প্রাইভেটে পড়া কাজ জীবনে বছরেও পড়ার খরচ ওঠে এর চেয়ে টাকায়,pro_public,pro_public,pro_public,pro_public,pro_public,pro_public
মরে গেলেও বেসরকারি বিশ্ববিদ্যালয়ে পড়ব,pro_public,pro_public,pro_public,pro_public,pro_public,pro_public
পাবলিক বিশ্ববিদ্যালয়ের রিসোর্স একাডেমিক পরিবেশ শিক্ষার্থীর বৃহৎ সুযোগ তৈরি,pro_public,pro_private,pro_public,pro_public,pro_public,pro_public
সরকারি বিশ্ববিদ্যালয়ে পড়ার সামাজিক গ্রহণযোগ্যতা এখনো পরিবারে আলাদা গুরুত্ব পায়,pro_public,pro_private,pro_public,pro_public,neutral,pro_private
পাবলিক বিশ্ববিদ্যালয়ের বৃহৎ শিক্ষাঙ্গন বৈচিত্র্যময় ছাত্রজীবন ব্যক্তিত্ব গঠনে প্রভাব ফেলে,pro_public,pro_public,pro_public,pro_private,pro_public,neutral
দেশের শীর্ষ যোগ্যতাবী এখনো প্রথম পছন্দ হিসেবে পাবলিক বিশ্ববিদ্যালয়কেই বেছে নেয়,pro_public,pro_public,pro_public,pro_public,pro_public,pro_public
পাবলিক বিশ্ববিদ্যালয়ের ঐতিহ্য একাডেমিক মর্যাদা এখনো অনেকের কাছে বৃহৎ প্রেরণা,pro_public,pro_public,pro_public,pro_public,pro_public,pro_public
যোগ্যতা যাচাইয়ের দিক পাবলিক বিশ্ববিদ্যালয়ের ভর্তি পরীক্ষা এখনো বেশ শক্ত মানদণ্ড হিসেবে ধরা হয়,pro_public,pro_public,pro_public,pro_public,pro_public,pro_public
পাবলিক বিশ্ববিদ্যালয়ের সিটসংখ্যা সীমিত হওয়ায় সেখানে সুযোগ পাওয়া এখনো বৃহৎ অর্জন হিসেবে ধরা হয়,pro_public,pro_public,neutral,pro_public,pro_public,pro_public
পাবলিক বিশ্ববিদ্যালয়ের সাবসিডাইজড শিক্ষা যোগ্যতাবী শিক্ষার্থীকে উচ্চশিক্ষায় টিকিয়ে রাখে,pro_public,pro_public,pro_public,pro_public,pro_public,pro_public
পাবলিক বিশ্ববিদ্যালয়ে ভর্তির সুযোগ পাওয়া এখনো দেশের মেধার বৃহৎ স্বীকৃতি হিসেবে দেখা হয়,pro_public,pro_public,pro_public,pro_public,pro_public,neutral
এখনো বহু যোগ্যতাবী শিক্ষার্থীর প্রথম পছন্দ থাকে শক্তিশালী পাবলিক বিশ্ববিদ্যালয়,pro_public,pro_public,pro_public,pro_public,pro_public,pro_public
পাবলিক বিশ্ববিদ্যালয়ের প্রতিযোগিতামূলক পরিবেশ শিক্ষার্থীদের সক্ষমতা যাচাইয়ের বৃহৎ মঞ্চ,pro_public,pro_public,pro_public,neutral,neutral,pro_public
পাবলিক বিশ্ববিদ্যালয়ের শক্তিশালী প্রতিযোগিতামূলক পরিবেশ যোগ্যতাকে ধারালো তুলতে পারে,pro_public,pro_private,pro_public,pro_public,pro_public,pro_public
পাবলিক বিশ্ববিদ্যালয়ের বৃহৎ শিক্ষাঙ্গনজীবন অনেকের ব্যক্তিত্ব নেতৃত্বের গুণ গড়ে তোলে,pro_public,neutral,pro_public,pro_private,neutral,pro_public
পাবলিক বিশ্ববিদ্যালয়ে পড়ার সুযোগ পরিবারে অহংকার স্বীকৃতির বিষয় হয়ে থাকে,pro_public,pro_public,pro_public,pro_public,pro_public,pro_public
পাবলিক বিশ্ববিদ্যালয়ের বড় শিক্ষাঙ্গন বৈচিত্র্যময় ছাত্রসমাজ বাস্তব অভিজ্ঞতা বাড়ায়,pro_public,pro_private,pro_public,pro_public,pro_public,pro_public
পাবলিক বিশ্ববিদ্যালয়ের সাশ্রয়ী খরচ বহু যোগ্যতাবী শিক্ষার্থীর উচ্চশিক্ষার দরজা খুলে দেয়,pro_public,pro_public,pro_public,pro_public,pro_public,pro_public
পাবলিক বিশ্ববিদ্যালয় খরচে মানসম্মত উচ্চশিক্ষার অন্যতম বৃহৎ মাধ্যম,pro_public,pro_public,pro_public,pro_public,pro_public,pro_public
পাবলিক বিশ্ববিদ্যালয়ে ভর্তি হওয়া বহু শিক্ষার্থীর কাছে সামাজিক স্বীকৃতির বৃহৎ ধাপ,pro_public,pro_public,pro_public,pro_public,pro_public,pro_public
পাবলিক বিশ্ববিদ্যালয়ের ভর্তি প্রক্রিয়া এখনো যোগ্যতাভিত্তিক বাছাইয়ের গুরুত্বপূর্ণ উদাহরণ হিসেবে বিবেচিত হয়,pro_public,pro_public,pro_public,pro_public,pro_public,pro_public
পাবলিক বিশ্ববিদ্যালয় এখনও বহু যোগ্যতাবী শিক্ষার্থীর কাছে সবচেয়ে কাঙ্ক্ষিত গন্তব্যগুলোর,pro_public,pro_public,pro_public,pro_public,pro_public,pro_public
পাবলিক বিশ্ববিদ্যালয়ে সুযোগ পাওয়া শিক্ষার্থীর মেধা অধ্যবসায়ের বৃহৎ স্বীকৃতি,pro_public,pro_public,pro_public,pro_public,pro_public,pro_public
পাবলিক বিশ্ববিদ্যালয়ের বিস্তৃত শিক্ষাঙ্গনজীবন শিক্ষার্থীদের চিন্তাভাবনাকে পরিণত,pro_public,pro_public,pro_public,pro_public,neutral,neutral
পাবলিক বিশ্ববিদ্যালয় বহু যোগ্যতাবী শিক্ষার্থীর অর্থনৈতিকভাবে সবচেয়ে বাস্তবসম্মত পথ,pro_public,pro_public,pro_public,pro_public,pro_public,neutral
পাবলিক বিশ্ববিদ্যালয়ের কঠিন ভর্তি প্রক্রিয়া এখনো যোগ্যতার বড় পরীক্ষাগুলোর হিসেবে বিবেচিত হয়,pro_public,pro_public,pro_public,pro_public,pro_public,pro_public
পাবলিক বিশ্ববিদ্যালয়ের ডিগ্রির ওপর এখনো সমাজের বহু মানুষের ভিন্ন আস্থা রয়েছে,pro_public,pro_public,pro_public,pro_public,pro_public,pro_public
পাবলিক বিশ্ববিদ্যালয়ের যোগ্যতাভিত্তিক ভর্তি প্রক্রিয়া এখনো অনেকের কাছে সবচেয়ে গ্রহণযোগ্য,pro_public,pro_public,pro_public,pro_public,pro_public,pro_public
পাবলিক বিশ্ববিদ্যালয়ের বৃহৎ পরিসরের পরিবেশ অনেককে নেতৃত্ব সামাজিক বোধ তৈরি সাহায্য,pro_public,pro_public,pro_public,pro_public,pro_public,pro_public
পাবলিক বিশ্ববিদ্যালয়ের প্রতিযোগিতামূলক পরিবেশ শিক্ষার্থীদের যোগ্যতা মানসিক দৃঢ়তা বাড়াতে পারে,pro_public,pro_public,pro_public,pro_public,pro_public,pro_public
পাবলিক বিশ্ববিদ্যালয়ে ভর্তি হওয়া বহু পরিবারের কাছে সামাজিক স্বীকৃতি অহংকারের বিষয়,pro_public,pro_public,pro_public,pro_public,pro_public,pro_public
পাবলিক বিশ্ববিদ্যালয়ের বৃহৎ শিক্ষাঙ্গন ভিন্নমুখী ছাত্রসমাজ ব্যক্তিত্ব গঠনে ইতিবাচক প্রভাব ফেলে,pro_public,pro_public,pro_public,pro_public,neutral,pro_public
পাবলিক বিশ্ববিদ্যালয়ে পড়ার সুযোগ এখনও বহু শিক্ষার্থীর জীবনে বৃহৎ হয়ে দাঁড়ায়,pro_public,pro_public,pro_public,pro_private,pro_public,pro_public
পাবলিক বিশ্ববিদ্যালয়ের ভর্তি যাত্রা এখনো দেশের সবচেয়ে কঠিন যোগ্যতা যাচাইগুলোর হিসেবে বিবেচিত হয়,pro_public,pro_public,pro_public,pro_public,pro_public,pro_public
পাবলিক বিশ্ববিদ্যালয়ের আসনসংখ্যা সীমিত আবাসিক হলেও সামাজিক গুরুত্ব এখনো খুবই,pro_public,pro_public,pro_public,pro_public,pro_private,neutral
পাবলিক বিশ্ববিদ্যালয়ে পড়ার সুযোগ শিক্ষার্থীর জীবনে সামাজিক স্বীকৃতির বৃহৎ ধাপ হয়ে দাঁড়ায়,pro_public,pro_public,pro_public,pro_public,pro_public,pro_public
পাবলিক বিশ্ববিদ্যালয়ের ভর্তি পরীক্ষা এখনো অনেকের কাছে সবচেয়ে শক্তিশালী যোগ্যতা প্রতিযোগিতা,pro_public,pro_public,pro_public,pro_public,pro_public,pro_public
দেশের বহু যোগ্যতাবী শিক্ষার্থীর কাছে প্রথম পছন্দ এখনো উন্নত পাবলিক বিশ্ববিদ্যালয়,pro_public,pro_public,pro_public,neutral,pro_public,pro_public
পাবলিক বিশ্ববিদ্যালয় বহু শিক্ষার্থীর খরচে উচ্চমানের শিক্ষা পাওয়ার বৃহৎ দরজা,pro_public,pro_public,pro_public,pro_public,pro_public,pro_public
পাবলিক বিশ্ববিদ্যালয়ের বৃহৎ বৈচিত্র্যময় শিক্ষাঙ্গনজীবন শিক্ষার্থীদের সামাজিক বোধ গড়ে তোলে,pro_public,pro_public,pro_public,pro_public,pro_public,pro_public
পাবলিক বিশ্ববিদ্যালয় বহু যোগ্যতাবী শিক্ষার্থীর অর্থনৈতিকভাবে সবচেয়ে কার্যকর উচ্চশিক্ষার পথ,pro_public,pro_public,pro_public,pro_public,pro_public,pro_private
পাবলিক বিশ্ববিদ্যালয়ে ভর্তি হওয়া বহু পরিবারের কাছে অহংকারের উপলক্ষ,pro_public,pro_public,pro_public,neutral,pro_public,pro_public
পাবলিক বিশ্ববিদ্যালয় এখনও বহু পরিবারের কাছে অহংকারের প্রতীক হিসেবে বিবেচিত হয়,pro_public,pro_public,pro_public,pro_public,pro_public,pro_public
পাবলিক বিশ্ববিদ্যালয়ে ভর্তি হওয়া এখনো অনেকের কাছে কঠিন প্রতিযোগিতা পেরোনোর বৃহৎ স্বীকৃতি,pro_public,pro_public,pro_public,pro_public,pro_public,pro_public
পাবলিক বিশ্ববিদ্যালয় বহু যোগ্যতাবী শিক্ষার্থীর খরচে শক্ত ভিত্তি তৈরি,pro_public,pro_public,pro_public,pro_public,pro_private,pro_public
পাবলিক বিশ্ববিদ্যালয়ের বৈচিত্র্যময় শিক্ষাঙ্গনজীবন শিক্ষার্থীদের সামাজিক বোঝাপড়া বাড়ায়,pro_public,pro_public,pro_public,pro_public,pro_public,pro_public
দেশের বহু কৃতী শিক্ষার্থী এখনো প্রথম পছন্দ হিসেবে উন্নত পাবলিক বিশ্ববিদ্যালয়কেই দেখে,pro_public,pro_public,pro_public,neutral,pro_public,pro_public
পাবলিক বিশ্ববিদ্যালয়ে পড়ার সুযোগ শিক্ষার্থীর জীবনে বৃহৎ পরিবর্তনের সূচনা,pro_public,neutral,pro_public,pro_public,pro_public,pro_public
পাবলিক বিশ্ববিদ্যালয় এখনও বহু পরিবারের কাছে অহংকারের নাম,pro_public,pro_public,pro_public,pro_public,pro_public,pro_public
পাবলিক বিশ্ববিদ্যালয়ে ভর্তি হওয়া এখনও কঠিন যোগ্যতা প্রতিযোগিতা পেরোনোর বড় স্বীকৃতি,pro_public,pro_public,pro_public,pro_public,pro_public,pro_public
পাবলিক বিশ্ববিদ্যালয়ের ডিগ্রির প্রতি এখনও সমাজের অংশের ভিন্ন আস্থা রয়েছে,pro_public,pro_public,pro_public,pro_public,neutral,pro_public
পাবলিক বিশ্ববিদ্যালয়ের বৈচিত্র্যময় শিক্ষাঙ্গনজীবন সামাজিক বাস্তবতা বোঝার সুযোগ দেয়,pro_public,pro_public,pro_public,pro_public,neutral,pro_public
পাবলিক বিশ্ববিদ্যালয়ে ভর্তি হওয়া এখনও বড় যোগ্যতা প্রতিযোগিতা জয়ের স্বীকৃতি হিসেবে দেখা হয়,pro_public,neutral,pro_public,pro_public,pro_public,pro_public
পাবলিক বিশ্ববিদ্যালয় বহু যোগ্যতাবী শিক্ষার্থীর খরচে মানসম্মত ভিত্তি গড়ে দেয়,pro_public,pro_public,pro_public,pro_public,pro_public,pro_public
পাবলিক বিশ্ববিদ্যালয়ে ভর্তি হওয়া এখনও বহু পরিবারের কাছে অহংকারের বিষয়,pro_public,pro_public,pro_public,pro_public,pro_public,pro_public
পাবলিক বিশ্ববিদ্যালয়ে ভর্তি হওয়া এখনও কঠিন প্রতিযোগিতা পেরোনোর বৃহৎ স্বীকৃতি হিসেবে ধরা হয়,pro_public,pro_public,pro_public,pro_public,neutral,pro_public
পাবলিক বিশ্ববিদ্যালয়ের বহুমাত্রিক শিক্ষাঙ্গনজীবন বাস্তব সমাজ গভীর ধারণা দেয়,pro_public,pro_public,pro_public,pro_public,pro_public,neutral
পাবলিক বিশ্ববিদ্যালয়ে ভর্তি হওয়া এখনও বহু পরিবারের কাছে বড় অহংকারের বিষয়,pro_public,pro_public,pro_public,pro_public,pro_public,pro_public
পাবলিক বিশ্ববিদ্যালয়ের সুযোগ শিক্ষার্থীর জীবনে বৃহৎ পরিবর্তনের শুরু পারে,pro_public,pro_public,pro_public,pro_public,pro_public,pro_public
পাবলিক বিশ্ববিদ্যালয়ে ভর্তি হওয়া এখনও কঠিন যোগ্যতা প্রতিযোগিতায় টিকে থাকার বৃহৎ স্বীকৃতি,pro_public,pro_public,pro_public,pro_public,pro_public,pro_public
পাবলিক বিশ্ববিদ্যালয় বহু যোগ্যতাবী শিক্ষার্থীর খরচে শক্তিশালী একাডেমিক ভিত্তি দেয়,pro_public,pro_public,pro_public,pro_public,pro_public,pro_public
পাবলিক বিশ্ববিদ্যালয়ে ভর্তি হওয়া এখনও কঠিন যোগ্যতা প্রতিযোগিতা জয়ের বড় স্বীকৃতি হিসেবে দেখা হয়,pro_public,pro_public,neutral,pro_public,pro_public,pro_public
পাবলিক বিশ্ববিদ্যালয়ের বৃহৎ পরিসর ভিন্ন পটভূমির শিক্ষার্থীদের একসাথে শেখার সুযোগ দেয়,pro_public,pro_public,pro_public,pro_public,pro_public,pro_public
পাবলিক বিশ্ববিদ্যালয়ের বৈচিত্র্যময় ছাত্রসমাজ বাস্তব সমাজ বোঝার বৃহৎ সুযোগ তৈরি,pro_public,neutral,pro_public,pro_public,pro_public,pro_public
বিশ্ববিদ্যালয় পাবলিক শুধু মেধাবী শিক্ষার্থীদের,pro_public,pro_public,pro_public,pro_public,pro_public,pro_public
তারাই প্রাইভেটে পড়ে অ্যাডমিশনে ব্যর্থ — এটাই সত্য,pro_public,pro_public,pro_public,pro_public,pro_public,pro_public
প্লিজ গরিব আমাকে পাবলিক দেও,pro_public,pro_private,pro_public,pro_public,pro_public,pro_public
শেষ পর্যন্ত নট রিয়েলি পাবলিকের স্টুডেন্টরাই প্রাইভেটের টিচার পাবলিকে পড়তে অ্যাডমিশন দেওয়া লাগে যেটা প্রাইভেটে দেওয়া লাগে দিলেও পাবলিকের এতো হার্ড,pro_public,pro_public,pro_public,pro_public,pro_public,pro_public
এটাই বাস্তব পাবলিকে ট্রাই টিকলে তবেই অনেকে বাধ্য প্রাইভেটে যায়,pro_public,pro_public,pro_public,pro_public,pro_public,pro_private
পোলা খানকির তোরা স্পুন ফিড করিস প্রাইভেটে,pro_public,pro_public,pro_public,pro_public,neutral,pro_public
প্রাইভেটে লেভেল আসলেই বোঝা যায় পাবলিকের স্টুডেন্ট স্টুডেন্ট প্রাইভেটে টিচার,pro_public,pro_public,neutral,pro_public,pro_public,pro_public
পাবলিকের পোলাপান গদ বাধা টুকুর মধ্যেই ঘুরে ভাই আপনার একমত পারলাম প্রাইভেটের স্টুডেন্টরা তো ম্যাক্সিমাম বিদেশ চলে যায় পাবলিকের পোলাপান রিস্ক পারে নেয় বাংলাদেশের বড় বড় জায়গা বলেন কিংবা ব্যবসা দেখবেন এক সময় পাবলিকেই পড়ত আরেকটা পয়েন্ট পাবলিকে পড়লে নেটওয়ার্ক তৈরি সেটা অন্য কোথাও সম্ভব,pro_public,neutral,pro_public,pro_public,pro_public,neutral
পাবলিক প্রাইভেট বিশ্ববিদ্যালয় সেরা যেকোনো দিক,pro_public,pro_public,pro_public,pro_public,pro_public,pro_public
ইজ পাবলিক পাবলিক,pro_public,pro_public,pro_public,pro_public,pro_public,pro_public
মেধার বিকাশ জ্ঞান প্রতিযোগিতায় প্রকাশ পায় তা পরবর্তীতে ভবিষ্যতে দেখা যায় অবশ্যই স্মার্ট সেটা পাবলিক হোক কিংবা প্রাইভেট পাবলিক বিশ্ববিদ্যালয় শিক্ষার্থীরা পরিমাণ কষ্ট মেধার প্রতিযোগিতায় থাকে মনে প্রাইভেটে সম্ভব,pro_public,pro_private,pro_public,pro_public,pro_public,pro_public
বেস্ট পাবলিক,pro_public,pro_public,pro_public,pro_public,pro_public,pro_public
এদিকে প্রাইভেটে স্কুল পাবলিক বিশ্ববিদ্যালয়ে গ্রাজুয়েশন সবাইই সেলফ স্টাডি করেই গ্রাজুয়েট কলেজের টিচারের গাইডলাইনেই গ্রাজুয়েট এখানে ওদের এটাই বুঝার সুযোগই থাকে এটা ঠিক ওরা তাড়াতাড়ি বের পারে যেটা পাবলিকে সম্ভব,pro_public,pro_public,pro_public,pro_public,pro_public,pro_public
কম্পিটিশন পার চান্স পাওয়ার বিরাট ব্যাপার কখনোই পাবেন পাবলিক তো পাবলিকে যতই টক শো,pro_public,pro_public,pro_public,pro_public,pro_public,pro_public
পেয়ে চান্স দেখান,pro_public,pro_public,pro_public,pro_public,pro_public,pro_public
পাইবা চান্স,pro_public,pro_public,pro_public,pro_public,pro_public,pro_public
বাধ্য জাতীয়তে যায় বস প্রাইভেটে,pro_public,pro_public,pro_public,pro_public,pro_public,pro_public
তো এনএসইউ ব্র্যাকে পড়ে হুম বেশিরভাগ প্রাইভেটের স্টুডেন্টরা এন্ট্রি লেভেলের গুলোতে পড়ে যেখানের টিচাররা পাবলিকের লাস্টের দিকের ছেলেপেলে ভালো গুলো তো বেশিরভাগ জব অ্যান্ড অ্যাব্রোড যায়,pro_public,pro_public,neutral,pro_public,pro_public,pro_public
পাবলিক আলসো ইজ অলমোস্ট ফ্রি,pro_public,pro_public,neutral,pro_public,pro_public,pro_public
দেশের সাকসেসফুল মানুষ বস্তি হা ই কুল অ্যাফ,pro_public,pro_public,pro_public,neutral,pro_public,neutral
আনএমপ্লয়মেন্ট রেট দেখো ইউনিভার্সিটি স্ট্যাটিস্টিক্স এর সেইম স্টুপিড লজিক চান্স পেয়ে বালদা চিরসো,pro_public,pro_public,pro_public,pro_public,pro_public,pro_public
বুয়েট ড্রিম,pro_public,pro_public,pro_public,pro_public,neutral,pro_public
মিস্ট মিস্ট পাবলিক ভাই বিইউপির অধীনে সরকারি প্রতিষ্ঠান প্রতি বছর সরকার কোটি টাকা দেয় এটা মিলিটারির অধীনে হলেও এটা সরকারি এটা মাস্ট নামে পরিচিতি পাবে বিইউপি বের বিইউপি বানানই মিস্টের এখানে লক্ষ টাকা বছরে খরচ পরিষ্কার পরিছন্ন পরিবেশ সাবজেক্টগুলো ভালো মিস্টে এমন সাবজেক্ট যেগুলো বুয়েটেও ডিউতেও,pro_public,pro_public,pro_public,pro_public,pro_public,pro_public
প্রাইভেট পাবলিক কজ প্রাইভেটে টাকাওয়ালা গাধা গরুরা পড়ে পাবলিকে মেধাবিরা পড়ে,pro_public,pro_public,pro_public,pro_public,pro_public,pro_public
প্রাইভেট প্রোমোট করো চান্স পাও পাবলিকে চান্স পেয়ে পাবলিকের লাগতে এসো কুক যাবা,pro_public,pro_public,pro_public,pro_public,pro_public,pro_public
ডাউট নো পাবলিক ইজ গ্রেটার দ্যান প্রাইভেট,pro_public,pro_public,pro_public,pro_public,pro_public,pro_public
মার্কেটিং প্রাইভেট,pro_public,pro_public,pro_public,pro_public,pro_public,pro_public
বিক্রি কাগজ প্রাইভেটের কাজ,pro_public,pro_public,pro_public,pro_public,neutral,pro_public
এমন এক জবে গেছি ক্লিয়ার রিকোয়ার্ড পাবলিক ইউনিভার্সিটি হইলে সিজিপিএ অ্যাপ্লাই পারবো প্রাইভেট ইউনিভার্সিটি হইলে সিজিপিএ লাগবো ব্রো বাংলাদেশে থাকো এইদিকে জবেও ডিসক্রিমিনেশন পাবলিক প্রাইভেট একজন চু পড়া ইন্টারভিউ বোর্ডে আই সিজিপিএ জব আরেকজন উলাব জবটা পায় তারপরও বলবা স্কিল ইউনিভার্সিটি ম্যাটার,pro_public,pro_public,pro_private,pro_public,pro_public,pro_public
অক্সফোর্ড ইউনিভার্সিটিতে চান্স পেয়েও বাংলাদেশের প্রাইভেট ইউনিভার্সিটিতে যাচ্ছি শুধু বাপের টাকা উড়ানোর আশায় অপ লেভেল ফাপরবাজি হার্ভার্ড ইউনিভার্সিটি,pro_public,pro_public,pro_public,pro_public,pro_public,pro_public
মোস্টলি সি ক্যাটাগরি প্রাইভেট ইউনিভার্সিটি বিটিডব্লিউ ভার্সিটি ইজ অ্যা স্ক্যাম এটা ভিডিও বানান এটা জাস্ট স্ক্যাম,pro_public,pro_public,pro_public,pro_private,pro_public,neutral
অ্যাডমিশন টেস্ট কোশ্চেনস বিলো দ্যা মিনিমাম স্ট্যান্ডার্ড লেভেল আটারলি বোগাস আপনি বলছেন এটা দ্যা মোস্ট এলিট ইউনিভার্সিটি ইন বাংলাদেশ ওহ মাই মাই দেন হোয়াট ইজ বুয়েট ডুয়িং মোয়িং দ্যা গ্রাস গুড লর্ড হাউ ডিড আই মিস দিস কমেডি আপনি বলছেন দ্যা লেকচার ম্যাটেরিয়ালস ডেলিভার্ড ওয়ার্ল্ডওয়াইড সিরিয়াসলি মেট আই স দ্যা ইইই কোশ্চেনস অফ দিস শিট ভার্সিটি অ্যান্ড আই ওয়াজ লিটারেলি ডাইং আউট অফ লাফটার হাউ ক্যান দ্যা টিচার্স অ্যাভেইল দেম উইথ এইচএসসি লেভেল কোশ্চেনস অ্যান্ড অ্যাজ এক্সপেক্টেড দেই কুডন্ট ম্যানেজ টু অ্যানসার দ্যাট এদার দিস ইওর ওয়ার্ল্ড ওয়াইড ইউনিভার্সিটি বেসিক্যালি ইউ গাইজ হায়ার দ্যা টিচার্স ফ্রম আওয়ার ইউনিভার্সিটি অ্যাকচুয়ালি এভরি প্রাইভেট ইউনিভার্সিটি হায়ার্স টিচার্স ফ্রম বুয়েট ইন টেকনিক্যাল সাবজেক্টস এক্সডি অ্যান্ড ফর ইওর সিএসই কনসেনসাস হোয়াট ওয়াজ দ্যা রেজাল্ট অফ আইসিপিসি অ্যাগেইন বুয়েট জাস্ট নেইল্ড ফ্রম দ্যা র্যাংকিং অফ টু ডিউ অলসো ওয়াজ দেয়ার বাট হোয়ার ইজ ইওর এনএসইউ অ্যান্ড আদার বুলশিটস স্টপ ডিসিভিং দ্যা ইয়াংগার্স অ্যাসহোল,pro_public,pro_public,neutral,pro_public,pro_public,pro_public
আসসালামুআলাইকুম ভাইয়া ভাইয়া খুব সমস্যায় এইচএসসি ব্যাচের স্টুডেন্ট মিডল ক্লাস ফ্যামিলিতে বেলং এখন ভাইয়া এবার কারণে চান্সটা হাতে পেয়েও মিস গিয়েছে অবস্থায় ভাইয়া এখন সেকেন্ড টাইম প্রিপারেশন নিজের স্বপ্নটা পূরণ চাই ফ্যামিলি চিন্তা বছর গ্যাপ পড়বে আগাই চলে যাবে পিছে পড়ে থাকবো তো ওরা আমাকে প্রাইভেটে পড়ানোর জোর বলছে প্রাইভেটে পড়ে সেকেন্ড টাইম প্রিপারেশন নাও ফ্যামিলিকে অনেকবার বুঝিয়েছি ওরা বুঝতে চাচ্ছে ওরা শুধু চিন্তা লাইফ বছর এমনি এমনি চলে যাবে সেকেন্ড টাইম চান্স তখন এগুলো এখন ভাইয়া করবো বুঝতে পারছি হেল্পলেস যাচ্ছি,pro_public,pro_public,pro_public,pro_public,pro_public,neutral
পাগলের অবস্থা দেখলাম ইস্ট ওয়েস্টে ম্যাক্সিমাম স্টুডেন্ট সারাদিন খালি কুইজ এখন ইস্ট ওয়েস্টে জেনেটিক ইঞ্জিনিয়ারিং অ্যান্ড বায়োটেকনোলজি ডিপার্টমেন্টেযদিও জাহাঙ্গীরনগরে চান্স পাইছিলামআমার বায়োকেমিস্ট্রি সাবজেক্ট আসছেকিন্তু যাই নাইআমার বাসার ইস্ট ওয়েস্টএকটা ভালো সাবজেক্ট পাইছি এখানেতার শুনলাম এক ফ্রেন্ড নাকি জেইউতে ফার্মেসিতে চান্স পাইছেওর কথা বলে দেখলামওদের এতো সেশন জট লাগে রেও এখনো পিছিয়ে আছেআর য় বর্ষে উঠে গেলাম প্রাইভেট ভার্সিটিতে মারাত্তক প্রেসার মিড অ্যাসাইনমেন্ট গ্রুপ ওয়ার্ক প্রেজেন্টেশন স্পট অ্যাসেসমেন্ট ভাইভাআরো কতো এসব দৌড়ি দৌড়ি একদিন এক সিনিয়র আপু বললেন জানতাম পাবলিকেই পড়তাম অন্তত এখানে আসিয়া বাস খাইতাম নাহ আপু তো ঢাবিতে চান্স পাইছিলো ইকনোমিক্সেকিন্তু এখন ইস্ট ওয়েস্টে পড়ে যাই বলুক প্রাইভেটের পড়ার প্রেসারযারা পাইছেন তারাই জানে ভয়ানক,pro_public,pro_public,pro_public,pro_public,pro_public,neutral
প্রাইভেটের মূল্য দেহাইয়া কত ব্যবসা করবি শোয়া কত দেহুম,pro_public,neutral,pro_public,pro_public,pro_public,pro_public
হীর কথা শুন ভাই পোলাপান বড় ভাই হিসেবে কইতাসি ভাই নাইলে মরদা জে খাইবি রে বাবা রিয়েলিটি কইতাসে পুরাদা আমিও বছর কইছিলাম ভুগি চুগি মারাইতাসি এখন বুঝতাসে রিয়েলিটি জিনিসটা,pro_public,pro_public,pro_public,pro_public,pro_public,pro_public
ভার্সিটি প্রাইভেট প্রেসার দেইটাইম পড়া শেষ করাইআর আপনি ডেইলি ক্লাসে প্রেজেন্ট থাকলে ঝামেলা হবেআপনার মার্কস কমবেসিজি ডাউন হবেআর ফ্যাকাল্টি এগুলো খুব ভালোভাবে নোটিস করেআর দিনের ক্লাস মিস আপনাকে মেবি অ্যাপ্লিকেশন ফাইনাল এক্সামে বসার,pro_public,pro_public,pro_public,pro_public,pro_public,pro_public
টাকা প্রাইভেটকে মূল্য দেই প্রাইভেট ফার্মেসি পড়ে নাকি চাকরি পাওয়া যায়,pro_public,pro_public,pro_public,pro_public,pro_public,pro_public
ভালো সিজি ক্যারি করার একজন এনএসইউয়ার হিসেবে ফ্রিডম টিকে থাকা ইজি জাস্ট পাস করার জন্যই হার্ড ওয়ার্ক লাইফ হেল যাচ্ছে মতে পাবলিকেই ফ্রিডম অনেক্ক্ক ইজি গোয়িং,pro_public,pro_public,pro_public,pro_public,pro_public,pro_public
বিশ্ববিদ্যালয়ে প্রাইভেট ইঞ্জিনিয়ারিং যাওয়াই ভালো,pro_public,pro_public,pro_public,pro_public,pro_public,pro_public
এখানে আমাদের ছোট ভাই বোনের প্রমোশনাল ভিডিও বানাইছেন ভাইয়া ঠিক বাবা মায়ের দীর্ঘ কষ্টের টাকা স্বপ্ন এরা প্রাইভেটে ভর্তি কয়েকটা তিক্ত কথা বলি ইস্ট ওয়েস্টে বিবিএ কমপ্লিট বছর লাগছে সেশন জট রিটেক ফেল ধরে নেন খারাপ স্টুডেন্ট পরিচিত কয়েকজনের উদাহরণ দেই রুমমেট ছোট ভাই সেমেস্টার পড়ার হতাশ রিএডমিশন খুলনা ইউনিভার্সিটিতে চলে গেল ফ্রেন্ড বছর পড়ার আইআইউবিতে চলে গেল এক বড় ভাই বছর ইউল্যাবে চলে গেল এরকম অনেকেই লক্ষ লক্ষ টাকা খরচ করেও গ্রেডের মাইরপ্যাচে ইস্ট ওয়েস্ট ছাড়তে বাধ্য হইছে বলব আপনি আসলেই ভালো স্টুডেন্ট হন তবেই এনএসইউ ব্র্যাক ইস্ট ওয়েস্টে ভর্তি হবেন সিজিপিএ থাকলে ভার্সিটির নাম চাকরি পাবেন রিক্রুটার এসবের ভ্যালু বোঝে অনেকে বায়াসডও থাকে ধন্যবাদ সবাইকে,pro_public,pro_public,pro_public,pro_public,pro_public,pro_public
ঢাবি ভাই হলে বিদেশে চলে যাবো,pro_public,pro_public,pro_public,neutral,pro_public,pro_public
এক ইউনিভার্সিটিতে ভর্তি হলাম এটা ট্রু সিএস ডিপার্টমেন্টে হাই হাই সর্বনাশ মেয়েরা প্রফেসরদের প্রস্টিটিউশন গ্রেডস লাগায় ছেলেরা প্রফেসরদের গাঁজা খায় টাকা লাগায় সিজিপিএ আপ প্রফেসরগুলাও ফালতু টপ টপ ইউনিভার্সিটি পাসআউটস হোক ফুল অফ শিট অন্তত বাস থাকে পাবলিক ইউনিভার্সিটি বাস খাও এটা গভর্নমেন্ট ফান্ডেড ইনস্টিটিউশন প্রাইভেট ইউনিভার্সিটিতে বস্তা বস্তা টাকাও দিবো বাসও নাও এটা টোটালি ফালতু দ্যাটস হোয়াই ইভেন ইফ ইউ হ্যাভ মানি গো ফর পাবলিক,pro_public,pro_public,pro_public,pro_public,pro_public,pro_public
শুধু তোমাকে সঙ্গের শুধু ঢাবি,pro_public,pro_public,pro_public,pro_public,pro_public,pro_public
ন্যাশনাল এভয়েড,pro_public,pro_public,pro_public,pro_public,pro_public,pro_public
পড়ালেখার ফ্লো হারাবেন মাস পরীক্ষা থাকে,pro_public,pro_public,pro_public,pro_public,pro_public,neutral
বাপের অবৈধ টাকা এদের প্রাইভেট ভার্সিটি পড়া ব্যাপার,pro_public,pro_public,neutral,pro_public,pro_public,pro_public
নোংরামিতে সেরা আইইউবিএটি জঘন্য ভার্সিটি,pro_public,neutral,pro_public,pro_public,pro_public,pro_public
পাবলিক বিশ্ববিদ্যালয়ে মেধাবী পড়ে ইউ কান্ট ডিনাই দ্যাট কাম অন ইউ ডিডন্ট ইভেন ওয়ান্ট টু পাবলিক ইউনিভার্সিটি ইন বাংলাদেশ,pro_public,pro_public,pro_public,pro_public,pro_public,pro_public
লাখ বেকারের দেশে ভার্সিটি চোদায় মেধাটা ধুইয়া দুইবেলা পানি খান,pro_public,pro_public,pro_public,pro_public,pro_public,pro_public
ইউনিভার্সিটির পাবলিক শিক্ষকরা দেশের সেরা পণ্ডিত,pro_public,pro_public,pro_public,pro_public,pro_public,pro_public
প্রাইভেটের পাবলিক বিশ্ববিদ্যালয়ের ডিগ্রি বিদেশে স্বীকৃতি পায়,pro_public,pro_public,pro_public,pro_public,pro_public,pro_public
সিভিল বুয়েটের ইঞ্জিনিয়াররা দেশের অবকাঠামো উন্নয়নে কাজ,pro_public,pro_public,pro_public,pro_public,pro_public,pro_public
কৃষি বাকৃবির গবেষণা দেশের খাদ্য নিরাপত্তায় সাহায্য,pro_public,pro_public,pro_public,pro_public,pro_public,pro_public
চারুকলা ঢাবির অনুষদের শিক্ষার্থীরা দেশের শিল্পচর্চায় নেতৃত্ব দেয়,pro_public,pro_public,pro_public,pro_public,pro_public,neutral
শিক্ষার্থীরা খুবির দক্ষিণপশ্চিমাঞ্চলের উন্নয়নে কাজ,pro_public,pro_public,pro_public,pro_public,pro_public,pro_public
বিশ্ববিদ্যালয়ের প্রাইভেট সার্টিফিকেটের বাজার মূল্য,pro_public,pro_public,pro_public,pro_public,pro_public,pro_public
স্নাতকরা বুয়েটের বিশ্বের যেকোনো প্রতিষ্ঠানে কাজ পারে,pro_public,pro_private,pro_public,neutral,pro_public,pro_public
বিজ্ঞান শাহজালাল প্রযুক্তি বিশ্ববিদ্যালয়ের সিএসই শক্তিশালী,pro_public,pro_public,pro_public,pro_public,pro_public,pro_private
বিশ্ববিদ্যালয়ে প্রাইভেট ভর্তি হলে টাকা পাস যায়,pro_public,pro_public,pro_public,pro_public,pro_public,pro_public
শিক্ষার্থীরা খুবির সোলার এনার্জি নবায়নযোগ্য জ্বালানি গবেষণায় অগ্রণী,pro_public,neutral,pro_public,pro_public,pro_public,pro_public
বিশ্ববিদ্যালয়ের পাবলিক শিক্ষার্থীরা দেশপ্রেমে উদ্বুদ্ধ,pro_public,pro_public,neutral,pro_public,pro_public,pro_public
বিশ্ববিদ্যালয়ের পাবলিক শিক্ষার্থীরা দেশের স্বাধীনতা সার্বভৌমত্ব রক্ষায় সচেতন,pro_public,pro_public,pro_public,pro_public,pro_public,pro_public
শিক্ষার্থীরা বুয়েটের দেশের সবচেয়ে বড় স্টার্টআপ গড়ে তোলে,pro_public,pro_public,pro_public,pro_public,pro_public,pro_public
বিশ্ববিদ্যালয়ের পাবলিক শিক্ষার্থীরা দেশের সবচেয়ে বড় বিজ্ঞান মেলায় অংশ নেয়,pro_public,neutral,pro_public,pro_public,pro_public,pro_private
ইংরেজি রাবির বিভাগের শিক্ষার্থীরা ভাষায় অত্যন্ত দক্ষ,pro_public,pro_public,pro_public,pro_public,pro_public,pro_public
বিশ্ববিদ্যালয়ের প্রাইভেট শিক্ষার্থীরা জাতীয় প্রতিযোগিতায় সফল,pro_public,pro_public,pro_public,pro_public,neutral,pro_public
মেরিন চবির সায়েন্স বিভাগের গবেষণা সমুদ্র সম্পদ আহরণে সাহায্য,pro_public,pro_public,pro_public,pro_public,pro_public,pro_public
শিক্ষার্থীরা সর সিলেটের উন্নয়নে গুরুত্বপূর্ণ ভূমিকা রাখে,pro_public,pro_public,pro_public,pro_public,pro_public,pro_public
বিশ্ববিদ্যালয়ের পাবলিক শিক্ষার্থীরা দেশের সবচেয়ে বড় চলচ্চিত্র নির্মাতা,pro_public,neutral,pro_public,pro_public,pro_public,neutral
বাইরের জ্ঞান রাখে প্রাইভেট বিশ্ববিদ্যালয়ের শিক্ষার্থীরা শুধু সিলেবাস পড়ে,pro_public,pro_public,pro_public,pro_public,pro_public,pro_public
বিশ্ববিদ্যালয়ের পাবলিক পরীক্ষায় নকল অসম্ভব,pro_public,pro_public,pro_public,pro_public,pro_public,pro_public
বিশ্ববিদ্যালয়ে প্রাইভেট ভর্তি হলে প্রতিযোগিতামূলক পরিবেশ পাওয়া যায়,pro_public,pro_public,pro_public,pro_public,pro_public,pro_public
জ্ঞানের গভীরতা দেখে অবাক হই বড় ভাই জাহাঙ্গীরনগরে পড়ে,pro_public,pro_public,pro_public,pro_public,pro_public,pro_public
ছাত্ররা ঢাবির দেশের প্রতিটি গুরুত্বপূর্ণ পদে,pro_public,pro_public,pro_public,pro_public,pro_public,pro_public
বিশ্ববিদ্যালয়ের পাবলিক হলগুলো বন্ধুত্ব ভ্রাতৃত্ব শেখায়,pro_public,pro_public,pro_public,pro_public,pro_public,pro_public
বিশ্ববিদ্যালয়ের প্রাইভেট শিক্ষার্থীরা সমাজের সমস্যা ভাবে,pro_public,pro_public,pro_public,pro_public,pro_public,pro_public
বিশ্ববিদ্যালয়ের পাবলিক শিক্ষার্থীরা দেশের সবচেয়ে বড় বিতর্ক প্রতিযোগিতায় সেরা,pro_public,pro_public,pro_public,pro_public,pro_public,pro_public
শিক্ষার্থীরা রাবির উত্তরাঞ্চলের শিক্ষা সংস্কৃতির কেন্দ্রবিন্দু,pro_public,pro_public,pro_public,pro_public,pro_public,pro_public
ইতিহাস ঢাবির বিভাগের শিক্ষার্থীরা দেশের ইতিহাস চর্চায় নেতৃত্ব দেয়,pro_public,pro_private,neutral,pro_public,pro_public,neutral
ইউনিভার্সিটিতে পাবলিক পড়লে জীবনের সবচেয়ে সুন্দর সময় কাটে,pro_public,pro_public,pro_public,pro_public,pro_public,neutral
বিশ্ববিদ্যালয়ের পাবলিক শিক্ষার্থীরা দেশের সবচেয়ে বড় ক্রীড়া প্রতিযোগিতায় চ্যাম্পিয়ন,pro_public,pro_public,neutral,pro_public,pro_public,pro_public
শিক্ষার্থীরা বাকৃবির কৃষকদের নতুন প্রযুক্তি উদ্ভাবন,pro_public,pro_public,pro_public,pro_public,pro_public,pro_public
বিশ্ববিদ্যালয়ের পাবলিক গবেষণার সুযোগ,pro_public,pro_public,pro_private,pro_public,pro_public,pro_public
সাধারণ মানুষের নাগালের বাইরে প্রাইভেট বিশ্ববিদ্যালয়ের টিউশন ফি অসহনীয়,pro_public,neutral,pro_public,pro_public,pro_public,pro_public
বিশ্ববিদ্যালয়ের প্রাইভেট শিক্ষার্থীরা পাশ্চাত্য সংস্কৃতিতে আচ্ছন্ন,pro_public,pro_public,pro_public,pro_public,pro_public,pro_public
বিশ্ববিদ্যালয়ের পাবলিক ডিগ্রি চাকরির বাজারে প্রাধান্য পাওয়া যায়,pro_public,pro_public,pro_public,pro_public,pro_public,pro_public
বিশ্ববিদ্যালয়ের খুলনা পরিবেশ পড়াশোনার অত্যন্ত উপযুক্ত,pro_public,pro_public,pro_public,pro_public,neutral,pro_public
বিশ্ববিদ্যালয়ের পাবলিক শিক্ষার্থীরা দেশের সংস্কৃতি ঐতিহ্য ধরে রাখে,pro_public,pro_public,pro_public,pro_public,pro_public,pro_public
শিক্ষার্থীরা খুবির মংলা বন্দর শিপইয়ার্ডে কাজ দেশের উন্নয়নে,pro_public,pro_public,pro_public,pro_public,pro_public,pro_public
বিশ্ববিদ্যালয়ের পাবলিক শিক্ষকরা বিদেশ পিএইচডি আসেন,pro_public,pro_public,pro_public,pro_public,pro_public,pro_public
বিশ্ববিদ্যালয়ের ঢাকা ছাত্ররা দেশের ভবিষ্যৎ নেতৃত্ব দেয়,pro_public,pro_public,pro_public,pro_public,neutral,pro_public
শিক্ষার্থীরা ঢাবির দেশের সবচেয়ে বড় সাহিত্যিক লেখক,pro_public,pro_public,pro_public,pro_public,pro_public,neutral
বিশ্ববিদ্যালয়ের প্রাইভেট শিক্ষার্থীরা সাংবাদিকতা গণমাধ্যমে তেমন সফল,pro_public,pro_public,pro_public,pro_public,neutral,pro_public
বিশ্ববিদ্যালয়ের পাবলিক শিক্ষার্থীরা বিভিন্ন আন্দোলনে নেতৃত্ব দেয়,pro_public,pro_public,pro_public,pro_public,pro_public,pro_public
বিশ্ববিদ্যালয়গুলো প্রাইভেট শুধু টাকা উপার্জনের কারখানা,pro_public,pro_public,pro_public,pro_public,pro_public,pro_public
শিক্ষা দেয় প্রাইভেট বিশ্ববিদ্যালয়গুলো শুধু ব্যবসা,pro_public,pro_private,pro_public,pro_private,pro_public,pro_private
বিশ্ববিদ্যালয়ের প্রাইভেট শিক্ষার্থীরা দেশের সমস্যা আন্দোলন,pro_public,pro_public,pro_public,pro_public,pro_public,pro_public
বিশ্ববিদ্যালয়ে প্রাইভেট ভর্তি হলে টাকার বিনিময়ে পাওয়া যায়,pro_public,pro_private,pro_public,pro_public,pro_public,pro_public
বিশ্ববিদ্যালয়ের প্রাইভেট শিক্ষার্থীরা যুক্তি বিতর্কে দুর্বল,pro_public,pro_public,pro_public,pro_public,pro_public,pro_public
বিশ্ববিদ্যালয়ের প্রাইভেট ডিগ্রি ব্যাংক সরকারি চাকরি পাওয়া কঠিন,pro_public,pro_public,pro_public,pro_public,pro_public,pro_public
বিশ্ববিদ্যালয়ের পাবলিক শিক্ষার্থীরা দেশের সবচেয়ে বড় সাংবাদিকতা প্রতিযোগিতায় সফল,pro_public,pro_public,pro_public,pro_private,pro_private,pro_public
বিশ্ববিদ্যালয়ে পাবলিক ভর্তি প্রকৃত মেধা লাগে,pro_public,pro_public,pro_public,pro_public,pro_public,pro_public
বিশ্ববিদ্যালয়ের প্রাইভেট শিক্ষার্থীরা রাজনীতি সামাজিক কাজে অংশ নেয়,pro_public,pro_public,pro_public,pro_public,pro_public,pro_public
বিশ্ববিদ্যালয়ের পাবলিক লাইব্রেরি ল্যাবের সুবিধা,pro_public,pro_public,pro_public,pro_public,pro_public,pro_public
আইন ঢাবির বিভাগের স্নাতকরা দেশের সেরা আইনজীবী,pro_public,pro_public,pro_private,pro_public,pro_private,pro_private
বিশ্ববিদ্যালয়ের প্রাইভেট শিক্ষার্থীরা নতুন উদ্ভাবন,pro_public,pro_public,pro_public,pro_public,pro_public,pro_public
বিশ্ববিদ্যালয়ে প্রাইভেট ছাত্র রাজনীতি পারে,pro_public,pro_public,pro_public,pro_public,pro_public,pro_public
বিশ্ববিদ্যালয়ের প্রাইভেট শিক্ষার্থীরা প্রযুক্তি উদ্ভাবনে পিছিয়ে,pro_public,pro_public,pro_public,pro_public,pro_public,pro_public
ফলে শেখে প্রাইভেট বিশ্ববিদ্যালয়গুলো শিক্ষার্থীদের চাপ দেয়,pro_public,pro_public,neutral,pro_public,pro_public,neutral
এতে সন্দেহ পাবলিক বিশ্ববিদ্যালয়ের শিক্ষার মান উঁচু,pro_public,pro_public,pro_public,pro_public,pro_public,pro_public
বিশ্ববিদ্যালয়ের প্রাইভেট শিক্ষার্থীরা শিল্পসাহিত্যসংস্কৃতিতে অংশ নেয়,pro_public,pro_private,pro_public,pro_public,pro_public,pro_public
প্রাকৃতিক জাবির সৌন্দর্য পড়াশোনার মনোযোগ বাড়ায়,pro_public,pro_public,neutral,pro_public,pro_public,pro_public
বিশ্ববিদ্যালয়ের পাবলিক শিক্ষার্থীরা বিভিন্ন ক্লাব সংগঠনে সক্রিয়,pro_public,pro_public,pro_public,pro_public,neutral,pro_public
বিশ্ববিদ্যালয়ের চট্টগ্রাম ইতিহাস ঐতিহ্য অনন্য,pro_public,pro_public,pro_public,pro_public,pro_public,pro_public
শিক্ষার্থীরা রাবির দেশের সবচেয়ে সচেতন সক্রিয়,pro_public,pro_public,pro_public,pro_public,pro_public,pro_public
প্রাইভেটের কাছে আসতে পারে বুয়েটের ইঞ্জিনিয়াররা দেশের সেরা,pro_public,pro_public,pro_public,pro_public,pro_public,pro_public
বিশ্ববিদ্যালয়ের প্রাইভেট শিক্ষকরা অধিকাংশই পাবলিকের রিজেক্ট,pro_public,pro_public,pro_public,neutral,pro_public,pro_public
এর প্রাইভেট বিশ্ববিদ্যালয়ের শিক্ষার্থীরা শুধু ক্লাস বাড়ি,pro_public,pro_public,pro_public,pro_public,neutral,pro_public
বিশ্ববিদ্যালয়ের রাজশাহী ক্যাম্পাস জীবন অসাধারণ,pro_public,pro_public,pro_public,pro_public,pro_public,pro_public
বিশ্ববিদ্যালয়ের পাবলিক শিক্ষার্থীরা দেশের প্রতিটি গুরুত্বপূর্ণ নেতৃত্ব দেয়,pro_public,pro_public,pro_public,pro_public,pro_public,pro_public
বিশ্ববিদ্যালয়ের পাবলিক ডিগ্রি সরকারি চাকরি পাওয়া সহজ,pro_public,pro_public,pro_public,neutral,pro_public,pro_public
বিশ্ববিদ্যালয়ের প্রাইভেট শিক্ষার্থীরা বিদেশে উচ্চশিক্ষায় সফল,pro_public,pro_public,pro_public,pro_public,pro_public,pro_public
বিশ্ববিদ্যালয়ের পাবলিক ছাত্র সংসদ নির্বাচন গণতন্ত্রের চর্চা,pro_public,pro_public,pro_public,pro_public,neutral,pro_public
বিশ্ববিদ্যালয়ের প্রাইভেট শিক্ষার্থীরা শুধু সার্টিফিকেট কালেক্টর,pro_public,pro_public,pro_public,pro_public,pro_public,neutral
শিক্ষার্থীরা জাবির প্রকৃতির মিশে জীবনধারণ শেখে,pro_public,pro_public,pro_public,pro_public,pro_public,pro_public
শিক্ষার্থীরা চবির দক্ষিণাঞ্চলের শ্রেষ্ঠ মেধা,pro_public,pro_public,neutral,pro_public,pro_public,pro_public
বিশ্ববিদ্যালয়গুলো প্রাইভেট শিক্ষক নিয়োগে দুর্নীতি,pro_public,pro_public,pro_public,pro_public,neutral,pro_public
বিশ্ববিদ্যালয়ের প্রাইভেট শিক্ষার্থীরা শুধু ব্যক্তিগত ক্যারিয়ার ভাবে,pro_public,pro_public,pro_public,pro_public,pro_public,pro_public
বিশ্ববিদ্যালয়ের পাবলিক শিক্ষার্থীরা দেশের সবচেয়ে বড় আইডিয়া দেয়,pro_public,pro_public,pro_public,pro_public,pro_public,pro_public
বিশ্ববিদ্যালয়ের পাবলিক পরীক্ষার হলে কঠোর নিয়ম মানা,pro_public,pro_public,pro_public,pro_public,pro_public,pro_public
ইউনিভার্সিটির পাবলিক পরীক্ষা পদ্ধতি কঠিন হওয়ায় শিক্ষার্থীরা যোগ্য,pro_public,pro_public,pro_public,pro_public,pro_public,pro_public
সামাজিকতা শেখে প্রাইভেট বিশ্ববিদ্যালয়ের শিক্ষার্থীরা বাড়ি কমিউট,pro_public,pro_public,pro_public,pro_public,neutral,pro_public
বিশ্ববিদ্যালয়ে ঢাকা পড়াশোনা গর্বিত,pro_public,pro_public,pro_public,pro_public,pro_public,pro_public
বিশ্ববিদ্যালয়ের পাবলিক শিক্ষকরা শিক্ষার্থীদের বিনামূল্যে কোচিং দেন,pro_public,pro_public,pro_public,pro_public,pro_public,pro_public
বিশ্ববিদ্যালয়ের প্রাইভেট শিক্ষার্থীরা শারীরিক শিক্ষা খেলাধুলায় পিছিয়ে,pro_public,pro_public,pro_private,pro_public,pro_public,pro_public
বিশ্ববিদ্যালয়ে পাবলিক পড়াশোনার চাপ শিক্ষার্থীকে শক্তিশালী,pro_public,pro_public,pro_public,pro_public,pro_public,pro_public
বিশ্ববিদ্যালয়ের পাবলিক শিক্ষার্থীরা দেশের সবচেয়ে বড় মাথা ব্যবহার,pro_public,pro_public,pro_public,neutral,pro_public,pro_public
বিশ্ববিদ্যালয়ের পাবলিক ছাত্রাবাস জীবন আত্মনির্ভরশীলতা শেখায়,pro_public,pro_public,pro_public,pro_public,pro_public,pro_public
প্রগতি দেখে খুশি বোন জগন্নাথ বিশ্ববিদ্যালয়ে পড়ে,pro_public,pro_public,pro_public,pro_public,pro_public,pro_private
বিশ্ববিদ্যালয়ের পাবলিক শিক্ষার্থীরা দেশের সবচেয়ে বড় রোবটিক্স প্রতিযোগিতায় সেরা,pro_public,neutral,pro_public,pro_public,neutral,pro_public
সমাজবিজ্ঞান জাবির বিভাগের গবেষণা দেশের নীতিনির্ধারণে সাহায্য,pro_public,pro_public,pro_public,pro_public,pro_public,neutral
বিশ্ববিদ্যালয়ের প্রাইভেট শিক্ষকরা বাড়তি টাকা টিউশনি,pro_public,pro_public,pro_public,pro_public,pro_public,pro_public
বিশ্ববিদ্যালয়ের পাবলিক শিক্ষার্থীরা দেশের সবচেয়ে বড় পরীক্ষায় উত্তীর্ণ,pro_public,pro_public,pro_public,pro_public,pro_public,pro_public
সিএসই সর বিভাগের শিক্ষার্থীরা আইটি সেক্টরে সফল,pro_public,pro_public,pro_public,pro_public,pro_public,pro_public
কৃষি বাংলাদেশ বিশ্ববিদ্যালয়ের গবেষণা দেশের কৃষিতে বিপ্লব এনেছে,pro_public,pro_public,pro_public,pro_private,pro_public,pro_public
শিক্ষার্থীরা জাবির দেশের সবচেয়ে বড় পরিবেশ আন্দোলনে নেতৃত্ব দেয়,pro_public,pro_public,pro_public,pro_public,neutral,pro_public
শিক্ষার্থীরা চবির চট্টগ্রামের শিল্প বাণিজ্যে গুরুত্বপূর্ণ অবদান রাখে,pro_public,pro_public,pro_public,pro_public,pro_public,pro_public
বিশ্ববিদ্যালয়ে প্রাইভেট শিক্ষার্থীরা ক্যাম্পাস লাইফ উপভোগ পারে,pro_public,pro_public,pro_public,pro_public,pro_public,pro_public
বিশ্ববিদ্যালয়ের প্রাইভেট শিক্ষার্থীরা শুধু বেসরকারি কোম্পানিতে কাজ,pro_public,pro_public,pro_public,pro_public,pro_public,pro_public
শুধু ব্যবসা প্রাইভেট বিশ্ববিদ্যালয়ে ঠিকমতো ক্লাস,pro_public,pro_public,pro_public,pro_public,pro_public,pro_public
পাবলিকে পড়লে চাকরি পাবে কাজ বেরাবে বাংলাদেশে প্রতিটা বিশ্ববিদ্যালয়ে,pro_public,pro_public,pro_public,pro_public,pro_public,pro_public
তারপরও বলব প্রাইভেট বিশ্ববিদ্যালয়ে পড়িনি প্রাইভেট বিশ্ববিদ্যালয় পাবলিক বিশ্ববিদ্যালয়,pro_public,pro_public,pro_public,pro_public,pro_public,pro_public
বেসরকারি বিশ্ববিদ্যালয় পড়াশোনা খুব ছেলেমেয়েই ভালো পারে এর অন্যান্য বিশ্ববিদ্যালয়ের রাতদিন তফাৎ এসব বিশ্ববিদ্যালয় শিক্ষার্থীদের যোগ্যতা তৈরি শুধু কোর্স শেষ করানোর ধান্দায় থাকে ভালো নিজেদের ব্যক্তিগত চেষ্টায়,pro_public,pro_public,pro_public,pro_public,neutral,pro_public
মনকে শান্তনা দেওয়ার এসব দেখুন পাবলিকে চান্স পান,pro_public,pro_public,pro_public,pro_public,pro_public,pro_public
এখানে পড়ে ভবিষ্যৎ প্রাইভেট বিশ্ববিদ্যালয় মানেই টাকা নষ্ট,pro_public,neutral,pro_public,pro_public,pro_public,pro_public
ঢাকা বিশ্ববিদ্যালয় আপনার কথা ধরি রাজশাহী বিশ্ববিদ্যালয়ের তো গবেষণা অন্য বিশ্ববিদ্যালয়ের তুলনামূলক প্রতিযোগিতাও যেসব বিশ্ববিদ্যালয়ে গবেষণা সেসব বিশ্ববিদ্যালয়ের ছাত্রই মেধার দিক আপনার কথাগুলো পাগলের প্রলাপ মনে,pro_public,pro_public,pro_public,pro_public,pro_public,pro_public
পড়ায় তা থেকেই প্রশ্ন প্রাইভেট ভার্সিটিতে সিলেবাস থাকে ফলে সিজিপিএ ওঠে পাবলিকে বিশাল সিলেবাস সিজিপিএ ওঠে এদের ভাইভায় প্রশ্ন করলে পারে,pro_public,pro_public,pro_public,pro_public,pro_public,pro_public
প্রাইভেট বিশ্ববিদ্যালয়গুলো র্যাংকিংয়ে আসার আগেই যোগাযোগ এটা দেখে লাফানোর ব্র্যান্ডিংয়ের টাকাও দিতে পারে,pro_public,pro_public,pro_public,pro_public,pro_public,pro_public
বিশ্ববিদ্যালয় বন্ধ সরকারের উচিত কারিগরি শিক্ষা দেওয়া প্রাইভেট বিশ্ববিদ্যালয়গুলো টাকার বিনিময়ে শিক্ষা বা সার্টিফিকেট দেয়,pro_public,pro_public,pro_public,pro_public,neutral,pro_public
চাটুকারিতা বন্ধ করুন প্রাইভেট বিশ্ববিদ্যালয়ের ব্যয় বহন কে,pro_public,pro_private,neutral,pro_public,pro_public,pro_public
পড়া আমরা যেন কিছুটা নিম্নমানের এক প্রাক্তন শিক্ষার্থীর ধারণা সেরা আমেরিকা এর পার্থক্য অহমিকা মানুষকে মূর্খ,pro_public,pro_public,neutral,pro_public,pro_public,pro_public
বিশ্ববিদ্যালয় ঢাকা বাংলাদেশের সেরা বিশ্ববিদ্যালয়,pro_public,pro_public,pro_public,pro_public,pro_public,pro_public
মধ্যবিত্তরা বাংলাদেশে কয়জনের সামর্থ্য প্রাইভেট মেডিকেলে পড়ার আপনি মানুষকে ভালোই করছেন,pro_public,pro_public,pro_public,pro_public,pro_public,pro_public
পাবলিকের ছেলেমেয়েরা বিদেশে যায় জেনে কথা বলা বন্ধ করুন বন্ধুদের দেশে,pro_public,pro_public,pro_public,pro_public,pro_public,neutral
ভুল তথ্য দেন পাবলিক বিদেশে যায়,pro_public,pro_public,pro_public,pro_public,pro_public,pro_public
পাবলিকে পড়া শিক্ষার্থীও বিদেশে যায় আপনি ভিসাপাসপোর্টের ব্যবস্থা দিতে পারবেন প্রাইভেট টাকা খরচ গেলেও থাকে,pro_public,pro_public,pro_public,pro_public,pro_public,pro_public
পাবলিকে পড়লেও সমস্যা বিদেশে পড়ার সুযোগও তৈরি যায় মিডল ক্লাস আন্ডারমিডল ক্লাস পরিবারগুলো চাইলেই তো সন্তানদের প্রাইভেট বিশ্ববিদ্যালয়ে পড়াতে পারবে,pro_public,pro_public,pro_public,pro_public,pro_public,pro_public
মানলাম পাবলিকে চান্স পান প্রাইভেটেও সুযোগ বলে সেটাকে পাবলিক বিশ্ববিদ্যালয়ের তুলনা আসা উচিত,pro_public,pro_public,pro_public,pro_public,pro_public,pro_public
মান কিসের যেখানে টাকা শিক্ষা বিক্রি,pro_public,pro_public,pro_public,neutral,neutral,pro_public
টাকা ডিগ্রি কিনে লাভ ফ্রিতে থাকলে দেশের শতাংশ আজ অশিক্ষিত থাকত,pro_public,pro_public,pro_public,pro_public,pro_public,pro_public
বিশ্ববিদ্যালয়ে প্রাইভেট পড়াশোনার প্রচুর টাকা খরচ একইভাবে প্রাইভেট হাসপাতালে চিকিৎসা করাতে গিয়ে দেশের জনসংখ্যার বড় অংশ নিঃস্ব যাচ্ছে,pro_public,pro_public,pro_public,pro_public,pro_public,pro_public
চকচকে জিনিস সোনা প্রাইভেট বিশ্ববিদ্যালয় কীভাবে পাবলিক বিশ্ববিদ্যালয়ের চেয়ে ভালো পারে,pro_public,pro_public,pro_public,pro_public,pro_public,pro_public
ছাত্রকে পাবলিকে সিট দিন নিজের বাড়ানোর এর পিছনে লেগে ভালো বলুন,pro_public,pro_public,pro_public,pro_public,pro_public,pro_public
চাকরি জীবনে বছরেও পড়ার খরচ ওঠে এর চেয়ে টাকায় লাখ টাকা নষ্ট প্রাইভেটে পড়া,pro_public,pro_public,pro_public,pro_public,pro_private,pro_private
তে ভালো পড়লে পড়তে স্যার,pro_public,pro_public,pro_public,neutral,pro_public,pro_public
গেলেও মরে প্রাইভেটে পড়ব,pro_public,pro_public,pro_public,pro_public,pro_public,pro_public
বিশ্ববিদ্যালয় পাবলিক হলে সম্ভব,pro_public,pro_public,pro_public,pro_public,pro_public,pro_public
বিশ্ববিদ্যালয়ের পাবলিক একাডেমিক পরিবেশ প্রতিযোগিতা এখনো আলাদা গুরুত্ব রাখে,pro_public,pro_public,pro_public,pro_public,pro_public,pro_public
সুযোগ পাবলিকে পাওয়া এখনো শিক্ষার্থীর বড় অর্জন,pro_public,pro_public,pro_public,pro_private,pro_public,pro_public
বিশ্ববিদ্যালয়ের পাবলিক ভর্তি প্রতিযোগিতা থেকেই বোঝা যায় সেখানে মানসম্মত শিক্ষার্থীর চাপ,pro_public,pro_public,pro_public,pro_public,pro_public,pro_public
বিশ্ববিদ্যালয়ের পাবলিক ভর্তি প্রতিযোগিতা এখনো দেশের সবচেয়ে কঠিন একাডেমিক লড়াইগুলোর,pro_public,pro_public,pro_public,pro_public,pro_public,pro_public
বিশ্ববিদ্যালয়ের পাবলিক রিসোর্স একাডেমিক পরিবেশ শিক্ষার্থীর বড় সুযোগ তৈরি,pro_public,pro_public,pro_public,pro_public,neutral,pro_public
পড়ার পাবলিকে সামাজিক গ্রহণযোগ্যতা এখনো পরিবারে আলাদা গুরুত্ব পায়,pro_public,pro_public,pro_public,neutral,pro_public,pro_private
বিশ্ববিদ্যালয়ের পাবলিক বড় ক্যাম্পাস বৈচিত্র্যময় ছাত্রজীবন ব্যক্তিত্ব গঠনে প্রভাব ফেলে,pro_public,pro_public,pro_public,pro_public,pro_public,pro_public
খরচে উচ্চশিক্ষার সুযোগ দেওয়ার কারণে পাবলিক বিশ্ববিদ্যালয়ের মূল্য আলাদা,pro_public,pro_public,pro_private,pro_public,pro_public,pro_public
বিশ্ববিদ্যালয়ে পাবলিক টিকে থাকতে পারা সময় শিক্ষার্থীর মানসিক দৃঢ়তাকেও প্রকাশ,pro_public,pro_public,pro_public,pro_public,pro_public,neutral
শীর্ষ দেশের মেধাবী এখনো প্রথম পছন্দ হিসেবে পাবলিক বিশ্ববিদ্যালয়কেই বেছে নেয়,pro_public,pro_public,pro_public,pro_public,pro_public,pro_public
শিক্ষকসংখ্যা সরকারি সহায়তায় পাবলিক বিশ্ববিদ্যালয় সময় এগিয়ে থাকে গবেষণা অনুদান,pro_public,pro_public,neutral,pro_public,pro_public,pro_public
বিশ্ববিদ্যালয়ের পাবলিক অ্যালামনাই নেটওয়ার্ক শিক্ষার্থীদের ভবিষ্যৎ সুযোগ বাড়াতে সাহায্য,pro_public,pro_public,pro_public,pro_public,pro_public,pro_public
বিশ্ববিদ্যালয়ের পাবলিক ঐতিহ্য একাডেমিক মর্যাদা এখনো অনেকের কাছে বড় প্রেরণা,pro_public,pro_public,pro_public,pro_public,pro_public,pro_public
বিশ্ববিদ্যালয়ে পাবলিক সিট পাওয়া শিক্ষার্থীর বহু বছরের পরিশ্রমের ফল,pro_public,pro_public,pro_public,pro_public,pro_public,pro_public
সহায়তায় সরকারি পরিচালিত হওয়ায় পাবলিক বিশ্ববিদ্যালয় তুলনামূলক খরচে ডিগ্রি দেয়,pro_public,pro_public,pro_public,pro_public,pro_private,pro_public
যাচাইয়ের মেধা দিক পাবলিক বিশ্ববিদ্যালয়ের ভর্তি পরীক্ষা এখনো বেশ শক্ত মানদণ্ড হিসেবে ধরা হয়,pro_public,pro_public,pro_public,pro_public,pro_public,pro_public
সংস্কৃতি ইতিহাস অনেককে ভিন্ন বাস্তবতা শেখায় পাবলিক বিশ্ববিদ্যালয়ের শিক্ষার্থী রাজনীতি,pro_public,pro_public,pro_private,pro_public,pro_public,pro_public
বিশ্ববিদ্যালয় পাবলিক দেশের বিভিন্ন শ্রেণির শিক্ষার্থীর উচ্চশিক্ষাকে তুলনামূলক সহজলভ্য,pro_public,pro_public,pro_public,pro_public,pro_public,pro_public
ভিন্ন পটভূমির শিক্ষার্থীরা একসাথে শেখার সুযোগ পায় পাবলিক বিশ্ববিদ্যালয়ে ভিন্ন জেলার,pro_public,pro_public,pro_public,pro_public,pro_public,neutral
বিশ্ববিদ্যালয়ের পাবলিক সিটসংখ্যা সীমিত হওয়ায় সেখানে সুযোগ পাওয়া এখনো বড় অর্জন হিসেবে ধরা হয়,pro_public,neutral,pro_private,pro_public,pro_public,neutral
বিশ্ববিদ্যালয়ের পাবলিক ডিগ্রি খরচে পাওয়া পরিবারের বড় স্বস্তি,pro_public,pro_public,pro_public,pro_public,pro_public,pro_public
বিশ্ববিদ্যালয়ের পাবলিক বিস্তৃত একাডেমিক নেটওয়ার্ক ক্ষেত্রে ভবিষ্যৎ সুযোগ বাড়ায়,pro_public,pro_public,pro_public,pro_public,pro_public,neutral
বিশ্ববিদ্যালয় পাবলিক দেশের নানা প্রান্তের শিক্ষার্থীদের একত্রে শেখার সুযোগ দেয়,pro_public,pro_public,pro_public,pro_public,pro_public,pro_public
পাবলিকে কাছে শিক্ষার্থীর ভর্তি হওয়া পারিবারিক গর্বেরও বিষয়,pro_public,pro_public,pro_public,pro_public,neutral,pro_public
বিশ্ববিদ্যালয়ের পাবলিক দীর্ঘদিনের একাডেমিক ঐতিহ্য অনেককে অনুপ্রাণিত,pro_public,pro_public,pro_public,pro_public,pro_public,pro_public
বিশ্ববিদ্যালয়ের পাবলিক ভর্তি পরীক্ষায় টিকে যাওয়া মানসিক দৃঢ়তারও প্রমাণ পারে,pro_public,pro_public,pro_public,pro_public,pro_public,pro_public
বিশ্ববিদ্যালয়ের পাবলিক সাবসিডাইজড শিক্ষা মেধাবী শিক্ষার্থীকে উচ্চশিক্ষায় টিকিয়ে রাখে,pro_public,pro_public,pro_public,pro_public,pro_public,pro_public
বিশ্ববিদ্যালয়ের পাবলিক সময় চাকরি গবেষণায় সহায়ক ভূমিকা রাখে,pro_public,pro_public,pro_public,pro_public,pro_public,pro_public
বিশ্ববিদ্যালয়ের পাবলিক একাডেমিক প্রতিদ্বন্দ্বিতা অনেককে নিজেদের সীমা ছাড়িয়ে যেতে বাধ্য,pro_public,pro_public,pro_public,neutral,pro_public,pro_public
বিশ্ববিদ্যালয়ে পাবলিক ভর্তির সুযোগ পাওয়া এখনো দেশের মেধার বড় স্বীকৃতি হিসেবে দেখা হয়,pro_public,pro_public,pro_public,pro_public,pro_public,pro_public
নিম্ন মধ্যবিত্ত পরিবারের পাবলিক বিশ্ববিদ্যালয় উচ্চশিক্ষার সবচেয়ে বাস্তব পথগুলোর,pro_public,pro_public,pro_private,pro_public,pro_public,pro_public
বিশ্ববিদ্যালয়ের পাবলিক সাংস্কৃতিক বুদ্ধিবৃত্তিক পরিবেশ শিক্ষার্থীর চিন্তাভাবনা বদলে দেয়,pro_public,pro_public,pro_public,pro_public,pro_public,pro_public
বহু এখনো মেধাবী শিক্ষার্থীর প্রথম পছন্দ থাকে শক্তিশালী পাবলিক বিশ্ববিদ্যালয়,pro_public,pro_public,pro_public,pro_public,pro_public,pro_public
সময় সামাজিক গতিশীলতার দরজাও খুলে দেয় পাবলিক বিশ্ববিদ্যালয় শুধু ডিগ্রি নয়,pro_public,pro_public,pro_public,pro_public,pro_public,pro_public
বিশ্ববিদ্যালয়ের পাবলিক প্রতিযোগিতামূলক পরিবেশ শিক্ষার্থীদের সক্ষমতা যাচাইয়ের বড় মঞ্চ,pro_public,pro_public,pro_public,pro_public,pro_public,pro_public
বিশ্ববিদ্যালয়ে পাবলিক সুযোগ পাওয়া এখনো অধিকাংশ শিক্ষার্থীর কাছে বড় সম্মানের বিষয়,pro_public,neutral,pro_public,pro_public,pro_public,pro_public
খরচে মানসম্মত উচ্চশিক্ষা দেওয়ার কারণে পাবলিক বিশ্ববিদ্যালয়ের গুরুত্ব আলাদা,pro_public,pro_public,pro_public,pro_public,pro_public,pro_private
বিশ্ববিদ্যালয়ের পাবলিক প্রতিযোগিতামূলক পরিবেশ শিক্ষার্থীকে পরিশ্রমী তোলে,pro_public,pro_public,pro_public,pro_public,pro_public,pro_public
বিশ্ববিদ্যালয়ের পাবলিক শক্তিশালী একাডেমিক ইতিহাস অনেকের সিদ্ধান্তকে প্রভাবিত,pro_public,pro_public,pro_public,pro_public,pro_public,pro_public
বিশ্ববিদ্যালয়ের পাবলিক ভিন্নমুখী ছাত্রসমাজ বাস্তব জীবন নতুন ধারণা তৈরি,pro_public,pro_public,pro_public,pro_public,pro_public,pro_public
বিশ্ববিদ্যালয়ের পাবলিক ভর্তি পরীক্ষায় টিকে থাকা নিজেই একধরনের স্বীকৃতি,pro_public,pro_public,pro_public,pro_public,pro_public,pro_public
বিশ্ববিদ্যালয়ের পাবলিক শিক্ষক গবেষণার সুযোগ শিক্ষার্থীর ভবিষ্যৎ পরিকল্পনায় প্রভাব ফেলে,pro_public,pro_public,pro_public,pro_public,pro_public,pro_public
বহু দেশের শীর্ষ শিক্ষার্থী এখনো প্রথম পছন্দ হিসেবে পাবলিক বিশ্ববিদ্যালয়কে রাখে,pro_public,pro_public,pro_public,pro_private,pro_public,pro_public
বিশ্ববিদ্যালয়ের পাবলিক সীমিত সিটের কারণে সেখানে ভর্তি হওয়া কঠিন সম্মানজনক,pro_public,pro_public,pro_public,pro_private,pro_public,pro_private
সহায়তায় সরকারি পরিচালিত হওয়ায় পাবলিক বিশ্ববিদ্যালয় শিক্ষাকে তুলনামূলক অন্তর্ভুক্তিমূলক,pro_public,pro_public,pro_public,pro_public,pro_public,neutral
বিশ্ববিদ্যালয়ের পাবলিক শিক্ষার্থীকে নেতৃত্বগুণ শেখায়,pro_public,pro_public,neutral,pro_public,pro_public,pro_public
বিশ্ববিদ্যালয় পাবলিক দীর্ঘদিন ধরে দেশের জ্ঞানচর্চার বড় কেন্দ্র হিসেবে কাজ,pro_public,pro_public,pro_public,pro_public,pro_public,pro_public
বিশ্ববিদ্যালয়ের পাবলিক মেধাভিত্তিক ভর্তি ব্যবস্থা এখনো অনেকের কাছে সবচেয়ে গ্রহণযোগ্য মডেল,pro_public,pro_public,pro_public,pro_public,neutral,pro_public
বিশ্ববিদ্যালয়ে পাবলিক বিভিন্ন আর্থসামাজিক পটভূমির শিক্ষার্থীরা একসঙ্গে শিখতে পারে,pro_public,pro_public,pro_public,pro_public,pro_public,pro_public
বিশ্ববিদ্যালয়ের পাবলিক ডিগ্রি ক্ষেত্রে এখনো সামাজিক স্বীকৃতির শক্ত প্রতীক,pro_public,pro_public,pro_public,pro_public,pro_public,pro_public
বিশ্ববিদ্যালয়ের পাবলিক বড় পরিসরের একাডেমিক পরিবেশ শিক্ষার্থীদের নানা দিক গড়ে তোলে,pro_public,pro_public,neutral,pro_public,pro_public,pro_public
বিশ্ববিদ্যালয়ের পাবলিক ভর্তি পরীক্ষা এখনো সবচেয়ে প্রতিযোগিতামূলক একাডেমিক বাছাইগুলোর হিসেবে ধরা হয়,pro_public,neutral,pro_public,pro_public,pro_public,pro_public
বিশ্ববিদ্যালয়ে পাবলিক সুযোগ পাওয়া পরিবারে এখনো বিশেষ মর্যাদার বিষয়,pro_public,pro_public,pro_private,pro_public,pro_public,pro_public
বিশ্ববিদ্যালয়ের পাবলিক বিস্তৃত ছাত্রসমাজ অনেককে বাস্তব সমাজ গভীর ধারণা দেয়,pro_public,pro_public,pro_public,pro_public,pro_public,pro_public
বিশ্ববিদ্যালয়ের পাবলিক ঐতিহ্য ইতিহাস বহু শিক্ষার্থীর কাছে অনুপ্রেরণার উৎস,pro_public,pro_public,pro_public,pro_public,pro_public,neutral
বিশ্ববিদ্যালয়ের পাবলিক মেধাবী শিক্ষার্থীর উচ্চশিক্ষাকে সম্ভব তোলে,pro_public,pro_private,pro_public,pro_public,pro_public,pro_public
শিক্ষার্থীর দেশের কাছে পাবলিক বিশ্ববিদ্যালয়ে ভর্তি হওয়া জীবন বদলে দেওয়ার ঘটনা,pro_public,pro_public,neutral,pro_public,neutral,pro_public
বিশ্ববিদ্যালয়ের পাবলিক বহু শিক্ষক গবেষণা একাডেমিক নেতৃত্বে গুরুত্বপূর্ণ অবদান রাখেন,pro_public,pro_public,neutral,pro_public,pro_public,pro_public
বিশ্ববিদ্যালয় পাবলিক এখনো দেশের উচ্চশিক্ষার মানদণ্ড নির্ধারণে বড় ভূমিকা রাখে,pro_public,pro_private,pro_public,pro_public,pro_public,pro_public
বিশ্ববিদ্যালয়ের পাবলিক বৈচিত্র্যময় পরিবেশ সময় চিন্তাভাবনাকে পরিণত,pro_public,pro_public,neutral,pro_public,pro_public,pro_public
বিশ্ববিদ্যালয়ের পাবলিক ভর্তির সুযোগ সামাজিক অর্থনৈতিকভাবে শিক্ষার্থীর পারে,pro_public,pro_public,pro_public,pro_public,pro_public,pro_public
বিশ্ববিদ্যালয়ের পাবলিক শক্তিশালী প্রতিযোগিতামূলক পরিবেশ মেধাকে ধারালো তুলতে পারে,pro_public,pro_public,pro_public,pro_public,pro_public,pro_public
শিক্ষার্থী শীর্ষস্থানীয় আজও প্রথম পছন্দ হিসেবে পাবলিক বিশ্ববিদ্যালয়কে রাখে,pro_public,pro_public,pro_public,pro_public,neutral,pro_public
বিশ্ববিদ্যালয়ের পাবলিক দীর্ঘমেয়াদি একাডেমিক সংস্কৃতি অনেককে গবেষণায় আগ্রহী তোলে,pro_public,pro_public,pro_public,pro_public,pro_public,pro_public
বিশ্ববিদ্যালয়ের পাবলিক শিক্ষাব্যবস্থা খরচে বৃহৎ জনগোষ্ঠীকে উচ্চশিক্ষার সুযোগ দেয়,pro_public,pro_public,neutral,pro_public,pro_public,pro_public
বিশ্ববিদ্যালয়ের পাবলিক বৃহৎ ক্যাম্পাসজীবন অনেকের ব্যক্তিত্ব নেতৃত্বের গুণ গড়ে তোলে,pro_public,pro_public,pro_public,pro_public,pro_public,pro_public
বিশ্ববিদ্যালয়ে পাবলিক পড়ার সুযোগ এখনো বহু শিক্ষার্থীর কাছে আজীবনের অর্জন,pro_public,pro_public,pro_public,pro_public,pro_public,pro_public
বিশ্ববিদ্যালয়ের পাবলিক ভর্তি পরীক্ষায় টিকে থাকা এখনো অসাধারণ প্রতিযোগিতামূলক সাফল্য হিসেবে দেখা হয়,pro_public,pro_public,pro_public,pro_public,pro_public,pro_public
বিশ্ববিদ্যালয়ে পাবলিক পড়ার সুযোগ পরিবারে গর্ব স্বীকৃতির বিষয় হয়ে থাকে,pro_public,pro_public,pro_public,pro_public,pro_public,pro_public
খরচে উচ্চশিক্ষা নিশ্চিত করার ক্ষেত্রে পাবলিক বিশ্ববিদ্যালয়ের ভূমিকা অত্যন্ত গুরুত্বপূর্ণ,pro_public,pro_public,pro_public,pro_public,pro_public,pro_public
ঐতিহ্য অবদান বহু শিক্ষার্থীকে অনুপ্রাণিত পাবলিক বিশ্ববিদ্যালয়ের ইতিহাস,pro_public,pro_public,pro_public,pro_public,pro_public,pro_public
বিশ্ববিদ্যালয়ের পাবলিক বড় ক্যাম্পাস বৈচিত্র্যময় ছাত্রসমাজ বাস্তব অভিজ্ঞতা বাড়ায়,pro_public,pro_public,pro_public,pro_public,pro_private,pro_private
অসংখ্য দেশের শিক্ষার্থীর দীর্ঘদিনের স্বপ্ন থাকে ভালো পাবলিক বিশ্ববিদ্যালয়ে ভর্তি হওয়া,pro_public,pro_private,pro_public,pro_public,pro_public,pro_public
বিশ্ববিদ্যালয়ের পাবলিক সাশ্রয়ী খরচ বহু মেধাবী শিক্ষার্থীর উচ্চশিক্ষার দরজা খুলে দেয়,pro_public,pro_public,pro_public,pro_public,neutral,pro_public
বিশ্ববিদ্যালয়ের পাবলিক প্রতিযোগিতামূলক পরিবেশ শিক্ষার্থীদের মানসিক দৃঢ়তা বাড়াতে সাহায্য,pro_public,pro_public,pro_public,pro_public,pro_public,pro_public
বিশ্ববিদ্যালয় পাবলিক এখনো দেশের উচ্চশিক্ষার অন্যতম মানদণ্ড হিসেবে বিবেচিত হয়,pro_public,pro_public,pro_public,pro_public,pro_public,pro_public
বিশ্ববিদ্যালয়ের পাবলিক সময় ভবিষ্যৎ সুযোগ তৈরিতে সহায়ক হয়,pro_public,pro_public,pro_public,pro_private,pro_public,pro_public
বিশ্ববিদ্যালয়ে পাবলিক পড়ার সুযোগ পাওয়া বহু পরিবারের অর্থনৈতিক চাপও কমায়,pro_public,pro_public,pro_public,pro_public,pro_private,pro_public
বিশ্ববিদ্যালয়ের পাবলিক বহু বিভাগ এখনও গবেষণা উচ্চশিক্ষার শক্ত ভিত্তি তৈরি,pro_public,pro_public,pro_public,neutral,pro_public,pro_public
বিশ্ববিদ্যালয়ে পাবলিক বিভিন্ন আর্থসামাজিক পটভূমির শিক্ষার্থীরা একসাথে শেখার সুযোগ পায়,pro_public,pro_public,pro_public,pro_public,pro_public,pro_private
বিশ্ববিদ্যালয়ের পাবলিক সীমিত সিট তীব্র প্রতিযোগিতা মূল্যকে বাড়িয়ে তোলে,pro_public,pro_public,pro_public,pro_public,pro_public,pro_public
বহু দেশের কৃতী শিক্ষার্থীর কাছে প্রথম পছন্দ এখনো শীর্ষ পাবলিক বিশ্ববিদ্যালয়,pro_public,pro_public,pro_public,pro_public,pro_public,pro_public
বিশ্ববিদ্যালয়ের পাবলিক ক্যাম্পাসজীবন শিক্ষার্থীকে সামাজিক বাস্তবতা বুঝতে সাহায্য,pro_public,pro_public,pro_public,pro_public,pro_public,pro_public
বিশ্ববিদ্যালয়ে পাবলিক ভর্তি হওয়া এখনো বহু শিক্ষার্থীর কাছে বড় স্বপ্নপূরণের সমান,pro_public,pro_public,pro_public,pro_private,pro_public,pro_public
বিশ্ববিদ্যালয়ের পাবলিক সাশ্রয়ী খরচ শিক্ষাকে অনেকের নাগালের রাখে,pro_public,pro_public,pro_public,pro_public,pro_public,pro_public
বিশ্ববিদ্যালয়ের পাবলিক একাডেমিক পরিবেশ শিক্ষার্থীকে চিন্তা বিশ্লেষণে পরিণত,pro_public,pro_public,pro_public,pro_public,pro_public,pro_public
বিশ্ববিদ্যালয়ের পাবলিক ভর্তির সুযোগ সমাজের বহু শিক্ষার্থীর তৈরি,pro_public,pro_public,pro_public,pro_public,pro_public,pro_public
বহু দেশের শীর্ষ পরীক্ষার্থী এখনও পাবলিক বিশ্ববিদ্যালয়কেই প্রথম লক্ষ্য হিসেবে ধরে,pro_public,pro_public,pro_public,pro_public,pro_public,pro_public
বিশ্ববিদ্যালয়ের পাবলিক ডিগ্রির প্রতি এখনো পরিবার প্রতিষ্ঠানের আলাদা আস্থা রয়েছে,pro_public,pro_public,pro_public,pro_public,pro_public,pro_public
বিশ্ববিদ্যালয় পাবলিক খরচে মানসম্মত উচ্চশিক্ষার অন্যতম বড় মাধ্যম,pro_public,pro_public,neutral,pro_public,pro_public,pro_public
বিশ্ববিদ্যালয়ের পাবলিক বৈচিত্র্যময় ছাত্রসমাজ সামাজিক সাংস্কৃতিক বোঝাপড়া বাড়ায়,pro_public,pro_public,pro_public,pro_public,pro_private,pro_public
বিশ্ববিদ্যালয়ের পাবলিক তীব্র প্রতিযোগিতা শিক্ষার্থীকে মনোযোগী তোলে,pro_public,pro_public,pro_public,pro_public,pro_public,pro_public
বিশ্ববিদ্যালয়ের পাবলিক দীর্ঘ ঐতিহ্য অনেকের কাছে একাডেমিক মর্যাদার প্রতীক,pro_public,pro_public,pro_public,pro_public,pro_public,pro_public
বিশ্ববিদ্যালয়ে পাবলিক টিকে থাকা পড়া সময় শিক্ষার্থীর অধ্যবসায়েরও প্রমাণ দেয়,pro_public,pro_public,neutral,pro_public,pro_private,pro_public
বিতর্ক বুদ্ধিবৃত্তিক চর্চা শিক্ষার্থীকে বিস্তৃতভাবে গড়ে তোলে পাবলিক বিশ্ববিদ্যালয়ের গবেষণা,pro_public,pro_public,neutral,pro_public,pro_public,pro_public
বিশ্ববিদ্যালয়ে পাবলিক ভর্তি হওয়া বহু শিক্ষার্থীর কাছে সামাজিক স্বীকৃতির বড় ধাপ,pro_public,pro_public,pro_public,pro_public,pro_public,pro_public
বিশ্ববিদ্যালয়ের পাবলিক ভর্তি প্রক্রিয়া এখনো মেধাভিত্তিক বাছাইয়ের গুরুত্বপূর্ণ উদাহরণ হিসেবে বিবেচিত হয়,pro_public,pro_public,pro_public,pro_private,pro_public,pro_public
বিশ্ববিদ্যালয়ের পাবলিক বড় নেটওয়ার্ক সময় শিক্ষার্থীদের ভবিষ্যৎ একাডেমিক পেশাগত সুযোগে সহায়ক হয়,pro_public,pro_public,pro_public,pro_public,pro_public,pro_public
বিশ্ববিদ্যালয় পাবলিক এখনও বহু মেধাবী শিক্ষার্থীর কাছে সবচেয়ে কাঙ্ক্ষিত গন্তব্যগুলোর,pro_public,pro_public,pro_public,neutral,pro_public,pro_public
বিশ্ববিদ্যালয়ের পাবলিক ভর্তি প্রতিযোগিতা এখনও দেশের সবচেয়ে সম্মানজনক একাডেমিক চ্যালেঞ্জগুলোর,pro_public,pro_public,pro_public,pro_public,pro_public,pro_public
বিশ্ববিদ্যালয়ে পাবলিক সুযোগ পাওয়া শিক্ষার্থীর মেধা অধ্যবসায়ের বড় স্বীকৃতি,pro_public,pro_public,pro_public,pro_public,pro_public,pro_public
বিশ্ববিদ্যালয় পাবলিক তুলনামূলক খরচে উচ্চশিক্ষা পাওয়ার সুযোগ তৈরি,pro_public,pro_public,neutral,pro_public,pro_public,pro_public
বিশ্ববিদ্যালয়ের পাবলিক বিস্তৃত ক্যাম্পাসজীবন শিক্ষার্থীদের চিন্তাভাবনাকে পরিণত,pro_public,neutral,pro_public,pro_public,pro_public,pro_public
বিশ্ববিদ্যালয়ের পাবলিক সীমিত সিটে সুযোগ পাওয়া এখনো বহু শিক্ষার্থীর দীর্ঘ লড়াইয়ের ফল,pro_public,pro_public,pro_public,pro_public,pro_public,pro_public
বিশ্ববিদ্যালয়ের পাবলিক ঐতিহ্য একাডেমিক মর্যাদা এখনো অনেকের কাছে বিশেষ আকর্ষণ,pro_public,pro_public,pro_public,pro_public,neutral,pro_public
বিশ্ববিদ্যালয়ে পাবলিক ভিন্ন অঞ্চল শ্রেণির শিক্ষার্থীরা একসাথে শেখার সুযোগ পায়,pro_public,pro_public,pro_public,pro_public,pro_public,pro_public
বিশ্ববিদ্যালয়ের পাবলিক একাডেমিক পরিবেশ বহু শিক্ষার্থীকে গবেষণা উচ্চশিক্ষার দিকে আগ্রহী,pro_public,neutral,pro_public,pro_public,pro_public,pro_public
বিশ্ববিদ্যালয় পাবলিক বহু মেধাবী শিক্ষার্থীর অর্থনৈতিকভাবে সবচেয়ে বাস্তবসম্মত পথ,pro_public,pro_public,pro_public,pro_public,pro_public,pro_public
বিশ্ববিদ্যালয়ের পাবলিক কঠিন ভর্তি প্রক্রিয়া এখনো মেধার বড় পরীক্ষাগুলোর হিসেবে বিবেচিত হয়,pro_public,pro_public,pro_public,pro_public,neutral,pro_public
বিশ্ববিদ্যালয়ের পাবলিক ডিগ্রির ওপর এখনো সমাজের বহু মানুষের আলাদা আস্থা রয়েছে,pro_public,pro_public,pro_public,pro_public,pro_public,pro_public
বিশ্ববিদ্যালয় পাবলিক দেশের উচ্চশিক্ষার মানদণ্ড গঠনে দীর্ঘদিন ধরে গুরুত্বপূর্ণ ভূমিকা রাখছে,pro_public,pro_public,pro_public,pro_public,pro_public,pro_public
বিশ্ববিদ্যালয়ে পাবলিক পড়ার সুযোগ এখনো বহু পরিবারের কাছে স্বপ্নপূরণের সমান,pro_public,pro_public,pro_public,neutral,pro_public,pro_public
বিশ্ববিদ্যালয়ের পাবলিক সময় ভবিষ্যৎ একাডেমিক পেশাগত সুযোগে সহায়ক হয়,pro_public,pro_public,pro_public,pro_public,pro_private,pro_public
বিতর্ক সামাজিক বাস্তবতা শিখতে সাহায্য পাবলিক বিশ্ববিদ্যালয়ের ক্যাম্পাসজীবন অনেককে নেতৃত্ব,pro_public,pro_public,pro_public,pro_public,pro_public,pro_public
বহু শীর্ষস্থানীয় শিক্ষার্থীর প্রথম লক্ষ্য এখনো শক্তিশালী পাবলিক বিশ্ববিদ্যালয়,pro_public,pro_private,pro_public,pro_public,pro_public,pro_public
বিশ্ববিদ্যালয়ে পাবলিক ভর্তি হওয়া এখনো দেশের সবচেয়ে মর্যাদাপূর্ণ একাডেমিক সাফল্যগুলোর হিসেবে দেখা হয়,pro_public,pro_public,pro_public,pro_public,pro_public,pro_public
বিশ্ববিদ্যালয়ের পাবলিক খরচের শিক্ষা বহু পরিবারের আশীর্বাদস্বরূপ,pro_public,pro_public,pro_public,pro_public,pro_public,pro_public
বিশ্ববিদ্যালয়ের পাবলিক দীর্ঘদিনের একাডেমিক ঐতিহ্য এখনো বহু শিক্ষার্থীকে অনুপ্রাণিত,pro_public,neutral,pro_public,pro_public,pro_public,pro_public
বিশ্ববিদ্যালয় পাবলিক আর্থিক সীমাবদ্ধতা থাকা শিক্ষার্থীদেরও উচ্চশিক্ষার সুযোগ দেয়,pro_public,pro_public,neutral,pro_public,pro_public,pro_public
বিশ্ববিদ্যালয়ের পাবলিক বৈচিত্র্যময় ছাত্রসমাজ অনেককে সমাজ বাস্তবতা নতুনভাবে ভাবতে শেখায়,pro_public,pro_public,pro_public,pro_public,pro_public,pro_public
বিশ্ববিদ্যালয়ের পাবলিক সীমিত সিটে জায়গা পাওয়া এখনো অসাধারণ প্রতিযোগিতামূলক অর্জন,pro_public,pro_public,pro_public,pro_public,pro_public,pro_public
বিশ্ববিদ্যালয়ের পাবলিক মেধাভিত্তিক ভর্তি প্রক্রিয়া এখনো অনেকের কাছে সবচেয়ে গ্রহণযোগ্য,pro_public,neutral,pro_public,pro_public,pro_public,pro_public
বিশ্ববিদ্যালয়ের পাবলিক শিক্ষাব্যবস্থা সামাজিক অর্থনৈতিক গতিশীলতা তৈরি বড় ভূমিকা রাখে,pro_public,pro_public,pro_public,pro_public,pro_public,pro_public
বিশ্ববিদ্যালয়ে পাবলিক ভর্তি হওয়া পরিবারের কাছে সম্মান স্বপ্নপূরণের প্রতীক,pro_public,pro_public,pro_public,pro_public,pro_public,pro_public
বিশ্ববিদ্যালয়ের পাবলিক বিস্তৃত একাডেমিক পরিবেশ শিক্ষার্থীদের নানা দিক পরিণত,pro_public,pro_public,pro_public,pro_public,pro_public,pro_public
বিশ্ববিদ্যালয়ের পাবলিক শক্তিশালী ভবিষ্যৎ সুযোগ তৈরিতে সহায়ক পারে,pro_public,pro_public,pro_public,pro_public,pro_public,neutral
বিশ্ববিদ্যালয়ের পাবলিক ডিগ্রি এখনো নিয়োগদাতা পরিবারের কাছে বিশ্বাসযোগ্যতার প্রতীক,pro_public,neutral,pro_public,pro_public,pro_public,pro_public
বিশ্ববিদ্যালয় পাবলিক এখনো বহু কৃতী শিক্ষার্থীর প্রথম পছন্দ হয়ে,pro_public,pro_public,pro_public,pro_public,pro_public,pro_public
বিতর্ক সাংস্কৃতিক পরিবেশ শিক্ষার্থীদের দৃষ্টিভঙ্গি প্রসারিত পাবলিক বিশ্ববিদ্যালয়ের গবেষণা,pro_public,pro_public,pro_public,pro_public,pro_public,pro_public
বিশ্ববিদ্যালয়ের পাবলিক কঠিন ভর্তি লড়াই তাকে এখনও বিশেষ মর্যাদার জায়গায় রেখেছে,pro_public,pro_public,pro_public,pro_public,neutral,pro_public
বিশ্ববিদ্যালয়ের পাবলিক বড় পরিসরের পরিবেশ অনেককে নেতৃত্ব সামাজিক বোধ তৈরি সাহায্য,pro_public,pro_public,pro_public,pro_public,pro_public,pro_public
বিশ্ববিদ্যালয়ে পাবলিক ভর্তি হওয়া এখনও দেশের সবচেয়ে কাঙ্ক্ষিত একাডেমিক অর্জনগুলোর হিসেবে ধরা হয়,pro_public,pro_public,pro_public,pro_public,pro_public,pro_public
বিশ্ববিদ্যালয় পাবলিক খরচে উচ্চশিক্ষা পাওয়ার সবচেয়ে গুরুত্বপূর্ণ পথগুলোর,pro_public,pro_public,pro_public,pro_public,pro_public,neutral
সংস্কৃতি একাডেমিক মর্যাদা এখনো শিক্ষার্থীকে আকৃষ্ট পাবলিক বিশ্ববিদ্যালয়ের ইতিহাস,pro_public,pro_public,pro_public,pro_public,pro_public,pro_public
বিশ্ববিদ্যালয়ের পাবলিক প্রতিযোগিতামূলক পরিবেশ শিক্ষার্থীদের মেধা মানসিক দৃঢ়তা বাড়াতে পারে,pro_public,pro_public,pro_public,pro_public,pro_public,pro_public
বিশ্ববিদ্যালয়ে পাবলিক ভর্তি হওয়া বহু পরিবারের কাছে সামাজিক স্বীকৃতি গর্বের বিষয়,pro_public,pro_public,pro_public,pro_public,pro_public,pro_public
বিশ্ববিদ্যালয়ের পাবলিক বড় ক্যাম্পাস ভিন্নমুখী ছাত্রসমাজ ব্যক্তিত্ব গঠনে ইতিবাচক প্রভাব ফেলে,pro_public,pro_public,pro_public,pro_public,neutral,pro_public
বিশ্ববিদ্যালয়ের পাবলিক ডিগ্রি এখনো বহু মানুষের কাছে নির্ভরযোগ্যতার প্রতীক,pro_public,pro_private,pro_public,pro_public,pro_public,pro_public
বিশ্ববিদ্যালয় পাবলিক বহু মেধাবী আর্থিকভাবে সীমিত শিক্ষার্থীর বড় ভরসা,pro_public,pro_public,pro_public,pro_public,pro_private,pro_public
বিশ্ববিদ্যালয়ের পাবলিক ভবিষ্যৎ একাডেমিক পেশাগত সুযোগে সহায়ক পারে,pro_public,pro_public,neutral,neutral,pro_public,pro_public
বিশ্ববিদ্যালয়ের পাবলিক সিটসংখ্যা সীমিত হওয়ায় সেখানে সুযোগ পাওয়া এখনো বিশেষ অর্জন হিসেবে দেখা হয়,pro_public,pro_public,pro_public,pro_public,pro_public,pro_public
বিশ্ববিদ্যালয়ের পাবলিক সাংস্কৃতিক বুদ্ধিবৃত্তিক পরিবেশ শিক্ষার্থীদের দৃষ্টিভঙ্গি বিস্তৃত,pro_public,pro_public,pro_public,pro_public,pro_public,pro_public
বহু দেশের কৃতী শিক্ষার্থীর কাছে প্রথম লক্ষ্য এখনো ভালো পাবলিক বিশ্ববিদ্যালয়,pro_public,pro_public,pro_public,pro_public,pro_private,pro_private
বিশ্ববিদ্যালয়ের পাবলিক ভর্তি লড়াই এখনও সবচেয়ে কঠিন মর্যাদাপূর্ণ প্রতিযোগিতাগুলোর,pro_public,pro_public,pro_public,pro_public,pro_public,pro_public
বিশ্ববিদ্যালয় পাবলিক দেশের উচ্চশিক্ষার ভিত্তিকে দীর্ঘদিন ধরে শক্তিশালী,pro_public,pro_public,pro_public,pro_public,pro_public,pro_public
বিশ্ববিদ্যালয়ের পাবলিক পরিবেশ শিক্ষার্থীকে নেতৃত্ব সামাজিক দায়িত্ববোধ শেখায়,pro_public,pro_public,pro_public,pro_public,pro_public,pro_public
বিশ্ববিদ্যালয়ে পাবলিক পড়ার সুযোগ এখনও বহু শিক্ষার্থীর জীবনে বড় হয়ে দাঁড়ায়,pro_public,pro_public,pro_public,pro_public,pro_public,pro_public
বিশ্ববিদ্যালয়ের পাবলিক ভর্তি যাত্রা এখনো দেশের সবচেয়ে কঠিন মেধা যাচাইগুলোর হিসেবে বিবেচিত হয়,pro_public,pro_public,pro_public,pro_public,neutral,pro_public
বিশ্ববিদ্যালয় পাবলিক সীমিত খরচে উচ্চশিক্ষা নিশ্চিত পরিবারকে স্বস্তি দেয়,pro_public,pro_public,pro_public,pro_public,pro_private,pro_public
বিশ্ববিদ্যালয়ের পাবলিক দীর্ঘ ইতিহাস শিক্ষার্থীর কাছে আলাদা একাডেমিক মর্যাদা বহন,pro_public,neutral,pro_public,pro_public,pro_public,pro_public
বিশ্ববিদ্যালয়ের পাবলিক প্রতিযোগিতামূলক পরিবেশ শিক্ষার্থীকে কঠিন পরিশ্রমে অভ্যস্ত তোলে,pro_public,pro_public,pro_public,neutral,pro_public,pro_public
বিশ্ববিদ্যালয়ের পাবলিক আসনসংখ্যা সীমিত হলেও সামাজিক গুরুত্ব এখনো খুবই,pro_public,pro_public,pro_public,pro_public,pro_public,pro_public
বিশ্ববিদ্যালয়ে পাবলিক পড়ার সুযোগ শিক্ষার্থীর জীবনে সামাজিক স্বীকৃতির বড় ধাপ হয়ে দাঁড়ায়,pro_public,pro_public,pro_public,pro_public,pro_public,pro_public
বিশ্ববিদ্যালয়ের পাবলিক বিস্তৃত সামাজিক সাংস্কৃতিক পরিবেশ ব্যক্তিত্ব গঠনে সহায়ক হয়,pro_public,pro_public,pro_public,pro_public,pro_public,pro_public
শিক্ষার্থীর অসংখ্য পাবলিক বিশ্ববিদ্যালয়ে ভর্তি হওয়া মানে দীর্ঘদিনের স্বপ্ন পূরণ হওয়া,pro_public,pro_public,neutral,pro_public,pro_public,pro_public
বিশ্ববিদ্যালয়ের পাবলিক ডিগ্রির ওপর বহু মানুষের আস্থা এখনো দৃশ্যমানভাবে শক্তিশালী,pro_public,pro_public,pro_public,pro_public,pro_public,pro_public
বিশ্ববিদ্যালয়ের পাবলিক ভবিষ্যৎ একাডেমিক পেশাগত সংযোগ তৈরিতে গুরুত্বপূর্ণ ভূমিকা রাখতে পারে,pro_public,neutral,pro_public,pro_public,pro_public,pro_public
বিশ্ববিদ্যালয়ের পাবলিক ভর্তি পরীক্ষা এখনো অনেকের কাছে সবচেয়ে শক্তিশালী মেধা প্রতিযোগিতা,pro_public,pro_public,pro_public,pro_public,pro_public,neutral
বিশ্ববিদ্যালয়ের পাবলিক একাডেমিক বুদ্ধিবৃত্তিক চর্চা শিক্ষার্থীকে বিস্তৃতভাবে ভাবতে শেখায়,pro_public,pro_public,pro_private,pro_public,pro_private,pro_public
বিশ্ববিদ্যালয়ে পাবলিক সুযোগ পাওয়া অনেকের কাছে আজীবনের স্মরণীয় অর্জন হয়ে থাকে,pro_public,pro_public,pro_public,pro_public,pro_public,pro_public
বহু দেশের মেধাবী শিক্ষার্থীর কাছে প্রথম পছন্দ এখনো ভালো পাবলিক বিশ্ববিদ্যালয়,pro_public,pro_public,pro_private,pro_public,pro_public,pro_private
বিশ্ববিদ্যালয়ের পাবলিক বড় বৈচিত্র্যময় পরিবেশ শিক্ষার্থীদের সামাজিক বাস্তবতা বুঝতে সাহায্য,pro_public,pro_public,pro_public,pro_public,neutral,pro_public
বিশ্ববিদ্যালয় পাবলিক বহু শিক্ষার্থীর খরচে উচ্চমানের শিক্ষা পাওয়ার বড় দরজা,pro_public,neutral,neutral,pro_public,pro_public,pro_public
বিশ্ববিদ্যালয়ের পাবলিক ভর্তি পরীক্ষায় টিকে থাকা এখনো দেশের অন্যতম বড় একাডেমিক অর্জন হিসেবে ধরা হয়,pro_public,pro_public,pro_public,pro_public,pro_public,pro_public
বিশ্ববিদ্যালয় পাবলিক খরচে উচ্চশিক্ষা নিশ্চিত করার ক্ষেত্রে গুরুত্বপূর্ণ ভূমিকা পালন,pro_public,pro_public,pro_public,pro_public,neutral,pro_public
বিশ্ববিদ্যালয়ের পাবলিক দীর্ঘ একাডেমিক ঐতিহ্য এখনো বহু শিক্ষার্থীর কাছে বিশেষ আকর্ষণ তৈরি,pro_public,pro_public,pro_public,pro_public,pro_public,pro_public
বিশ্ববিদ্যালয়ের পাবলিক প্রতিযোগিতামূলক পরিবেশ অনেককে কঠোর পরিশ্রমে অভ্যস্ত তোলে,pro_public,neutral,neutral,pro_public,pro_private,pro_public
বিশ্ববিদ্যালয়ে পাবলিক ভর্তি হওয়া এখনও অসংখ্য শিক্ষার্থীর দীর্ঘদিনের স্বপ্ন,pro_public,pro_public,pro_public,pro_public,pro_public,pro_public
বিশ্ববিদ্যালয়ের পাবলিক ডিগ্রির ওপর এখনো বহু পরিবার প্রতিষ্ঠানের আলাদা আস্থা রয়েছে,pro_public,pro_public,pro_public,pro_public,pro_public,pro_public
বিশ্ববিদ্যালয়ের পাবলিক বড় বৈচিত্র্যময় ক্যাম্পাসজীবন শিক্ষার্থীদের সামাজিক বোধ গড়ে তোলে,pro_public,pro_public,pro_public,pro_public,neutral,pro_public
বিশ্ববিদ্যালয় পাবলিক বহু মেধাবী শিক্ষার্থীর অর্থনৈতিকভাবে সবচেয়ে কার্যকর উচ্চশিক্ষার পথ,pro_public,pro_public,pro_public,pro_public,pro_public,pro_public
বিশ্ববিদ্যালয়ের পাবলিক সময় ভবিষ্যৎ সুযোগ তৈরিতে মূল্যবান ভূমিকা রাখে,pro_public,pro_public,pro_public,pro_public,pro_private,pro_public
বিশ্ববিদ্যালয়ে পাবলিক সুযোগ পাওয়া বহু শিক্ষার্থীর জীবনে মর্যাদা আত্মবিশ্বাসের বড় উৎস,pro_public,pro_public,pro_public,pro_public,pro_public,pro_public
বিশ্ববিদ্যালয়ের পাবলিক সীমিত সিট প্রতিযোগিতাকে মর্যাদাপূর্ণ তুলেছে,pro_public,pro_public,pro_public,pro_public,pro_public,pro_public
বিশ্ববিদ্যালয় পাবলিক দেশের উচ্চশিক্ষা কাঠামোর ভিত্তিকে দীর্ঘদিন ধরে শক্তিশালী,pro_public,pro_public,pro_private,pro_public,pro_public,pro_public
বিশ্ববিদ্যালয়ের পাবলিক সাংস্কৃতিক বুদ্ধিবৃত্তিক পরিবেশ শিক্ষার্থীদের চিন্তাকে বিস্তৃত,pro_public,pro_public,pro_public,pro_public,pro_public,pro_public
বিশ্ববিদ্যালয়ে পাবলিক ভর্তি হওয়া বহু পরিবারের কাছে গর্বের উপলক্ষ,pro_public,pro_public,neutral,pro_public,pro_public,pro_public
বিশ্ববিদ্যালয়ের পাবলিক সুযোগ শিক্ষার্থীর জীবনে বড় পরিবর্তনের সূচনা,pro_public,pro_public,pro_public,pro_public,pro_private,neutral
বিশ্ববিদ্যালয়ে পাবলিক ভর্তি হওয়া এখনও বহু শিক্ষার্থীর কাছে বড় একাডেমিক স্বীকৃতি হিসেবে বিবেচিত হয়,pro_public,pro_public,pro_public,pro_public,pro_public,pro_private
বিশ্ববিদ্যালয় পাবলিক খরচে মানসম্মত উচ্চশিক্ষা পাওয়ার সুযোগ তৈরি,pro_public,pro_public,pro_public,pro_public,pro_public,pro_public
বিশ্ববিদ্যালয়ের পাবলিক দীর্ঘদিনের একাডেমিক ঐতিহ্য এখনো অনেককে অনুপ্রাণিত,pro_public,pro_public,pro_public,pro_public,pro_public,pro_public
বিশ্ববিদ্যালয়ের পাবলিক প্রতিযোগিতামূলক পরিবেশ শিক্ষার্থীকে কঠোর পরিশ্রমে অভ্যস্ত তোলে,pro_public,pro_public,pro_public,pro_public,neutral,pro_public
বিশ্ববিদ্যালয়ে পাবলিক পড়ার সুযোগ এখনও বহু পরিবারের কাছে স্বপ্নপূরণের অনুভূতি তৈরি,pro_public,pro_public,pro_public,pro_public,pro_public,pro_public
বিশ্ববিদ্যালয় পাবলিক আর্থিকভাবে সীমিত শিক্ষার্থীদের বড় ভরসার জায়গা,pro_public,pro_public,pro_public,pro_public,pro_public,pro_public
বিশ্ববিদ্যালয়ের পাবলিক বৈচিত্র্যময় ছাত্রসমাজ অনেককে সমাজ বিস্তৃতভাবে ভাবতে শেখায়,pro_public,pro_public,pro_public,pro_public,pro_public,pro_public
বিশ্ববিদ্যালয়ের পাবলিক ডিগ্রির প্রতি এখনও পরিবার নিয়োগদাতার আস্থা রয়েছে,pro_public,pro_public,pro_public,pro_public,pro_public,pro_public
বিশ্ববিদ্যালয়ের পাবলিক সময় ভবিষ্যৎ সুযোগ পাওয়ায় সহায়ক হয়,pro_public,pro_public,pro_public,pro_public,pro_public,pro_public
বিশ্ববিদ্যালয়ে পাবলিক সুযোগ পাওয়া এখনো বহু শিক্ষার্থীর কাছে মর্যাদার বিষয়,pro_public,pro_public,pro_public,pro_public,pro_public,pro_public
বিশ্ববিদ্যালয় পাবলিক দেশের উচ্চশিক্ষার ভিত্তিকে শক্তিশালী রাখতে গুরুত্বপূর্ণ ভূমিকা পালন,pro_public,pro_public,pro_public,pro_public,pro_public,pro_public
বহু দেশের কৃতী শিক্ষার্থীর প্রথম লক্ষ্য এখনও শক্তিশালী পাবলিক বিশ্ববিদ্যালয়,pro_public,pro_public,pro_public,pro_public,pro_public,pro_public
একাডেমিক সামাজিক পরিবেশ শিক্ষার্থীকে পরিণত তোলে পাবলিক বিশ্ববিদ্যালয়ের সাংস্কৃতিক,pro_public,pro_public,pro_public,pro_public,pro_public,pro_public
বিশ্ববিদ্যালয়ের পাবলিক সীমিত সিট কঠিন ভর্তি লড়াই মর্যাদাকে বাড়িয়ে দেয়,pro_public,pro_public,neutral,pro_public,neutral,pro_public
বিশ্ববিদ্যালয়ে পাবলিক ভর্তি শিক্ষার্থীর জীবনে বড় পরিবর্তনের সূচনা পারে,pro_public,pro_public,pro_public,pro_public,neutral,pro_public
বিশ্ববিদ্যালয় পাবলিক এখনও বহু পরিবারের কাছে গর্বের প্রতীক হিসেবে বিবেচিত হয়,pro_public,pro_public,pro_public,pro_public,pro_public,pro_public
বিশ্ববিদ্যালয়ে পাবলিক ভর্তি হওয়া এখনো অনেকের কাছে কঠিন প্রতিযোগিতা পেরোনোর বড় স্বীকৃতি,pro_public,pro_public,pro_public,pro_public,pro_public,pro_public
বিশ্ববিদ্যালয়ের পাবলিক স্বল্প খরচে শিক্ষা বহু পরিবারের উচ্চশিক্ষাকে সম্ভব তোলে,pro_public,pro_public,pro_public,pro_public,pro_public,pro_public
বিশ্ববিদ্যালয়ের পাবলিক ঐতিহ্য একাডেমিক পরিবেশ এখনও বহু শিক্ষার্থীর কাছে অনুপ্রেরণার উৎস,pro_public,pro_public,pro_public,pro_public,pro_public,pro_public
বিশ্ববিদ্যালয় পাবলিক বহু মেধাবী শিক্ষার্থীর খরচে শক্ত ভিত্তি তৈরি,pro_public,pro_public,pro_public,pro_public,pro_public,pro_public
বিশ্ববিদ্যালয়ে পাবলিক সুযোগ পাওয়া এখনও বহু পরিবারের কাছে মর্যাদার বিষয়,pro_public,neutral,pro_public,pro_public,pro_public,neutral
বিশ্ববিদ্যালয়ের পাবলিক বৈচিত্র্যময় ক্যাম্পাসজীবন শিক্ষার্থীদের সামাজিক বোঝাপড়া বাড়ায়,pro_public,pro_public,pro_public,pro_public,pro_public,pro_public
বিশ্ববিদ্যালয়ের পাবলিক ডিগ্রি এখনো অনেকের কাছে বিশ্বাসযোগ্যতার প্রতীক,pro_public,pro_public,pro_public,pro_public,pro_public,pro_public
বিশ্ববিদ্যালয়ের পাবলিক সময় ভবিষ্যৎ সুযোগ তৈরিতে সাহায্য,pro_public,pro_public,pro_public,pro_public,pro_public,neutral
বহু দেশের কৃতী শিক্ষার্থী এখনো প্রথম পছন্দ হিসেবে ভালো পাবলিক বিশ্ববিদ্যালয়কেই দেখে,pro_public,pro_public,pro_private,pro_public,neutral,pro_public
বিশ্ববিদ্যালয়ের পাবলিক বুদ্ধিবৃত্তিক সাংস্কৃতিক চর্চা শিক্ষার্থীকে নতুনভাবে ভাবতে শেখায়,pro_public,pro_public,pro_public,pro_public,pro_public,pro_public
বিশ্ববিদ্যালয়ের পাবলিক সীমিত সিট প্রতিযোগিতাকে মূল্যবান তোলে,pro_public,neutral,neutral,pro_public,pro_public,pro_public
বিশ্ববিদ্যালয় পাবলিক দেশের উচ্চশিক্ষা ব্যবস্থার শক্ত ভিত্তি হিসেবে কাজ,pro_public,pro_public,neutral,pro_public,neutral,neutral
বিশ্ববিদ্যালয়ে পাবলিক পড়ার সুযোগ শিক্ষার্থীর জীবনে বড় পরিবর্তনের সূচনা,pro_public,pro_public,pro_public,pro_public,pro_public,pro_public
বিশ্ববিদ্যালয় পাবলিক এখনও বহু পরিবারের কাছে গর্বের নাম,pro_public,pro_public,pro_public,pro_public,pro_public,neutral
বিশ্ববিদ্যালয় পাবলিক খরচে মানসম্মত উচ্চশিক্ষার বড় সুযোগ তৈরি,pro_public,pro_public,neutral,pro_public,pro_public,pro_public
বিশ্ববিদ্যালয়ে পাবলিক ভর্তি হওয়া এখনও কঠিন মেধা প্রতিযোগিতা পেরোনোর বড় স্বীকৃতি,pro_public,pro_public,pro_public,pro_public,pro_public,pro_public
বিশ্ববিদ্যালয়ের পাবলিক সাশ্রয়ী শিক্ষা বহু পরিবারের উচ্চশিক্ষার দরজা খুলে দেয়,pro_public,pro_public,neutral,pro_public,pro_public,pro_public
ক্যাম্পাসজীবন একাডেমিক সংস্কৃতি অনেককে অনুপ্রাণিত পাবলিক বিশ্ববিদ্যালয়ের ঐতিহ্য,pro_public,pro_public,pro_public,pro_public,pro_public,neutral
বিশ্ববিদ্যালয়ের পাবলিক প্রতিযোগিতামূলক পরিবেশ শিক্ষার্থীকে পরিশ্রমী স্থিতিশীল তোলে,pro_public,neutral,neutral,pro_public,pro_public,pro_public
বিশ্ববিদ্যালয় পাবলিক বহু মেধাবী শিক্ষার্থীর খরচে শক্তিশালী শিক্ষার ভিত্তি তৈরি,pro_public,pro_public,neutral,pro_public,pro_public,pro_public
বিশ্ববিদ্যালয়ের পাবলিক ডিগ্রির প্রতি এখনও সমাজের অংশের আলাদা আস্থা রয়েছে,pro_public,pro_public,pro_public,pro_public,pro_public,neutral
বিশ্ববিদ্যালয়ের পাবলিক বৈচিত্র্যময় ক্যাম্পাসজীবন সামাজিক বাস্তবতা বোঝার সুযোগ দেয়,pro_public,pro_public,pro_public,pro_public,pro_public,pro_public
বহু দেশের কৃতী শিক্ষার্থী এখনও প্রথম পছন্দ হিসেবে ভালো পাবলিক বিশ্ববিদ্যালয়কে দেখে,pro_public,pro_public,pro_public,pro_public,pro_public,pro_public
বিশ্ববিদ্যালয়ের পাবলিক ভবিষ্যতের একাডেমিক পেশাগত সুযোগে সহায়ক পারে,pro_public,pro_public,pro_public,pro_public,pro_public,pro_public
বিশ্ববিদ্যালয়ের পাবলিক সীমিত সিট মর্যাদা প্রতিযোগিতার মান দুটোই বাড়িয়ে দেয়,pro_public,pro_public,pro_public,pro_public,pro_public,pro_public
বিশ্ববিদ্যালয়ের পাবলিক সাংস্কৃতিক বুদ্ধিবৃত্তিক চর্চা শিক্ষার্থীকে বিস্তৃতভাবে ভাবতে শেখায়,pro_public,pro_public,pro_public,pro_public,pro_public,pro_public
বিশ্ববিদ্যালয় পাবলিক দেশের উচ্চশিক্ষা কাঠামোর গুরুত্বপূর্ণ ভিত্তি হিসেবে কাজ,pro_public,pro_public,pro_public,pro_public,pro_public,pro_public
বিশ্ববিদ্যালয়ে পাবলিক ভর্তি হওয়া এখনও বহু পরিবারের কাছে গর্ব সম্মানের বিষয়,pro_public,pro_public,pro_public,pro_public,pro_public,pro_public
বিশ্ববিদ্যালয়ের পাবলিক সুযোগ শিক্ষার্থীর জীবনে বড় পরিবর্তনের সূচনা পারে,pro_public,pro_private,pro_public,pro_public,pro_public,pro_public
বিশ্ববিদ্যালয় পাবলিক খরচে মানসম্মত উচ্চশিক্ষা পাওয়ার বড় সুযোগ,pro_public,pro_public,pro_public,pro_public,pro_public,pro_private
বিশ্ববিদ্যালয় পাবলিক এখনও বহু শিক্ষার্থীর কাছে মর্যাদাপূর্ণ গন্তব্য হিসেবে বিবেচিত হয়,pro_public,pro_public,pro_public,pro_public,pro_public,pro_public
বিশ্ববিদ্যালয়ে পাবলিক ভর্তি হওয়া এখনও বড় মেধা প্রতিযোগিতা জয়ের স্বীকৃতি হিসেবে দেখা হয়,pro_public,pro_public,neutral,pro_public,pro_public,pro_public
বিশ্ববিদ্যালয়ের পাবলিক খরচের শিক্ষা বহু শিক্ষার্থীর উচ্চশিক্ষাকে বাস্তবসম্মত তোলে,pro_public,pro_public,pro_public,pro_public,pro_public,pro_public
বিশ্ববিদ্যালয়ের পাবলিক ঐতিহ্য একাডেমিক পরিবেশ এখনো বহু শিক্ষার্থীর কাছে অনুপ্রেরণার উৎস,pro_public,pro_public,pro_public,neutral,pro_public,pro_public
বিশ্ববিদ্যালয়ের পাবলিক প্রতিযোগিতামূলক পরিবেশ অনেককে পরিশ্রমী স্থির তোলে,pro_public,pro_public,pro_public,pro_public,pro_public,pro_public
বিশ্ববিদ্যালয় পাবলিক বহু মেধাবী শিক্ষার্থীর খরচে মানসম্মত ভিত্তি গড়ে দেয়,pro_public,pro_public,pro_public,pro_public,pro_public,pro_public
বিশ্ববিদ্যালয়ের পাবলিক ডিগ্রির ওপর এখনো সমাজের বহু অংশের আলাদা আস্থা রয়েছে,pro_public,pro_public,pro_public,pro_public,pro_public,pro_public
বিশ্ববিদ্যালয়ের পাবলিক বৈচিত্র্যময় ছাত্রসমাজ বাস্তব জীবন বিস্তৃত ধারণা দেয়,pro_public,pro_public,pro_public,pro_public,pro_public,pro_public
বহু দেশের কৃতী শিক্ষার্থীর প্রথম পছন্দ এখনো শক্তিশালী পাবলিক বিশ্ববিদ্যালয়,pro_public,pro_public,pro_public,pro_public,pro_public,pro_public
বিশ্ববিদ্যালয়ের পাবলিক ভবিষ্যৎ সুযোগ তৈরিতে সময় সহায়ক হয়,pro_public,pro_public,pro_public,pro_public,pro_public,pro_public
বিশ্ববিদ্যালয়ের পাবলিক সীমিত সিট মর্যাদা প্রতিযোগিতা দুটোই বাড়িয়ে দেয়,pro_public,pro_public,neutral,pro_public,pro_public,pro_public
বিশ্ববিদ্যালয়ের পাবলিক সাংস্কৃতিক বুদ্ধিবৃত্তিক পরিবেশ শিক্ষার্থীদের ভাবনার দিগন্ত প্রসারিত,pro_public,pro_public,neutral,pro_public,pro_public,pro_public
বিশ্ববিদ্যালয়ে পাবলিক ভর্তি হওয়া এখনও বহু পরিবারের কাছে গর্বের বিষয়,pro_public,pro_public,pro_private,neutral,pro_public,pro_public
বিশ্ববিদ্যালয়ের পাবলিক সুযোগ শিক্ষার্থীর জীবনে বড় পরিবর্তনের শুরু পারে,pro_public,neutral,pro_public,pro_public,pro_public,pro_public
বিশ্ববিদ্যালয় পাবলিক এখনও বহু শিক্ষার্থীর কাছে মর্যাদাপূর্ণ গন্তব্য,pro_public,pro_public,pro_public,pro_public,pro_public,pro_public
বিশ্ববিদ্যালয়ের পাবলিক বিস্তৃত পরিসর বিভিন্ন পটভূমির শিক্ষার্থীদের একসাথে শেখার সুযোগ দেয়,pro_public,pro_public,pro_public,pro_public,pro_public,pro_public
বিশ্ববিদ্যালয়ে পাবলিক ভর্তি হওয়া এখনও কঠিন প্রতিযোগিতা পেরোনোর বড় স্বীকৃতি হিসেবে ধরা হয়,pro_public,pro_public,pro_public,pro_public,pro_public,pro_public
বিশ্ববিদ্যালয়ের পাবলিক খরচের শিক্ষা বহু শিক্ষার্থীর উচ্চশিক্ষাকে নাগালের আনে,pro_public,pro_public,pro_public,pro_public,pro_public,neutral
ঐতিহ্য একাডেমিক পরিবেশ এখনো অনেকে বিশেষভাবে মূল্যায়ন পাবলিক বিশ্ববিদ্যালয়ের ইতিহাস,pro_public,pro_public,pro_public,pro_public,pro_public,pro_public
বিশ্ববিদ্যালয়ের পাবলিক প্রতিযোগিতামূলক পরিবেশ অনেককে শৃঙ্খলিত পরিশ্রমী তোলে,pro_public,neutral,pro_private,pro_public,pro_public,pro_public
বিশ্ববিদ্যালয় পাবলিক বহু শিক্ষার্থীর সাশ্রয়ী শক্তিশালী একাডেমিক ভিত্তি দেয়,pro_public,pro_public,pro_public,pro_public,pro_public,pro_public
বিশ্ববিদ্যালয়ের পাবলিক ডিগ্রি এখনো বহু পরিবার প্রতিষ্ঠানের কাছে আস্থার প্রতীক,pro_public,pro_public,pro_public,pro_public,pro_public,neutral
বিশ্ববিদ্যালয়ের পাবলিক বহুমাত্রিক ক্যাম্পাসজীবন বাস্তব সমাজ গভীর ধারণা দেয়,pro_public,neutral,pro_public,pro_public,neutral,pro_public
বহু দেশের কৃতী শিক্ষার্থীর লক্ষ্য এখনও শীর্ষ পাবলিক বিশ্ববিদ্যালয়,pro_public,pro_public,neutral,pro_public,pro_public,pro_public
বিশ্ববিদ্যালয়ের পাবলিক ভবিষ্যৎ সুযোগ পেতে সহায়ক পারে,pro_public,pro_public,pro_public,pro_public,pro_public,pro_public
বিশ্ববিদ্যালয়ের পাবলিক সীমিত আসন প্রতিযোগিতাকে মর্যাদাপূর্ণ তোলে,pro_public,pro_public,pro_public,pro_public,neutral,pro_public
বিশ্ববিদ্যালয়ের পাবলিক বুদ্ধিবৃত্তিক সাংস্কৃতিক পরিবেশ শিক্ষার্থীকে বিস্তৃতভাবে গড়ে তোলে,pro_public,pro_public,pro_public,pro_public,pro_public,pro_public
বিশ্ববিদ্যালয় পাবলিক দেশের উচ্চশিক্ষা ব্যবস্থার নির্ভরযোগ্য ভিত্তি,pro_public,pro_public,pro_private,pro_public,pro_public,pro_public
বিশ্ববিদ্যালয়ে পাবলিক ভর্তি হওয়া এখনও বহু পরিবারের কাছে বড় গর্বের বিষয়,pro_public,pro_public,pro_public,pro_public,pro_public,pro_public
বিশ্ববিদ্যালয়ের পাবলিক সুযোগ শিক্ষার্থীর জীবনের মোড় ঘুরিয়ে দিতে পারে,pro_public,pro_public,pro_public,pro_public,pro_public,pro_public
বিশ্ববিদ্যালয় পাবলিক এখনও বহু শিক্ষার্থীর কাছে মর্যাদাপূর্ণ গন্তব্য হিসেবে থাকে,pro_public,pro_public,pro_public,pro_public,neutral,pro_public
বিশ্ববিদ্যালয়ের পাবলিক বড় পরিসর ভিন্ন পটভূমির শিক্ষার্থীদের একসাথে বেড়ে উঠতে সাহায্য,pro_public,pro_public,pro_public,pro_public,pro_public,pro_public
বিশ্ববিদ্যালয়ে পাবলিক ভর্তি হওয়া এখনও কঠিন মেধা প্রতিযোগিতায় সফল হওয়ার প্রতীক হিসেবে দেখা হয়,pro_public,pro_public,pro_public,pro_public,pro_public,neutral
বিশ্ববিদ্যালয়ের পাবলিক সাশ্রয়ী শিক্ষা বহু শিক্ষার্থীর উচ্চশিক্ষাকে বাস্তবসম্মত তোলে,pro_public,pro_public,pro_public,pro_public,pro_public,pro_public
বিশ্ববিদ্যালয়ের পাবলিক প্রতিযোগিতামূলক পরিবেশ অনেককে শৃঙ্খলিত অধ্যবসায়ী তোলে,pro_public,pro_public,pro_public,pro_public,pro_public,pro_public
বিশ্ববিদ্যালয় পাবলিক বহু মেধাবী শিক্ষার্থীর খরচে শক্তিশালী একাডেমিক ভিত্তি দেয়,pro_public,pro_public,pro_public,pro_public,pro_public,pro_public
বিশ্ববিদ্যালয়ের পাবলিক বৈচিত্র্যময় ছাত্রসমাজ বাস্তব সমাজ বিস্তৃত ধারণা দেয়,pro_public,pro_public,pro_public,pro_private,neutral,pro_public
বহু দেশের কৃতী শিক্ষার্থীর কাছে এখনো প্রথম লক্ষ্য শক্তিশালী পাবলিক বিশ্ববিদ্যালয়,pro_public,neutral,pro_public,pro_public,pro_public,pro_public
বিশ্ববিদ্যালয়ের পাবলিক সীমিত আসন প্রতিযোগিতা মর্যাদা দুটোই বাড়িয়ে দেয়,pro_public,pro_public,neutral,pro_public,pro_public,pro_public
বিশ্ববিদ্যালয়ের পাবলিক সাংস্কৃতিক বুদ্ধিবৃত্তিক পরিবেশ শিক্ষার্থীকে বিস্তৃতভাবে ভাবতে শেখায়,pro_public,pro_public,pro_public,pro_public,pro_public,pro_public
বিশ্ববিদ্যালয় পাবলিক দেশের উচ্চশিক্ষা ব্যবস্থার গুরুত্বপূর্ণ ভিত্তিগুলোর,pro_public,pro_public,pro_public,pro_public,pro_public,pro_public
