id,source_index,source_text,Bangla_Translation,Label,augmentation_type
pro_private_aug_1,3,"যদি আপনার পর্যাপ্ত টাকা থাকে এবং নিয়মিত পড়াশোনা চালিয়ে যেতে পারেন, তাহলে টপ লেভেলের প্রাইভেট বিশ্ববিদ্যালয়ে যাওয়ার পরামর্শ দিচ্ছি। যদি না থাকে, তাহলে ভর্তি পরীক্ষার সময় সর্বোচ্চ চেষ্টা করুন এবং পাবলিক বিশ্ববিদ্যালয়ের লক্ষ্য রাখুন। সামগ্রিকভাবে, সত্যি যে প্রাইভেট বিশ্ববিদ্যালয়গুলো ক্রমাগত উন্নতি করছে, যখন অনেক পাবলিক বিশ্ববিদ্যালয় নতুন কিছু introducing করছে না।","যদি আপনার পর্যাপ্ত টাকা থাকে এবং নিয়মিত পড়াশোনা চালিয়ে যেতে পারেন, তাআবাসিক হলে টপ লেভেলের প্রাইভেট বিশ্ববিদ্যালয়ে যাওয়ার পরামর্শ দিচ্ছি। যদি না থাকে, তাহলে ভর্তি পরীক্ষার সময় সর্বোচ্চ চেষ্টা করুন এবং পাবলিক বিশ্ববিদ্যালয়ের লক্ষ্য রাখুন। সামগ্রিকভাবে, সত্যি যে প্রাইভেট বিশ্ববিদ্যালয়গুলো ক্রমাগত উন্নতি করছে, যখন অনেক পাবলিক বিশ্ববিদ্যালয় নতুন কিছু introducing করছে না।",pro_private,SR
pro_private_aug_2,8,"আমার দেখা স্কুল, কলেজের টপ স্টুডেন্টরা পাবলিকে চান্স না পেয়ে প্রাইভেটে পড়ছে আর মিডিয়াম এমনকি লো ক্যাটাগরি স্টুডেন্টও একটা পাবলিকে চান্স পেয়ে গেছে। স্টুডেন্ট কেমন এটা একটা পরীক্ষা দিয়ে জাজ করা যায় না। আর আজকাল পাবলিক ভার্সিটিগুলো পড়াশোনার চেয়ে পলিটিক্সকে বেশি প্রায়রিটি দেয়। টিচার নিয়োগ দেয় পলিটিক্যাল ব্যাকগ্রাউন্ড দেখে।","আমার দেখা স্কুল, কলেজের টপ স্টুডেন্টরা সরকারি বিশ্ববিদ্যালয়ে চান্স না পেয়ে বেসরকারি বিশ্ববিদ্যালয়ে পড়ছে আর মিডিয়াম এমনকি লো ক্যাটাগরি স্টুডেন্টও একটা পাবলিকে চান্স পেয়ে গেছে। স্টুডেন্ট কেমন এটা একটা পরীক্ষা দিয়ে জাজ করা যায় না। আর আজকাল পাবলিক ভার্সিটিগুলো পড়াশোনার চেয়ে পলিটিক্সকে বেশি প্রায়রিটি দেয়। টিচার নিয়োগ দেয় পলিটিক্যাল ব্যাকগ্রাউন্ড দেখে।",pro_private,SR
pro_private_aug_3,11,"প্রাইভেটের যদি পাবলিকিয়ানরা পড়তো, তাহলে বুঝতো আমাদের লাইফটা কত ইজি হওয়া আছে","প্রাইভেটের যদি পাবলিকিয়ানরা পড়তো, তাআবাসিক হলে বুঝতো আমাদের লাইফটা কত ইজি হওয়া আছে",pro_private,SR
pro_private_aug_4,14,"ওয়ার্ল্ডের টপ কান্ট্রিগুলো এত ভালো ডেভেলপমেন্ট করার রিজন হচ্ছে তারা প্রাইভেট বা পাবলিক ইউনিভার্সিটি মতো লেইম টপিক নিয়ে মাতামাতি করে না..হ্যায় প্রাইভেটে তারাই পড়তে পারবে যাদের টাকা আছে..পাবলিক প্রায় ফ্রি..কিন্তু প্রাইভেটেও এত কম পেরা না ভাই...ডিউ'র পরীক্ষায় আবার 94% স্টুডেন্টস ফেইল করেছে...আপনাদের কাছে কি মনে হয় ওদের টিচাররা সব খাতা চেক করে?? অবশ্যই না..ধরেন সিট 100, পরীক্ষা দিলো 1000..আপনার কি মনে হয় ওরা ওই 1000 পেপার্স দেখবে? পাবলিকে পড়তে গেলে, মেধা+লাক দুইটাই থাকা লাগে...যাদের টাকা আছে তারা প্রাইভেটে পড়বে..এমন না যে দেশের ভালো ভালো সেক্টরে জাস্ট পাবলিকের স্টুডেন্টসরাই রাজত্ব করছে!! আপনারা যদি এখনো প্রাইভেট অ্যান্ড পাবলিক নিয়ে পড়ে থাকেন তাহলে আর কি হবে!! কিন্তু আপনাদের ওই সেইম পারসন যারা কেউ টাকা দিয়ে দেশের বাহিরে পড়তে গেলে বাহোবা দেন..তাহলে ডিফারেন্সটা কোথায়?? একজন স্টুডেন্টের পাবলিক থেকে গ্রাজুয়েট কমপ্লিট করে বের হতে প্রায় 5-6 বছর লেগে যায়..যেখানে আপনি 4 বছরেই প্রাইভেট থেকে গ্রাজুয়েশন করতে পারছেন!! আমি বলছি না যে পাবলিক খারাপ কিন্তু সব দিকই আপনাদের দেখতে হবে","ওয়ার্ল্ডের টপ কান্ট্রিগুলো এত ভালো ডেভেলপমেন্ট করার রিজন হচ্ছে তারা প্রাইভেট বা পাবলিক ইউনিভার্সিটি মতো লেইম টপিক নিয়ে মাতামাতি করে না..হ্যায় বেসরকারি বিশ্ববিদ্যালয়ে তারাই পড়তে পারবে যাদের টাকা আছে..পাবলিক প্রায় ফ্রি..কিন্তু প্রাইভেটেও এত কম পেরা না ভাই...ডিউ'র পরীক্ষায় আবার 94% স্টুডেন্টস ফেইল করেছে...আপনাদের কাছে কি মনে হয় ওদের টিচাররা সব খাতা চেক করে?? অবশ্যই না..ধরেন সিট 100, পরীক্ষা দিলো 1000..আপনার কি মনে হয় ওরা ওই 1000 পেপার্স দেখবে? সরকারি বিশ্ববিদ্যালয়ে পড়তে গেলে, যোগ্যতা+লাক দুইটাই থাকা লাগে...যাদের টাকা আছে তারা প্রাইভেটে পড়বে..এমন না যে দেশের ভালো ভালো সেক্টরে জাস্ট পাবলিকের স্টুডেন্টসরাই রাজত্ব করছে!! আপনারা যদি এখনো প্রাইভেট অ্যান্ড পাবলিক নিয়ে পড়ে থাকেন তাআবাসিক হলে আর কি হবে!! কিন্তু আপনাদের ওই সেইম পারসন যারা কেউ টাকা দিয়ে দেশের বাহিরে পড়তে গেলে বাহোবা দেন..তাহলে ডিফারেন্সটা কোথায়?? একজন স্টুডেন্টের পাবলিক থেকে গ্রাজুয়েট কমপ্লিট করে বের হতে প্রায় 5-6 বছর লেগে যায়..যেখানে আপনি 4 বছরেই প্রাইভেট থেকে গ্রাজুয়েশন করতে পারছেন!! আমি বলছি না যে পাবলিক খারাপ কিন্তু সব দিকই আপনাদের দেখতে হবে",pro_private,SR
pro_private_aug_5,16,শেষ পর্যন্ত প্রাইভেট পাবলিকের চেয়ে ভালো... 🙂🙂🙂,শেষ পর্যন্ত প্রাইভেট সরকারি বিশ্ববিদ্যালয়ের চেয়ে ভালো... 🙂🙂🙂,pro_private,SR
pro_private_aug_6,17,"এক ভাই লিখেছেন সরকারি বিশ্ববিদ্যালয় না টেকলে পরে প্রাইভেটে যায় ঠিক বলছ ভাই তুমি একটা বড় ধরনের গাধা। আমার এক ছাত্র রাজশাহী, সিলেট কৃষি, জগন্নাথ, মাওলানা ভাসানী, চুয়েট, কুয়েট পরে সব বাদ দিয়া শেষে ঢাবিতে ভর্তি হয় এক বছর ভাবিত পরে পরের বছর ২৪ সালে আইইউটিতে মেকানিক্যালে ভর্তি হয়। আপনি এখন বলেন এই ছাত্রটি খারাপ? বহু ছাত্র ছাত্রী ঢাবি, রাজশাহী, চিটাগাং বাদ দিয়া প্রাইভেটে ভর্তি হয়েছে। তারা তোমার মতো বোকা না।","এক দেখো লিখেছেন সরকারি বিশ্ববিদ্যালয় না টেকলে পরে বেসরকারি বিশ্ববিদ্যালয়ে যায় ঠিক বলছ ভাই তুমি একটা বড় ধরনের গাধা। আমার এক ছাত্র রাজশাহী, সিলেট কৃষি, জগন্নাথ, মাওলানা ভাসানী, চুয়েট, কুয়েট পরে সব বাদ দিয়া শেষে ঢাবিতে ভর্তি হয় এক বছর ভাবিত পরে পরের বছর ২৪ সালে আইইউটিতে মেকানিক্যালে ভর্তি হয়। আপনি এখন বলেন এই ছাত্রটি খারাপ? বহু ছাত্র ছাত্রী ঢাবি, রাজশাহী, চিটাগাং বাদ দিয়া প্রাইভেটে ভর্তি হয়েছে। তারা তোমার মতো বোকা না।",pro_private,SR
pro_private_aug_7,35,@TahmidTahmid-pz9nw আপনাকে এটা কে বলেছে প্রাইভেটে অ্যাডমিশন পরীক্ষা দেওয়া লাগে না? এ গ্রেড প্রাইভেট ইউনিভার্সিটিতে পড়তে গেলে আপনাকে অবশ্যই অ্যাডমিশন পরীক্ষা দেওয়া লাগবে,@TahmidTahmid-pz9nw আপনাকে এটা কে বলেছে বেসরকারি বিশ্ববিদ্যালয়ে অ্যাডমিশন পরীক্ষা দেওয়া লাগে না? এ গ্রেড প্রাইভেট বিশ্ববিদ্যালয়ভার্সিটিতে পড়তে গেলে আপনাকে অবশ্যই অ্যাডমিশন পরীক্ষা দেওয়া লাগবে,pro_private,SR
pro_private_aug_8,36,"আমার দেখা অনেক স্টুডেন্ট যারা প্রাইমারি, হাই স্কুল লেভেলে ক্লাস টপার ছিল...তারা কোনো কারণে পাবলিকে টিকে নি বা টিকলেও মনমতো সাবজেক্ট পায়নি এখন প্রাইভেটে পড়ছে। আবার সেইম ক্লাসের মিড লেভেলের স্টুডেন্ট ডিএমসি তে বা অন্যান্য পাবলিক ইউনিভার্সিটিতে চান্স পেয়েছে এবং পড়ছে। জাস্ট কলেজ লাইফের দুইটা বছরের পড়াশোনা বা অ্যাডমিশনে চান্স পাওয়া দিয়ে আপনি একজন স্টুডেন্টকে ভালো বা খারাপ স্টুডেন্ট ট্যাগ দিয়ে দিলেন.... সামান্য অ্যাডমিশন দিয়ে যদি একজন স্টুডেন্টের পূর্বের এডুকেশন কোয়ালিফিকেশন সব মিথ্যা হয়ে যায়,, তাহলে শুনে রাখুন ইউনিভার্সিটিরও 4 বছর পর জব সেক্টরে তার পজিশনের উপর ভার্সিটির 4 বছরের সবকিছু মিথ্যা হয়ে যাবে।","আমার দেখা অনেক স্টুডেন্ট যারা প্রাইমারি, হাই স্কুল লেভেলে ক্লাস টপার ছিল...তারা কোনো কারণে পাবলিকে টিকে নি বা টিকলেও মনমতো সাবজেক্ট পায়নি এখন প্রাইভেটে পড়ছে। আবার সেইম ক্লাসের মিড লেভেলের স্টুডেন্ট ডিএমসি তে বা অন্যান্য পাবলিক ইউনিভার্সিটিতে চান্স পেয়েছে এবং পড়ছে। জাস্ট কলেজ লাইফের দুইটা বছরের পড়াশোনা বা অ্যাডমিশনে চান্স পাওয়া দিয়ে আপনি একজন স্টুডেন্টকে উন্নত বা খারাপ স্টুডেন্ট ট্যাগ দিয়ে দিলেন.... সামান্য অ্যাডমিশন দিয়ে যদি একজন স্টুডেন্টের পূর্বের এডুকেশন কোয়ালিখরচকেশন সব মিথ্যা হয়ে যায়,, তাআবাসিক হলে শুনে রাখুন ইউনিভার্সিটিরও 4 বছর পর চাকরি সেক্টরে তার পজিশনের উপর ভার্সিটির 4 বছরের সবকিছু মিথ্যা হয়ে যাবে।",pro_private,SR
pro_private_aug_9,47,২ জন পাবলিকের ছাত্র প্রাইভেট নিয়ে কথা বলে😅। প্রাইভেটের একজনকে তার সুযোগ সুবিধা ও সমস্যা জিজ্ঞেস করেন। আপনি প্রাইভেটে শিক্ষক হতে পারেন তাই বলে ছাত্রদের তো বুঝতে পারবেন না। আর সবাই ব্র্যাকে পড়ে না। ব্র্যাকের সবই ধরা যায় বড়লোক। তবে বাকিগুলো কী তাই?,২ জন সরকারি বিশ্ববিদ্যালয়ের ছাত্র প্রাইভেট নিয়ে কথা বলে😅। প্রাইভেটের একজনকে তার সুযোগ সুবিধা ও সমস্যা জিজ্ঞেস করেন। আপনি প্রাইভেটে শিক্ষক হতে পারেন তাই বলে ছাত্রদের তো বুঝতে পারবেন না। আর সবাই ব্র্যাকে পড়ে না। ব্র্যাকের সবই ধরা যায় বড়লোক। তবে বাকিগুলো কী তাই?,pro_private,SR
pro_private_aug_10,50,"আমার মনে হয় প্রাইভেট ইউনিভার্সিটিগুলো স্টুডেন্টদের তাদের মেজরের বাইরে বিভিন্ন ডিপার্টমেন্ট থেকে কোর্স চুজ করার সুযোগ দেয়। এটা একটা ফ্যাক্টর যা ডে 1 থেকে স্টুডেন্টদের পার্সপেক্টিভ ব্রডেন করে তাদের পথ নেভিগেট করতে এবং অপরচুনিটি এক্সপ্লোর করতে। তবে, পাবলিক ইউনিভার্সিটির স্টুডেন্টরা রিগোরাস সিলেকশন প্রসেসের মাধ্যমে সিলেক্টেড হয়, যা ইনহেরেন্টলি এক ব্রাঞ্চ অফ স্টুডেন্টসকে পুল করে যারা যেকোনো সাপোর্ট সিস্টেমে তাদের স্কিল নারচার করতে পারে। প্রাইভেটে অ্যানথ্রোপোলজি, সোসিওলজির মতো আনকনভেনশনাল সাবজেক্টস পড়া কেউ র‍্যাশনালি ইনফর্মড চয়েস করে প্যাশন থেকে, এবং 3.5 বছরের আউটপুট লাইকলি মাচ হায়ার দ্যান পাবলিকে লটারি অফ লাক দিয়ে ইমপোজড কেউ।","আমার মনে হয় প্রাইভেট বিশ্ববিদ্যালয়ভার্সিটিগুলো স্টুডেন্টদের তাদের মেজরের বাইরে বিভিন্ন ডিপার্টমেন্ট থেকে পাঠ্যক্রম চুজ করার সুযোগ দেয়। এটা একটা ফ্যাক্টর যা ডে 1 থেকে স্টুডেন্টদের পার্সপেক্টিভ ব্রডেন করে তাদের পথ নেভিগেট করতে এবং অপরচুনিটি এক্সপ্লোর করতে। তবে, পাবলিক বিশ্ববিদ্যালয়ভার্সিটির স্টুডেন্টরা রিগোরাস সিলেকশন প্রসেসের মাধ্যমে সিলেক্টেড হয়, যা ইনহেরেন্টলি এক ব্রাঞ্চ অফ স্টুডেন্টসকে পুল করে যারা যেকোনো সাপোর্ট সিস্টেমে তাদের দক্ষতা নারচার করতে পারে। বেসরকারি বিশ্ববিদ্যালয়ে অ্যানথ্রোপোলজি, সোসিওলজির মতো আনকনভেনশনাল সাবজেক্টস পড়া কেউ র‍্যাশনালি ইনফর্মড চয়েস করে প্যাশন থেকে, এবং 3.5 বছরের আউটপুট লাইকলি মাচ হায়ার দ্যান সরকারি বিশ্ববিদ্যালয়ে লটারি অফ লাক দিয়ে ইমপোজড কেউ।",pro_private,SR
pro_private_aug_11,53,"হ্যায় আর ওই কম্পিটিশন পার করে কি হয়েছে, আবরার ফাহাদ ভাইয়াও চান্স পেয়ে বুয়েটে ঢুকেছিল ওনাকে যারা মারছে তারাও চান্স পেয়ে ঢুকেছিল...ওয়ান গট কিল্ড অ্যান্ড দ্য অদার্স বিকেম কিলার্স। ডিউতে তো বললাম ও না লীগের পোলাপান যারা সবাই চান্স পেয়েই তো ঢুকেছে, চান্স পাইলেই কি লাইফে সব অ্যাচিভ করে ফেলসে? এই বাংলাদেশে মানুষের পাবলিক ফেটিশটা যতদিন যাবে না পাবলিকেরই নাম নষ্ট হবে, পলিটিক্স খুনাখুনি মেয়েদেরকে হ্যারাস করা র‍্যাগিং এগুলা সব কিছু ইগনোর করা হয় জাস্ট এই বলে যে আরে চান্স পেয়ে দেখান, ওরা তো পাবলিকে পড়ে ভালো স্টুডেন্ট, ভালো স্টুডেন্ট আর ভালো মানুষের মধ্যে ডিফারেন্স আছে এটা যতদিন বুঝবে না ততদিন পাবলিকেরই কোয়ালিটি ড্রপ করবে কজ তারা এভরি অদার প্রবলেম ইগনোর করে জাস্ট ফোকাসিং কতো ট্যালেন্টেড মানুষ ঢুকসে অ্যাডমিশন টেস্টে।","হ্যায় আর ওই কম্পিটিশন পার করে কি হয়েছে, আবরার ফাহাদ ভাইয়াও চান্স পেয়ে বুয়েটে ঢুকেছিল ওনাকে যারা মারছে তারাও চান্স পেয়ে ঢুকেছিল...ওয়ান গট কিল্ড অ্যান্ড দ্য অদার্স বিকেম কিলার্স। ডিউতে আসলে বললাম ও না লীগের পোলাপান যারা সবাই চান্স পেয়েই তো ঢুকেছে, চান্স পাইলেই কি লাইফে সব অ্যাচিভ করে ফেলসে? এই বাংলাদেশে মানুষের পাবলিক ফেটিশটা যতদিন যাবে না সরকারি বিশ্ববিদ্যালয়েরই নাম নষ্ট হবে, পলিটিক্স খুনাখুনি মেয়েদেরকে হ্যারাস করা র‍্যাগিং এগুলা সব কিছু ইগনোর করা হয় জাস্ট এই বলে যে আরে চান্স পেয়ে দেখান, ওরা তো পাবলিকে পড়ে ভালো স্টুডেন্ট, ভালো স্টুডেন্ট আর ভালো মানুষের মধ্যে ডিফারেন্স আছে এটা যতদিন বুঝবে না ততদিন পাবলিকেরই কোয়ালিটি ড্রপ করবে কজ তারা এভরি অদার প্রবলেম ইগনোর করে জাস্ট ফোকাসিং কতো ট্যালেন্টেড মানুষ ঢুকসে অ্যাডমিশন টেস্টে।",pro_private,SR
pro_private_aug_12,57,"ইয়াহ বাট রিমাইন্ড দ্য ওয়ার্ড ""অনেকে"" সবাই না, অনেক প্রাইভেট ইউনিভার্সিটির সাবজেক্ট টপ পাবলিক ইউনিভার্সিটিগুলোর থেকে ভালো... তখন অনেকেই এগুলোয়ে ডাইরেক্ট ভর্তি হয়... অ্যাজ অ্যান এক্সাম্পল, আমি 23-24 সেশনে আইইউবিতে ইইই নিয়ে ভর্তি হইসি কোনো অ্যাডমিশন দেই নাই।","ইয়াহ বাট রিমাইন্ড দ্য ওয়ার্ড ""অনেকে"" সবাই না, অনেক প্রাইভেট বিশ্ববিদ্যালয়ভার্সিটির সাবজেক্ট টপ পাবলিক বিশ্ববিদ্যালয়ভার্সিটিগুলোর থেকে ভালো... তখন অনেকেই এগুলোয়ে ডাইরেক্ট ভর্তি হয়... অ্যাজ অ্যান এক্সাম্পল, আমি 23-24 সেশনে আইইউবিতে ইইই নিয়ে ভর্তি হইসি কোনো অ্যাডমিশন দেই নাই।",pro_private,SR
pro_private_aug_13,60,@ShawmikCanArt8 তা ঠিক অনেকেই সরাসরি প্রাইভেটে ভর্তি হয়! পাবলিকে অ্যাডমিশন দেয় না!,@ShawmikCanArt8 তা ঠিক অনেকেই সরাসরি প্রাইভেটে ভর্তি হয়! সরকারি বিশ্ববিদ্যালয়ে অ্যাডমিশন দেয় না!,pro_private,SR
pro_private_aug_14,62,দূর বোদাই আমি পাবলিকে বায়োলজি রিলেটেড সাবজেক্ট পাইয়া প্রাইভেটে অ্যাডমিশন নিছি,দূর বোদাই আমি সরকারি বিশ্ববিদ্যালয়ে বায়োলজি রিলেটেড সাবজেক্ট পাইয়া প্রাইভেটে অ্যাডমিশন নিছি,pro_private,SR
pro_private_aug_15,67,"কে বলল?? সাবজেক্ট ম্যাটার ব্রো,, টাকা ম্যাটার না,,, সাবজেক্ট প্রাইভেটে ইজিলি পাওয়া যায়,, কে যাবে পাবলিকে সাবজেক্ট কি না কি পাই,,","কে বলল?? সাবজেক্ট ম্যাটার ব্রো,, টাকা ম্যাটার না,,, সাবজেক্ট বেসরকারি বিশ্ববিদ্যালয়ে ইজিলি পাওয়া যায়,, কে যাবে সরকারি বিশ্ববিদ্যালয়ে সাবজেক্ট কি না কি পাই,,",pro_private,SR
pro_private_aug_16,69,কথাটা ভুল আবার কিছুটা ঠিক। প্রাইভেটে কয়েকটাই অ্যাডমিশন টেস্ট আছে যেটা অনেক হার্ড আইটার ডিউর থেকেও টাফ। ফর এক্সাম্পল ব্র্যাক। ব্র্যাক যেই মিডিয়ামে পড়ুক না কেনো এক্সাম অ্যান্ড ভাইভা ইংলিশে হয় এবং যেগুলাই এক্সাম হয় সেগুলা অনেক স্টুডেন্ট ট্রাই করে এবং অনেক হার্ড তো টিকা,কথাটা ভুল আবার কিছুটা ঠিক। বেসরকারি বিশ্ববিদ্যালয়ে কয়েকটাই অ্যাডমিশন টেস্ট আছে যেটা অনেক হার্ড আইটার ডিউর থেকেও টাফ। ফর এক্সাম্পল ব্র্যাক। ব্র্যাক যেই মিডিয়ামে পড়ুক না কেনো এক্সাম অ্যান্ড ভাইভা ইংলিশে হয় এবং যেগুলাই এক্সাম হয় সেগুলা অনেক স্টুডেন্ট ট্রাই করে এবং অনেক হার্ড তো টিকা,pro_private,SR
pro_private_aug_17,76,"😂লেইম মার্কা কথা বলেন না, আইসিপিসি - বুয়েট অ্যান্ড সাস্টকে হারিয়েছে। ওয়ার্ল্ড ফাইনালিস্ট। রোভার - এভরি ইউনিকে হারিয়েছে। ডুবুরি - নো কম্পিটিশন ইন বাংলাদেশ। উই আর ইমপ্রুভিং ইন এভরি সেক্টরস। আওয়ার অ্যালামনাই - ইফ বুয়েট হ্যাজ 6 পিপল ইন অ্যা কোম্পানি উই হ্যাভ 3,4 দেয়ার। আওয়ার নেটওয়ার্ক - 0। দ্যাটস দ্যা ওনলি ইস্যু। ল্যাব ফ্যাসিলিটিজ - বেটার ইন সাম অ্যাসপেক্টস। ক্লাসরুম ফ্যাসিলিটিজ অ্যান্ড আদার ক্যাম্পাস ফ্যাসিলিটিজ - টপ নোচ। রিসেন্টলি ব্র্যাক স্কুল অফ ইঞ্জিনিয়ারিং কোলাবরেশন উইথ বিএসআরএম অ্যান্ড চেইঞ্জ দ্যা নেম বিএসআরএম স্কুল অফ ইঞ্জিনিয়ারিং। সাউন্ডস ওয়ার্ড বাট ওকে। আওয়ার সিলেকশন প্রসেস ফর সিএসই ইজ ওয়ে হার্ডার দ্যান সাম পাবলিক ইউনি","😂লেইম মার্কা কথা বলেন না, আইসিপিসি - বুয়েট অ্যান্ড সাস্টকে হারিয়েছে। ওয়ার্ল্ড ফাইনালিস্ট। রোভার - এভরি ইউনিকে হারিয়েছে। ডুবুরি - নো কম্পিটিশন ইন বাংলাদেশ। উই আর ইমপ্রুভিং ইন এভরি সেক্টরস। আওয়ার অ্যালামনাই - ইফ বুয়েট হ্যাজ 6 পিপল ইন অ্যা কোম্পানি উই হ্যাভ 3,4 দেয়ার। আওয়ার নেটওয়ার্ক - 0। দ্যাটস দ্যা ওনলি ইস্যু। গবেষণাগার সুবিধাজ - বেটার ইন সাম অ্যাসপেক্টস। শ্রেণিকক্ষ ফ্যাসিলিটিজ অ্যান্ড আদার ক্যাম্পাস ফ্যাসিলিটিজ - টপ নোচ। রিসেন্টলি ব্র্যাক স্কুল অফ ইঞ্জিনিয়ারিং কোলাবরেশন উইথ বিএসআরএম অ্যান্ড চেইঞ্জ দ্যা নেম বিএসআরএম স্কুল অফ ইঞ্জিনিয়ারিং। সাউন্ডস ওয়ার্ড বাট ওকে। আওয়ার সিলেকশন প্রসেস ফর সিএসই ইজ ওয়ে হার্ডার দ্যান সাম পাবলিক ইউনি",pro_private,SR
pro_private_aug_18,80,"রিসার্চ, গবেষণা ও উচ্চশিক্ষায় প্রাইভেট এগিয়ে","গবেষণা, গবেষণা ও উচ্চশিক্ষায় প্রাইভেট এগিয়ে",pro_private,SR
pro_private_aug_19,93,আমি নিজের ঢাবি রেখে ব্র্যাকে ভর্তি হয়েছি। পাবলিকে পড়াশোনা হয় যা হয় তা রাজনীতি। আর বস্তির পোলাপান পাবলিকে পড়ে। পাবলিক বিশ্ববিদ্যালয়ের পরিবেশ জঘন্য। টয়লেটের অবস্থা ল্যাব জঘন্যতম,আমি নিজের ঢাবি রেখে ব্র্যাকে ভর্তি হয়েছি। সরকারি বিশ্ববিদ্যালয়ে পড়াশোনা হয় যা হয় তা রাজনীতি। আর বস্তির পোলাপান পাবলিকে পড়ে। পাবলিক বিশ্ববিদ্যালয়ের পরিবেশ জঘন্য। টয়লেটের অবস্থা গবেষণাগার জঘন্যতম,pro_private,SR
pro_private_aug_20,96,আসলে প্রাইভেটে টাইম ম্যানেজমেন্টটা ভালো.. এনভায়রনমেন্ট ভালো.. ইভেন কিছু ক্ষেত্রে পড়ার কোয়ালিটিটাও বেশ ভালো.. সো জাস্ট ফর মানি প্রাইভেটকে ছোটো করা ইজন্ট ওকে.. পড়ার মানের উপরেই আসলে যেকোনো ইনস্টিটিউট ভালো না মন্দো ডিপেন্ড করে.. আমি পাবলিকেরই স্টুডেন্ট কিন্তু আই প্রেফার প্রাইভেট ইউনিভার্সিটি ইফ ইউ হ্যাভ এনাফ মানি টু গেট ইনটু দ্যাট..,আসলে প্রাইভেটে টাইম ম্যানেজমেন্টটা ভালো.. এনভায়রনমেন্ট ভালো.. ইভেন কিছু ক্ষেত্রে পড়ার কোয়ালিটিটাও বেশ ভালো.. সো জাস্ট ফর মানি প্রাইভেটকে ছোটো করা ইজন্ট ওকে.. পড়ার মানের উপরেই আসলে যেকোনো ইনস্টিটিউট ভালো না মন্দো ডিপেন্ড করে.. আমি সরকারি বিশ্ববিদ্যালয়েরই স্টুডেন্ট কিন্তু আই প্রেফার প্রাইভেট বিশ্ববিদ্যালয়ভার্সিটি ইফ ইউ হ্যাভ এনাফ মানি টু গেট ইনটু দ্যাট..,pro_private,SR
pro_private_aug_21,98,"প্রাইভেট আসলেই ভালো.. একটা এডুকেশন ফ্রেন্ডলি এনভায়রনমেন্ট প্রোভাইড করে.. নো পলিটিক্স নো কেয়োস নো কনফ্লিক্ট ইভেন 0% র‍্যাগিং.. সেশন জটও নেই.. দুইদিন পর পর মারামারি করে ক্লাস বন্ধ হল বন্ধ এসবও নাই... ক্যাম্পাস লাইফ ইজ ওনলি ফর ইন্টারঅ্যাকশন, এডুকেশন অ্যান্ড বিল্ডিং স্কিলস.. ইভেন আমার তো মনে হয় এ গ্রেড প্রাইভেট ইউনিভার্সিটিগুলো ইন্টারন্যাশনাল মানের এনভায়রনমেন্ট প্রোভাইড করে","প্রাইভেট আসলেই ভালো.. একটা এডুকেশন ফ্রেন্ডলি এনভায়রনমেন্ট প্রোভাইড করে.. নো পলিটিক্স নো কেয়োস নো কনফ্লিক্ট ইভেন 0% র‍্যাগিং.. সেশন জটও নেই.. দুইদিন পর পর মারামারি করে ক্লাস বন্ধ হল বন্ধ এসবও নাই... শিক্ষাঙ্গন লাইফ ইজ ওনলি ফর ইন্টারঅ্যাকশন, এডুকেশন অ্যান্ড বিল্ডিং দক্ষতাস.. ইভেন আমার তো মনে হয় এ গ্রেড প্রাইভেট বিশ্ববিদ্যালয়ভার্সিটিগুলো ইন্টারন্যাশনাল মানের এনভায়রনমেন্ট প্রোভাইড করে",pro_private,SR
pro_private_aug_22,99,ভাই আপনার কথার সাথে এক মত হতে পারলাম না... আমি আগেই বলি নাই প্রাইভেটের সাপোর্ট করতাছি না বা পাবলিককে নিচু করতাছি না... সিম্পল কোশ্চন আনএমপ্লয়মেন্ট রেট কতো এটা জানেন? মেধার বিকাশ হলে এতো আনএমপ্লয়মেন্ট হতো না... প্রাইভেটের চেয়ে পাবলিকে বেশি..,ভাই আপনার কথার সাথে এক মত হতে পারলাম না... আমি আগেই বলি নাই বেসরকারি বিশ্ববিদ্যালয়ের সাপোর্ট করতাছি না বা পাবলিককে নিচু করতাছি না... সিম্পল কোশ্চন আনএমপ্লয়মেন্ট রেট কতো এটা জানেন? যোগ্যতার বিকাশ আবাসিক হলে এতো আনএমপ্লয়মেন্ট হতো না... প্রাইভেটের চেয়ে সরকারি বিশ্ববিদ্যালয়ে বেশি..,pro_private,SR
pro_private_aug_23,101,"@samitalhalut1521 বিকজ যারা প্রাইভেটে পড়ে তাদের ফ্যামিলি বেশিরভাগ বড়লোক, চাকরি না পাইলে বিজনেস (স্টার্ট-আপ) করে, পাবলিকের স্টুডেন্টরা করে না, সুযোগ নাই। আপনি নিজে এটা জেনেও ফালতু কথা বললেন 🥱🥱","@samitalhalut1521 বিকজ যারা বেসরকারি বিশ্ববিদ্যালয়ে পড়ে তাদের ফ্যামিলি বেশিরভাগ বড়লোক, কাজ না পাইলে বিজনেস (স্টার্ট-আপ) করে, সরকারি বিশ্ববিদ্যালয়ের স্টুডেন্টরা করে না, সুযোগ নাই। আপনি নিজে এটা জেনেও ফালতু কথা বললেন 🥱🥱",pro_private,SR
pro_private_aug_24,104,"এটা অবভিয়াসলি ট্রু, প্রাইভেটে পড়তেছে যারা মোর অর লেস পাবলিকে ফেইলিওর, কিন্তু প্রাইভেটে যারা টপার লেভেল সিজি নিয়ে বের হয়; 4 বছর পর ওই পাবলিক প্রাইভেটের ডিফারেন্সটা থাকে না, পাবলিকিয়ানরা একটা জায়গা অবভিয়াসলি বুস্টআপ পায় সেটা গভর্নমেন্ট এক্সামে, কারণ এই প্লেসগুলা এখনো পাবলিক ইউনি অবসেসড","এটা অবভিয়াসলি ট্রু, প্রাইভেটে পড়তেছে যারা মোর অর লেস সরকারি বিশ্ববিদ্যালয়ে ফেইলিওর, কিন্তু প্রাইভেটে যারা টপার লেভেল সিজি নিয়ে বের হয়; 4 বছর পর ওই পাবলিক প্রাইভেটের ডিফারেন্সটা থাকে না, পাবলিকিয়ানরা একটা জায়গা অবভিয়াসলি বুস্টআপ পায় সেটা গভর্নমেন্ট এক্সামে, কারণ এই প্লেসগুলা এখনো পাবলিক বিশ্ববিদ্যালয় অবসেসড",pro_private,SR
pro_private_aug_25,106,"হ্যায় আর ওই কম্পিটিশন পার করে কি হয়েছে, আবরার ফাহাদ ভাইয়াও চান্স পেয়ে বুয়েটে ঢুকেছিল ওনাকে যারা মারছে তারাও চান্স পেয়ে ঢুকেছিল... ওয়ান গট কিল্ড অ্যান্ড দ্য অদার্স বিকেম কিলার্স। ডিউতে তো বললাম ও না লীগের পোলাপান যারা সবাই চান্স পেয়েই তো ঢুকেছে, চান্স পাইলেই কি লাইফে সব অ্যাচিভ করে ফেলসে? এই বাংলাদেশে মানুষের পাবলিক ফেটিশটা যতদিন যাবে না পাবলিকেরই নাম নষ্ট হবে, পলিটিক্স খুনাখুনি মেয়েদেরকে হ্যারাস করা র‍্যাগিং এগুলা সব কিছু ইগনোর করা হয় জাস্ট এই বলে যে আরে চান্স পেয়ে দেখান, ওরা তো পাবলিকে পড়ে ভালো স্টুডেন্ট, ভালো স্টুডেন্ট আর ভালো মানুষের মধ্যে ডিফারেন্স আছে এটা যতদিন বুঝবে না ততদিন পাবলিকেরই কোয়ালিটি ড্রপ করবে কজ তারা এভরি অদার প্রবলেম ইগনোর করে জাস্ট ফোকাসিং কতো ট্যালেন্টেড মানুষ ঢুকসে অ্যাডমিশন টেস্টে।","হ্যায় আর ওই কম্পিটিশন পার করে কি হয়েছে, আবরার ফাহাদ ভাইয়াও চান্স পেয়ে বুয়েটে ঢুকেছিল ওনাকে যারা মারছে তারাও চান্স পেয়ে ঢুকেছিল... ওয়ান গট কিল্ড অ্যান্ড দ্য অদার্স বিকেম কিলার্স। ডিউতে তো বললাম ও না লীগের পোলাপান যারা সবাই চান্স পেয়েই তো ঢুকেছে, চান্স পাইলেই কি লাইফে সব অ্যাচিভ করে ফেলসে? এই বাংলাদেশে মানুষের পাবলিক ফেটিশটা যতদিন যাবে না সরকারি বিশ্ববিদ্যালয়েরই নাম নষ্ট হবে, পলিটিক্স খুনাখুনি মেয়েদেরকে হ্যারাস করা র‍্যাগিং এগুলা সব কিছু ইগনোর করা হয় জাস্ট এই বলে যে আরে চান্স পেয়ে দেখান, ওরা তো পাবলিকে পড়ে উন্নত স্টুডেন্ট, ভালো স্টুডেন্ট আর ভালো মানুষের মধ্যে ডিফারেন্স আছে এটা যতদিন বুঝবে না ততদিন পাবলিকেরই কোয়ালিটি ড্রপ করবে কজ তারা এভরি অদার প্রবলেম ইগনোর করে জাস্ট ফোকাসিং কতো ট্যালেন্টেড মানুষ ঢুকসে অ্যাডমিশন টেস্টে।",pro_private,SR
pro_private_aug_26,111,বস্তিরা পড়ে পাবলিকে 😂,বস্তিরা পড়ে সরকারি বিশ্ববিদ্যালয়ে 😂,pro_private,SR
pro_private_aug_27,123,😂পাবলিকের প্রাইভেট ইউনিভার্সিটির এনভায়রনমেন্ট দেখো... পাবলিক মানেই 🤮🤢,😂সরকারি বিশ্ববিদ্যালয়ের প্রাইভেট বিশ্ববিদ্যালয়ভার্সিটির এনভায়রনমেন্ট দেখো... পাবলিক মানেই 🤮🤢,pro_private,SR
pro_private_aug_28,124,"প্রাইভেট ইউনিভার্সিটির এডুকেশন সিস্টেম, টাস্কস, এনভায়রনমেন্ট এভরিথিং ইজ বেটার টু। আলসো দ্য গ্রাজুয়েশন টাইম ইজ আপটু","প্রাইভেট বিশ্ববিদ্যালয়ভার্সিটির এডুকেশন সিস্টেম, টাস্কস, এনভায়রনমেন্ট এভরিথিং ইজ বেটার টু। আলসো দ্য গ্রাজুয়েশন সময় ইজ আপটু",pro_private,SR
pro_private_aug_29,126,অ্যাজ অ্যা স্টুডেন্ট অফ প্রাইভেট ইউনিভার্সিটি দিস ইজ দ্যা মোস্ট রাইট এক্সপ্ল্যানেশন আই হ্যাভ ফাউন্ড অন ইন্টারনেট 🥰🥰🥰,অ্যাজ অ্যা স্টুডেন্ট অফ প্রাইভেট বিশ্ববিদ্যালয়ভার্সিটি দিস ইজ দ্যা মোস্ট রাইট এক্সপ্ল্যানেশন আই হ্যাভ ফাউন্ড অন ইন্টারনেট 🥰🥰🥰,pro_private,SR
pro_private_aug_30,134,এইদিক থেকে আমার মনে হয় প্রাইভেট ইউনিভার্সিটি স্টুডেন্টস দিন দিন এগিয়ে যাচ্ছে... তারা রিস্ক নিচ্ছে.. বাইরে যাচ্ছে... ব্র্যাক থেকে পড়ে নাসাতে গেছে.. মিস্ট থেকে পড়ে আমেরিকান এয়ার ইঞ্জিনিয়ার হচ্ছে.. পাবলিক থেকে যে হয় না তা বলছি না.. কিন্তু পাবলিক থেকে বের হয়ে স্টুডেন্টরা কেবল সরকারি চাকরি করতে চায়... বিদেশেও সরকারি চাকরি করতে চায়...,এইদিক থেকে আমার মনে হয় প্রাইভেট বিশ্ববিদ্যালয়ভার্সিটি স্টুডেন্টস দিন দিন এগিয়ে যাচ্ছে... তারা রিস্ক নিচ্ছে.. বাইরে যাচ্ছে... ব্র্যাক থেকে পড়ে নাসাতে গেছে.. মিস্ট থেকে পড়ে আমেরিকান এয়ার ইঞ্জিনিয়ার হচ্ছে.. পাবলিক থেকে যে হয় না তা বলছি না.. কিন্তু পাবলিক থেকে বের হয়ে স্টুডেন্টরা কেবল সরকারি কাজ করতে চায়... বিদেশেও সরকারি চাকরি করতে চায়...,pro_private,SR
pro_private_aug_31,147,পাবলিককে আর কতো প্রোমোট করবেন পাবলিককে যত বেশি প্রোমোট করবেন ততো আপনাদের ব্যবসা ভালো,পাবলিককে আর কতো প্রোমোট করবেন পাবলিককে যত বেশি প্রোমোট করবেন ততো আপনাদের ব্যবসা উন্নত,pro_private,SR
pro_private_aug_32,157,ব্রো বিসিএস হবে যখন প্রাইভেটের আলারা বিদেশ যাবে এবং 7 লাখ পার মান্থ পাবে আর তুমি 40k পার মান্থ পাবে লল,ব্রো বিসিএস হবে যখন বেসরকারি বিশ্ববিদ্যালয়ের আলারা বিদেশ যাবে এবং 7 লাখ পার মান্থ পাবে আর তুমি 40k পার মান্থ পাবে লল,pro_private,SR
pro_private_aug_33,165,ইয়াহ্... কিন্তু জাস্ট 40k ইনকামের জন্য মেধাবিরা জীবন জৌবন শেষ করে ক্যাডার হয় তারপর দেশে দুর্নীতি করে টাকা মেরে দেয়..,ইয়াহ্... কিন্তু জাস্ট 40k ইনকামের জন্য যোগ্যতাবিরা জীবন জৌবন শেষ করে ক্যাডার হয় তারপর দেশে দুর্নীতি করে টাকা মেরে দেয়..,pro_private,SR
pro_private_aug_34,167,"তোর মতো মেধাবিরাই দেশে দুর্নীতি করে টাকা আলাদা না কারণ তারা জীবনে টাকা দেখেছে। কিন্তু তোরা টাকা দেখোস নাই তাই বিসিএস হয়ে দুর্নীতি করোস। এটা পুরা বাংলাদেশ জানে সো জাস্ট শাট আপ অ্যান্ড ডোন্ট ডিসরেসপেক্ট পিপল। ফার্স্ট চেইঞ্জ ইওর মেন্টালিটি অ্যান্ড পার্সোনালিটি। স্টপ বিয়িং অ্যা ক্রিমিনাল ফার্স্ট, দেন ট্রাই বিয়িং অ্যা হিউম্যান। যদিও তোমার মনে হতে পারে যে ""না আমি ঘুষ খাবো না"" কিন্তু রিয়েলিটি হিটস ডিফারেন্ট অ্যান্ড আই'ভ সিন পিপল লাইক ইউ ডিস্ট্রয়িং দ্যা কান্ট্রি","তোর মতো মেধাবিরাই দেশে দুর্নীতি করে টাকা ভিন্ন না কারণ তারা জীবনে টাকা দেখেছে। কিন্তু তোরা টাকা দেখোস নাই তাই বিসিএস হয়ে দুর্নীতি করোস। এটা পুরা বাংলাদেশ জানে সো জাস্ট শাট আপ অ্যান্ড ডোন্ট ডিসরেসপেক্ট পিপল। ফার্স্ট চেইঞ্জ ইওর মেন্টালিটি অ্যান্ড পার্সোনালিটি। স্টপ বিয়িং অ্যা ক্রিমিনাল ফার্স্ট, দেন ট্রাই বিয়িং অ্যা হিউম্যান। যদিও তোমার মনে হতে পারে যে ""না আমি ঘুষ খাবো না"" কিন্তু রিয়েলিটি হিটস ডিফারেন্ট অ্যান্ড আই'ভ সিন পিপল লাইক ইউ ডিস্ট্রয়িং দ্যা কান্ট্রি",pro_private,SR
pro_private_aug_35,169,"বিসিএস করে দুর্নীতি করার ইচ্ছা আছে??
প্রাইভেট জব এখন আগের থেকে অনেক ভালো একানেও সম্মান আসে
NawarNabil",বিসিএস করে দুর্নীতি করার ইচ্ছা আছে?? প্রাইভেট চাকরি এখন আগের থেকে অনেক ভালো একানেও সম্মান আসে NawarNabil,pro_private,SR
pro_private_aug_36,203,"পাবলিক কিছু দিক দিয়ে এগিয়ে। প্রাইভেটও কিছু দিক দিয়ে এগিয়ে। পাবলিকে প্রতিযোগিতার মাধ্যমে সেরা মেধাবীরা চান্স পায়। তার মানে এই না যে বাকি স্টুডেন্টরা মেধাবী না। পড়ালেখা প্রায় সবাই করে। চেষ্টা হবাই করে। কিন্তু চান্স সবাই পায় না। কারণ টোটাল স্টুডেন্টের তুলনায় পাবলিকে সিট আছে সর্বোচ্চ ৫%। তার মানে কি বাকি ৯৫% স্টুডেন্ট খারাপ? না। পাবলিক ভার্সিটির মধ্যে ডিউ'র আইবিএ এবং বুয়েট ছাড়া আর কোনো পাবলিক কোয়ালিটি এডুকেশন দিতে পারতেছে আমাকে দেখান। পাবলিকে সেশন জটে ভরা, পলিটিক্সে ভরা, নিয়মিত ক্লাস হয় না, র‍্যাগিং। ৪ বছরের কোর্স শেষ করতে ৬ বছর লাগে। অবকাঠামোগত সমস্যা। কয়েক মাস আগেও দেখলাম নিউজে ঢাবি ও ডিএমসি'র হলে ফাটল। দেওয়াল খসে স্টুডেন্টদের আহত করে। পাবলিক ভার্সিটিগুলাকে সরকার ২ ধাপে বাজেট দেয়। টিচারদের বেতনের জন্য একটা বাজেট থাকে। অবকাঠামোগত উন্নয়নের জন্য আরেকটা বাজেট থাকে। তারপরেও যদি এই বেহাল অবস্থা হয় 😂। অন্যদিকে প্রাইভেটগুলার মূল ফান্ডিং আসে স্টুডেন্টদের টাকা থেকে। সেখানে কোনো সেশন জট নাই, পলিটিক্স নাই, র‍্যাগিং নাই, অবকাঠামো উন্নত মানের, ল্যাব, রিসার্চ সবই উন্নত মানের। আবার তারা স্কলারশিপও অফার করে। এতো এতো সুযোগ। তো টাকা তো দিতেই হবে। তারপরেও ভালো ছাত্রদের জন্য ১০০% পর্যন্ত স্কলারশিপের অফার করে থাকে তারা। আর বর্তমানে তো প্রাইভেটগুলো র‍্যাংকিংয়েও অনেক এগিয়ে অনেক পাবলিকের চেয়ে। আরেকটা কথা পাবলিকে সিট আছে ৫%। তাহলে বাকি ৯৫% স্টুডেন্টদের জন্য অবশ্যই বিকল্প হিসেবে প্রাইভেট আছে। আল্লাহ যাকে সামর্থ্য দিছে সে প্রাইভেটে পড়বে। সিম্পল.. কথাবার্তা ভেবেচিন্তে বলবেন। আল্লাহ মুখ দিসে বলে বোকাসোদার মতো কথা বলবেন না","পাবলিক কিছু দিক দিয়ে এগিয়ে। প্রাইভেটও কিছু দিক দিয়ে এগিয়ে। পাবলিকে প্রতিযোগিতার মাধ্যমে সেরা যোগ্যতাবীরা চান্স পায়। তার অর্থাৎ এই না যে বাকি স্টুডেন্টরা মেধাবী না। পড়ালেখা প্রায় সবাই করে। চেষ্টা হবাই করে। কিন্তু চান্স সবাই পায় না। কারণ টোটাল স্টুডেন্টের তুলনায় পাবলিকে সিট আছে সর্বোচ্চ ৫%। তার মানে কি বাকি ৯৫% স্টুডেন্ট খারাপ? না। পাবলিক ভার্সিটির মধ্যে ডিউ'র আইবিএ এবং বুয়েট ছাড়া আর কোনো পাবলিক কোয়ালিটি এডুকেশন দিতে পারতেছে আমাকে দেখান। পাবলিকে সেশন জটে ভরা, পলিটিক্সে ভরা, নিয়মিত ক্লাস হয় না, র‍্যাগিং। ৪ বছরের কোর্স শেষ করতে ৬ বছর লাগে। অবকাঠামোগত সমস্যা। কয়েক মাস আগেও দেখলাম নিউজে ঢাবি ও ডিএমসি'র হলে ফাটল। দেওয়াল খসে স্টুডেন্টদের আহত করে। পাবলিক ভার্সিটিগুলাকে সরকার ২ ধাপে বাজেট দেয়। টিচারদের বেতনের জন্য একটা বাজেট থাকে। অবকাঠামোগত উন্নয়নের জন্য আরেকটা বাজেট থাকে। তারপরেও যদি এই বেহাল অবস্থা হয় 😂। অন্যদিকে প্রাইভেটগুলার মূল ফান্ডিং আসে স্টুডেন্টদের টাকা থেকে। সেখানে কোনো সেশন জট নাই, পলিটিক্স নাই, র‍্যাগিং নাই, অবকাঠামো উন্নত মানের, গবেষণাগার, গবেষণা সবই উন্নত মানের। আবার তারা স্কলারশিপও অফার করে। এতো এতো সুযোগ। আসলে টাকা তো দিতেই হবে। তারপরেও ভালো ছাত্রদের জন্য ১০০% পর্যন্ত স্কলারশিপের অফার করে থাকে তারা। আর বর্তমানে তো প্রাইভেটগুলো র‍্যাংকিংয়েও অনেক এগিয়ে অনেক পাবলিকের চেয়ে। আরেকটা কথা পাবলিকে সিট আছে ৫%। তাহলে বাকি ৯৫% স্টুডেন্টদের জন্য অবশ্যই বিকল্প হিসেবে প্রাইভেট আছে। আল্লাহ যাকে সামর্থ্য দিছে সে বেসরকারি বিশ্ববিদ্যালয়ে পড়বে। সিম্পল.. কথাবার্তা ভেবেচিন্তে বলবেন। আল্লাহ মুখ দিসে বলে বোকাসোদার মতো কথা বলবেন না",pro_private,SR
pro_private_aug_37,204,ঠিক কিন্তু আমি পাবলিক অপছন্দ করি। পাবলিকে সবাই গরিব ছাত্রছাত্রী পড়ে।,ঠিক কিন্তু আমি পাবলিক অপছন্দ করি। সরকারি বিশ্ববিদ্যালয়ে সবাই অস্বচ্ছল ছাত্রছাত্রী পড়ে।,pro_private,SR
pro_private_aug_38,388,"ঢাকায় ফ্যাসিলিটিজ বেশি, এনএসইউ, ব্র্যাক, ইস্ট ওয়েস্ট, আইআইউবি টপ মোস্ট ইউনিভার্সিটি‼️","ঢাকায় সুবিধাজ বেশি, এনএসইউ, ব্র্যাক, ইস্ট ওয়েস্ট, আইআইউবি টপ মোস্ট ইউনিভার্সিটি‼️",pro_private,SR
pro_private_aug_39,473,"আমি সবসময় প্রাইভেটের কথা বলি। আমি কোনো পাবলিক বিশ্ববিদ্যালয়কে জীবনেও প্রমোট করি না।
টাকা থাকলে প্রাইভেটে যাও।",আমি সবসময় বেসরকারি বিশ্ববিদ্যালয়ের কথা বলি। আমি কোনো পাবলিক বিশ্ববিদ্যালয়কে জীবনেও প্রমোট করি না। টাকা থাকলে প্রাইভেটে যাও।,pro_private,SR
pro_private_aug_40,503,"আমি ব্যাচ ২৫ এবং রিসেন্টলি ড্যাফোডিলে অ্যাডমিশন নিয়েছি সোফটওয়্যার ইঞ্জিনিয়ারিং ডিপার্টমেন্টে। অনেস্টলি, পাবলিকে পরীক্ষা দিলে জীবনেও চান্স হইতো না (আই নো মাই পড়ালেখার অবস্থা)। কেউ যদি ট্রুলি বুঝতে পারে যে পাবলিকে পরীক্ষা দিলে হবেই না অথবা পছন্দের সাবজেক্ট আসবে না তাহলে ভাই গো ফর প্রাইভেট অ্যান্ড ডোন্ট ওয়েস্ট ইওর টাইম সিটিং ফর ডিফারেন্ট এডমিশন টেস্টস (ইফ ইউ হ্যাভ দ্যা অ্যাফোর্ডেবিলিটি)। ট্রাস্ট মি, ইউ উন্ট রিগ্রেট ইট। জাস্ট ফলো ইওর অ্যাকচুয়াল ইনস্টিংক্ট।","আমি ব্যাচ ২৫ এবং রিসেন্টলি ড্যাফোডিলে অ্যাডমিশন নিয়েছি সোফটওয়্যার ইঞ্জিনিয়ারিং ডিপার্টমেন্টে। অনেস্টলি, সরকারি বিশ্ববিদ্যালয়ে পরীক্ষা দিলে জীবনেও চান্স হইতো না (আই নো মাই পড়ালেখার অবস্থা)। কেউ যদি ট্রুলি বুঝতে পারে যে পাবলিকে পরীক্ষা দিলে হবেই না অথবা পছন্দের সাবজেক্ট আসবে না তাহলে ভাই গো ফর প্রাইভেট অ্যান্ড ডোন্ট ওয়েস্ট ইওর সময় সিটিং ফর ডিফারেন্ট এডমিশন টেস্টস (ইফ ইউ হ্যাভ দ্যা অ্যাফোর্ডেবিলিটি)। ট্রাস্ট মি, ইউ উন্ট রিগ্রেট ইট। জাস্ট ফলো ইওর অ্যাকচুয়াল ইনস্টিংক্ট।",pro_private,SR
pro_private_aug_41,688,প্রাইভেট বিশ্ববিদ্যালয়ের শিক্ষার্থীরা চাকরির বাজারে দ্রুত যোগদান করে,প্রাইভেট বিশ্ববিদ্যালয়ের শিক্ষার্থীরা কাজর বাজারে তাড়াতাড়ি যোগদান করে,pro_private,SR
pro_private_aug_42,738,পাবলিক বিশ্ববিদ্যালয়ের শিক্ষার্থীরা কমিউনিকেশন ও প্রেজেন্টেশনে দুর্বল,পাবলিক বিশ্ববিদ্যালয়ের শিক্ষার্থীরা যোগাযোগ ও উপস্থাপনাে দুর্বল,pro_private,SR
pro_private_aug_43,782,ইউল্যাবের ব্যবসায় শিক্ষা অনেক বাস্তবসম্মত,ইউগবেষণাগারের ব্যবসায় শিক্ষা অনেক বাস্তবসম্মত,pro_private,SR
pro_private_aug_44,794,প্রাইভেট বিশ্ববিদ্যালয়ের শিক্ষার্থীরা কমিউনিকেশন স্কিলে অনেক এগিয়ে,প্রাইভেট বিশ্ববিদ্যালয়ের শিক্ষার্থীরা যোগাযোগ দক্ষতাে অনেক এগিয়ে,pro_private,SR
pro_private_aug_45,798,এআইইউবির সিএসই বিভাগের ল্যাব অনেক আধুনিক,এআইইউবির সিএসই বিভাগের গবেষণাগার অনেক আধুনিক,pro_private,SR
pro_private_aug_46,808,পাবলিক বিশ্ববিদ্যালয়ের শিক্ষকরা পুরনো সিলেবাস পড়ান,পাবলিক বিশ্ববিদ্যালয়ের শিক্ষকরা পুরনো পাঠ্যসূচি পড়ান,pro_private,SR
pro_private_aug_47,851,"প্রাইভেট বিশ্ববিদ্যালয়ের শিক্ষার মান এখন অনেক উন্নত, পাবলিকের চেয়ে কম নয়","প্রাইভেট বিশ্ববিদ্যালয়ের শিক্ষার মান এখন অনেক উন্নত, সরকারি বিশ্ববিদ্যালয়ের চেয়ে কম নয়",pro_private,SR
pro_private_aug_48,858,প্রাইভেট বিশ্ববিদ্যালয়ের শিক্ষার্থীরা ইন্ডাস্ট্রি ভিজিট ও ফিল্ড ট্রিপে যায়,প্রাইভেট বিশ্ববিদ্যালয়ের শিক্ষার্থীরা ইন্ডাস্ট্রি ভিজিট ও খরচল্ড ট্রিপে যায়,pro_private,SR
pro_private_aug_49,890,পাবলিক বিশ্ববিদ্যালয়ের শিক্ষার্থীরা চাকরির জন্য নিজেই খোঁজে,পাবলিক বিশ্ববিদ্যালয়ের শিক্ষার্থীরা কাজর জন্য নিজেই খোঁজে,pro_private,SR
pro_private_aug_50,917,প্রাইভেট বিশ্ববিদ্যালয়ের ক্যাম্পাস ও ক্লাসরুম অনেক আধুনিক,প্রাইভেট বিশ্ববিদ্যালয়ের ক্যাম্পাস ও শ্রেণিকক্ষ অনেক আধুনিক,pro_private,SR
pro_private_aug_51,921,পাবলিক বিশ্ববিদ্যালয়ের শিক্ষার্থীরা ইন্ডাস্ট্রির সাথে যোগাযোগ রাখে না,পাবলিক বিশ্ববিদ্যালয়ের শিক্ষার্থীরা শিল্পক্ষেত্রর সাথে যোগাযোগ রাখে না,pro_private,SR
pro_private_aug_52,922,"প্রাইভেট ইউনিভার্সিটির শিক্ষার্থীরা ইংরেজিতে অনেক দক্ষ, পাবলিকের ছাত্ররা নয়","প্রাইভেট বিশ্ববিদ্যালয়ভার্সিটির শিক্ষার্থীরা ইংরেজিতে অনেক দক্ষ, সরকারি বিশ্ববিদ্যালয়ের ছাত্ররা নয়",pro_private,SR
pro_private_aug_53,953,পাবলিক বিশ্ববিদ্যালয়ের ল্যাব যন্ত্রপাতি পুরনো ও অকেজো,পাবলিক বিশ্ববিদ্যালয়ের গবেষণাগার যন্ত্রপাতি পুরনো ও অকেজো,pro_private,SR
pro_private_aug_54,954,প্রাইভেট বিশ্ববিদ্যালয়ের শিক্ষার্থীরা ইন্ডাস্ট্রি লিংকেজ ও ইন্টার্নশিপ পায়,প্রাইভেট বিশ্ববিদ্যালয়ের শিক্ষার্থীরা শিল্পক্ষেত্র লিংকেজ ও ইন্টার্নশিপ পায়,pro_private,SR
pro_private_aug_55,955,পাবলিক বিশ্ববিদ্যালয়ের শিক্ষার্থীরা শুধু ক্লাসরুমে বসে থাকে,পাবলিক বিশ্ববিদ্যালয়ের শিক্ষার্থীরা শুধু শ্রেণিকক্ষে বসে থাকে,pro_private,SR
pro_private_aug_56,966,"পাবলিক বিশ্ববিদ্যালয়ে ভর্তি হতে রাজনৈতিক সংশ্লিষ্টতা লাগে, মেধা নয়","পাবলিক বিশ্ববিদ্যালয়ে ভর্তি হতে রাজনৈতিক সংশ্লিষ্টতা লাগে, যোগ্যতা নয়",pro_private,SR
pro_private_aug_57,977,জানি না কী করতেছি। জিএসটি বাদ দিয়ে দিলাম নিজের বাসার কাছে থাকার জন্য; কাছে একটা প্রাইভেটে ভর্তি হতে চাইতেছি। আপনার কথা শুনে এখন একটু সাহস পেলাম; সবাই বলছিল আমি পাগলামি করছি।,জানি না কী করতেছি। জিএসটি বাদ দিয়ে দিলাম নিজের বাসার কাছে থাকার জন্য; কাছে একটা বেসরকারি বিশ্ববিদ্যালয়ে ভর্তি হতে চাইতেছি। আপনার কথা শুনে এখন একটু সাহস পেলাম; সবাই বলছিল আমি পাগলামি করছি।,pro_private,SR
pro_private_aug_58,1004,"আমি প্রাইভেট বিশ্ববিদ্যালয়ে ভর্তি হওয়ার আগে একটা খারাপ কথা শুনেছিলাম—এক ভাই বলেছিল, আমি প্রাইভেট বিশ্ববিদ্যালয়ে পড়েছি দেখে আমার সার্টিফিকেট গ্রহণযোগ্যতা পাচ্ছে না। এটা শুনে মন খারাপ হয়েছিল। আপনার কথাগুলো আমার মনের সব ভুল ধারণা মুছে দিয়েছে।","আমি প্রাইভেট বিশ্ববিদ্যালয়ে ভর্তি হওয়ার আগে একটা খারাপ কথা শুনেছিলাম—এক ভাই বলেছিল, আমি প্রাইভেট বিশ্ববিদ্যালয়ে পড়েছি দেখে আমার সার্টিখরচকেট গ্রহণযোগ্যতা পাচ্ছে না। এটা শুনে মন খারাপ হয়েছিল। আপনার কথাগুলো আমার মনের সব ভুল ধারণা মুছে দিয়েছে।",pro_private,SR
pro_private_aug_59,1041,"প্রাইভেট বিশ্ববিদ্যালয় ভালো, কিন্তু ছাত্ররা ভালো না।","প্রাইভেট বিশ্ববিদ্যালয় ভালো, কিন্তু ছাত্ররা উন্নত না।",pro_private,SR
pro_private_aug_60,1066,"AUST-ই সেরা পছন্দ, কারণ এটা নিঃসন্দেহে সেরা প্রাইভেট ইঞ্জিনিয়ারিং বিশ্ববিদ্যালয়। মোটামুটি ৮ লাখ লাগবে, তবে সেমিস্টারভিত্তিক স্কলারশিপ আছে, তাই ৫–৬ লাখের মধ্যে নামানো সম্ভব।","AUST-ই শীর্ষ পছন্দ, কারণ এটা নিঃসন্দেহে সেরা প্রাইভেট ইঞ্জিনিয়ারিং বিশ্ববিদ্যালয়। মোটামুটি ৮ লাখ লাগবে, তবে সেমিস্টারভিত্তিক স্কলারশিপ আছে, তাই ৫–৬ লাখের মধ্যে নামানো সম্ভব।",pro_private,SR
pro_private_aug_61,1108,"বেসরকারি বিশ্ববিদ্যালয়ে পড়লে যদি জীবন থেমে যায়, তাহলে অনুমোদন দেওয়াটা কি সঠিক হয়েছে?","বেসরকারি বিশ্ববিদ্যালয়ে পড়লে যদি জীবন থেমে যায়, তাআবাসিক হলে অনুমোদন দেওয়াটা কি সঠিক হয়েছে?",pro_private,SR
pro_private_aug_62,1170,NSU থেকে পড়ে আমার এক কাজিন Amazon-এ চাকরির অফার পেয়েছে।,NSU থেকে পড়ে আমার এক কাজিন Amazon-এ কাজর অফার পেয়েছে।,pro_private,SR
pro_private_aug_63,1181,মান ও সুযোগ-সুবিধার দিক থেকে পাবলিকের চেয়ে প্রাইভেট ভার্সিটি ভালো বলে মনে করি।,মান ও সুযোগ-সুবিধার দিক থেকে সরকারি বিশ্ববিদ্যালয়ের চেয়ে প্রাইভেট ভার্সিটি উন্নত বলে মনে করি।,pro_private,SR
pro_private_aug_64,1204,"প্রাইভেট বিশ্ববিদ্যালয়ের মান জাতীয় বিশ্ববিদ্যালয়ের চেয়ে অনেক ভালো। কিছু বিশ্ববিদ্যালয়ের মান খারাপ, কিন্তু ভালো প্রাইভেট বিশ্ববিদ্যালয়ের সংখ্যা অনেক।","প্রাইভেট বিশ্ববিদ্যালয়ের মান জাতীয় বিশ্ববিদ্যালয়ের চেয়ে অনেক ভালো। কিছু বিশ্ববিদ্যালয়ের মান খারাপ, কিন্তু উন্নত প্রাইভেট বিশ্ববিদ্যালয়ের সংখ্যা অনেক।",pro_private,SR
pro_private_aug_65,1215,অশালীন গালি। আমি প্রাইভেট থেকে পাস করে লক্ষ টাকার চাকরি করি।,অশালীন গালি। আমি প্রাইভেট থেকে পাস করে লক্ষ টাকার কাজ করি।,pro_private,SR
pro_private_aug_66,1233,"সমাজ তো বটেই, অনেক কলেজ শিক্ষকও মাথায় এমন ধারণা ঢুকিয়ে দেন যে প্রাইভেটে পড়লে কোনো লাভ নেই, পাবলিকে চান্স না পেলে জীবন শেষ।","সমাজ তো বটেই, অনেক কলেজ শিক্ষকও মাথায় এমন ধারণা ঢুকিয়ে দেন যে বেসরকারি বিশ্ববিদ্যালয়ে পড়লে কোনো লাভ নেই, সরকারি বিশ্ববিদ্যালয়ে চান্স না পেলে জীবন শেষ।",pro_private,SR
pro_private_aug_67,1258,বাংলাদেশের কথা বলছেন নাকি ভারতের? ভারতে প্রাইভেটে পড়ে মানুষ Stanford-এও যায়। চিন্তা করবেন না।,বাংলাদেশের কথা বলছেন নাকি ভারতের? ভারতে বেসরকারি বিশ্ববিদ্যালয়ে পড়ে মানুষ Stanford-এও যায়। চিন্তা করবেন না।,pro_private,SR
pro_private_aug_68,1283,"এ ধরনের টোকাই মার্কা পোস্ট করে লাভ নেই। আমি ইংলিশ মিডিয়াম থেকে পড়ে প্রাইভেট বিশ্ববিদ্যালয় শেষ করে Standard Chartered Bank-এ চাকরি করছি। যার যোগ্যতা নেই, সে-ই এসবকে ফালতু বলে।","এ ধরনের টোকাই মার্কা পোস্ট করে লাভ নেই। আমি ইংরেজিভিত্তিক থেকে পড়ে প্রাইভেট বিশ্ববিদ্যালয় শেষ করে Standard Chartered Bank-এ চাকরি করছি। যার যোগ্যতা নেই, সে-ই এসবকে ফালতু বলে।",pro_private,SR
pro_private_aug_69,1284,"সব স্যার যদি আপনার মতো একটু ভাবতেন এই প্রাইভেট বিশ্ববিদ্যালয় নিয়ে, তাহলে অনেক ভালো হতো।","সব স্যার যদি আপনার মতো একটু ভাবতেন এই প্রাইভেট বিশ্ববিদ্যালয় নিয়ে, তাআবাসিক হলে অনেক উন্নত হতো।",pro_private,SR
pro_private_aug_70,1291,বাংলাদেশের অশিক্ষিতদের বোঝানো যাবে না; তারা মনে করে পাবলিকে পড়লেই সেরা।,বাংলাদেশের অশিক্ষিতদের বোঝানো যাবে না; তারা মনে করে সরকারি বিশ্ববিদ্যালয়ে পড়লেই সেরা।,pro_private,SR
pro_private_aug_71,1294,"আমি একটা অখ্যাত প্রাইভেট বিশ্ববিদ্যালয়ের গ্র্যাজুয়েট। এখন প্রথম শ্রেণির সরকারি চাকরি করছি। আসল বিষয় হলো নিজের dedication আর success-এর hunger, বিশ্ববিদ্যালয়ের নাম না।","আমি একটা অখ্যাত প্রাইভেট বিশ্ববিদ্যালয়ের গ্র্যাজুয়েট। এখন প্রথম শ্রেণির সরকারি কাজ করছি। আসল বিষয় হলো নিজের dedication আর success-এর hunger, বিশ্ববিদ্যালয়ের নাম না।",pro_private,SR
pro_private_aug_72,1295,আমি একটি প্রাইভেট বিশ্ববিদ্যালয়ে পড়ছি। আমি এটা নিয়ে গর্বিত।,আমি একটি প্রাইভেট বিশ্ববিদ্যালয়ে পড়ছি। আমি এটা নিয়ে অহংকারিত।,pro_private,SR
pro_private_aug_73,1297,সবাইকে বুড়ো আঙুল দেখিয়ে শিক্ষার্থীরা প্রাইভেটেই ভর্তি হবে এবং দেশের নাম উজ্জ্বল করবে—এটাই সত্যি।,সবাইকে বুড়ো আঙুল দেখিয়ে শিক্ষার্থীরা বেসরকারি বিশ্ববিদ্যালয়েই ভর্তি হবে এবং দেশের নাম উজ্জ্বল করবে—এটাই সত্যি।,pro_private,SR
pro_private_aug_74,1304,"১০০% একমত। এখন অনেকে BRAC, NSU, EWU থেকে মানুষকে ভালো অবস্থানে যেতে দেখে তাদের view point বদলেছে।","১০০% একমত। এখন অনেকে BRAC, NSU, EWU থেকে মানুষকে উন্নত অবস্থানে যেতে দেখে তাদের view point বদলেছে।",pro_private,SR
pro_private_aug_75,1317,"পাবলিক বিশ্ববিদ্যালয়গুলোর অবস্থা আরও খারাপ। সেশনজট, রাজনীতি—সবই আছে। চাকরির পড়ার সাথে বিশ্ববিদ্যালয়ের পড়ালেখারও মিল নেই।","পাবলিক বিশ্ববিদ্যালয়গুলোর অবস্থা আরও খারাপ। সেশনজট, রাজনীতি—সবই আছে। কাজর পড়ার সাথে বিশ্ববিদ্যালয়ের পড়ালেখারও মিল নেই।",pro_private,SR
pro_private_aug_76,1349,"পাবলিকে চান্স পেলেই কেউ মেধাবী হয় না ভাইয়া, কারণ এখন পাবলিক admission test একটা প্রহসন ছাড়া কিছু না—BUET আর DU বাদে।","সরকারি বিশ্ববিদ্যালয়ে চান্স পেলেই কেউ যোগ্যতাবী হয় না ভাইয়া, কারণ এখন পাবলিক admission test একটা প্রহসন ছাড়া কিছু না—BUET আর DU বাদে।",pro_private,SR
pro_private_aug_77,1354,আমি নিজেও একটি প্রাইভেট বিশ্ববিদ্যালয়ের শিক্ষার্থী এবং আমি এটা নিয়ে গর্বিত। এখানকার professionalism সত্যিই ভালো—এখন তো অনেক ক্ষেত্রে পাবলিক বিশ্ববিদ্যালয়ের চেয়েও ভালো।,আমি নিজেও একটি প্রাইভেট বিশ্ববিদ্যালয়ের শিক্ষার্থী এবং আমি এটা নিয়ে অহংকারিত। এখানকার professionalism সত্যিই ভালো—এখন তো অনেক ক্ষেত্রে পাবলিক বিশ্ববিদ্যালয়ের চেয়েও ভালো।,pro_private,SR
pro_private_aug_78,1372,"প্রাইভেটে পড়া ছেলেমেয়েরা তো বেকার থাকে না, ন্যাশনালের ছেলেমেয়েদের বেশিরভাগই বেকার।","বেসরকারি বিশ্ববিদ্যালয়ে পড়া ছেলেমেয়েরা তো বেকার থাকে না, ন্যাশনালের ছেলেমেয়েদের বেশিরভাগই বেকার।",pro_private,SR
pro_private_aug_79,1379,"বিশ্বাস করুন, অনেক প্রাইভেট বিশ্ববিদ্যালয় আছে যেগুলো অনেক পাবলিকের চেয়েও ভালো—NSU, BRACU, AIUB, IUB, AUST, EWU। এগুলো শিক্ষার্থীদের খুব ভালোভাবে polish করে corporate-এর জন্য fit করে।","বিশ্বাস করুন, অনেক প্রাইভেট বিশ্ববিদ্যালয় আছে যেগুলো অনেক সরকারি বিশ্ববিদ্যালয়ের চেয়েও ভালো—NSU, BRACU, AIUB, IUB, AUST, EWU। এগুলো শিক্ষার্থীদের খুব ভালোভাবে polish করে corporate-এর জন্য fit করে।",pro_private,SR
pro_private_aug_80,1385,"আমি দেখেছি, সরকারি মেডিক্যাল থেকে পাস করেও অনেকে কোথাও ভালো সুযোগ না পেয়ে কম বেতনে কাজ করছে; অথচ বেসরকারি মেডিক্যাল থেকে পাস করে কেউ কেউ BCS ক্যাডার হয়ে সম্মানের সাথে চাকরি করছে।","আমি দেখেছি, সরকারি মেডিক্যাল থেকে পাস করেও অনেকে কোথাও ভালো সুযোগ না পেয়ে কম বেতনে কাজ করছে; অথচ বেসরকারি মেডিক্যাল থেকে পাস করে কেউ কেউ BCS ক্যাডার হয়ে সম্মানের সাথে কাজ করছে।",pro_private,SR
pro_private_aug_81,1399,"প্রাইভেটে ভর্তি হয়েছি বলে মানুষ কত অপমান করেছে। আজ তারা কষ্টে দিন কাটায়, আর আমি দেখি।","বেসরকারি বিশ্ববিদ্যালয়ে ভর্তি হয়েছি বলে মানুষ কত অপমান করেছে। আজ তারা কষ্টে দিন কাটায়, আর আমি দেখি।",pro_private,SR
pro_private_aug_82,1450,"আমি নিজেই দ্বিতীয় সারির প্রাইভেট বিশ্ববিদ্যালয়ে পড়ে সরকারি চাকরিতে সফলভাবে কাজ করছি, এবং আমি বিশ্বাস করি নামধারী বিশ্ববিদ্যালয়ের চেয়ে self-guidance বেশি জরুরি।","আমি নিজেই দ্বিতীয় সারির প্রাইভেট বিশ্ববিদ্যালয়ে পড়ে সরকারি কাজতে সফলভাবে কাজ করছি, এবং আমি বিশ্বাস করি নামধারী বিশ্ববিদ্যালয়ের চেয়ে self-guidance বেশি জরুরি।",pro_private,SR
pro_private_aug_83,1561,"আমি ক্যাডেট কলেজ ও একটি top school-college থেকে পড়েছি, কিন্তু কোনো ভালো সরকারি বিশ্ববিদ্যালয়ে চান্স পাইনি। এখন দেশের সেরা একটি প্রাইভেট বিশ্ববিদ্যালয় থেকে graduation করছি এবং মন থেকে satisfied।","আমি ক্যাডেট কলেজ ও একটি top school-college থেকে পড়েছি, কিন্তু কোনো ভালো সরকারি বিশ্ববিদ্যালয়ে চান্স পাইনি। এখন দেশের শীর্ষ একটি প্রাইভেট বিশ্ববিদ্যালয় থেকে graduation করছি এবং মন থেকে satisfied।",pro_private,SR
pro_private_aug_84,1571,নমস্কার স্যার। আমাদের মতো অনেকেই পরিস্থিতির কারণে সরকারি ভার্সিটিতে চান্স না পেয়ে প্রাইভেটে পড়ে। প্রাইভেটে পড়েও অনেকেই সরকারি চাকরি করছে। আমি নিজেও একজন প্রাইভেটের ইঞ্জিনিয়ারিং student; BUET-এ পড়ার ইচ্ছে ছিল।,নমস্কার স্যার। আমাদের মতো অনেকেই পরিস্থিতির কারণে সরকারি ভার্সিটিতে চান্স না পেয়ে বেসরকারি বিশ্ববিদ্যালয়ে পড়ে। প্রাইভেটে পড়েও অনেকেই সরকারি চাকরি করছে। আমি নিজেও একজন প্রাইভেটের ইঞ্জিনিয়ারিং student; BUET-এ পড়ার ইচ্ছে ছিল।,pro_private,SR
pro_private_aug_85,1638,"বাংলাদেশের top private university-গুলোর lab facility (NSU, BRAC, DIU, AIUB, AUST) অনেক public varsity থেকেও ভালো। তাই passion আর skill থাকলে private থেকে ভালো কিছু করা সহজ। টাকা অনেক নেয়, সুবিধাও সে রকমই।","বাংলাদেশের top private university-গুলোর lab facility (NSU, BRAC, DIU, AIUB, AUST) অনেক public varsity থেকেও ভালো। তাই passion আর skill থাকলে private থেকে উন্নত কিছু করা সহজ। টাকা অনেক নেয়, সুবিধাও সে রকমই।",pro_private,SR
pro_private_aug_86,1655,আমার ভাইয়া সাভারের Gono University-তে Biomedical Engineering পড়ত। কিছুদিন আগে Harvard-এ গেছে। রাজশাহীতে public-এ পড়া নিয়েই educational crisis বেশি।,আমার ভাইয়া সাভারের Gono University-তে Biomedical Engineering পড়ত। কিছুদিন এগিয়ে Harvard-এ গেছে। রাজশাহীতে public-এ পড়া নিয়েই educational crisis বেশি।,pro_private,SR
pro_private_aug_87,1668,"প্রাইভেট বিশ্ববিদ্যালয়ে পড়লেও যদি নিয়মিত স্কিল ডেভেলপ করা যায়, তাহলে ভালো ক্যারিয়ার গড়া সম্ভব।","প্রাইভেট বিশ্ববিদ্যালয়ে পড়লেও যদি নিয়মিত দক্ষতা ডেভেলপ করা যায়, তাআবাসিক হলে ভালো ক্যারিয়ার গড়া সম্ভব।",pro_private,SR
pro_private_aug_88,1674,"ল্যাব, প্রেজেন্টেশন আর কর্পোরেট রেডিনেসের দিক থেকে কিছু প্রাইভেট বিশ্ববিদ্যালয় বেশ শক্তিশালী।","ল্যাব, উপস্থাপনা আর কর্পোরেট রেডিনেসের দিক থেকে কিছু প্রাইভেট বিশ্ববিদ্যালয় বেশ শক্তিশালী।",pro_private,SR
pro_private_aug_89,1677,"যারা ভাবে প্রাইভেট মানেই শেষ, তারা বাস্তব চাকরির বাজারটা ঠিকমতো দেখে না।","যারা ভাবে প্রাইভেট মানেই শেষ, তারা বাস্তব কাজর বাজারটা ঠিকমতো দেখে না।",pro_private,SR
pro_private_aug_90,1679,কিছু প্রাইভেট বিশ্ববিদ্যালয়ে ইন্ডাস্ট্রি-ফোকাসড কোর্স থাকার কারণে শিক্ষার্থীরা দ্রুত কর্পোরেট জগতে মানিয়ে নিতে পারে।,কিছু প্রাইভেট বিশ্ববিদ্যালয়ে শিল্পক্ষেত্র-ফোকাসড কোর্স থাকার কারণে শিক্ষার্থীরা তাড়াতাড়ি করপোরেট জগতে মানিয়ে নিতে পারে।,pro_private,SR
pro_private_aug_91,1682,"অনেকের ধারণা প্রাইভেটে পড়লে কিছু হবে না, কিন্তু বাস্তবে দক্ষরা ঠিকই এগিয়ে যায়।","অনেকের ধারণা বেসরকারি বিশ্ববিদ্যালয়ে পড়লে কিছু হবে না, কিন্তু বাস্তবে দক্ষরা ঠিকই এগিয়ে যায়।",pro_private,SR
pro_private_aug_92,1688,"প্রেজেন্টেশন স্কিল, ইংরেজি চর্চা আর সফট স্কিলের জন্য কিছু প্রাইভেট বিশ্ববিদ্যালয় ভালো ভূমিকা রাখে।","প্রেজেন্টেশন স্কিল, ইংরেজি চর্চা আর সফট স্কিলের জন্য কিছু প্রাইভেট বিশ্ববিদ্যালয় উন্নত ভূমিকা রাখে।",pro_private,SR
pro_private_aug_93,1691,প্রাইভেটে পড়া মানেই কম মেধাবী—এই ধারণাটা এখন আর বাস্তবতার সাথে মেলে না।,বেসরকারি বিশ্ববিদ্যালয়ে পড়া মানেই কম মেধাবী—এই ধারণাটা এখন আর বাস্তবতার সাথে মেলে না।,pro_private,SR
pro_private_aug_94,1694,কিছু প্রাইভেট বিশ্ববিদ্যালয়ে ক্যারিয়ার সার্ভিস সেল শিক্ষার্থীদের চাকরির প্রস্তুতিতে কার্যকর সহায়তা দেয়।,কিছু প্রাইভেট বিশ্ববিদ্যালয়ে ক্যারিয়ার সার্ভিস সেল শিক্ষার্থীদের কাজর প্রস্তুতিতে কার্যকর সহায়তা দেয়।,pro_private,SR
pro_private_aug_95,1700,কর্পোরেট কালচারে মানিয়ে নেওয়ার প্রশিক্ষণ কিছু প্রাইভেট প্রতিষ্ঠানে তুলনামূলক বেশি দেখা যায়।,করপোরেট কালচারে মানিয়ে নেওয়ার প্রশিক্ষণ কিছু প্রাইভেট প্রতিষ্ঠানে তুলনামূলক বেশি দেখা যায়।,pro_private,SR
pro_private_aug_96,1706,কিছু প্রাইভেট বিশ্ববিদ্যালয়ের কোর্স কারিকুলাম বাজারের চাহিদা অনুযায়ী দ্রুত আপডেট হয়।,কিছু প্রাইভেট বিশ্ববিদ্যালয়ের পাঠ্যক্রম কারিকুলাম বাজারের চাহিদা অনুযায়ী দ্রুত আপডেট হয়।,pro_private,SR
pro_private_aug_97,1715,অনেক প্রাইভেট বিশ্ববিদ্যালয় ইন্ডাস্ট্রির সাথে সংযোগ রেখে শিক্ষার্থীদের প্লেসমেন্টে কাজ করে।,অনেক প্রাইভেট বিশ্ববিদ্যালয় শিল্পক্ষেত্রর সাথে সংযোগ রেখে শিক্ষার্থীদের প্লেসমেন্টে কাজ করে।,pro_private,SR
pro_private_aug_98,1718,যোগাযোগ দক্ষতা ও প্রফেশনাল আচরণের চর্চায় কিছু প্রাইভেট শিক্ষাপ্রতিষ্ঠান আলাদা নজর দেয়।,যোগাযোগ দক্ষতা ও প্রফেশনাল আচরণের চর্চায় কিছু প্রাইভেট শিক্ষাপ্রতিষ্ঠান ভিন্ন নজর দেয়।,pro_private,SR
pro_private_aug_99,1721,প্রাইভেটে পড়া অনেক শিক্ষার্থী স্কিল-ভিত্তিক প্রস্তুতির মাধ্যমে দ্রুত চাকরিতে ঢুকে পড়ে।,বেসরকারি বিশ্ববিদ্যালয়ে পড়া অনেক শিক্ষার্থী দক্ষতা-ভিত্তিক প্রস্তুতির মাধ্যমে তাড়াতাড়ি চাকরিতে ঢুকে পড়ে।,pro_private,SR
pro_private_aug_100,1732,মহানগরভিত্তিক কিছু প্রাইভেট বিশ্ববিদ্যালয়ে ইন্ডাস্ট্রি কানেকশন তুলনামূলক শক্তিশালী হয়।,মহানগরভিত্তিক কিছু প্রাইভেট বিশ্ববিদ্যালয়ে শিল্পক্ষেত্র কানেকশন তুলনামূলক শক্তিশালী হয়।,pro_private,SR
pro_private_aug_101,1744,ভালো private university বেছে নিতে পারলে নিয়মিত একাডেমিক মনিটরিং বড় সুবিধা দেয়।,উন্নত private university বেছে নিতে পারলে নিয়মিত একাডেমিক মনিটরিং বড় সুবিধা দেয়।,pro_private,SR
pro_private_aug_102,1747,প্রাইভেট বিশ্ববিদ্যালয়ের কিছু কোর্সে project-based learning শিক্ষার্থীদের বাস্তব প্রস্তুতি বাড়ায়।,প্রাইভেট বিশ্ববিদ্যালয়ের কিছু পাঠ্যক্রমে project-based learning শিক্ষার্থীদের বাস্তব প্রস্তুতি বাড়ায়।,pro_private,SR
pro_private_aug_103,1750,কর্মমুখী শিক্ষা ব্যবস্থার কারণে কিছু private campus থেকে দ্রুত employability তৈরি হয়।,কর্মমুখী শিক্ষা ব্যবস্থার কারণে কিছু private campus থেকে তাড়াতাড়ি employability তৈরি হয়।,pro_private,SR
pro_private_aug_104,1771,"সব private institution একরকম নয়, তাই ভর্তি হওয়ার আগে মান যাচাই করা জরুরি।","সব private institution একরকম নয়, তাই ভর্তি হওয়ার এগিয়ে মান যাচাই করা জরুরি।",pro_private,SR
pro_private_aug_105,1779,কিছু প্রাইভেট বিশ্ববিদ্যালয়ে ইন্ডাস্ট্রি-লিংকড প্রজেক্টের কারণে শিক্ষার্থীরা আগে থেকেই বাস্তব কাজের অভিজ্ঞতা পায়।,কিছু প্রাইভেট বিশ্ববিদ্যালয়ে শিল্পক্ষেত্র-লিংকড প্রজেক্টের কারণে শিক্ষার্থীরা এগিয়ে থেকেই বাস্তব কাজের অভিজ্ঞতা পায়।,pro_private,SR
pro_private_aug_106,1785,কিছু private campus-এ communication skill উন্নয়নে শুরু থেকেই আলাদা গুরুত্ব দেওয়া হয়।,কিছু private campus-এ communication skill উন্নয়নে শুরু থেকেই ভিন্ন গুরুত্ব দেওয়া হয়।,pro_private,SR
pro_private_aug_107,1800,অনেক private campus-এ academic advising ব্যবস্থা শিক্ষার্থীদের সময়মতো সঠিক কোর্স নিতে সাহায্য করে।,অনেক private campus-এ academic advising ব্যবস্থা শিক্ষার্থীদের সময়মতো সঠিক পাঠ্যক্রম নিতে সাহায্য করে।,pro_private,SR
pro_private_aug_108,1806,কিছু প্রাইভেট বিশ্ববিদ্যালয়ের curriculum চাকরির বাজারের চাহিদা মাথায় রেখে সাজানো হয়।,কিছু প্রাইভেট বিশ্ববিদ্যালয়ের curriculum কাজর বাজারের চাহিদা মাথায় রেখে সাজানো হয়।,pro_private,SR
pro_private_aug_109,1827,"ভালো private university শিক্ষার্থীদের skill, discipline আর professionalism—তিন দিকেই উন্নত করতে পারে।","উন্নত private university শিক্ষার্থীদের skill, discipline আর professionalism—তিন দিকেই উন্নত করতে পারে।",pro_private,SR
pro_private_aug_110,1853,কিছু প্রাইভেট বিশ্ববিদ্যালয় alumni network ব্যবহার করে নতুন শিক্ষার্থীদের চাকরির দিকনির্দেশনা দেয়।,কিছু প্রাইভেট বিশ্ববিদ্যালয় alumni network ব্যবহার করে নতুন শিক্ষার্থীদের কাজর দিকনির্দেশনা দেয়।,pro_private,SR
pro_private_aug_111,1862,প্রাইভেট বিশ্ববিদ্যালয়ের কিছু বিভাগে practical exposure বেশি থাকায় শিক্ষার্থীরা দ্রুত আত্মবিশ্বাস পায়।,প্রাইভেট বিশ্ববিদ্যালয়ের কিছু বিভাগে practical exposure বেশি থাকায় শিক্ষার্থীরা তাড়াতাড়ি আত্মবিশ্বাস পায়।,pro_private,SR
pro_private_aug_112,1865,অনেক private university-তে student support service তুলনামূলক দ্রুত ও সহজলভ্য হয়।,অনেক private university-তে student support service তুলনামূলক তাড়াতাড়ি ও সহজলভ্য হয়।,pro_private,SR
pro_private_aug_113,1868,ভালো private university থেকে পড়েও অনেক শিক্ষার্থী competitive job market-এ সফল হয়।,উন্নত private university থেকে পড়েও অনেক শিক্ষার্থী competitive job market-এ সফল হয়।,pro_private,SR
pro_private_aug_114,1871,কিছু private institution-এ course content দ্রুত update হওয়ায় শিক্ষার্থীরা নতুন trend সম্পর্কে জানে।,কিছু private institution-এ course content তাড়াতাড়ি update হওয়ায় শিক্ষার্থীরা নতুন trend সম্পর্কে জানে।,pro_private,SR
pro_private_aug_115,1891,প্রাইভেট বিশ্ববিদ্যালয়ের কিছু বিভাগে soft skill training চাকরির প্রস্তুতিকে এগিয়ে দেয়।,প্রাইভেট বিশ্ববিদ্যালয়ের কিছু বিভাগে soft skill training কাজর প্রস্তুতিকে এগিয়ে দেয়।,pro_private,SR
pro_private_aug_116,1938,অনেক private campus-এ English communication skill উন্নয়নে আলাদা training দেওয়া হয়।,অনেক private campus-এ English communication skill উন্নয়নে ভিন্ন training দেওয়া হয়।,pro_private,SR
pro_private_aug_117,1944,ভালো private university-তে time management ও professional discipline শেখার সুযোগ বেশি পাওয়া যায়।,উন্নত private university-তে time management ও professional discipline শেখার সুযোগ বেশি পাওয়া যায়।,pro_private,SR
pro_private_aug_118,1965,প্রাইভেট বিশ্ববিদ্যালয়ের কিছু program-এ industry-aligned curriculum শিক্ষার্থীদের বাস্তব চাকরির জন্য প্রস্তুত করে।,প্রাইভেট বিশ্ববিদ্যালয়ের কিছু program-এ industry-aligned curriculum শিক্ষার্থীদের বাস্তব কাজর জন্য প্রস্তুত করে।,pro_private,SR
pro_private_aug_119,1979,কিছু প্রাইভেট বিশ্ববিদ্যালয়ে industry-oriented course structure শিক্ষার্থীদের চাকরির বাজারে দ্রুত মানিয়ে নিতে সাহায্য করে।,কিছু প্রাইভেট বিশ্ববিদ্যালয়ে industry-oriented course structure শিক্ষার্থীদের কাজর বাজারে তাড়াতাড়ি মানিয়ে নিতে সাহায্য করে।,pro_private,SR
pro_private_aug_120,1994,ভালো private university-তে practical assignment-এর মাধ্যমে বাস্তব দক্ষতা তৈরি হয়।,উন্নত private university-তে practical assignment-এর মাধ্যমে বাস্তব দক্ষতা তৈরি হয়।,pro_private,SR
pro_private_aug_121,2012,ভালো private university থেকে পড়েও competitive sector-এ সফল হওয়া পুরোপুরি সম্ভব।,উন্নত private university থেকে পড়েও competitive sector-এ সফল হওয়া পুরোপুরি সম্ভব।,pro_private,SR
pro_private_aug_122,2038,অনেক private campus-এ career service office চাকরির প্রস্তুতিতে শিক্ষার্থীদের কার্যকর সহায়তা দেয়।,অনেক private campus-এ career service office কাজর প্রস্তুতিতে শিক্ষার্থীদের কার্যকর সহায়তা দেয়।,pro_private,SR
pro_private_aug_123,2047,অনেক private university-তে advisor system শিক্ষার্থীদের সময়মতো সঠিক কোর্স নিতে সাহায্য করে।,অনেক private university-তে advisor system শিক্ষার্থীদের সময়মতো সঠিক পাঠ্যক্রম নিতে সাহায্য করে।,pro_private,SR
pro_private_aug_124,2074,অনেক private university-তে faculty feedback দ্রুত পাওয়া যায় বলে শেখার ঘাটতি দ্রুত পূরণ করা সম্ভব হয়।,অনেক private university-তে faculty feedback তাড়াতাড়ি পাওয়া যায় বলে শেখার ঘাটতি দ্রুত পূরণ করা সম্ভব হয়।,pro_private,SR
pro_private_aug_125,2100,ভালো private university-তে professionalism ও communication skill একসঙ্গে গড়ে ওঠার সুযোগ থাকে।,উন্নত private university-তে professionalism ও communication skill একসঙ্গে গড়ে ওঠার সুযোগ থাকে।,pro_private,SR
pro_private_aug_126,2103,কিছু private campus-এ updated curriculum শিক্ষার্থীদের নতুন trend ও skill সম্পর্কে দ্রুত জানায়।,কিছু private campus-এ updated curriculum শিক্ষার্থীদের নতুন trend ও skill সম্পর্কে তাড়াতাড়ি জানায়।,pro_private,SR
pro_private_aug_127,2109,কিছু প্রাইভেট বিশ্ববিদ্যালয়ে mock interview আর CV workshop শিক্ষার্থীদের চাকরির জন্য প্রস্তুত করে।,কিছু প্রাইভেট বিশ্ববিদ্যালয়ে mock interview আর CV workshop শিক্ষার্থীদের কাজর জন্য প্রস্তুত করে।,pro_private,SR
pro_private_aug_128,2118,"ভালো private university থেকে skill, exposure আর career awareness—সবই অর্জন করা সম্ভব।","উন্নত private university থেকে skill, exposure আর career awareness—সবই অর্জন করা সম্ভব।",pro_private,SR
pro_private_aug_129,2121,কিছু private campus-এ faculty feedback দ্রুত পাওয়া যায় বলে শিক্ষার্থীরা ঘাটতি তাড়াতাড়ি বুঝতে পারে।,কিছু private campus-এ faculty feedback তাড়াতাড়ি পাওয়া যায় বলে শিক্ষার্থীরা ঘাটতি তাড়াতাড়ি বুঝতে পারে।,pro_private,SR
pro_private_aug_130,2135,কিছু প্রাইভেট বিশ্ববিদ্যালয়ে career readiness program থাকায় শিক্ষার্থীরা আগে থেকেই চাকরিমুখী প্রস্তুতি নিতে পারে।,কিছু প্রাইভেট বিশ্ববিদ্যালয়ে career readiness program থাকায় শিক্ষার্থীরা আগে থেকেই কাজমুখী প্রস্তুতি নিতে পারে।,pro_private,SR
pro_private_aug_131,2159,কিছু প্রাইভেট বিশ্ববিদ্যালয়ে mock interview ও CV clinic চাকরির প্রস্তুতিকে বাস্তবভিত্তিক করে তোলে।,কিছু প্রাইভেট বিশ্ববিদ্যালয়ে mock interview ও CV clinic কাজর প্রস্তুতিকে বাস্তবভিত্তিক করে তোলে।,pro_private,SR
pro_private_aug_132,2188,অনেক private campus-এ mock interview ও CV review session শিক্ষার্থীদের চাকরির জন্য প্রস্তুত করে।,অনেক private campus-এ mock interview ও CV review session শিক্ষার্থীদের কাজর জন্য প্রস্তুত করে।,pro_private,SR
pro_private_aug_133,2191,কিছু প্রাইভেট বিশ্ববিদ্যালয়ে updated curriculum থাকায় শিক্ষার্থীরা নতুন skill demand সম্পর্কে দ্রুত জানতে পারে।,কিছু প্রাইভেট বিশ্ববিদ্যালয়ে updated curriculum থাকায় শিক্ষার্থীরা নতুন skill demand সম্পর্কে তাড়াতাড়ি জানতে পারে।,pro_private,SR
pro_private_aug_134,2221,কিছু private university-তে faculty feedback দ্রুত পাওয়া যায় বলে শেখার ঘাটতি দ্রুত ধরা পড়ে।,কিছু private university-তে faculty feedback তাড়াতাড়ি পাওয়া যায় বলে শেখার ঘাটতি দ্রুত ধরা পড়ে।,pro_private,SR
pro_private_aug_135,2235,কিছু প্রাইভেট বিশ্ববিদ্যালয়ে career development session শিক্ষার্থীদের বাস্তব চাকরির প্রস্তুতিতে সাহায্য করে।,কিছু প্রাইভেট বিশ্ববিদ্যালয়ে career development session শিক্ষার্থীদের বাস্তব কাজর প্রস্তুতিতে সাহায্য করে।,pro_private,SR
pro_private_aug_136,2244,অনেক private institution-এ advisor support শিক্ষার্থীদের সঠিক কোর্স পরিকল্পনা করতে সাহায্য করে।,অনেক private institution-এ advisor support শিক্ষার্থীদের সঠিক পাঠ্যক্রম পরিকল্পনা করতে সাহায্য করে।,pro_private,SR
pro_private_aug_137,2247,ভালো private university-তে project-based learning বাস্তব দক্ষতা তৈরিতে কার্যকর হতে পারে।,উন্নত private university-তে project-based learning বাস্তব দক্ষতা তৈরিতে কার্যকর হতে পারে।,pro_private,SR
pro_private_aug_138,2253,অনেক private campus-এ mock interview আর CV workshop চাকরির প্রস্তুতিকে আরও বাস্তবভিত্তিক করে।,অনেক private campus-এ mock interview আর CV workshop কাজর প্রস্তুতিকে আরও বাস্তবভিত্তিক করে।,pro_private,SR
pro_private_aug_139,2277,ভালো private university environment শিক্ষার্থীদের skill development এবং career readiness দুটোই বাড়াতে পারে।,উন্নত private university environment শিক্ষার্থীদের skill development এবং career readiness দুটোই বাড়াতে পারে।,pro_private,SR
pro_private_aug_140,2294,অনেক private institution-এ mock interview ও resume workshop চাকরির প্রস্তুতিকে কার্যকর করে।,অনেক private institution-এ mock interview ও resume workshop কাজর প্রস্তুতিকে কার্যকর করে।,pro_private,SR
pro_private_aug_141,2303,কিছু প্রাইভেট বিশ্ববিদ্যালয়ে regular assessment থাকায় শেখার ফাঁক দ্রুত ধরা পড়ে।,কিছু প্রাইভেট বিশ্ববিদ্যালয়ে regular assessment থাকায় শেখার ফাঁক তাড়াতাড়ি ধরা পড়ে।,pro_private,SR
pro_private_aug_142,2332,অনেক private university-তে career cell শিক্ষার্থীদের চাকরি ও internship বিষয়ে দিকনির্দেশনা দেয়।,অনেক private university-তে career cell শিক্ষার্থীদের কাজ ও internship বিষয়ে দিকনির্দেশনা দেয়।,pro_private,SR
pro_private_aug_143,2341,কিছু প্রাইভেট বিশ্ববিদ্যালয়ে mock interview আর career workshop শিক্ষার্থীদের চাকরির জন্য প্রস্তুত করে।,কিছু প্রাইভেট বিশ্ববিদ্যালয়ে mock interview আর career workshop শিক্ষার্থীদের কাজর জন্য প্রস্তুত করে।,pro_private,SR
pro_private_aug_144,2356,ভালো private university-তে class discipline শিক্ষার্থীদের ধারাবাহিক শেখার পরিবেশ তৈরি করে।,উন্নত private university-তে class discipline শিক্ষার্থীদের ধারাবাহিক শেখার পরিবেশ তৈরি করে।,pro_private,SR
pro_private_aug_145,2365,"ভালো private university থেকে professionalism, exposure এবং practical skill—সবই অর্জন করা সম্ভব।","উন্নত private university থেকে professionalism, exposure এবং practical skill—সবই অর্জন করা সম্ভব।",pro_private,SR
pro_private_aug_146,2371,অনেক private campus-এ faculty feedback দ্রুত পাওয়া যায় বলে শেখার ঘাটতি দ্রুত ধরা পড়ে।,অনেক private campus-এ faculty feedback তাড়াতাড়ি পাওয়া যায় বলে শেখার ঘাটতি দ্রুত ধরা পড়ে।,pro_private,SR
pro_private_aug_147,2382,অনেক private university-তে career development program শিক্ষার্থীদের চাকরির জন্য প্রস্তুত হতে সাহায্য করে।,অনেক private university-তে career development program শিক্ষার্থীদের কাজর জন্য প্রস্তুত হতে সাহায্য করে।,pro_private,SR
pro_private_aug_148,2388,অনেক private campus-এ academic advising শিক্ষার্থীদের পরিকল্পিতভাবে কোর্স সম্পন্ন করতে সাহায্য করে।,অনেক private campus-এ academic advising শিক্ষার্থীদের পরিকল্পিতভাবে পাঠ্যক্রম সম্পন্ন করতে সাহায্য করে।,pro_private,SR
pro_private_aug_149,2391,কিছু প্রাইভেট বিশ্ববিদ্যালয়ে CV workshop ও mock interview বাস্তব চাকরির প্রস্তুতিতে কার্যকর হয়।,কিছু প্রাইভেট বিশ্ববিদ্যালয়ে CV workshop ও mock interview বাস্তব কাজর প্রস্তুতিতে কার্যকর হয়।,pro_private,SR
pro_private_aug_150,2415,"ভালো private university থেকে professionalism, exposure এবং practical skill একসাথে অর্জন করা যায়।","উন্নত private university থেকে professionalism, exposure এবং practical skill একসাথে অর্জন করা যায়।",pro_private,SR
pro_private_aug_151,2432,অনেক private university-তে career mentoring শিক্ষার্থীদের বাস্তব চাকরির পথ বুঝতে সাহায্য করে।,অনেক private university-তে career mentoring শিক্ষার্থীদের বাস্তব কাজর পথ বুঝতে সাহায্য করে।,pro_private,SR
pro_private_aug_152,2438,অনেক private campus-এ structured advising শিক্ষার্থীদের সময়মতো কোর্স সম্পন্ন করতে সহায়তা করে।,অনেক private campus-এ structured advising শিক্ষার্থীদের সময়মতো পাঠ্যক্রম সম্পন্ন করতে সহায়তা করে।,pro_private,SR
pro_private_aug_153,2441,কিছু প্রাইভেট বিশ্ববিদ্যালয়ে mock assessment ও interview practice চাকরির প্রস্তুতিতে সহায়ক হয়।,কিছু প্রাইভেট বিশ্ববিদ্যালয়ে mock assessment ও interview practice কাজর প্রস্তুতিতে সহায়ক হয়।,pro_private,SR
pro_private_aug_154,2471,অনেক private campus-এ দ্রুত feedback পাওয়ায় শিক্ষার্থীরা ভুল দ্রুত ঠিক করতে পারে।,অনেক private campus-এ তাড়াতাড়ি feedback পাওয়ায় শিক্ষার্থীরা ভুল দ্রুত ঠিক করতে পারে।,pro_private,SR
pro_private_aug_155,2532,অনেক private university-তে career planning session শিক্ষার্থীদের চাকরির দিকনির্দেশনা দেয়।,অনেক private university-তে career planning session শিক্ষার্থীদের কাজর দিকনির্দেশনা দেয়।,pro_private,SR
pro_private_aug_156,2582,অনেক private university-তে career counseling session শিক্ষার্থীদের চাকরির প্রস্তুতিতে বাস্তব দিকনির্দেশনা দেয়।,অনেক private university-তে career counseling session শিক্ষার্থীদের কাজর প্রস্তুতিতে বাস্তব দিকনির্দেশনা দেয়।,pro_private,SR
pro_private_aug_157,2588,অনেক private campus-এ academic advisor শিক্ষার্থীদের পরিকল্পিতভাবে কোর্স সম্পন্ন করতে সহায়তা করেন।,অনেক private campus-এ academic advisor শিক্ষার্থীদের পরিকল্পিতভাবে পাঠ্যক্রম সম্পন্ন করতে সহায়তা করেন।,pro_private,SR
pro_private_aug_158,2591,কিছু প্রাইভেট বিশ্ববিদ্যালয়ে mock interview ও CV review চাকরির প্রস্তুতিকে আরও বাস্তবভিত্তিক করে।,কিছু প্রাইভেট বিশ্ববিদ্যালয়ে mock interview ও CV review কাজর প্রস্তুতিকে আরও বাস্তবভিত্তিক করে।,pro_private,SR
pro_private_aug_159,2597,কিছু private university-তে updated curriculum শিক্ষার্থীদের নতুন চাকরির চাহিদা সম্পর্কে সচেতন রাখে।,কিছু private university-তে updated curriculum শিক্ষার্থীদের নতুন কাজর চাহিদা সম্পর্কে সচেতন রাখে।,pro_private,SR
pro_private_aug_160,2603,কিছু প্রাইভেট বিশ্ববিদ্যালয়ে communication skill ও presentation practice-এ আলাদা গুরুত্ব দেওয়া হয়।,কিছু প্রাইভেট বিশ্ববিদ্যালয়ে communication skill ও presentation practice-এ ভিন্ন গুরুত্ব দেওয়া হয়।,pro_private,SR
pro_private_aug_161,2615,"ভালো private university থেকে professionalism, exposure এবং practical confidence অর্জন করা যায়।","উন্নত private university থেকে professionalism, exposure এবং practical confidence অর্জন করা যায়।",pro_private,SR
pro_private_aug_162,2641,কিছু প্রাইভেট বিশ্ববিদ্যালয়ে mock interview ও CV review চাকরির প্রস্তুতিকে আরও বাস্তবমুখী করে।,কিছু প্রাইভেট বিশ্ববিদ্যালয়ে mock interview ও CV review কাজর প্রস্তুতিকে আরও বাস্তবমুখী করে।,pro_private,SR
pro_private_aug_163,2671,অনেক private campus-এ দ্রুত feedback পাওয়া যায় বলে শেখার ঘাটতি দ্রুত ধরা পড়ে।,অনেক private campus-এ তাড়াতাড়ি feedback পাওয়া যায় বলে শেখার ঘাটতি দ্রুত ধরা পড়ে।,pro_private,SR
pro_private_aug_164,3,"যদি আপনার পর্যাপ্ত টাকা থাকে এবং নিয়মিত পড়াশোনা চালিয়ে যেতে পারেন, তাহলে টপ লেভেলের প্রাইভেট বিশ্ববিদ্যালয়ে যাওয়ার পরামর্শ দিচ্ছি। যদি না থাকে, তাহলে ভর্তি পরীক্ষার সময় সর্বোচ্চ চেষ্টা করুন এবং পাবলিক বিশ্ববিদ্যালয়ের লক্ষ্য রাখুন। সামগ্রিকভাবে, সত্যি যে প্রাইভেট বিশ্ববিদ্যালয়গুলো ক্রমাগত উন্নতি করছে, যখন অনেক পাবলিক বিশ্ববিদ্যালয় নতুন কিছু introducing করছে না।","তাহলে টপ লেভেলের প্রাইভেট বিশ্ববিদ্যালয়ে যাওয়ার পরামর্শ দিচ্ছি। যদি আপনার পর্যাপ্ত টাকা থাকে এবং নিয়মিত পড়াশোনা চালিয়ে যেতে পারেন, যদি না থাকে, তাহলে ভর্তি পরীক্ষার সময় সর্বোচ্চ চেষ্টা করুন এবং পাবলিক বিশ্ববিদ্যালয়ের লক্ষ্য রাখুন। সামগ্রিকভাবে, সত্যি যে প্রাইভেট বিশ্ববিদ্যালয়গুলো ক্রমাগত উন্নতি করছে, যখন অনেক পাবলিক বিশ্ববিদ্যালয় নতুন কিছু introducing করছে না।",pro_private,RS
pro_private_aug_165,8,"আমার দেখা স্কুল, কলেজের টপ স্টুডেন্টরা পাবলিকে চান্স না পেয়ে প্রাইভেটে পড়ছে আর মিডিয়াম এমনকি লো ক্যাটাগরি স্টুডেন্টও একটা পাবলিকে চান্স পেয়ে গেছে। স্টুডেন্ট কেমন এটা একটা পরীক্ষা দিয়ে জাজ করা যায় না। আর আজকাল পাবলিক ভার্সিটিগুলো পড়াশোনার চেয়ে পলিটিক্সকে বেশি প্রায়রিটি দেয়। টিচার নিয়োগ দেয় পলিটিক্যাল ব্যাকগ্রাউন্ড দেখে।","কলেজের টপ স্টুডেন্টরা পাবলিকে চান্স না পেয়ে প্রাইভেটে পড়ছে আর মিডিয়াম এমনকি লো ক্যাটাগরি স্টুডেন্টও একটা পাবলিকে চান্স পেয়ে গেছে। আমার দেখা স্কুল, স্টুডেন্ট কেমন এটা একটা পরীক্ষা দিয়ে জাজ করা যায় না। আর আজকাল পাবলিক ভার্সিটিগুলো পড়াশোনার চেয়ে পলিটিক্সকে বেশি প্রায়রিটি দেয়। টিচার নিয়োগ দেয় পলিটিক্যাল ব্যাকগ্রাউন্ড দেখে।",pro_private,RS
pro_private_aug_166,11,"প্রাইভেটের যদি পাবলিকিয়ানরা পড়তো, তাহলে বুঝতো আমাদের লাইফটা কত ইজি হওয়া আছে","তাহলে বুঝতো আমাদের লাইফটা কত ইজি হওয়া আছে প্রাইভেটের যদি পাবলিকিয়ানরা পড়তো,",pro_private,RS
pro_private_aug_167,13,পাবলিক ভার্সিটি বাথরুম>>>>>>>>>>প্রাইভেট ভার্সিটি,ভার্সিটি পাবলিক বাথরুম>>>>>>>>>>প্রাইভেট ভার্সিটি,pro_private,RS
pro_private_aug_168,14,"ওয়ার্ল্ডের টপ কান্ট্রিগুলো এত ভালো ডেভেলপমেন্ট করার রিজন হচ্ছে তারা প্রাইভেট বা পাবলিক ইউনিভার্সিটি মতো লেইম টপিক নিয়ে মাতামাতি করে না..হ্যায় প্রাইভেটে তারাই পড়তে পারবে যাদের টাকা আছে..পাবলিক প্রায় ফ্রি..কিন্তু প্রাইভেটেও এত কম পেরা না ভাই...ডিউ'র পরীক্ষায় আবার 94% স্টুডেন্টস ফেইল করেছে...আপনাদের কাছে কি মনে হয় ওদের টিচাররা সব খাতা চেক করে?? অবশ্যই না..ধরেন সিট 100, পরীক্ষা দিলো 1000..আপনার কি মনে হয় ওরা ওই 1000 পেপার্স দেখবে? পাবলিকে পড়তে গেলে, মেধা+লাক দুইটাই থাকা লাগে...যাদের টাকা আছে তারা প্রাইভেটে পড়বে..এমন না যে দেশের ভালো ভালো সেক্টরে জাস্ট পাবলিকের স্টুডেন্টসরাই রাজত্ব করছে!! আপনারা যদি এখনো প্রাইভেট অ্যান্ড পাবলিক নিয়ে পড়ে থাকেন তাহলে আর কি হবে!! কিন্তু আপনাদের ওই সেইম পারসন যারা কেউ টাকা দিয়ে দেশের বাহিরে পড়তে গেলে বাহোবা দেন..তাহলে ডিফারেন্সটা কোথায়?? একজন স্টুডেন্টের পাবলিক থেকে গ্রাজুয়েট কমপ্লিট করে বের হতে প্রায় 5-6 বছর লেগে যায়..যেখানে আপনি 4 বছরেই প্রাইভেট থেকে গ্রাজুয়েশন করতে পারছেন!! আমি বলছি না যে পাবলিক খারাপ কিন্তু সব দিকই আপনাদের দেখতে হবে","? ওয়ার্ল্ডের টপ কান্ট্রিগুলো এত ভালো ডেভেলপমেন্ট করার রিজন হচ্ছে তারা প্রাইভেট বা পাবলিক ইউনিভার্সিটি মতো লেইম টপিক নিয়ে মাতামাতি করে না..হ্যায় প্রাইভেটে তারাই পড়তে পারবে যাদের টাকা আছে..পাবলিক প্রায় ফ্রি..কিন্তু প্রাইভেটেও এত কম পেরা না ভাই...ডিউ'র পরীক্ষায় আবার 94% স্টুডেন্টস ফেইল করেছে...আপনাদের কাছে কি মনে হয় ওদের টিচাররা সব খাতা চেক করে? অবশ্যই না..ধরেন সিট 100, পরীক্ষা দিলো 1000..আপনার কি মনে হয় ওরা ওই 1000 পেপার্স দেখবে? পাবলিকে পড়তে গেলে, মেধা+লাক দুইটাই থাকা লাগে...যাদের টাকা আছে তারা প্রাইভেটে পড়বে..এমন না যে দেশের ভালো ভালো সেক্টরে জাস্ট পাবলিকের স্টুডেন্টসরাই রাজত্ব করছে!! আপনারা যদি এখনো প্রাইভেট অ্যান্ড পাবলিক নিয়ে পড়ে থাকেন তাহলে আর কি হবে!! কিন্তু আপনাদের ওই সেইম পারসন যারা কেউ টাকা দিয়ে দেশের বাহিরে পড়তে গেলে বাহোবা দেন..তাহলে ডিফারেন্সটা কোথায়?? একজন স্টুডেন্টের পাবলিক থেকে গ্রাজুয়েট কমপ্লিট করে বের হতে প্রায় 5-6 বছর লেগে যায়..যেখানে আপনি 4 বছরেই প্রাইভেট থেকে গ্রাজুয়েশন করতে পারছেন!! আমি বলছি না যে পাবলিক খারাপ কিন্তু সব দিকই আপনাদের দেখতে হবে",pro_private,RS
pro_private_aug_169,16,শেষ পর্যন্ত প্রাইভেট পাবলিকের চেয়ে ভালো... 🙂🙂🙂,পর্যন্ত শেষ প্রাইভেট পাবলিকের চেয়ে ভালো... 🙂🙂🙂,pro_private,RS
pro_private_aug_170,17,"এক ভাই লিখেছেন সরকারি বিশ্ববিদ্যালয় না টেকলে পরে প্রাইভেটে যায় ঠিক বলছ ভাই তুমি একটা বড় ধরনের গাধা। আমার এক ছাত্র রাজশাহী, সিলেট কৃষি, জগন্নাথ, মাওলানা ভাসানী, চুয়েট, কুয়েট পরে সব বাদ দিয়া শেষে ঢাবিতে ভর্তি হয় এক বছর ভাবিত পরে পরের বছর ২৪ সালে আইইউটিতে মেকানিক্যালে ভর্তি হয়। আপনি এখন বলেন এই ছাত্রটি খারাপ? বহু ছাত্র ছাত্রী ঢাবি, রাজশাহী, চিটাগাং বাদ দিয়া প্রাইভেটে ভর্তি হয়েছে। তারা তোমার মতো বোকা না।","আমার এক ছাত্র রাজশাহী, এক ভাই লিখেছেন সরকারি বিশ্ববিদ্যালয় না টেকলে পরে প্রাইভেটে যায় ঠিক বলছ ভাই তুমি একটা বড় ধরনের গাধা। সিলেট কৃষি, জগন্নাথ, মাওলানা ভাসানী, চুয়েট, কুয়েট পরে সব বাদ দিয়া শেষে ঢাবিতে ভর্তি হয় এক বছর ভাবিত পরে পরের বছর ২৪ সালে আইইউটিতে মেকানিক্যালে ভর্তি হয়। আপনি এখন বলেন এই ছাত্রটি খারাপ? বহু ছাত্র ছাত্রী ঢাবি, রাজশাহী, চিটাগাং বাদ দিয়া প্রাইভেটে ভর্তি হয়েছে। তারা তোমার মতো বোকা না।",pro_private,RS
pro_private_aug_171,35,@TahmidTahmid-pz9nw আপনাকে এটা কে বলেছে প্রাইভেটে অ্যাডমিশন পরীক্ষা দেওয়া লাগে না? এ গ্রেড প্রাইভেট ইউনিভার্সিটিতে পড়তে গেলে আপনাকে অবশ্যই অ্যাডমিশন পরীক্ষা দেওয়া লাগবে,এ গ্রেড প্রাইভেট ইউনিভার্সিটিতে পড়তে গেলে আপনাকে অবশ্যই অ্যাডমিশন পরীক্ষা দেওয়া লাগবে @TahmidTahmid-pz9nw আপনাকে এটা কে বলেছে প্রাইভেটে অ্যাডমিশন পরীক্ষা দেওয়া লাগে না?,pro_private,RS
pro_private_aug_172,36,"আমার দেখা অনেক স্টুডেন্ট যারা প্রাইমারি, হাই স্কুল লেভেলে ক্লাস টপার ছিল...তারা কোনো কারণে পাবলিকে টিকে নি বা টিকলেও মনমতো সাবজেক্ট পায়নি এখন প্রাইভেটে পড়ছে। আবার সেইম ক্লাসের মিড লেভেলের স্টুডেন্ট ডিএমসি তে বা অন্যান্য পাবলিক ইউনিভার্সিটিতে চান্স পেয়েছে এবং পড়ছে। জাস্ট কলেজ লাইফের দুইটা বছরের পড়াশোনা বা অ্যাডমিশনে চান্স পাওয়া দিয়ে আপনি একজন স্টুডেন্টকে ভালো বা খারাপ স্টুডেন্ট ট্যাগ দিয়ে দিলেন.... সামান্য অ্যাডমিশন দিয়ে যদি একজন স্টুডেন্টের পূর্বের এডুকেশন কোয়ালিফিকেশন সব মিথ্যা হয়ে যায়,, তাহলে শুনে রাখুন ইউনিভার্সিটিরও 4 বছর পর জব সেক্টরে তার পজিশনের উপর ভার্সিটির 4 বছরের সবকিছু মিথ্যা হয়ে যাবে।","হাই স্কুল লেভেলে ক্লাস টপার ছিল...তারা কোনো কারণে পাবলিকে টিকে নি বা টিকলেও মনমতো সাবজেক্ট পায়নি এখন প্রাইভেটে পড়ছে। আমার দেখা অনেক স্টুডেন্ট যারা প্রাইমারি, আবার সেইম ক্লাসের মিড লেভেলের স্টুডেন্ট ডিএমসি তে বা অন্যান্য পাবলিক ইউনিভার্সিটিতে চান্স পেয়েছে এবং পড়ছে। জাস্ট কলেজ লাইফের দুইটা বছরের পড়াশোনা বা অ্যাডমিশনে চান্স পাওয়া দিয়ে আপনি একজন স্টুডেন্টকে ভালো বা খারাপ স্টুডেন্ট ট্যাগ দিয়ে দিলেন.... সামান্য অ্যাডমিশন দিয়ে যদি একজন স্টুডেন্টের পূর্বের এডুকেশন কোয়ালিফিকেশন সব মিথ্যা হয়ে যায়,, তাহলে শুনে রাখুন ইউনিভার্সিটিরও 4 বছর পর জব সেক্টরে তার পজিশনের উপর ভার্সিটির 4 বছরের সবকিছু মিথ্যা হয়ে যাবে।",pro_private,RS
pro_private_aug_173,47,২ জন পাবলিকের ছাত্র প্রাইভেট নিয়ে কথা বলে😅। প্রাইভেটের একজনকে তার সুযোগ সুবিধা ও সমস্যা জিজ্ঞেস করেন। আপনি প্রাইভেটে শিক্ষক হতে পারেন তাই বলে ছাত্রদের তো বুঝতে পারবেন না। আর সবাই ব্র্যাকে পড়ে না। ব্র্যাকের সবই ধরা যায় বড়লোক। তবে বাকিগুলো কী তাই?,প্রাইভেটের একজনকে তার সুযোগ সুবিধা ও সমস্যা জিজ্ঞেস করেন। ২ জন পাবলিকের ছাত্র প্রাইভেট নিয়ে কথা বলে😅। আপনি প্রাইভেটে শিক্ষক হতে পারেন তাই বলে ছাত্রদের তো বুঝতে পারবেন না। আর সবাই ব্র্যাকে পড়ে না। ব্র্যাকের সবই ধরা যায় বড়লোক। তবে বাকিগুলো কী তাই?,pro_private,RS
pro_private_aug_174,50,"আমার মনে হয় প্রাইভেট ইউনিভার্সিটিগুলো স্টুডেন্টদের তাদের মেজরের বাইরে বিভিন্ন ডিপার্টমেন্ট থেকে কোর্স চুজ করার সুযোগ দেয়। এটা একটা ফ্যাক্টর যা ডে 1 থেকে স্টুডেন্টদের পার্সপেক্টিভ ব্রডেন করে তাদের পথ নেভিগেট করতে এবং অপরচুনিটি এক্সপ্লোর করতে। তবে, পাবলিক ইউনিভার্সিটির স্টুডেন্টরা রিগোরাস সিলেকশন প্রসেসের মাধ্যমে সিলেক্টেড হয়, যা ইনহেরেন্টলি এক ব্রাঞ্চ অফ স্টুডেন্টসকে পুল করে যারা যেকোনো সাপোর্ট সিস্টেমে তাদের স্কিল নারচার করতে পারে। প্রাইভেটে অ্যানথ্রোপোলজি, সোসিওলজির মতো আনকনভেনশনাল সাবজেক্টস পড়া কেউ র‍্যাশনালি ইনফর্মড চয়েস করে প্যাশন থেকে, এবং 3.5 বছরের আউটপুট লাইকলি মাচ হায়ার দ্যান পাবলিকে লটারি অফ লাক দিয়ে ইমপোজড কেউ।","এটা একটা ফ্যাক্টর যা ডে 1 থেকে স্টুডেন্টদের পার্সপেক্টিভ ব্রডেন করে তাদের পথ নেভিগেট করতে এবং অপরচুনিটি এক্সপ্লোর করতে। আমার মনে হয় প্রাইভেট ইউনিভার্সিটিগুলো স্টুডেন্টদের তাদের মেজরের বাইরে বিভিন্ন ডিপার্টমেন্ট থেকে কোর্স চুজ করার সুযোগ দেয়। তবে, পাবলিক ইউনিভার্সিটির স্টুডেন্টরা রিগোরাস সিলেকশন প্রসেসের মাধ্যমে সিলেক্টেড হয়, যা ইনহেরেন্টলি এক ব্রাঞ্চ অফ স্টুডেন্টসকে পুল করে যারা যেকোনো সাপোর্ট সিস্টেমে তাদের স্কিল নারচার করতে পারে। প্রাইভেটে অ্যানথ্রোপোলজি, সোসিওলজির মতো আনকনভেনশনাল সাবজেক্টস পড়া কেউ র‍্যাশনালি ইনফর্মড চয়েস করে প্যাশন থেকে, এবং 3.5 বছরের আউটপুট লাইকলি মাচ হায়ার দ্যান পাবলিকে লটারি অফ লাক দিয়ে ইমপোজড কেউ।",pro_private,RS
pro_private_aug_175,53,"হ্যায় আর ওই কম্পিটিশন পার করে কি হয়েছে, আবরার ফাহাদ ভাইয়াও চান্স পেয়ে বুয়েটে ঢুকেছিল ওনাকে যারা মারছে তারাও চান্স পেয়ে ঢুকেছিল...ওয়ান গট কিল্ড অ্যান্ড দ্য অদার্স বিকেম কিলার্স। ডিউতে তো বললাম ও না লীগের পোলাপান যারা সবাই চান্স পেয়েই তো ঢুকেছে, চান্স পাইলেই কি লাইফে সব অ্যাচিভ করে ফেলসে? এই বাংলাদেশে মানুষের পাবলিক ফেটিশটা যতদিন যাবে না পাবলিকেরই নাম নষ্ট হবে, পলিটিক্স খুনাখুনি মেয়েদেরকে হ্যারাস করা র‍্যাগিং এগুলা সব কিছু ইগনোর করা হয় জাস্ট এই বলে যে আরে চান্স পেয়ে দেখান, ওরা তো পাবলিকে পড়ে ভালো স্টুডেন্ট, ভালো স্টুডেন্ট আর ভালো মানুষের মধ্যে ডিফারেন্স আছে এটা যতদিন বুঝবে না ততদিন পাবলিকেরই কোয়ালিটি ড্রপ করবে কজ তারা এভরি অদার প্রবলেম ইগনোর করে জাস্ট ফোকাসিং কতো ট্যালেন্টেড মানুষ ঢুকসে অ্যাডমিশন টেস্টে।","আবরার ফাহাদ ভাইয়াও চান্স পেয়ে বুয়েটে ঢুকেছিল ওনাকে যারা মারছে তারাও চান্স পেয়ে ঢুকেছিল...ওয়ান গট কিল্ড অ্যান্ড দ্য অদার্স বিকেম কিলার্স। হ্যায় আর ওই কম্পিটিশন পার করে কি হয়েছে, ডিউতে তো বললাম ও না লীগের পোলাপান যারা সবাই চান্স পেয়েই তো ঢুকেছে, চান্স পাইলেই কি লাইফে সব অ্যাচিভ করে ফেলসে? এই বাংলাদেশে মানুষের পাবলিক ফেটিশটা যতদিন যাবে না পাবলিকেরই নাম নষ্ট হবে, পলিটিক্স খুনাখুনি মেয়েদেরকে হ্যারাস করা র‍্যাগিং এগুলা সব কিছু ইগনোর করা হয় জাস্ট এই বলে যে আরে চান্স পেয়ে দেখান, ওরা তো পাবলিকে পড়ে ভালো স্টুডেন্ট, ভালো স্টুডেন্ট আর ভালো মানুষের মধ্যে ডিফারেন্স আছে এটা যতদিন বুঝবে না ততদিন পাবলিকেরই কোয়ালিটি ড্রপ করবে কজ তারা এভরি অদার প্রবলেম ইগনোর করে জাস্ট ফোকাসিং কতো ট্যালেন্টেড মানুষ ঢুকসে অ্যাডমিশন টেস্টে।",pro_private,RS
pro_private_aug_176,57,"ইয়াহ বাট রিমাইন্ড দ্য ওয়ার্ড ""অনেকে"" সবাই না, অনেক প্রাইভেট ইউনিভার্সিটির সাবজেক্ট টপ পাবলিক ইউনিভার্সিটিগুলোর থেকে ভালো... তখন অনেকেই এগুলোয়ে ডাইরেক্ট ভর্তি হয়... অ্যাজ অ্যান এক্সাম্পল, আমি 23-24 সেশনে আইইউবিতে ইইই নিয়ে ভর্তি হইসি কোনো অ্যাডমিশন দেই নাই।","অনেক প্রাইভেট ইউনিভার্সিটির সাবজেক্ট টপ পাবলিক ইউনিভার্সিটিগুলোর থেকে ভালো... তখন অনেকেই এগুলোয়ে ডাইরেক্ট ভর্তি হয়... অ্যাজ অ্যান এক্সাম্পল, ইয়াহ বাট রিমাইন্ড দ্য ওয়ার্ড ""অনেকে"" সবাই না, আমি 23-24 সেশনে আইইউবিতে ইইই নিয়ে ভর্তি হইসি কোনো অ্যাডমিশন দেই নাই।",pro_private,RS
pro_private_aug_177,60,@ShawmikCanArt8 তা ঠিক অনেকেই সরাসরি প্রাইভেটে ভর্তি হয়! পাবলিকে অ্যাডমিশন দেয় না!,পাবলিকে অ্যাডমিশন দেয় না! @ShawmikCanArt8 তা ঠিক অনেকেই সরাসরি প্রাইভেটে ভর্তি হয়!,pro_private,RS
pro_private_aug_178,62,দূর বোদাই আমি পাবলিকে বায়োলজি রিলেটেড সাবজেক্ট পাইয়া প্রাইভেটে অ্যাডমিশন নিছি,বোদাই দূর আমি পাবলিকে বায়োলজি রিলেটেড সাবজেক্ট পাইয়া প্রাইভেটে অ্যাডমিশন নিছি,pro_private,RS
pro_private_aug_179,67,"কে বলল?? সাবজেক্ট ম্যাটার ব্রো,, টাকা ম্যাটার না,,, সাবজেক্ট প্রাইভেটে ইজিলি পাওয়া যায়,, কে যাবে পাবলিকে সাবজেক্ট কি না কি পাই,,","? কে বলল? সাবজেক্ট ম্যাটার ব্রো,, টাকা ম্যাটার না,,, সাবজেক্ট প্রাইভেটে ইজিলি পাওয়া যায়,, কে যাবে পাবলিকে সাবজেক্ট কি না কি পাই,,",pro_private,RS
pro_private_aug_180,69,কথাটা ভুল আবার কিছুটা ঠিক। প্রাইভেটে কয়েকটাই অ্যাডমিশন টেস্ট আছে যেটা অনেক হার্ড আইটার ডিউর থেকেও টাফ। ফর এক্সাম্পল ব্র্যাক। ব্র্যাক যেই মিডিয়ামে পড়ুক না কেনো এক্সাম অ্যান্ড ভাইভা ইংলিশে হয় এবং যেগুলাই এক্সাম হয় সেগুলা অনেক স্টুডেন্ট ট্রাই করে এবং অনেক হার্ড তো টিকা,প্রাইভেটে কয়েকটাই অ্যাডমিশন টেস্ট আছে যেটা অনেক হার্ড আইটার ডিউর থেকেও টাফ। কথাটা ভুল আবার কিছুটা ঠিক। ফর এক্সাম্পল ব্র্যাক। ব্র্যাক যেই মিডিয়ামে পড়ুক না কেনো এক্সাম অ্যান্ড ভাইভা ইংলিশে হয় এবং যেগুলাই এক্সাম হয় সেগুলা অনেক স্টুডেন্ট ট্রাই করে এবং অনেক হার্ড তো টিকা,pro_private,RS
pro_private_aug_181,76,"😂লেইম মার্কা কথা বলেন না, আইসিপিসি - বুয়েট অ্যান্ড সাস্টকে হারিয়েছে। ওয়ার্ল্ড ফাইনালিস্ট। রোভার - এভরি ইউনিকে হারিয়েছে। ডুবুরি - নো কম্পিটিশন ইন বাংলাদেশ। উই আর ইমপ্রুভিং ইন এভরি সেক্টরস। আওয়ার অ্যালামনাই - ইফ বুয়েট হ্যাজ 6 পিপল ইন অ্যা কোম্পানি উই হ্যাভ 3,4 দেয়ার। আওয়ার নেটওয়ার্ক - 0। দ্যাটস দ্যা ওনলি ইস্যু। ল্যাব ফ্যাসিলিটিজ - বেটার ইন সাম অ্যাসপেক্টস। ক্লাসরুম ফ্যাসিলিটিজ অ্যান্ড আদার ক্যাম্পাস ফ্যাসিলিটিজ - টপ নোচ। রিসেন্টলি ব্র্যাক স্কুল অফ ইঞ্জিনিয়ারিং কোলাবরেশন উইথ বিএসআরএম অ্যান্ড চেইঞ্জ দ্যা নেম বিএসআরএম স্কুল অফ ইঞ্জিনিয়ারিং। সাউন্ডস ওয়ার্ড বাট ওকে। আওয়ার সিলেকশন প্রসেস ফর সিএসই ইজ ওয়ে হার্ডার দ্যান সাম পাবলিক ইউনি","আইসিপিসি - বুয়েট অ্যান্ড সাস্টকে হারিয়েছে। 😂লেইম মার্কা কথা বলেন না, ওয়ার্ল্ড ফাইনালিস্ট। রোভার - এভরি ইউনিকে হারিয়েছে। ডুবুরি - নো কম্পিটিশন ইন বাংলাদেশ। উই আর ইমপ্রুভিং ইন এভরি সেক্টরস। আওয়ার অ্যালামনাই - ইফ বুয়েট হ্যাজ 6 পিপল ইন অ্যা কোম্পানি উই হ্যাভ 3, 4 দেয়ার। আওয়ার নেটওয়ার্ক - 0। দ্যাটস দ্যা ওনলি ইস্যু। ল্যাব ফ্যাসিলিটিজ - বেটার ইন সাম অ্যাসপেক্টস। ক্লাসরুম ফ্যাসিলিটিজ অ্যান্ড আদার ক্যাম্পাস ফ্যাসিলিটিজ - টপ নোচ। রিসেন্টলি ব্র্যাক স্কুল অফ ইঞ্জিনিয়ারিং কোলাবরেশন উইথ বিএসআরএম অ্যান্ড চেইঞ্জ দ্যা নেম বিএসআরএম স্কুল অফ ইঞ্জিনিয়ারিং। সাউন্ডস ওয়ার্ড বাট ওকে। আওয়ার সিলেকশন প্রসেস ফর সিএসই ইজ ওয়ে হার্ডার দ্যান সাম পাবলিক ইউনি",pro_private,RS
pro_private_aug_182,77,ওন ডুয়েট আইইউপিসি 2 ডেইজ অ্যাগো,ডুয়েট ওন আইইউপিসি 2 ডেইজ অ্যাগো,pro_private,RS
pro_private_aug_183,80,"রিসার্চ, গবেষণা ও উচ্চশিক্ষায় প্রাইভেট এগিয়ে","গবেষণা ও উচ্চশিক্ষায় প্রাইভেট এগিয়ে রিসার্চ,",pro_private,RS
pro_private_aug_184,87,🤣🤣এইসব ডায়ালগ আমিও এক কালে দিতাম..এখন পাবলিক আর জিএসটি'র ফালতু ভার্সিটি রেখে আইইউবি সিএসইতে আসছি ব্রুহ,ডায়ালগ 🤣🤣এইসব আমিও এক কালে দিতাম..এখন পাবলিক আর জিএসটি'র ফালতু ভার্সিটি রেখে আইইউবি সিএসইতে আসছি ব্রুহ,pro_private,RS
pro_private_aug_185,92,ভাই আমি নিজে ডিউ রিজেক্ট করেছি খোঁজ নিয়ে দেখো টপ সাবজেক্ট ছিল আমার ডিউতে,নিজে আমি ভাই ডিউ রিজেক্ট করেছি খোঁজ নিয়ে দেখো টপ সাবজেক্ট ছিল আমার ডিউতে,pro_private,RS
pro_private_aug_186,93,আমি নিজের ঢাবি রেখে ব্র্যাকে ভর্তি হয়েছি। পাবলিকে পড়াশোনা হয় যা হয় তা রাজনীতি। আর বস্তির পোলাপান পাবলিকে পড়ে। পাবলিক বিশ্ববিদ্যালয়ের পরিবেশ জঘন্য। টয়লেটের অবস্থা ল্যাব জঘন্যতম,পাবলিকে পড়াশোনা হয় যা হয় তা রাজনীতি। আমি নিজের ঢাবি রেখে ব্র্যাকে ভর্তি হয়েছি। আর বস্তির পোলাপান পাবলিকে পড়ে। পাবলিক বিশ্ববিদ্যালয়ের পরিবেশ জঘন্য। টয়লেটের অবস্থা ল্যাব জঘন্যতম,pro_private,RS
pro_private_aug_187,96,আসলে প্রাইভেটে টাইম ম্যানেজমেন্টটা ভালো.. এনভায়রনমেন্ট ভালো.. ইভেন কিছু ক্ষেত্রে পড়ার কোয়ালিটিটাও বেশ ভালো.. সো জাস্ট ফর মানি প্রাইভেটকে ছোটো করা ইজন্ট ওকে.. পড়ার মানের উপরেই আসলে যেকোনো ইনস্টিটিউট ভালো না মন্দো ডিপেন্ড করে.. আমি পাবলিকেরই স্টুডেন্ট কিন্তু আই প্রেফার প্রাইভেট ইউনিভার্সিটি ইফ ইউ হ্যাভ এনাফ মানি টু গেট ইনটু দ্যাট..,প্রাইভেটে আসলে টাইম ম্যানেজমেন্টটা ভালো.. এনভায়রনমেন্ট ভালো.. ইভেন কিছু ক্ষেত্রে পড়ার কোয়ালিটিটাও বেশ ভালো.. সো জাস্ট ফর মানি প্রাইভেটকে ছোটো করা ইজন্ট ওকে.. পড়ার মানের উপরেই আসলে যেকোনো ইনস্টিটিউট ভালো না মন্দো ডিপেন্ড করে.. আমি পাবলিকেরই স্টুডেন্ট কিন্তু আই প্রেফার প্রাইভেট ইউনিভার্সিটি ইফ ইউ হ্যাভ এনাফ মানি টু গেট ইনটু দ্যাট..,pro_private,RS
pro_private_aug_188,98,"প্রাইভেট আসলেই ভালো.. একটা এডুকেশন ফ্রেন্ডলি এনভায়রনমেন্ট প্রোভাইড করে.. নো পলিটিক্স নো কেয়োস নো কনফ্লিক্ট ইভেন 0% র‍্যাগিং.. সেশন জটও নেই.. দুইদিন পর পর মারামারি করে ক্লাস বন্ধ হল বন্ধ এসবও নাই... ক্যাম্পাস লাইফ ইজ ওনলি ফর ইন্টারঅ্যাকশন, এডুকেশন অ্যান্ড বিল্ডিং স্কিলস.. ইভেন আমার তো মনে হয় এ গ্রেড প্রাইভেট ইউনিভার্সিটিগুলো ইন্টারন্যাশনাল মানের এনভায়রনমেন্ট প্রোভাইড করে","এডুকেশন অ্যান্ড বিল্ডিং স্কিলস.. ইভেন আমার তো মনে হয় এ গ্রেড প্রাইভেট ইউনিভার্সিটিগুলো ইন্টারন্যাশনাল মানের এনভায়রনমেন্ট প্রোভাইড করে প্রাইভেট আসলেই ভালো.. একটা এডুকেশন ফ্রেন্ডলি এনভায়রনমেন্ট প্রোভাইড করে.. নো পলিটিক্স নো কেয়োস নো কনফ্লিক্ট ইভেন 0% র‍্যাগিং.. সেশন জটও নেই.. দুইদিন পর পর মারামারি করে ক্লাস বন্ধ হল বন্ধ এসবও নাই... ক্যাম্পাস লাইফ ইজ ওনলি ফর ইন্টারঅ্যাকশন,",pro_private,RS
pro_private_aug_189,99,ভাই আপনার কথার সাথে এক মত হতে পারলাম না... আমি আগেই বলি নাই প্রাইভেটের সাপোর্ট করতাছি না বা পাবলিককে নিচু করতাছি না... সিম্পল কোশ্চন আনএমপ্লয়মেন্ট রেট কতো এটা জানেন? মেধার বিকাশ হলে এতো আনএমপ্লয়মেন্ট হতো না... প্রাইভেটের চেয়ে পাবলিকে বেশি..,মেধার বিকাশ হলে এতো আনএমপ্লয়মেন্ট হতো না... প্রাইভেটের চেয়ে পাবলিকে বেশি.. ভাই আপনার কথার সাথে এক মত হতে পারলাম না... আমি আগেই বলি নাই প্রাইভেটের সাপোর্ট করতাছি না বা পাবলিককে নিচু করতাছি না... সিম্পল কোশ্চন আনএমপ্লয়মেন্ট রেট কতো এটা জানেন?,pro_private,RS
pro_private_aug_190,101,"@samitalhalut1521 বিকজ যারা প্রাইভেটে পড়ে তাদের ফ্যামিলি বেশিরভাগ বড়লোক, চাকরি না পাইলে বিজনেস (স্টার্ট-আপ) করে, পাবলিকের স্টুডেন্টরা করে না, সুযোগ নাই। আপনি নিজে এটা জেনেও ফালতু কথা বললেন 🥱🥱","চাকরি না পাইলে বিজনেস (স্টার্ট-আপ) করে, @samitalhalut1521 বিকজ যারা প্রাইভেটে পড়ে তাদের ফ্যামিলি বেশিরভাগ বড়লোক, পাবলিকের স্টুডেন্টরা করে না, সুযোগ নাই। আপনি নিজে এটা জেনেও ফালতু কথা বললেন 🥱🥱",pro_private,RS
pro_private_aug_191,103,শুধু চান্স পাওয়া পর্যন্ত বেস্ট কিন্তু অন্য সব দিকের কথা চিন্তা করলে প্রাইভেটে ভালো।,শুধু পাওয়া চান্স পর্যন্ত বেস্ট কিন্তু অন্য সব দিকের কথা চিন্তা করলে প্রাইভেটে ভালো।,pro_private,RS
pro_private_aug_192,104,"এটা অবভিয়াসলি ট্রু, প্রাইভেটে পড়তেছে যারা মোর অর লেস পাবলিকে ফেইলিওর, কিন্তু প্রাইভেটে যারা টপার লেভেল সিজি নিয়ে বের হয়; 4 বছর পর ওই পাবলিক প্রাইভেটের ডিফারেন্সটা থাকে না, পাবলিকিয়ানরা একটা জায়গা অবভিয়াসলি বুস্টআপ পায় সেটা গভর্নমেন্ট এক্সামে, কারণ এই প্লেসগুলা এখনো পাবলিক ইউনি অবসেসড","প্রাইভেটে পড়তেছে যারা মোর অর লেস পাবলিকে ফেইলিওর, এটা অবভিয়াসলি ট্রু, কিন্তু প্রাইভেটে যারা টপার লেভেল সিজি নিয়ে বের হয়; 4 বছর পর ওই পাবলিক প্রাইভেটের ডিফারেন্সটা থাকে না, পাবলিকিয়ানরা একটা জায়গা অবভিয়াসলি বুস্টআপ পায় সেটা গভর্নমেন্ট এক্সামে, কারণ এই প্লেসগুলা এখনো পাবলিক ইউনি অবসেসড",pro_private,RS
pro_private_aug_193,105,@__a-yn9ny নট ট্রু। পার ইয়ার প্রাইভেট থেকে ভালো অ্যামাউন্ট অফ স্টুডেন্ট বিসিএস হইসে,পার ইয়ার প্রাইভেট থেকে ভালো অ্যামাউন্ট অফ স্টুডেন্ট বিসিএস হইসে @__a-yn9ny নট ট্রু।,pro_private,RS
pro_private_aug_194,106,"হ্যায় আর ওই কম্পিটিশন পার করে কি হয়েছে, আবরার ফাহাদ ভাইয়াও চান্স পেয়ে বুয়েটে ঢুকেছিল ওনাকে যারা মারছে তারাও চান্স পেয়ে ঢুকেছিল... ওয়ান গট কিল্ড অ্যান্ড দ্য অদার্স বিকেম কিলার্স। ডিউতে তো বললাম ও না লীগের পোলাপান যারা সবাই চান্স পেয়েই তো ঢুকেছে, চান্স পাইলেই কি লাইফে সব অ্যাচিভ করে ফেলসে? এই বাংলাদেশে মানুষের পাবলিক ফেটিশটা যতদিন যাবে না পাবলিকেরই নাম নষ্ট হবে, পলিটিক্স খুনাখুনি মেয়েদেরকে হ্যারাস করা র‍্যাগিং এগুলা সব কিছু ইগনোর করা হয় জাস্ট এই বলে যে আরে চান্স পেয়ে দেখান, ওরা তো পাবলিকে পড়ে ভালো স্টুডেন্ট, ভালো স্টুডেন্ট আর ভালো মানুষের মধ্যে ডিফারেন্স আছে এটা যতদিন বুঝবে না ততদিন পাবলিকেরই কোয়ালিটি ড্রপ করবে কজ তারা এভরি অদার প্রবলেম ইগনোর করে জাস্ট ফোকাসিং কতো ট্যালেন্টেড মানুষ ঢুকসে অ্যাডমিশন টেস্টে।","আবরার ফাহাদ ভাইয়াও চান্স পেয়ে বুয়েটে ঢুকেছিল ওনাকে যারা মারছে তারাও চান্স পেয়ে ঢুকেছিল... ওয়ান গট কিল্ড অ্যান্ড দ্য অদার্স বিকেম কিলার্স। হ্যায় আর ওই কম্পিটিশন পার করে কি হয়েছে, ডিউতে তো বললাম ও না লীগের পোলাপান যারা সবাই চান্স পেয়েই তো ঢুকেছে, চান্স পাইলেই কি লাইফে সব অ্যাচিভ করে ফেলসে? এই বাংলাদেশে মানুষের পাবলিক ফেটিশটা যতদিন যাবে না পাবলিকেরই নাম নষ্ট হবে, পলিটিক্স খুনাখুনি মেয়েদেরকে হ্যারাস করা র‍্যাগিং এগুলা সব কিছু ইগনোর করা হয় জাস্ট এই বলে যে আরে চান্স পেয়ে দেখান, ওরা তো পাবলিকে পড়ে ভালো স্টুডেন্ট, ভালো স্টুডেন্ট আর ভালো মানুষের মধ্যে ডিফারেন্স আছে এটা যতদিন বুঝবে না ততদিন পাবলিকেরই কোয়ালিটি ড্রপ করবে কজ তারা এভরি অদার প্রবলেম ইগনোর করে জাস্ট ফোকাসিং কতো ট্যালেন্টেড মানুষ ঢুকসে অ্যাডমিশন টেস্টে।",pro_private,RS
pro_private_aug_195,107,তোমার মাইরে বাপ পাবলিক পড়ে কোন বাল ফালাইবা 😂😂 দেখা যাইবো নাই 😂😂😂 লাস্টে করবা মুদি গিরি 😂 খানকিরপোলা,মাইরে তোমার বাপ পাবলিক পড়ে কোন বাল ফালাইবা 😂😂 দেখা যাইবো নাই 😂😂😂 লাস্টে করবা মুদি গিরি 😂 খানকিরপোলা,pro_private,RS
pro_private_aug_196,111,বস্তিরা পড়ে পাবলিকে 😂,পড়ে বস্তিরা পাবলিকে 😂,pro_private,RS
pro_private_aug_197,114,"জু'তে ফিজিক্স আর রু'তে ম্যাটেরিয়াল সায়েন্স ছেড়ে ব্র্যাকে সিএসসি'তে ভর্তি হইসি কজ ফিন্যানশিয়ালি মাই ফাদার ক্যান সাপোর্ট মি ভাই, যাদের মাথায় ঘিলু আছে বেপারটা বুঝবে ইজিলি","যাদের মাথায় ঘিলু আছে বেপারটা বুঝবে ইজিলি জু'তে ফিজিক্স আর রু'তে ম্যাটেরিয়াল সায়েন্স ছেড়ে ব্র্যাকে সিএসসি'তে ভর্তি হইসি কজ ফিন্যানশিয়ালি মাই ফাদার ক্যান সাপোর্ট মি ভাই,",pro_private,RS
pro_private_aug_198,121,চান্স পাইয়া বাল ফালাইয়া উল্টায় দিসে 😂😂 হোস্টেলের টয়লেট মারকা ডাল ভাত খাইয়া থাক সালা ফকিন্নির পোলাপান,পাইয়া চান্স বাল ফালাইয়া উল্টায় দিসে 😂😂 হোস্টেলের টয়লেট মারকা ডাল ভাত খাইয়া থাক সালা ফকিন্নির পোলাপান,pro_private,RS
pro_private_aug_199,123,😂পাবলিকের প্রাইভেট ইউনিভার্সিটির এনভায়রনমেন্ট দেখো... পাবলিক মানেই 🤮🤢,প্রাইভেট 😂পাবলিকের ইউনিভার্সিটির এনভায়রনমেন্ট দেখো... পাবলিক মানেই 🤮🤢,pro_private,RS
pro_private_aug_200,124,"প্রাইভেট ইউনিভার্সিটির এডুকেশন সিস্টেম, টাস্কস, এনভায়রনমেন্ট এভরিথিং ইজ বেটার টু। আলসো দ্য গ্রাজুয়েশন টাইম ইজ আপটু","টাস্কস, প্রাইভেট ইউনিভার্সিটির এডুকেশন সিস্টেম, এনভায়রনমেন্ট এভরিথিং ইজ বেটার টু। আলসো দ্য গ্রাজুয়েশন টাইম ইজ আপটু",pro_private,RS
pro_private_aug_201,126,অ্যাজ অ্যা স্টুডেন্ট অফ প্রাইভেট ইউনিভার্সিটি দিস ইজ দ্যা মোস্ট রাইট এক্সপ্ল্যানেশন আই হ্যাভ ফাউন্ড অন ইন্টারনেট 🥰🥰🥰,অ্যা অ্যাজ স্টুডেন্ট অফ প্রাইভেট ইউনিভার্সিটি দিস ইজ দ্যা মোস্ট রাইট এক্সপ্ল্যানেশন আই হ্যাভ ফাউন্ড অন ইন্টারনেট 🥰🥰🥰,pro_private,RS
pro_private_aug_202,134,এইদিক থেকে আমার মনে হয় প্রাইভেট ইউনিভার্সিটি স্টুডেন্টস দিন দিন এগিয়ে যাচ্ছে... তারা রিস্ক নিচ্ছে.. বাইরে যাচ্ছে... ব্র্যাক থেকে পড়ে নাসাতে গেছে.. মিস্ট থেকে পড়ে আমেরিকান এয়ার ইঞ্জিনিয়ার হচ্ছে.. পাবলিক থেকে যে হয় না তা বলছি না.. কিন্তু পাবলিক থেকে বের হয়ে স্টুডেন্টরা কেবল সরকারি চাকরি করতে চায়... বিদেশেও সরকারি চাকরি করতে চায়...,মনে থেকে আমার এইদিক হয় প্রাইভেট ইউনিভার্সিটি স্টুডেন্টস দিন দিন এগিয়ে যাচ্ছে... তারা রিস্ক নিচ্ছে.. বাইরে যাচ্ছে... ব্র্যাক থেকে পড়ে নাসাতে গেছে.. মিস্ট থেকে পড়ে আমেরিকান এয়ার ইঞ্জিনিয়ার হচ্ছে.. পাবলিক থেকে যে হয় না তা বলছি না.. কিন্তু পাবলিক থেকে বের হয়ে স্টুডেন্টরা কেবল সরকারি চাকরি করতে চায়... বিদেশেও সরকারি চাকরি করতে চায়...,pro_private,RS
pro_private_aug_203,143,এটাই তো ঠিক আছে তারা দেশের বাইরে যাবে উন্নত লাইফ গড়বে। কি দরকার দেশে সরকারি চাকরি করে দুর্নীতি করা।,কি দরকার দেশে সরকারি চাকরি করে দুর্নীতি করা। এটাই তো ঠিক আছে তারা দেশের বাইরে যাবে উন্নত লাইফ গড়বে।,pro_private,RS
pro_private_aug_204,146,আর প্রাইভেটে যে তাড়াতাড়ি অনার্স শেষ হয়ে যায় ৪ বছরে আগেই একটা প্রাইভেট পড়ুয়া স্টুডেন্ট বের হয়ে যেতে পারে কিন্তু পাবলিক পারে না,প্রাইভেটে আর যে তাড়াতাড়ি অনার্স শেষ হয়ে যায় ৪ বছরে আগেই একটা প্রাইভেট পড়ুয়া স্টুডেন্ট বের হয়ে যেতে পারে কিন্তু পাবলিক পারে না,pro_private,RS
pro_private_aug_205,147,পাবলিককে আর কতো প্রোমোট করবেন পাবলিককে যত বেশি প্রোমোট করবেন ততো আপনাদের ব্যবসা ভালো,আর পাবলিককে কতো প্রোমোট করবেন পাবলিককে যত বেশি প্রোমোট করবেন ততো আপনাদের ব্যবসা ভালো,pro_private,RS
pro_private_aug_206,157,ব্রো বিসিএস হবে যখন প্রাইভেটের আলারা বিদেশ যাবে এবং 7 লাখ পার মান্থ পাবে আর তুমি 40k পার মান্থ পাবে লল,বিসিএস ব্রো হবে যখন প্রাইভেটের আলারা বিদেশ যাবে এবং 7 লাখ পার মান্থ পাবে আর তুমি 40k পার মান্থ পাবে লল,pro_private,RS
pro_private_aug_207,165,ইয়াহ্... কিন্তু জাস্ট 40k ইনকামের জন্য মেধাবিরা জীবন জৌবন শেষ করে ক্যাডার হয় তারপর দেশে দুর্নীতি করে টাকা মেরে দেয়..,জাস্ট কিন্তু ইয়াহ্... 40k ইনকামের জন্য মেধাবিরা জীবন জৌবন শেষ করে ক্যাডার হয় তারপর দেশে দুর্নীতি করে টাকা মেরে দেয়..,pro_private,RS
pro_private_aug_208,167,"তোর মতো মেধাবিরাই দেশে দুর্নীতি করে টাকা আলাদা না কারণ তারা জীবনে টাকা দেখেছে। কিন্তু তোরা টাকা দেখোস নাই তাই বিসিএস হয়ে দুর্নীতি করোস। এটা পুরা বাংলাদেশ জানে সো জাস্ট শাট আপ অ্যান্ড ডোন্ট ডিসরেসপেক্ট পিপল। ফার্স্ট চেইঞ্জ ইওর মেন্টালিটি অ্যান্ড পার্সোনালিটি। স্টপ বিয়িং অ্যা ক্রিমিনাল ফার্স্ট, দেন ট্রাই বিয়িং অ্যা হিউম্যান। যদিও তোমার মনে হতে পারে যে ""না আমি ঘুষ খাবো না"" কিন্তু রিয়েলিটি হিটস ডিফারেন্ট অ্যান্ড আই'ভ সিন পিপল লাইক ইউ ডিস্ট্রয়িং দ্যা কান্ট্রি","কিন্তু তোরা টাকা দেখোস নাই তাই বিসিএস হয়ে দুর্নীতি করোস। তোর মতো মেধাবিরাই দেশে দুর্নীতি করে টাকা আলাদা না কারণ তারা জীবনে টাকা দেখেছে। এটা পুরা বাংলাদেশ জানে সো জাস্ট শাট আপ অ্যান্ড ডোন্ট ডিসরেসপেক্ট পিপল। ফার্স্ট চেইঞ্জ ইওর মেন্টালিটি অ্যান্ড পার্সোনালিটি। স্টপ বিয়িং অ্যা ক্রিমিনাল ফার্স্ট, দেন ট্রাই বিয়িং অ্যা হিউম্যান। যদিও তোমার মনে হতে পারে যে ""না আমি ঘুষ খাবো না"" কিন্তু রিয়েলিটি হিটস ডিফারেন্ট অ্যান্ড আই'ভ সিন পিপল লাইক ইউ ডিস্ট্রয়িং দ্যা কান্ট্রি",pro_private,RS
pro_private_aug_209,169,"বিসিএস করে দুর্নীতি করার ইচ্ছা আছে??
প্রাইভেট জব এখন আগের থেকে অনেক ভালো একানেও সম্মান আসে
NawarNabil",? বিসিএস করে দুর্নীতি করার ইচ্ছা আছে? প্রাইভেট জব এখন আগের থেকে অনেক ভালো একানেও সম্মান আসে NawarNabil,pro_private,RS
pro_private_aug_210,201,নো প্রাইভেট বেটার,প্রাইভেট নো বেটার,pro_private,RS
pro_private_aug_211,203,"পাবলিক কিছু দিক দিয়ে এগিয়ে। প্রাইভেটও কিছু দিক দিয়ে এগিয়ে। পাবলিকে প্রতিযোগিতার মাধ্যমে সেরা মেধাবীরা চান্স পায়। তার মানে এই না যে বাকি স্টুডেন্টরা মেধাবী না। পড়ালেখা প্রায় সবাই করে। চেষ্টা হবাই করে। কিন্তু চান্স সবাই পায় না। কারণ টোটাল স্টুডেন্টের তুলনায় পাবলিকে সিট আছে সর্বোচ্চ ৫%। তার মানে কি বাকি ৯৫% স্টুডেন্ট খারাপ? না। পাবলিক ভার্সিটির মধ্যে ডিউ'র আইবিএ এবং বুয়েট ছাড়া আর কোনো পাবলিক কোয়ালিটি এডুকেশন দিতে পারতেছে আমাকে দেখান। পাবলিকে সেশন জটে ভরা, পলিটিক্সে ভরা, নিয়মিত ক্লাস হয় না, র‍্যাগিং। ৪ বছরের কোর্স শেষ করতে ৬ বছর লাগে। অবকাঠামোগত সমস্যা। কয়েক মাস আগেও দেখলাম নিউজে ঢাবি ও ডিএমসি'র হলে ফাটল। দেওয়াল খসে স্টুডেন্টদের আহত করে। পাবলিক ভার্সিটিগুলাকে সরকার ২ ধাপে বাজেট দেয়। টিচারদের বেতনের জন্য একটা বাজেট থাকে। অবকাঠামোগত উন্নয়নের জন্য আরেকটা বাজেট থাকে। তারপরেও যদি এই বেহাল অবস্থা হয় 😂। অন্যদিকে প্রাইভেটগুলার মূল ফান্ডিং আসে স্টুডেন্টদের টাকা থেকে। সেখানে কোনো সেশন জট নাই, পলিটিক্স নাই, র‍্যাগিং নাই, অবকাঠামো উন্নত মানের, ল্যাব, রিসার্চ সবই উন্নত মানের। আবার তারা স্কলারশিপও অফার করে। এতো এতো সুযোগ। তো টাকা তো দিতেই হবে। তারপরেও ভালো ছাত্রদের জন্য ১০০% পর্যন্ত স্কলারশিপের অফার করে থাকে তারা। আর বর্তমানে তো প্রাইভেটগুলো র‍্যাংকিংয়েও অনেক এগিয়ে অনেক পাবলিকের চেয়ে। আরেকটা কথা পাবলিকে সিট আছে ৫%। তাহলে বাকি ৯৫% স্টুডেন্টদের জন্য অবশ্যই বিকল্প হিসেবে প্রাইভেট আছে। আল্লাহ যাকে সামর্থ্য দিছে সে প্রাইভেটে পড়বে। সিম্পল.. কথাবার্তা ভেবেচিন্তে বলবেন। আল্লাহ মুখ দিসে বলে বোকাসোদার মতো কথা বলবেন না","প্রাইভেটও কিছু দিক দিয়ে এগিয়ে। পাবলিক কিছু দিক দিয়ে এগিয়ে। পাবলিকে প্রতিযোগিতার মাধ্যমে সেরা মেধাবীরা চান্স পায়। তার মানে এই না যে বাকি স্টুডেন্টরা মেধাবী না। পড়ালেখা প্রায় সবাই করে। চেষ্টা হবাই করে। কিন্তু চান্স সবাই পায় না। কারণ টোটাল স্টুডেন্টের তুলনায় পাবলিকে সিট আছে সর্বোচ্চ ৫%। তার মানে কি বাকি ৯৫% স্টুডেন্ট খারাপ? না। পাবলিক ভার্সিটির মধ্যে ডিউ'র আইবিএ এবং বুয়েট ছাড়া আর কোনো পাবলিক কোয়ালিটি এডুকেশন দিতে পারতেছে আমাকে দেখান। পাবলিকে সেশন জটে ভরা, পলিটিক্সে ভরা, নিয়মিত ক্লাস হয় না, র‍্যাগিং। ৪ বছরের কোর্স শেষ করতে ৬ বছর লাগে। অবকাঠামোগত সমস্যা। কয়েক মাস আগেও দেখলাম নিউজে ঢাবি ও ডিএমসি'র হলে ফাটল। দেওয়াল খসে স্টুডেন্টদের আহত করে। পাবলিক ভার্সিটিগুলাকে সরকার ২ ধাপে বাজেট দেয়। টিচারদের বেতনের জন্য একটা বাজেট থাকে। অবকাঠামোগত উন্নয়নের জন্য আরেকটা বাজেট থাকে। তারপরেও যদি এই বেহাল অবস্থা হয় 😂। অন্যদিকে প্রাইভেটগুলার মূল ফান্ডিং আসে স্টুডেন্টদের টাকা থেকে। সেখানে কোনো সেশন জট নাই, পলিটিক্স নাই, র‍্যাগিং নাই, অবকাঠামো উন্নত মানের, ল্যাব, রিসার্চ সবই উন্নত মানের। আবার তারা স্কলারশিপও অফার করে। এতো এতো সুযোগ। তো টাকা তো দিতেই হবে। তারপরেও ভালো ছাত্রদের জন্য ১০০% পর্যন্ত স্কলারশিপের অফার করে থাকে তারা। আর বর্তমানে তো প্রাইভেটগুলো র‍্যাংকিংয়েও অনেক এগিয়ে অনেক পাবলিকের চেয়ে। আরেকটা কথা পাবলিকে সিট আছে ৫%। তাহলে বাকি ৯৫% স্টুডেন্টদের জন্য অবশ্যই বিকল্প হিসেবে প্রাইভেট আছে। আল্লাহ যাকে সামর্থ্য দিছে সে প্রাইভেটে পড়বে। সিম্পল.. কথাবার্তা ভেবেচিন্তে বলবেন। আল্লাহ মুখ দিসে বলে বোকাসোদার মতো কথা বলবেন না",pro_private,RS
pro_private_aug_212,204,ঠিক কিন্তু আমি পাবলিক অপছন্দ করি। পাবলিকে সবাই গরিব ছাত্রছাত্রী পড়ে।,পাবলিকে সবাই গরিব ছাত্রছাত্রী পড়ে। ঠিক কিন্তু আমি পাবলিক অপছন্দ করি।,pro_private,RS
pro_private_aug_213,216,"ডিউ, আইইউটি, বুয়েট প্রিলিতে চান্স পেয়েও প্রাইভেটে যাচ্ছি 🐸 শুধু ভালো সাবজেক্টের আশায়... তো কি বলবেন?","আইইউটি, ডিউ, বুয়েট প্রিলিতে চান্স পেয়েও প্রাইভেটে যাচ্ছি 🐸 শুধু ভালো সাবজেক্টের আশায়... তো কি বলবেন?",pro_private,RS
pro_private_aug_214,388,"ঢাকায় ফ্যাসিলিটিজ বেশি, এনএসইউ, ব্র্যাক, ইস্ট ওয়েস্ট, আইআইউবি টপ মোস্ট ইউনিভার্সিটি‼️","এনএসইউ, ঢাকায় ফ্যাসিলিটিজ বেশি, ব্র্যাক, ইস্ট ওয়েস্ট, আইআইউবি টপ মোস্ট ইউনিভার্সিটি‼️",pro_private,RS
pro_private_aug_215,428,"অনার্স শেষ হয়ে যাবে পরের বছরে, আমিও প্রাইভেট বিশ্ববিদ্যালয়ে পড়তেছি, অনেক কিছু শিখেছি আর জানতে পেরেছি। ভাইয়ার কথাগুলো একদম সঠিক।","আমিও প্রাইভেট বিশ্ববিদ্যালয়ে পড়তেছি, অনার্স শেষ হয়ে যাবে পরের বছরে, অনেক কিছু শিখেছি আর জানতে পেরেছি। ভাইয়ার কথাগুলো একদম সঠিক।",pro_private,RS
pro_private_aug_216,436,জাহাঙ্গীরনগর ছেড়ে এনএসইউ 🥹,ছেড়ে জাহাঙ্গীরনগর এনএসইউ 🥹,pro_private,RS
pro_private_aug_217,438,আপনি যেটা বলছেন ফাঁকিবাজ। ফাঁকিবাজরা এনএসইউ পড়ার যোগ্য না। এত সহজ না।,ফাঁকিবাজরা এনএসইউ পড়ার যোগ্য না। আপনি যেটা বলছেন ফাঁকিবাজ। এত সহজ না।,pro_private,RS
pro_private_aug_218,462,এনএসইউ বেস্ট.. আই স্টাডি ইন এনএসইউ.. সিএসই ডিপার্টমেন্ট,বেস্ট.. এনএসইউ আই স্টাডি ইন এনএসইউ.. সিএসই ডিপার্টমেন্ট,pro_private,RS
pro_private_aug_219,473,"আমি সবসময় প্রাইভেটের কথা বলি। আমি কোনো পাবলিক বিশ্ববিদ্যালয়কে জীবনেও প্রমোট করি না।
টাকা থাকলে প্রাইভেটে যাও।",আমি কোনো পাবলিক বিশ্ববিদ্যালয়কে জীবনেও প্রমোট করি না। আমি সবসময় প্রাইভেটের কথা বলি। টাকা থাকলে প্রাইভেটে যাও।,pro_private,RS
pro_private_aug_220,478,তোমার জন্য এনএসইউও টাফ,এনএসইউও জন্য তোমার টাফ,pro_private,RS
pro_private_aug_221,483,"হ্যাঁ, একটু হার্ড, ব্র্যাকে ইজি আছে, আর আপনার এইচএসসি রেজাল্ট খারাপ হলে আইআইউবি বেস্ট","একটু হার্ড, হ্যাঁ, ব্র্যাকে ইজি আছে, আর আপনার এইচএসসি রেজাল্ট খারাপ হলে আইআইউবি বেস্ট",pro_private,RS
pro_private_aug_222,495,আইআইইউসি বেস্ট,বেস্ট আইআইইউসি,pro_private,RS
pro_private_aug_223,503,"আমি ব্যাচ ২৫ এবং রিসেন্টলি ড্যাফোডিলে অ্যাডমিশন নিয়েছি সোফটওয়্যার ইঞ্জিনিয়ারিং ডিপার্টমেন্টে। অনেস্টলি, পাবলিকে পরীক্ষা দিলে জীবনেও চান্স হইতো না (আই নো মাই পড়ালেখার অবস্থা)। কেউ যদি ট্রুলি বুঝতে পারে যে পাবলিকে পরীক্ষা দিলে হবেই না অথবা পছন্দের সাবজেক্ট আসবে না তাহলে ভাই গো ফর প্রাইভেট অ্যান্ড ডোন্ট ওয়েস্ট ইওর টাইম সিটিং ফর ডিফারেন্ট এডমিশন টেস্টস (ইফ ইউ হ্যাভ দ্যা অ্যাফোর্ডেবিলিটি)। ট্রাস্ট মি, ইউ উন্ট রিগ্রেট ইট। জাস্ট ফলো ইওর অ্যাকচুয়াল ইনস্টিংক্ট।","অনেস্টলি, আমি ব্যাচ ২৫ এবং রিসেন্টলি ড্যাফোডিলে অ্যাডমিশন নিয়েছি সোফটওয়্যার ইঞ্জিনিয়ারিং ডিপার্টমেন্টে। পাবলিকে পরীক্ষা দিলে জীবনেও চান্স হইতো না (আই নো মাই পড়ালেখার অবস্থা)। কেউ যদি ট্রুলি বুঝতে পারে যে পাবলিকে পরীক্ষা দিলে হবেই না অথবা পছন্দের সাবজেক্ট আসবে না তাহলে ভাই গো ফর প্রাইভেট অ্যান্ড ডোন্ট ওয়েস্ট ইওর টাইম সিটিং ফর ডিফারেন্ট এডমিশন টেস্টস (ইফ ইউ হ্যাভ দ্যা অ্যাফোর্ডেবিলিটি)। ট্রাস্ট মি, ইউ উন্ট রিগ্রেট ইট। জাস্ট ফলো ইওর অ্যাকচুয়াল ইনস্টিংক্ট।",pro_private,RS
pro_private_aug_224,632,আস্ট থেকে পড়েন। বেটার দ্যান অনাদার,বেটার দ্যান অনাদার আস্ট থেকে পড়েন।,pro_private,RS
pro_private_aug_225,636,"এটা বি ক্যাটাগরি ইউনিভার্সিটি।

এরা এনএসইউ, ব্র্যাক, আইআইউবি, ইস্ট ওয়েস্ট, আস্ট, আইইউবি ছাড়া কথা বলবে না","এরা এনএসইউ, এটা বি ক্যাটাগরি ইউনিভার্সিটি। ব্র্যাক, আইআইউবি, ইস্ট ওয়েস্ট, আস্ট, আইইউবি ছাড়া কথা বলবে না",pro_private,RS
pro_private_aug_226,638,এনএসইউ ব্র্যাক ইস্ট ওয়েস্ট,ব্র্যাক এনএসইউ ইস্ট ওয়েস্ট,pro_private,RS
pro_private_aug_227,669,প্রাইভেট বিশ্ববিদ্যালয়ের শিক্ষার্থীরা ক্যারিয়ার কাউন্সেলিং ও প্লেসমেন্ট সেল পায়,বিশ্ববিদ্যালয়ের প্রাইভেট শিক্ষার্থীরা ক্যারিয়ার কাউন্সেলিং ও প্লেসমেন্ট সেল পায়,pro_private,RS
pro_private_aug_228,673,প্রাইভেট বিশ্ববিদ্যালয়ের শিক্ষার্থীরা global exposure ও international internship পায়,বিশ্ববিদ্যালয়ের প্রাইভেট শিক্ষার্থীরা global exposure ও international internship পায়,pro_private,RS
pro_private_aug_229,674,পাবলিক বিশ্ববিদ্যালয়ের শিক্ষার্থীরা রাজনীতিতে সময় নষ্ট করে,বিশ্ববিদ্যালয়ের পাবলিক শিক্ষার্থীরা রাজনীতিতে সময় নষ্ট করে,pro_private,RS
pro_private_aug_230,676,পাবলিক বিশ্ববিদ্যালয়ের শিক্ষার্থীরা sports এ অবহেলিত,বিশ্ববিদ্যালয়ের পাবলিক শিক্ষার্থীরা sports এ অবহেলিত,pro_private,RS
pro_private_aug_231,681,প্রাইভেট বিশ্ববিদ্যালয়ের শিক্ষার্থীরা flexible class schedule পায়,বিশ্ববিদ্যালয়ের প্রাইভেট শিক্ষার্থীরা flexible class schedule পায়,pro_private,RS
pro_private_aug_232,685,প্রাইভেট বিশ্ববিদ্যালয়ের শিক্ষার্থীরা আধুনিক ল্যাব ও যন্ত্রপাতি ব্যবহার করে,বিশ্ববিদ্যালয়ের প্রাইভেট শিক্ষার্থীরা আধুনিক ল্যাব ও যন্ত্রপাতি ব্যবহার করে,pro_private,RS
pro_private_aug_233,686,পাবলিক বিশ্ববিদ্যালয়ের শিক্ষার্থীরা research এ সাপোর্ট কম পায়,বিশ্ববিদ্যালয়ের পাবলিক শিক্ষার্থীরা research এ সাপোর্ট কম পায়,pro_private,RS
pro_private_aug_234,688,প্রাইভেট বিশ্ববিদ্যালয়ের শিক্ষার্থীরা চাকরির বাজারে দ্রুত যোগদান করে,বিশ্ববিদ্যালয়ের প্রাইভেট শিক্ষার্থীরা চাকরির বাজারে দ্রুত যোগদান করে,pro_private,RS
pro_private_aug_235,691,ব্র্যাক বিশ্ববিদ্যালয়ের শিক্ষার্থীরা আন্তর্জাতিক প্রতিযোগিতায় সফল,বিশ্ববিদ্যালয়ের ব্র্যাক শিক্ষার্থীরা আন্তর্জাতিক প্রতিযোগিতায় সফল,pro_private,RS
pro_private_aug_236,695,পাবলিক বিশ্ববিদ্যালয়ের শিক্ষার্থীরা শুধু academic knowledge পায়,বিশ্ববিদ্যালয়ের পাবলিক শিক্ষার্থীরা শুধু academic knowledge পায়,pro_private,RS
pro_private_aug_237,698,প্রাইভেট বিশ্ববিদ্যালয়ের শিক্ষার্থীরা research ও publication এ encouragement পায়,বিশ্ববিদ্যালয়ের প্রাইভেট শিক্ষার্থীরা research ও publication এ encouragement পায়,pro_private,RS
pro_private_aug_238,702,প্রাইভেট বিশ্ববিদ্যালয়ের শিক্ষার্থীরা বিদেশে উচ্চশিক্ষায় সফল,বিশ্ববিদ্যালয়ের প্রাইভেট শিক্ষার্থীরা বিদেশে উচ্চশিক্ষায় সফল,pro_private,RS
pro_private_aug_239,715,পাবলিক বিশ্ববিদ্যালয়ে ছাত্ররাজনীতির কারণে পড়াশোনা বন্ধ থাকে,বিশ্ববিদ্যালয়ে পাবলিক ছাত্ররাজনীতির কারণে পড়াশোনা বন্ধ থাকে,pro_private,RS
pro_private_aug_240,717,প্রাইভেট বিশ্ববিদ্যালয়ের শিক্ষার্থীরা part-time job ও internship করতে পারে,বিশ্ববিদ্যালয়ের প্রাইভেট শিক্ষার্থীরা part-time job ও internship করতে পারে,pro_private,RS
pro_private_aug_241,718,প্রাইভেট বিশ্ববিদ্যালয়ের শিক্ষার্থীরা আন্তর্জাতিক সেমিনার ও ওয়ার্কশপে অংশ নেয়,বিশ্ববিদ্যালয়ের প্রাইভেট শিক্ষার্থীরা আন্তর্জাতিক সেমিনার ও ওয়ার্কশপে অংশ নেয়,pro_private,RS
pro_private_aug_242,725,প্রাইভেট বিশ্ববিদ্যালয়ের শিক্ষার্থীরা skill development ও vocational training পায়,বিশ্ববিদ্যালয়ের প্রাইভেট শিক্ষার্থীরা skill development ও vocational training পায়,pro_private,RS
pro_private_aug_243,730,পাবলিক বিশ্ববিদ্যালয়ের শিক্ষার্থীরা শুধু day program এ পড়তে পারে,বিশ্ববিদ্যালয়ের পাবলিক শিক্ষার্থীরা শুধু day program এ পড়তে পারে,pro_private,RS
pro_private_aug_244,731,পাবলিক বিশ্ববিদ্যালয়ের শিক্ষার্থীরা cultural activity তে অংশ নেয় না,বিশ্ববিদ্যালয়ের পাবলিক শিক্ষার্থীরা cultural activity তে অংশ নেয় না,pro_private,RS
pro_private_aug_245,736,প্রাইভেট বিশ্ববিদ্যালয়ের শিক্ষার্থীরা working student হিসেবে পড়াশোনা শেষ করে,বিশ্ববিদ্যালয়ের প্রাইভেট শিক্ষার্থীরা working student হিসেবে পড়াশোনা শেষ করে,pro_private,RS
pro_private_aug_246,737,প্রাইভেট বিশ্ববিদ্যালয়ের শিক্ষকরা বিদেশি বিশ্ববিদ্যালয় থেকে আসেন,বিশ্ববিদ্যালয়ের প্রাইভেট শিক্ষকরা বিদেশি বিশ্ববিদ্যালয় থেকে আসেন,pro_private,RS
pro_private_aug_247,738,পাবলিক বিশ্ববিদ্যালয়ের শিক্ষার্থীরা কমিউনিকেশন ও প্রেজেন্টেশনে দুর্বল,বিশ্ববিদ্যালয়ের পাবলিক শিক্ষার্থীরা কমিউনিকেশন ও প্রেজেন্টেশনে দুর্বল,pro_private,RS
pro_private_aug_248,740,পাবলিক বিশ্ববিদ্যালয়ের শিক্ষার্থীরা শুধু theoretical degree পায়,বিশ্ববিদ্যালয়ের পাবলিক শিক্ষার্থীরা শুধু theoretical degree পায়,pro_private,RS
pro_private_aug_249,741,"পাবলিক বিশ্ববিদ্যালয়ের শিক্ষার্থীরা চাকরি প্রত্যাশী, উদ্যোক্তা হয় না","উদ্যোক্তা হয় না পাবলিক বিশ্ববিদ্যালয়ের শিক্ষার্থীরা চাকরি প্রত্যাশী,",pro_private,RS
pro_private_aug_250,747,পাবলিক বিশ্ববিদ্যালয়ের শিক্ষার্থীরা ডিজিটাল শিক্ষার সুবিধা কম পায়,বিশ্ববিদ্যালয়ের পাবলিক শিক্ষার্থীরা ডিজিটাল শিক্ষার সুবিধা কম পায়,pro_private,RS
pro_private_aug_251,748,প্রাইভেট বিশ্ববিদ্যালয়ের শিক্ষার্থীরা আলumni নেটওয়ার্কের সুবিধা পায়,বিশ্ববিদ্যালয়ের প্রাইভেট শিক্ষার্থীরা আলumni নেটওয়ার্কের সুবিধা পায়,pro_private,RS
pro_private_aug_252,750,ইউল্যাবের মিডিয়া বিভাগের শিক্ষার্থীরা গণমাধ্যমে অনেক সফল,মিডিয়া ইউল্যাবের বিভাগের শিক্ষার্থীরা গণমাধ্যমে অনেক সফল,pro_private,RS
pro_private_aug_253,752,পাবলিক বিশ্ববিদ্যালয়ের শিক্ষার্থীরা সেশনজটে পড়ে বছরের পর বছর লাগায়,বিশ্ববিদ্যালয়ের পাবলিক শিক্ষার্থীরা সেশনজটে পড়ে বছরের পর বছর লাগায়,pro_private,RS
pro_private_aug_254,753,পাবলিক বিশ্ববিদ্যালয়ের শিক্ষার্থীরা চাকরির বাজারে পিছিয়ে থাকে,বিশ্ববিদ্যালয়ের পাবলিক শিক্ষার্থীরা চাকরির বাজারে পিছিয়ে থাকে,pro_private,RS
pro_private_aug_255,757,প্রাইভেট বিশ্ববিদ্যালয়ের শিক্ষার্থীরা professional certification ও license পায়,বিশ্ববিদ্যালয়ের প্রাইভেট শিক্ষার্থীরা professional certification ও license পায়,pro_private,RS
pro_private_aug_256,758,আমি নর্থ সাউথে পড়ে বিদেশি মানের শিক্ষা পাচ্ছি,আমি সাউথে নর্থ পড়ে বিদেশি মানের শিক্ষা পাচ্ছি,pro_private,RS
pro_private_aug_257,763,পাবলিক বিশ্ববিদ্যালয়ের শিক্ষার্থীরা scholarship সুবিধা কম পায়,বিশ্ববিদ্যালয়ের পাবলিক শিক্ষার্থীরা scholarship সুবিধা কম পায়,pro_private,RS
pro_private_aug_258,764,পাবলিক বিশ্ববিদ্যালয়ের শিক্ষার্থীরা বাংলা মাধ্যমে পড়ায় বিদেশে অসুবিধা হয়,বিশ্ববিদ্যালয়ের পাবলিক শিক্ষার্থীরা বাংলা মাধ্যমে পড়ায় বিদেশে অসুবিধা হয়,pro_private,RS
pro_private_aug_259,770,পাবলিক বিশ্ববিদ্যালয়ের শিক্ষার্থীরা fixed schedule এ আটকে থাকে,বিশ্ববিদ্যালয়ের পাবলিক শিক্ষার্থীরা fixed schedule এ আটকে থাকে,pro_private,RS
pro_private_aug_260,773,প্রাইভেট বিশ্ববিদ্যালয়ের শিক্ষার্থীরা প্রজেক্ট ও অ্যাসাইনমেন্টে বেশি শেখে,বিশ্ববিদ্যালয়ের প্রাইভেট শিক্ষার্থীরা প্রজেক্ট ও অ্যাসাইনমেন্টে বেশি শেখে,pro_private,RS
pro_private_aug_261,775,পাবলিক বিশ্ববিদ্যালয়ের শিক্ষার্থীরা পড়াশোনার চাপে job করতে পারে না,বিশ্ববিদ্যালয়ের পাবলিক শিক্ষার্থীরা পড়াশোনার চাপে job করতে পারে না,pro_private,RS
pro_private_aug_262,777,প্রাইভেট বিশ্ববিদ্যালয়ের শিক্ষার্থীরা আধুনিক লাইব্রেরি ও অনলাইন রিসোর্স পায়,বিশ্ববিদ্যালয়ের প্রাইভেট শিক্ষার্থীরা আধুনিক লাইব্রেরি ও অনলাইন রিসোর্স পায়,pro_private,RS
pro_private_aug_263,782,ইউল্যাবের ব্যবসায় শিক্ষা অনেক বাস্তবসম্মত,ব্যবসায় ইউল্যাবের শিক্ষা অনেক বাস্তবসম্মত,pro_private,RS
pro_private_aug_264,783,প্রাইভেট বিশ্ববিদ্যালয়ের শিক্ষার্থীরা ইংরেজি মাধ্যমে পড়ায় বিদেশে সুবিধা পায়,বিশ্ববিদ্যালয়ের প্রাইভেট শিক্ষার্থীরা ইংরেজি মাধ্যমে পড়ায় বিদেশে সুবিধা পায়,pro_private,RS
pro_private_aug_265,785,পাবলিক বিশ্ববিদ্যালয়ের শিক্ষার্থীরা domestic exposure এ সীমাবদ্ধ,বিশ্ববিদ্যালয়ের পাবলিক শিক্ষার্থীরা domestic exposure এ সীমাবদ্ধ,pro_private,RS
pro_private_aug_266,788,প্রাইভেট বিশ্ববিদ্যালয়ের শিক্ষার্থীরা cultural event ও club activity তে অংশ নেয়,বিশ্ববিদ্যালয়ের প্রাইভেট শিক্ষার্থীরা cultural event ও club activity তে অংশ নেয়,pro_private,RS
pro_private_aug_267,789,প্রাইভেট বিশ্ববিদ্যালয়ের শিক্ষার্থীরা evening ও weekend program এ পড়তে পারে,বিশ্ববিদ্যালয়ের প্রাইভেট শিক্ষার্থীরা evening ও weekend program এ পড়তে পারে,pro_private,RS
pro_private_aug_268,790,পাবলিক বিশ্ববিদ্যালয়ের শিক্ষার্থীরা academic event এ যেতে পারে না,বিশ্ববিদ্যালয়ের পাবলিক শিক্ষার্থীরা academic event এ যেতে পারে না,pro_private,RS
pro_private_aug_269,791,"পাবলিক বিশ্ববিদ্যালয়ের শিক্ষার্থীরা বছরে একবার পরীক্ষা দেয়, মূল্যায়ন কম","মূল্যায়ন কম পাবলিক বিশ্ববিদ্যালয়ের শিক্ষার্থীরা বছরে একবার পরীক্ষা দেয়,",pro_private,RS
pro_private_aug_270,794,প্রাইভেট বিশ্ববিদ্যালয়ের শিক্ষার্থীরা কমিউনিকেশন স্কিলে অনেক এগিয়ে,বিশ্ববিদ্যালয়ের প্রাইভেট শিক্ষার্থীরা কমিউনিকেশন স্কিলে অনেক এগিয়ে,pro_private,RS
pro_private_aug_271,795,পাবলিক বিশ্ববিদ্যালয়ের শিক্ষার্থীরা professional certification এর সুযোগ কম পায়,বিশ্ববিদ্যালয়ের পাবলিক শিক্ষার্থীরা professional certification এর সুযোগ কম পায়,pro_private,RS
pro_private_aug_272,797,পাবলিক বিশ্ববিদ্যালয়ের শিক্ষার্থীরা শিক্ষকের দেখা পায় না,বিশ্ববিদ্যালয়ের পাবলিক শিক্ষার্থীরা শিক্ষকের দেখা পায় না,pro_private,RS
pro_private_aug_273,798,এআইইউবির সিএসই বিভাগের ল্যাব অনেক আধুনিক,সিএসই এআইইউবির বিভাগের ল্যাব অনেক আধুনিক,pro_private,RS
pro_private_aug_274,799,প্রাইভেট বিশ্ববিদ্যালয়ের শিক্ষার্থীরা industry expert এর guest lecture শোনে,বিশ্ববিদ্যালয়ের প্রাইভেট শিক্ষার্থীরা industry expert এর guest lecture শোনে,pro_private,RS
pro_private_aug_275,800,প্রাইভেট বিশ্ববিদ্যালয়ের শিক্ষার্থীরা মাল্টিন্যাশনাল কোম্পানিতে চাকরি পায়,বিশ্ববিদ্যালয়ের প্রাইভেট শিক্ষার্থীরা মাল্টিন্যাশনাল কোম্পানিতে চাকরি পায়,pro_private,RS
pro_private_aug_276,803,পাবলিক বিশ্ববিদ্যালয়ের শিক্ষার্থীরা alumni সাপোর্ট পায় না,বিশ্ববিদ্যালয়ের পাবলিক শিক্ষার্থীরা alumni সাপোর্ট পায় না,pro_private,RS
pro_private_aug_277,804,প্রাইভেট বিশ্ববিদ্যালয়ের শিক্ষার্থীরা mental health ও counseling সাপোর্ট পায়,বিশ্ববিদ্যালয়ের প্রাইভেট শিক্ষার্থীরা mental health ও counseling সাপোর্ট পায়,pro_private,RS
pro_private_aug_278,805,প্রাইভেট বিশ্ববিদ্যালয়ের শিক্ষার্থীরা scholarship ও financial aid পায়,বিশ্ববিদ্যালয়ের প্রাইভেট শিক্ষার্থীরা scholarship ও financial aid পায়,pro_private,RS
pro_private_aug_279,807,"প্রাইভেট বিশ্ববিদ্যালয়ে সেশনজট নেই, নির্দিষ্ট সময়ে ডিগ্রি শেষ হয়","নির্দিষ্ট সময়ে ডিগ্রি শেষ হয় প্রাইভেট বিশ্ববিদ্যালয়ে সেশনজট নেই,",pro_private,RS
pro_private_aug_280,808,পাবলিক বিশ্ববিদ্যালয়ের শিক্ষকরা পুরনো সিলেবাস পড়ান,বিশ্ববিদ্যালয়ের পাবলিক শিক্ষকরা পুরনো সিলেবাস পড়ান,pro_private,RS
pro_private_aug_281,809,পাবলিক বিশ্ববিদ্যালয়ের শিক্ষার্থীরা mental health issue নিয়ে একা থাকে,বিশ্ববিদ্যালয়ের পাবলিক শিক্ষার্থীরা mental health issue নিয়ে একা থাকে,pro_private,RS
pro_private_aug_282,810,পাবলিক বিশ্ববিদ্যালয়ের শিক্ষার্থীরা বিদেশে ভর্তি পরীক্ষায় পাস করে না,বিশ্ববিদ্যালয়ের পাবলিক শিক্ষার্থীরা বিদেশে ভর্তি পরীক্ষায় পাস করে না,pro_private,RS
pro_private_aug_283,813,ব্র্যাক বিশ্ববিদ্যালয়ের শিক্ষার্থীরা উদ্যোক্তা হিসেবে অনেক সফল,বিশ্ববিদ্যালয়ের ব্র্যাক শিক্ষার্থীরা উদ্যোক্তা হিসেবে অনেক সফল,pro_private,RS
pro_private_aug_284,818,পাবলিক বিশ্ববিদ্যালয়ে ভর্তি হতে বছরের পর বছর কোচিং করতে হয়,বিশ্ববিদ্যালয়ে পাবলিক ভর্তি হতে বছরের পর বছর কোচিং করতে হয়,pro_private,RS
pro_private_aug_285,820,প্রাইভেট বিশ্ববিদ্যালয়ের শিক্ষার্থীরা entrepreneurship ও innovation hub পায়,বিশ্ববিদ্যালয়ের প্রাইভেট শিক্ষার্থীরা entrepreneurship ও innovation hub পায়,pro_private,RS
pro_private_aug_286,825,প্রাইভেট বিশ্ববিদ্যালয়ের শিক্ষার্থীরা foreign university transfer এর সুযোগ পায়,বিশ্ববিদ্যালয়ের প্রাইভেট শিক্ষার্থীরা foreign university transfer এর সুযোগ পায়,pro_private,RS
pro_private_aug_287,828,পাবলিক বিশ্ববিদ্যালয়ের শিক্ষার্থীরা নতুন কিছু উদ্ভাবনের সুযোগ পায় না,বিশ্ববিদ্যালয়ের পাবলিক শিক্ষার্থীরা নতুন কিছু উদ্ভাবনের সুযোগ পায় না,pro_private,RS
pro_private_aug_288,832,প্রাইভেট বিশ্ববিদ্যালয়ের শিক্ষার্থীরা বিদেশি শিক্ষকের কাছ থেকে শেখে,বিশ্ববিদ্যালয়ের প্রাইভেট শিক্ষার্থীরা বিদেশি শিক্ষকের কাছ থেকে শেখে,pro_private,RS
pro_private_aug_289,835,প্রাইভেট বিশ্ববিদ্যালয়ের শিক্ষার্থীরা co-curricular ও extracurricular এ সক্রিয়,বিশ্ববিদ্যালয়ের প্রাইভেট শিক্ষার্থীরা co-curricular ও extracurricular এ সক্রিয়,pro_private,RS
pro_private_aug_290,843,প্রাইভেট বিশ্ববিদ্যালয়ের শিক্ষার্থীরা শিক্ষকের সাথে সরাসরি আলোচনা করতে পারে,বিশ্ববিদ্যালয়ের প্রাইভেট শিক্ষার্থীরা শিক্ষকের সাথে সরাসরি আলোচনা করতে পারে,pro_private,RS
pro_private_aug_291,846,"পাবলিক বিশ্ববিদ্যালয়ের শিক্ষার্থীরা তাত্ত্বিক জ্ঞান বেশি, ব্যবহারিক কম","ব্যবহারিক কম পাবলিক বিশ্ববিদ্যালয়ের শিক্ষার্থীরা তাত্ত্বিক জ্ঞান বেশি,",pro_private,RS
pro_private_aug_292,851,"প্রাইভেট বিশ্ববিদ্যালয়ের শিক্ষার মান এখন অনেক উন্নত, পাবলিকের চেয়ে কম নয়","পাবলিকের চেয়ে কম নয় প্রাইভেট বিশ্ববিদ্যালয়ের শিক্ষার মান এখন অনেক উন্নত,",pro_private,RS
pro_private_aug_293,854,পাবলিক বিশ্ববিদ্যালয়ের শিক্ষার্থীরা শুধু রাজনীতিতে সক্রিয়,বিশ্ববিদ্যালয়ের পাবলিক শিক্ষার্থীরা শুধু রাজনীতিতে সক্রিয়,pro_private,RS
pro_private_aug_294,858,প্রাইভেট বিশ্ববিদ্যালয়ের শিক্ষার্থীরা ইন্ডাস্ট্রি ভিজিট ও ফিল্ড ট্রিপে যায়,বিশ্ববিদ্যালয়ের প্রাইভেট শিক্ষার্থীরা ইন্ডাস্ট্রি ভিজিট ও ফিল্ড ট্রিপে যায়,pro_private,RS
pro_private_aug_295,868,প্রাইভেট বিশ্ববিদ্যালয়ের শিক্ষার্থীরা নতুন প্রযুক্তি ও সফটওয়্যার শেখে,বিশ্ববিদ্যালয়ের প্রাইভেট শিক্ষার্থীরা নতুন প্রযুক্তি ও সফটওয়্যার শেখে,pro_private,RS
pro_private_aug_296,871,প্রাইভেট বিশ্ববিদ্যালয়ের শিক্ষার্থীরা online learning ও MOOC সুবিধা পায়,বিশ্ববিদ্যালয়ের প্রাইভেট শিক্ষার্থীরা online learning ও MOOC সুবিধা পায়,pro_private,RS
pro_private_aug_297,874,প্রাইভেট বিশ্ববিদ্যালয়ের শিক্ষার্থীরা সেমিস্টার সিস্টেমে নিয়মিত মূল্যায়িত হয়,বিশ্ববিদ্যালয়ের প্রাইভেট শিক্ষার্থীরা সেমিস্টার সিস্টেমে নিয়মিত মূল্যায়িত হয়,pro_private,RS
pro_private_aug_298,876,"পাবলিক বিশ্ববিদ্যালয়ে এক ক্লাসে শতাধিক শিক্ষার্থী, শিক্ষক মনোযোগ দিতে পারে না","শিক্ষক মনোযোগ দিতে পারে না পাবলিক বিশ্ববিদ্যালয়ে এক ক্লাসে শতাধিক শিক্ষার্থী,",pro_private,RS
pro_private_aug_299,877,প্রাইভেট বিশ্ববিদ্যালয়ের শিক্ষার্থীরা নতুন ব্যবসা ও স্টার্টআপ গড়ে,বিশ্ববিদ্যালয়ের প্রাইভেট শিক্ষার্থীরা নতুন ব্যবসা ও স্টার্টআপ গড়ে,pro_private,RS
pro_private_aug_300,885,প্রাইভেট বিশ্ববিদ্যালয়ের শিক্ষার্থীরা soft skill ও leadership training পায়,বিশ্ববিদ্যালয়ের প্রাইভেট শিক্ষার্থীরা soft skill ও leadership training পায়,pro_private,RS
pro_private_aug_301,887,পাবলিক বিশ্ববিদ্যালয়ের শিক্ষার্থীরা প্রযুক্তি ও আধুনিক জ্ঞানে পিছিয়ে,বিশ্ববিদ্যালয়ের পাবলিক শিক্ষার্থীরা প্রযুক্তি ও আধুনিক জ্ঞানে পিছিয়ে,pro_private,RS
pro_private_aug_302,890,পাবলিক বিশ্ববিদ্যালয়ের শিক্ষার্থীরা চাকরির জন্য নিজেই খোঁজে,বিশ্ববিদ্যালয়ের পাবলিক শিক্ষার্থীরা চাকরির জন্য নিজেই খোঁজে,pro_private,RS
pro_private_aug_303,893,প্রাইভেট বিশ্ববিদ্যালয়ে পড়াশোনার পরিবেশ শান্ত ও নিরাপদ,বিশ্ববিদ্যালয়ে প্রাইভেট পড়াশোনার পরিবেশ শান্ত ও নিরাপদ,pro_private,RS
pro_private_aug_304,901,পাবলিক বিশ্ববিদ্যালয়ের শিক্ষার্থীরা credit transfer এর সুযোগ কম পায়,বিশ্ববিদ্যালয়ের পাবলিক শিক্ষার্থীরা credit transfer এর সুযোগ কম পায়,pro_private,RS
pro_private_aug_305,909,পাবলিক বিশ্ববিদ্যালয়ের শিক্ষার্থীরা আন্তর্জাতিক যোগাযোগের সুযোগ কম পায়,বিশ্ববিদ্যালয়ের পাবলিক শিক্ষার্থীরা আন্তর্জাতিক যোগাযোগের সুযোগ কম পায়,pro_private,RS
pro_private_aug_306,912,পাবলিক বিশ্ববিদ্যালয়ের শিক্ষার্থীরা আন্তর্জাতিক অনুষ্ঠানে যেতে পারে না,বিশ্ববিদ্যালয়ের পাবলিক শিক্ষার্থীরা আন্তর্জাতিক অনুষ্ঠানে যেতে পারে না,pro_private,RS
pro_private_aug_307,913,প্রাইভেট বিশ্ববিদ্যালয়ের শিক্ষার্থীরা certificate ও diploma course করতে পারে,বিশ্ববিদ্যালয়ের প্রাইভেট শিক্ষার্থীরা certificate ও diploma course করতে পারে,pro_private,RS
pro_private_aug_308,917,প্রাইভেট বিশ্ববিদ্যালয়ের ক্যাম্পাস ও ক্লাসরুম অনেক আধুনিক,বিশ্ববিদ্যালয়ের প্রাইভেট ক্যাম্পাস ও ক্লাসরুম অনেক আধুনিক,pro_private,RS
pro_private_aug_309,919,পাবলিক বিশ্ববিদ্যালয়ের লাইব্রেরি পুরনো ও অপর্যাপ্ত,বিশ্ববিদ্যালয়ের পাবলিক লাইব্রেরি পুরনো ও অপর্যাপ্ত,pro_private,RS
pro_private_aug_310,921,পাবলিক বিশ্ববিদ্যালয়ের শিক্ষার্থীরা ইন্ডাস্ট্রির সাথে যোগাযোগ রাখে না,বিশ্ববিদ্যালয়ের পাবলিক শিক্ষার্থীরা ইন্ডাস্ট্রির সাথে যোগাযোগ রাখে না,pro_private,RS
pro_private_aug_311,922,"প্রাইভেট ইউনিভার্সিটির শিক্ষার্থীরা ইংরেজিতে অনেক দক্ষ, পাবলিকের ছাত্ররা নয়","পাবলিকের ছাত্ররা নয় প্রাইভেট ইউনিভার্সিটির শিক্ষার্থীরা ইংরেজিতে অনেক দক্ষ,",pro_private,RS
pro_private_aug_312,932,প্রাইভেট বিশ্ববিদ্যালয়ের শিক্ষার্থীরা conference ও symposium এ অংশ নেয়,বিশ্ববিদ্যালয়ের প্রাইভেট শিক্ষার্থীরা conference ও symposium এ অংশ নেয়,pro_private,RS
pro_private_aug_313,934,প্রাইভেট বিশ্ববিদ্যালয়ের শিক্ষার্থীরা ছোট ক্লাস সাইজের সুবিধা পায়,বিশ্ববিদ্যালয়ের প্রাইভেট শিক্ষার্থীরা ছোট ক্লাস সাইজের সুবিধা পায়,pro_private,RS
pro_private_aug_314,939,প্রাইভেট বিশ্ববিদ্যালয়ের শিক্ষার্থীরা sports ও athletics এ সুযোগ পায়,বিশ্ববিদ্যালয়ের প্রাইভেট শিক্ষার্থীরা sports ও athletics এ সুযোগ পায়,pro_private,RS
pro_private_aug_315,940,পাবলিক বিশ্ববিদ্যালয়ের শিক্ষার্থীরা শুধু traditional learning পায়,বিশ্ববিদ্যালয়ের পাবলিক শিক্ষার্থীরা শুধু traditional learning পায়,pro_private,RS
pro_private_aug_316,942,পাবলিক বিশ্ববিদ্যালয়ের শিক্ষার্থীরা শুধু full-time student হতে পারে,বিশ্ববিদ্যালয়ের পাবলিক শিক্ষার্থীরা শুধু full-time student হতে পারে,pro_private,RS
pro_private_aug_317,943,পাবলিক বিশ্ববিদ্যালয়ের শিক্ষার্থীরা শুধু নিজের শিক্ষকের কাছেই শোনে,বিশ্ববিদ্যালয়ের পাবলিক শিক্ষার্থীরা শুধু নিজের শিক্ষকের কাছেই শোনে,pro_private,RS
pro_private_aug_318,949,প্রাইভেট বিশ্ববিদ্যালয়ের শিক্ষার্থীরা বিদেশি university collaboration এর সুবিধা পায়,বিশ্ববিদ্যালয়ের প্রাইভেট শিক্ষার্থীরা বিদেশি university collaboration এর সুবিধা পায়,pro_private,RS
pro_private_aug_319,951,পাবলিক বিশ্ববিদ্যালয়ের শিক্ষার্থীরা শুধু degree program এ আটকে থাকে,বিশ্ববিদ্যালয়ের পাবলিক শিক্ষার্থীরা শুধু degree program এ আটকে থাকে,pro_private,RS
pro_private_aug_320,953,পাবলিক বিশ্ববিদ্যালয়ের ল্যাব যন্ত্রপাতি পুরনো ও অকেজো,বিশ্ববিদ্যালয়ের পাবলিক ল্যাব যন্ত্রপাতি পুরনো ও অকেজো,pro_private,RS
pro_private_aug_321,954,প্রাইভেট বিশ্ববিদ্যালয়ের শিক্ষার্থীরা ইন্ডাস্ট্রি লিংকেজ ও ইন্টার্নশিপ পায়,বিশ্ববিদ্যালয়ের প্রাইভেট শিক্ষার্থীরা ইন্ডাস্ট্রি লিংকেজ ও ইন্টার্নশিপ পায়,pro_private,RS
pro_private_aug_322,955,পাবলিক বিশ্ববিদ্যালয়ের শিক্ষার্থীরা শুধু ক্লাসরুমে বসে থাকে,বিশ্ববিদ্যালয়ের পাবলিক শিক্ষার্থীরা শুধু ক্লাসরুমে বসে থাকে,pro_private,RS
pro_private_aug_323,959,ড্যাফোডিলের আইটি বিভাগের শিক্ষার্থীরা ফ্রিল্যান্সিংয়ে অনেক উপার্জন করে,আইটি ড্যাফোডিলের বিভাগের শিক্ষার্থীরা ফ্রিল্যান্সিংয়ে অনেক উপার্জন করে,pro_private,RS
pro_private_aug_324,962,প্রাইভেট বিশ্ববিদ্যালয়ের শিক্ষার্থীরা distance learning ও blended learning সুবিধা পায়,বিশ্ববিদ্যালয়ের প্রাইভেট শিক্ষার্থীরা distance learning ও blended learning সুবিধা পায়,pro_private,RS
pro_private_aug_325,964,"আমার বড় ভাই আইইউবিতে পড়ে, তার প্রযুক্তিগত দক্ষতা দেখে অবাক হই","তার প্রযুক্তিগত দক্ষতা দেখে অবাক হই আমার বড় ভাই আইইউবিতে পড়ে,",pro_private,RS
pro_private_aug_326,966,"পাবলিক বিশ্ববিদ্যালয়ে ভর্তি হতে রাজনৈতিক সংশ্লিষ্টতা লাগে, মেধা নয়","মেধা নয় পাবলিক বিশ্ববিদ্যালয়ে ভর্তি হতে রাজনৈতিক সংশ্লিষ্টতা লাগে,",pro_private,RS
pro_private_aug_327,977,জানি না কী করতেছি। জিএসটি বাদ দিয়ে দিলাম নিজের বাসার কাছে থাকার জন্য; কাছে একটা প্রাইভেটে ভর্তি হতে চাইতেছি। আপনার কথা শুনে এখন একটু সাহস পেলাম; সবাই বলছিল আমি পাগলামি করছি।,জিএসটি বাদ দিয়ে দিলাম নিজের বাসার কাছে থাকার জন্য; কাছে একটা প্রাইভেটে ভর্তি হতে চাইতেছি। জানি না কী করতেছি। আপনার কথা শুনে এখন একটু সাহস পেলাম; সবাই বলছিল আমি পাগলামি করছি।,pro_private,RS
pro_private_aug_328,985,"এখন পরিস্থিতি পুরো উল্টো। পাবলিক বিশ্ববিদ্যালয়গুলো বিশ্বাসযোগ্যতা হারাচ্ছে, আর প্রাইভেট বিশ্ববিদ্যালয়গুলো মানসম্মত শিক্ষা ধরে রাখার জন্য যথাসাধ্য চেষ্টা করছে। আপনার টাইটেল আজকের সময়ের সঙ্গে সাংঘর্ষিক।","পাবলিক বিশ্ববিদ্যালয়গুলো বিশ্বাসযোগ্যতা হারাচ্ছে, এখন পরিস্থিতি পুরো উল্টো। আর প্রাইভেট বিশ্ববিদ্যালয়গুলো মানসম্মত শিক্ষা ধরে রাখার জন্য যথাসাধ্য চেষ্টা করছে। আপনার টাইটেল আজকের সময়ের সঙ্গে সাংঘর্ষিক।",pro_private,RS
pro_private_aug_329,993,"জিএসটি-র বেশিরভাগ বিশ্ববিদ্যালয় জীবনে ফান্ডিং পাবে না, প্রাইভেটে যান।","প্রাইভেটে যান। জিএসটি-র বেশিরভাগ বিশ্ববিদ্যালয় জীবনে ফান্ডিং পাবে না,",pro_private,RS
pro_private_aug_330,1004,"আমি প্রাইভেট বিশ্ববিদ্যালয়ে ভর্তি হওয়ার আগে একটা খারাপ কথা শুনেছিলাম—এক ভাই বলেছিল, আমি প্রাইভেট বিশ্ববিদ্যালয়ে পড়েছি দেখে আমার সার্টিফিকেট গ্রহণযোগ্যতা পাচ্ছে না। এটা শুনে মন খারাপ হয়েছিল। আপনার কথাগুলো আমার মনের সব ভুল ধারণা মুছে দিয়েছে।","আমি প্রাইভেট বিশ্ববিদ্যালয়ে পড়েছি দেখে আমার সার্টিফিকেট গ্রহণযোগ্যতা পাচ্ছে না। আমি প্রাইভেট বিশ্ববিদ্যালয়ে ভর্তি হওয়ার আগে একটা খারাপ কথা শুনেছিলাম—এক ভাই বলেছিল, এটা শুনে মন খারাপ হয়েছিল। আপনার কথাগুলো আমার মনের সব ভুল ধারণা মুছে দিয়েছে।",pro_private,RS
pro_private_aug_331,1023,চুপ থাকুন। প্রাইভেট বিশ্ববিদ্যালয়ই সেরা।,প্রাইভেট বিশ্ববিদ্যালয়ই সেরা। চুপ থাকুন।,pro_private,RS
pro_private_aug_332,1041,"প্রাইভেট বিশ্ববিদ্যালয় ভালো, কিন্তু ছাত্ররা ভালো না।","কিন্তু ছাত্ররা ভালো না। প্রাইভেট বিশ্ববিদ্যালয় ভালো,",pro_private,RS
pro_private_aug_333,1042,"প্রাইভেট বিশ্ববিদ্যালয়ে পড়াশোনা পাবলিকের চেয়েও অনেক কঠিন। তাই ব্র্যাক, NSU, EWU-এর মতো প্রাইভেট বিশ্ববিদ্যালয়ের শিক্ষার্থীরা অনেক দক্ষ হয়।","তাই ব্র্যাক, প্রাইভেট বিশ্ববিদ্যালয়ে পড়াশোনা পাবলিকের চেয়েও অনেক কঠিন। NSU, EWU-এর মতো প্রাইভেট বিশ্ববিদ্যালয়ের শিক্ষার্থীরা অনেক দক্ষ হয়।",pro_private,RS
pro_private_aug_334,1058,"কিন্তু আমি অনেক প্রাইভেট বিশ্ববিদ্যালয় দেখেছি, যেগুলো অনেক পাবলিকের চেয়েও ভালো।","যেগুলো অনেক পাবলিকের চেয়েও ভালো। কিন্তু আমি অনেক প্রাইভেট বিশ্ববিদ্যালয় দেখেছি,",pro_private,RS
pro_private_aug_335,1065,AUST-ই সেরা। ♥️,♥️ AUST-ই সেরা।,pro_private,RS
pro_private_aug_336,1066,"AUST-ই সেরা পছন্দ, কারণ এটা নিঃসন্দেহে সেরা প্রাইভেট ইঞ্জিনিয়ারিং বিশ্ববিদ্যালয়। মোটামুটি ৮ লাখ লাগবে, তবে সেমিস্টারভিত্তিক স্কলারশিপ আছে, তাই ৫–৬ লাখের মধ্যে নামানো সম্ভব।","কারণ এটা নিঃসন্দেহে সেরা প্রাইভেট ইঞ্জিনিয়ারিং বিশ্ববিদ্যালয়। AUST-ই সেরা পছন্দ, মোটামুটি ৮ লাখ লাগবে, তবে সেমিস্টারভিত্তিক স্কলারশিপ আছে, তাই ৫–৬ লাখের মধ্যে নামানো সম্ভব।",pro_private,RS
pro_private_aug_337,1074,ভগবান চাইলে প্রাইভেট বিশ্ববিদ্যালয়ে পড়েও অনেক ভালো জীবনে পৌঁছাতে পারব।,চাইলে ভগবান প্রাইভেট বিশ্ববিদ্যালয়ে পড়েও অনেক ভালো জীবনে পৌঁছাতে পারব।,pro_private,RS
pro_private_aug_338,1078,অনেক প্রাইভেট বিশ্ববিদ্যালয় থেকে পড়েও অনেকেই খুব ভালো করছে। সুতরাং পরিশ্রমী হওয়া জরুরি।,সুতরাং পরিশ্রমী হওয়া জরুরি। অনেক প্রাইভেট বিশ্ববিদ্যালয় থেকে পড়েও অনেকেই খুব ভালো করছে।,pro_private,RS
pro_private_aug_339,1108,"বেসরকারি বিশ্ববিদ্যালয়ে পড়লে যদি জীবন থেমে যায়, তাহলে অনুমোদন দেওয়াটা কি সঠিক হয়েছে?","তাহলে অনুমোদন দেওয়াটা কি সঠিক হয়েছে? বেসরকারি বিশ্ববিদ্যালয়ে পড়লে যদি জীবন থেমে যায়,",pro_private,RS
pro_private_aug_340,1127,"আমি একটি বিদেশি বিশ্ববিদ্যালয় থেকে বলছি, যেখানে শিক্ষার্থীরা BUET, DU-এর চেয়ে BRAC আর NSU-কে বেশি চেনে।","যেখানে শিক্ষার্থীরা BUET, আমি একটি বিদেশি বিশ্ববিদ্যালয় থেকে বলছি, DU-এর চেয়ে BRAC আর NSU-কে বেশি চেনে।",pro_private,RS
pro_private_aug_341,1129,"দাদাভাই, আপনার কথাগুলো শুনে আমার মনে আশা জেগেছে যে প্রাইভেট বিশ্ববিদ্যালয়ে পড়ে আমি কিছু করতে পারব। আমার জন্য আশীর্বাদ করবেন।","আপনার কথাগুলো শুনে আমার মনে আশা জেগেছে যে প্রাইভেট বিশ্ববিদ্যালয়ে পড়ে আমি কিছু করতে পারব। দাদাভাই, আমার জন্য আশীর্বাদ করবেন।",pro_private,RS
pro_private_aug_342,1140,"প্রাইভেট মানেই খারাপ নয়, তার প্রমাণ NSU।","তার প্রমাণ NSU। প্রাইভেট মানেই খারাপ নয়,",pro_private,RS
pro_private_aug_343,1150,"বাংলাদেশের যে ১১টি বিশ্ববিদ্যালয় এশিয়ান র‍্যাংকিংয়ে এসেছে, তার মধ্যে ৯টিই প্রাইভেট। প্রাইভেট বিশ্ববিদ্যালয়গুলো এভাবে এগোতে থাকলে এমন দিন দূরে নয়, যখন পাবলিক বিশ্ববিদ্যালয়গুলোকে শিক্ষার্থী খুঁজতে হবে।","তার মধ্যে ৯টিই প্রাইভেট। বাংলাদেশের যে ১১টি বিশ্ববিদ্যালয় এশিয়ান র‍্যাংকিংয়ে এসেছে, প্রাইভেট বিশ্ববিদ্যালয়গুলো এভাবে এগোতে থাকলে এমন দিন দূরে নয়, যখন পাবলিক বিশ্ববিদ্যালয়গুলোকে শিক্ষার্থী খুঁজতে হবে।",pro_private,RS
pro_private_aug_344,1156,"কাকা, আমার এক কাকা সিটি ইউনিভার্সিটিতে পড়ে ৬৫ হাজার টাকা বেতন পায়।","আমার এক কাকা সিটি ইউনিভার্সিটিতে পড়ে ৬৫ হাজার টাকা বেতন পায়। কাকা,",pro_private,RS
pro_private_aug_345,1170,NSU থেকে পড়ে আমার এক কাজিন Amazon-এ চাকরির অফার পেয়েছে।,পড়ে থেকে NSU আমার এক কাজিন Amazon-এ চাকরির অফার পেয়েছে।,pro_private,RS
pro_private_aug_346,1181,মান ও সুযোগ-সুবিধার দিক থেকে পাবলিকের চেয়ে প্রাইভেট ভার্সিটি ভালো বলে মনে করি।,ও মান সুযোগ-সুবিধার দিক থেকে পাবলিকের চেয়ে প্রাইভেট ভার্সিটি ভালো বলে মনে করি।,pro_private,RS
pro_private_aug_347,1187,ইইই বিষয়ের সাথে পদার্থ কীভাবে তুলনা করেন ভাই? অবশ্যই EEE বিভাগে পড়া এবং Green University of Bangladesh-এ পড়া অনেক ভালো হবে।,অবশ্যই EEE বিভাগে পড়া এবং Green University of Bangladesh-এ পড়া অনেক ভালো হবে। ইইই বিষয়ের সাথে পদার্থ কীভাবে তুলনা করেন ভাই?,pro_private,RS
pro_private_aug_348,1189,আপনি Asia Pacific-এ ভর্তি হন।,Asia আপনি Pacific-এ ভর্তি হন।,pro_private,RS
pro_private_aug_349,1204,"প্রাইভেট বিশ্ববিদ্যালয়ের মান জাতীয় বিশ্ববিদ্যালয়ের চেয়ে অনেক ভালো। কিছু বিশ্ববিদ্যালয়ের মান খারাপ, কিন্তু ভালো প্রাইভেট বিশ্ববিদ্যালয়ের সংখ্যা অনেক।","কিছু বিশ্ববিদ্যালয়ের মান খারাপ, প্রাইভেট বিশ্ববিদ্যালয়ের মান জাতীয় বিশ্ববিদ্যালয়ের চেয়ে অনেক ভালো। কিন্তু ভালো প্রাইভেট বিশ্ববিদ্যালয়ের সংখ্যা অনেক।",pro_private,RS
pro_private_aug_350,1206,আমি বাংলাদেশের একটি প্রাইভেট বিশ্ববিদ্যালয় থেকে ব্যাচেলর করেছি। এখন বিশ্বে শীর্ষ ২৫-এ থাকা একটি বিদেশি বিশ্ববিদ্যালয়ে পিএইচডি করছি।,এখন বিশ্বে শীর্ষ ২৫-এ থাকা একটি বিদেশি বিশ্ববিদ্যালয়ে পিএইচডি করছি। আমি বাংলাদেশের একটি প্রাইভেট বিশ্ববিদ্যালয় থেকে ব্যাচেলর করেছি।,pro_private,RS
pro_private_aug_351,1215,অশালীন গালি। আমি প্রাইভেট থেকে পাস করে লক্ষ টাকার চাকরি করি।,আমি প্রাইভেট থেকে পাস করে লক্ষ টাকার চাকরি করি। অশালীন গালি।,pro_private,RS
pro_private_aug_352,1227,"একটা বাজে heading। জীবনে success বা failure নির্ভর করে ইচ্ছাশক্তি, passion, hard work আর আল্লাহর ওপর। আমি অনেক প্রাইভেট বিশ্ববিদ্যালয়ের ছাত্রছাত্রীকে বিদেশে settled, govt holder, BCS cadre বা private sector-এ সফল হতে দেখেছি।","জীবনে success বা failure নির্ভর করে ইচ্ছাশক্তি, একটা বাজে heading। passion, hard work আর আল্লাহর ওপর। আমি অনেক প্রাইভেট বিশ্ববিদ্যালয়ের ছাত্রছাত্রীকে বিদেশে settled, govt holder, BCS cadre বা private sector-এ সফল হতে দেখেছি।",pro_private,RS
pro_private_aug_353,1231,আমি প্রাইভেট বিশ্ববিদ্যালয়ে পড়েছি। আমি এবং আমার অনেক বন্ধু এখন সরকারি ও বেসরকারি খাতে খুব ভালো অবস্থানে আছি।,আমি এবং আমার অনেক বন্ধু এখন সরকারি ও বেসরকারি খাতে খুব ভালো অবস্থানে আছি। আমি প্রাইভেট বিশ্ববিদ্যালয়ে পড়েছি।,pro_private,RS
pro_private_aug_354,1233,"সমাজ তো বটেই, অনেক কলেজ শিক্ষকও মাথায় এমন ধারণা ঢুকিয়ে দেন যে প্রাইভেটে পড়লে কোনো লাভ নেই, পাবলিকে চান্স না পেলে জীবন শেষ।","অনেক কলেজ শিক্ষকও মাথায় এমন ধারণা ঢুকিয়ে দেন যে প্রাইভেটে পড়লে কোনো লাভ নেই, সমাজ তো বটেই, পাবলিকে চান্স না পেলে জীবন শেষ।",pro_private,RS
pro_private_aug_355,1235,"আপনি তো বলছেন, প্রাইভেট থেকেও নিজের ক্যারিয়ারে সফল হওয়া যায়। এখানে যারা পড়ছে, তারাও তো বের হয়ে সফল হয়, তাই না?","প্রাইভেট থেকেও নিজের ক্যারিয়ারে সফল হওয়া যায়। আপনি তো বলছেন, এখানে যারা পড়ছে, তারাও তো বের হয়ে সফল হয়, তাই না?",pro_private,RS
pro_private_aug_356,1252,পাবলিকে পড়ে এই ফকিরদেশে শ্রমিকের মতো থাকার চেয়ে প্রাইভেটে পড়ে বিদেশে যাওয়াই শ্রেয়; জীবনও উন্নত হবে।,পড়ে পাবলিকে এই ফকিরদেশে শ্রমিকের মতো থাকার চেয়ে প্রাইভেটে পড়ে বিদেশে যাওয়াই শ্রেয়; জীবনও উন্নত হবে।,pro_private,RS
pro_private_aug_357,1253,এমন টোকাই মার্কা কথা বলে লাভ নেই। গতকাল দেখলাম BRAC Times Higher Education র‍্যাংকিংয়ে দেশে ১ নম্বরে। এটা পাবলিকগুলোর জন্য সতর্কবার্তা।,গতকাল দেখলাম BRAC Times Higher Education র‍্যাংকিংয়ে দেশে ১ নম্বরে। এমন টোকাই মার্কা কথা বলে লাভ নেই। এটা পাবলিকগুলোর জন্য সতর্কবার্তা।,pro_private,RS
pro_private_aug_358,1258,বাংলাদেশের কথা বলছেন নাকি ভারতের? ভারতে প্রাইভেটে পড়ে মানুষ Stanford-এও যায়। চিন্তা করবেন না।,ভারতে প্রাইভেটে পড়ে মানুষ Stanford-এও যায়। বাংলাদেশের কথা বলছেন নাকি ভারতের? চিন্তা করবেন না।,pro_private,RS
pro_private_aug_359,1266,প্রাইভেটের পড়াশোনার সিস্টেম পাবলিকের চেয়ে অনেক ভালো। এটা সত্যি।,এটা সত্যি। প্রাইভেটের পড়াশোনার সিস্টেম পাবলিকের চেয়ে অনেক ভালো।,pro_private,RS
pro_private_aug_360,1268,"প্রাইভেট বিশ্ববিদ্যালয় স্কলারশিপ দেয়, সেটা অর্জন করতে হয়।","সেটা অর্জন করতে হয়। প্রাইভেট বিশ্ববিদ্যালয় স্কলারশিপ দেয়,",pro_private,RS
pro_private_aug_361,1279,"পাবলিক ফালতু, BUET আর CKRUET বাদে বাকি সব ফালতু। র‍্যাগ আর সমাবেশ করতেই দিন যায়।","BUET আর CKRUET বাদে বাকি সব ফালতু। পাবলিক ফালতু, র‍্যাগ আর সমাবেশ করতেই দিন যায়।",pro_private,RS
pro_private_aug_362,1283,"এ ধরনের টোকাই মার্কা পোস্ট করে লাভ নেই। আমি ইংলিশ মিডিয়াম থেকে পড়ে প্রাইভেট বিশ্ববিদ্যালয় শেষ করে Standard Chartered Bank-এ চাকরি করছি। যার যোগ্যতা নেই, সে-ই এসবকে ফালতু বলে।","আমি ইংলিশ মিডিয়াম থেকে পড়ে প্রাইভেট বিশ্ববিদ্যালয় শেষ করে Standard Chartered Bank-এ চাকরি করছি। এ ধরনের টোকাই মার্কা পোস্ট করে লাভ নেই। যার যোগ্যতা নেই, সে-ই এসবকে ফালতু বলে।",pro_private,RS
pro_private_aug_363,1284,"সব স্যার যদি আপনার মতো একটু ভাবতেন এই প্রাইভেট বিশ্ববিদ্যালয় নিয়ে, তাহলে অনেক ভালো হতো।","তাহলে অনেক ভালো হতো। সব স্যার যদি আপনার মতো একটু ভাবতেন এই প্রাইভেট বিশ্ববিদ্যালয় নিয়ে,",pro_private,RS
pro_private_aug_364,1286,পাবলিক বিশ্ববিদ্যালয় একটা বস্তি... থুঃ।,বিশ্ববিদ্যালয় পাবলিক একটা বস্তি... থুঃ।,pro_private,RS
pro_private_aug_365,1291,বাংলাদেশের অশিক্ষিতদের বোঝানো যাবে না; তারা মনে করে পাবলিকে পড়লেই সেরা।,অশিক্ষিতদের বাংলাদেশের বোঝানো যাবে না; তারা মনে করে পাবলিকে পড়লেই সেরা।,pro_private,RS
pro_private_aug_366,1294,"আমি একটা অখ্যাত প্রাইভেট বিশ্ববিদ্যালয়ের গ্র্যাজুয়েট। এখন প্রথম শ্রেণির সরকারি চাকরি করছি। আসল বিষয় হলো নিজের dedication আর success-এর hunger, বিশ্ববিদ্যালয়ের নাম না।","এখন প্রথম শ্রেণির সরকারি চাকরি করছি। আমি একটা অখ্যাত প্রাইভেট বিশ্ববিদ্যালয়ের গ্র্যাজুয়েট। আসল বিষয় হলো নিজের dedication আর success-এর hunger, বিশ্ববিদ্যালয়ের নাম না।",pro_private,RS
pro_private_aug_367,1295,আমি একটি প্রাইভেট বিশ্ববিদ্যালয়ে পড়ছি। আমি এটা নিয়ে গর্বিত।,আমি এটা নিয়ে গর্বিত। আমি একটি প্রাইভেট বিশ্ববিদ্যালয়ে পড়ছি।,pro_private,RS
pro_private_aug_368,1297,সবাইকে বুড়ো আঙুল দেখিয়ে শিক্ষার্থীরা প্রাইভেটেই ভর্তি হবে এবং দেশের নাম উজ্জ্বল করবে—এটাই সত্যি।,বুড়ো সবাইকে আঙুল দেখিয়ে শিক্ষার্থীরা প্রাইভেটেই ভর্তি হবে এবং দেশের নাম উজ্জ্বল করবে—এটাই সত্যি।,pro_private,RS
pro_private_aug_369,1304,"১০০% একমত। এখন অনেকে BRAC, NSU, EWU থেকে মানুষকে ভালো অবস্থানে যেতে দেখে তাদের view point বদলেছে।","এখন অনেকে BRAC, ১০০% একমত। NSU, EWU থেকে মানুষকে ভালো অবস্থানে যেতে দেখে তাদের view point বদলেছে।",pro_private,RS
pro_private_aug_370,1317,"পাবলিক বিশ্ববিদ্যালয়গুলোর অবস্থা আরও খারাপ। সেশনজট, রাজনীতি—সবই আছে। চাকরির পড়ার সাথে বিশ্ববিদ্যালয়ের পড়ালেখারও মিল নেই।","সেশনজট, পাবলিক বিশ্ববিদ্যালয়গুলোর অবস্থা আরও খারাপ। রাজনীতি—সবই আছে। চাকরির পড়ার সাথে বিশ্ববিদ্যালয়ের পড়ালেখারও মিল নেই।",pro_private,RS
pro_private_aug_371,1349,"পাবলিকে চান্স পেলেই কেউ মেধাবী হয় না ভাইয়া, কারণ এখন পাবলিক admission test একটা প্রহসন ছাড়া কিছু না—BUET আর DU বাদে।","কারণ এখন পাবলিক admission test একটা প্রহসন ছাড়া কিছু না—BUET আর DU বাদে। পাবলিকে চান্স পেলেই কেউ মেধাবী হয় না ভাইয়া,",pro_private,RS
pro_private_aug_372,1354,আমি নিজেও একটি প্রাইভেট বিশ্ববিদ্যালয়ের শিক্ষার্থী এবং আমি এটা নিয়ে গর্বিত। এখানকার professionalism সত্যিই ভালো—এখন তো অনেক ক্ষেত্রে পাবলিক বিশ্ববিদ্যালয়ের চেয়েও ভালো।,এখানকার professionalism সত্যিই ভালো—এখন তো অনেক ক্ষেত্রে পাবলিক বিশ্ববিদ্যালয়ের চেয়েও ভালো। আমি নিজেও একটি প্রাইভেট বিশ্ববিদ্যালয়ের শিক্ষার্থী এবং আমি এটা নিয়ে গর্বিত।,pro_private,RS
pro_private_aug_373,1357,প্রাইভেট বিশ্ববিদ্যালয় না থাকলে সব ছেলেমেয়েরা কোথায় যাবে?,বিশ্ববিদ্যালয় প্রাইভেট না থাকলে সব ছেলেমেয়েরা কোথায় যাবে?,pro_private,RS
pro_private_aug_374,1372,"প্রাইভেটে পড়া ছেলেমেয়েরা তো বেকার থাকে না, ন্যাশনালের ছেলেমেয়েদের বেশিরভাগই বেকার।","ন্যাশনালের ছেলেমেয়েদের বেশিরভাগই বেকার। প্রাইভেটে পড়া ছেলেমেয়েরা তো বেকার থাকে না,",pro_private,RS
pro_private_aug_375,1375,"ব্রো, আমি subject-এর জন্য KUET ছেড়ে BracU-তে গেছি। বিশ্বাস করো ভাই, যতই public public বলো, একটা বয়সের পর বুঝবে private-এর ছেলেমেয়েরাও অনেক ভালো করছে।","আমি subject-এর জন্য KUET ছেড়ে BracU-তে গেছি। ব্রো, বিশ্বাস করো ভাই, যতই public public বলো, একটা বয়সের পর বুঝবে private-এর ছেলেমেয়েরাও অনেক ভালো করছে।",pro_private,RS
pro_private_aug_376,1379,"বিশ্বাস করুন, অনেক প্রাইভেট বিশ্ববিদ্যালয় আছে যেগুলো অনেক পাবলিকের চেয়েও ভালো—NSU, BRACU, AIUB, IUB, AUST, EWU। এগুলো শিক্ষার্থীদের খুব ভালোভাবে polish করে corporate-এর জন্য fit করে।","অনেক প্রাইভেট বিশ্ববিদ্যালয় আছে যেগুলো অনেক পাবলিকের চেয়েও ভালো—NSU, বিশ্বাস করুন, BRACU, AIUB, IUB, AUST, EWU। এগুলো শিক্ষার্থীদের খুব ভালোভাবে polish করে corporate-এর জন্য fit করে।",pro_private,RS
pro_private_aug_377,1380,কারণ পাবলিক বিশ্ববিদ্যালয় তোমার মতো অজ্ঞ মানুষ তৈরি করেছে।,পাবলিক কারণ বিশ্ববিদ্যালয় তোমার মতো অজ্ঞ মানুষ তৈরি করেছে।,pro_private,RS
pro_private_aug_378,1381,"আপনি কখনো NSU, BRAC, UIU, EWU-তে গেছেন?","BRAC, আপনি কখনো NSU, UIU, EWU-তে গেছেন?",pro_private,RS
pro_private_aug_379,1385,"আমি দেখেছি, সরকারি মেডিক্যাল থেকে পাস করেও অনেকে কোথাও ভালো সুযোগ না পেয়ে কম বেতনে কাজ করছে; অথচ বেসরকারি মেডিক্যাল থেকে পাস করে কেউ কেউ BCS ক্যাডার হয়ে সম্মানের সাথে চাকরি করছে।","সরকারি মেডিক্যাল থেকে পাস করেও অনেকে কোথাও ভালো সুযোগ না পেয়ে কম বেতনে কাজ করছে; অথচ বেসরকারি মেডিক্যাল থেকে পাস করে কেউ কেউ BCS ক্যাডার হয়ে সম্মানের সাথে চাকরি করছে। আমি দেখেছি,",pro_private,RS
pro_private_aug_380,1394,"ভাই ও বোনেরা, এই বাজে কথায় misguide হবেন না। আমি বাংলাদেশের একটি প্রাইভেট বিশ্ববিদ্যালয়ের ছাত্র ছিলাম, এখন USA-তে কাজ করছি। এই ধরনের ভিডিও শুধু views আর money earn করার জন্য।","এই বাজে কথায় misguide হবেন না। ভাই ও বোনেরা, আমি বাংলাদেশের একটি প্রাইভেট বিশ্ববিদ্যালয়ের ছাত্র ছিলাম, এখন USA-তে কাজ করছি। এই ধরনের ভিডিও শুধু views আর money earn করার জন্য।",pro_private,RS
pro_private_aug_381,1399,"প্রাইভেটে ভর্তি হয়েছি বলে মানুষ কত অপমান করেছে। আজ তারা কষ্টে দিন কাটায়, আর আমি দেখি।","আজ তারা কষ্টে দিন কাটায়, প্রাইভেটে ভর্তি হয়েছি বলে মানুষ কত অপমান করেছে। আর আমি দেখি।",pro_private,RS
pro_private_aug_382,1429,অশালীন গালি। প্রাইভেট বিশ্ববিদ্যালয় সম্পর্কে বাজে কথা বলো না।,প্রাইভেট বিশ্ববিদ্যালয় সম্পর্কে বাজে কথা বলো না। অশালীন গালি।,pro_private,RS
pro_private_aug_383,1450,"আমি নিজেই দ্বিতীয় সারির প্রাইভেট বিশ্ববিদ্যালয়ে পড়ে সরকারি চাকরিতে সফলভাবে কাজ করছি, এবং আমি বিশ্বাস করি নামধারী বিশ্ববিদ্যালয়ের চেয়ে self-guidance বেশি জরুরি।","এবং আমি বিশ্বাস করি নামধারী বিশ্ববিদ্যালয়ের চেয়ে self-guidance বেশি জরুরি। আমি নিজেই দ্বিতীয় সারির প্রাইভেট বিশ্ববিদ্যালয়ে পড়ে সরকারি চাকরিতে সফলভাবে কাজ করছি,",pro_private,RS
pro_private_aug_384,1455,"সরকারি বিশ্ববিদ্যালয়ের চেয়ে ফালতু আর কোনো বিশ্ববিদ্যালয় নেই। পাবলিক বিশ্ববিদ্যালয়গুলো concert, function, festival, রাজনীতি আর ragging নিয়ে ব্যস্ত থাকে; research-এও পিছিয়ে। কিন্তু private university-গুলো computer আর presentation skill ভালোভাবে শেখায়।","পাবলিক বিশ্ববিদ্যালয়গুলো concert, সরকারি বিশ্ববিদ্যালয়ের চেয়ে ফালতু আর কোনো বিশ্ববিদ্যালয় নেই। function, festival, রাজনীতি আর ragging নিয়ে ব্যস্ত থাকে; research-এও পিছিয়ে। কিন্তু private university-গুলো computer আর presentation skill ভালোভাবে শেখায়।",pro_private,RS
pro_private_aug_385,1474,"Primeasia University, Department of Pharmacy, Batch 81, Passing Year 2012। আমাদের ব্যাচের চারজন বিভিন্ন সরকারি প্রতিষ্ঠানে সরকারি কর্মকর্তা হিসেবে যোগ দিয়েছে।","Department of Pharmacy, Primeasia University, Batch 81, Passing Year 2012। আমাদের ব্যাচের চারজন বিভিন্ন সরকারি প্রতিষ্ঠানে সরকারি কর্মকর্তা হিসেবে যোগ দিয়েছে।",pro_private,RS
pro_private_aug_386,1502,"সরকারি বিশ্ববিদ্যালয়ে মোট সিট কত? প্রতি বছর যত ছাত্রছাত্রী পাস করে, তত সিট তো নেই। তাহলে যারা সরকারি বিশ্ববিদ্যালয়ে চান্স পাবে না, তারা কী করবে? সব প্রাইভেট খারাপ না; দেশের ৭০% higher education private থেকেই হয়। তাই দেখে-শুনে admit হওয়া উচিত।","প্রতি বছর যত ছাত্রছাত্রী পাস করে, সরকারি বিশ্ববিদ্যালয়ে মোট সিট কত? তত সিট তো নেই। তাহলে যারা সরকারি বিশ্ববিদ্যালয়ে চান্স পাবে না, তারা কী করবে? সব প্রাইভেট খারাপ না; দেশের ৭০% higher education private থেকেই হয়। তাই দেখে-শুনে admit হওয়া উচিত।",pro_private,RS
pro_private_aug_387,1561,"আমি ক্যাডেট কলেজ ও একটি top school-college থেকে পড়েছি, কিন্তু কোনো ভালো সরকারি বিশ্ববিদ্যালয়ে চান্স পাইনি। এখন দেশের সেরা একটি প্রাইভেট বিশ্ববিদ্যালয় থেকে graduation করছি এবং মন থেকে satisfied।","কিন্তু কোনো ভালো সরকারি বিশ্ববিদ্যালয়ে চান্স পাইনি। আমি ক্যাডেট কলেজ ও একটি top school-college থেকে পড়েছি, এখন দেশের সেরা একটি প্রাইভেট বিশ্ববিদ্যালয় থেকে graduation করছি এবং মন থেকে satisfied।",pro_private,RS
pro_private_aug_388,1571,নমস্কার স্যার। আমাদের মতো অনেকেই পরিস্থিতির কারণে সরকারি ভার্সিটিতে চান্স না পেয়ে প্রাইভেটে পড়ে। প্রাইভেটে পড়েও অনেকেই সরকারি চাকরি করছে। আমি নিজেও একজন প্রাইভেটের ইঞ্জিনিয়ারিং student; BUET-এ পড়ার ইচ্ছে ছিল।,আমাদের মতো অনেকেই পরিস্থিতির কারণে সরকারি ভার্সিটিতে চান্স না পেয়ে প্রাইভেটে পড়ে। নমস্কার স্যার। প্রাইভেটে পড়েও অনেকেই সরকারি চাকরি করছে। আমি নিজেও একজন প্রাইভেটের ইঞ্জিনিয়ারিং student; BUET-এ পড়ার ইচ্ছে ছিল।,pro_private,RS
pro_private_aug_389,1595,"ভাই, ভারত চলে যান—BUET-এর চেয়েও ভালো university আছে। তাই অত panic করার কারণ নেই।","ভারত চলে যান—BUET-এর চেয়েও ভালো university আছে। ভাই, তাই অত panic করার কারণ নেই।",pro_private,RS
pro_private_aug_390,1620,"আমার এক ভাইয়া প্রথম সারির প্রাইভেট বিশ্ববিদ্যালয় থেকে পড়েছে। তার অনেক বন্ধু BUET, KUET, CUET, RUET, DU-তে পড়েছে। তখন সবাই বলত বাবার টাকা নষ্ট করছ। কিন্তু পরিশ্রম আর passion-এর কারণে এখন তার সেই বন্ধুরাই তাকে CV forward করে দেওয়ার request করে; তাদের মধ্যে কেউ কেউ এখন তার অধীনে কাজও করে।","তার অনেক বন্ধু BUET, আমার এক ভাইয়া প্রথম সারির প্রাইভেট বিশ্ববিদ্যালয় থেকে পড়েছে। KUET, CUET, RUET, DU-তে পড়েছে। তখন সবাই বলত বাবার টাকা নষ্ট করছ। কিন্তু পরিশ্রম আর passion-এর কারণে এখন তার সেই বন্ধুরাই তাকে CV forward করে দেওয়ার request করে; তাদের মধ্যে কেউ কেউ এখন তার অধীনে কাজও করে।",pro_private,RS
pro_private_aug_391,1638,"বাংলাদেশের top private university-গুলোর lab facility (NSU, BRAC, DIU, AIUB, AUST) অনেক public varsity থেকেও ভালো। তাই passion আর skill থাকলে private থেকে ভালো কিছু করা সহজ। টাকা অনেক নেয়, সুবিধাও সে রকমই।","BRAC, বাংলাদেশের top private university-গুলোর lab facility (NSU, DIU, AIUB, AUST) অনেক public varsity থেকেও ভালো। তাই passion আর skill থাকলে private থেকে ভালো কিছু করা সহজ। টাকা অনেক নেয়, সুবিধাও সে রকমই।",pro_private,RS
pro_private_aug_392,1655,আমার ভাইয়া সাভারের Gono University-তে Biomedical Engineering পড়ত। কিছুদিন আগে Harvard-এ গেছে। রাজশাহীতে public-এ পড়া নিয়েই educational crisis বেশি।,কিছুদিন আগে Harvard-এ গেছে। আমার ভাইয়া সাভারের Gono University-তে Biomedical Engineering পড়ত। রাজশাহীতে public-এ পড়া নিয়েই educational crisis বেশি।,pro_private,RS
pro_private_aug_393,1668,"প্রাইভেট বিশ্ববিদ্যালয়ে পড়লেও যদি নিয়মিত স্কিল ডেভেলপ করা যায়, তাহলে ভালো ক্যারিয়ার গড়া সম্ভব।","তাহলে ভালো ক্যারিয়ার গড়া সম্ভব। প্রাইভেট বিশ্ববিদ্যালয়ে পড়লেও যদি নিয়মিত স্কিল ডেভেলপ করা যায়,",pro_private,RS
pro_private_aug_394,1671,"অনেকেই প্রাইভেটকে ছোট করে দেখে, কিন্তু বাস্তবে সেখান থেকেও অনেকে ভালো করছে।","কিন্তু বাস্তবে সেখান থেকেও অনেকে ভালো করছে। অনেকেই প্রাইভেটকে ছোট করে দেখে,",pro_private,RS
pro_private_aug_395,1674,"ল্যাব, প্রেজেন্টেশন আর কর্পোরেট রেডিনেসের দিক থেকে কিছু প্রাইভেট বিশ্ববিদ্যালয় বেশ শক্তিশালী।","প্রেজেন্টেশন আর কর্পোরেট রেডিনেসের দিক থেকে কিছু প্রাইভেট বিশ্ববিদ্যালয় বেশ শক্তিশালী। ল্যাব,",pro_private,RS
pro_private_aug_396,1677,"যারা ভাবে প্রাইভেট মানেই শেষ, তারা বাস্তব চাকরির বাজারটা ঠিকমতো দেখে না।","তারা বাস্তব চাকরির বাজারটা ঠিকমতো দেখে না। যারা ভাবে প্রাইভেট মানেই শেষ,",pro_private,RS
pro_private_aug_397,1679,কিছু প্রাইভেট বিশ্ববিদ্যালয়ে ইন্ডাস্ট্রি-ফোকাসড কোর্স থাকার কারণে শিক্ষার্থীরা দ্রুত কর্পোরেট জগতে মানিয়ে নিতে পারে।,প্রাইভেট কিছু বিশ্ববিদ্যালয়ে ইন্ডাস্ট্রি-ফোকাসড কোর্স থাকার কারণে শিক্ষার্থীরা দ্রুত কর্পোরেট জগতে মানিয়ে নিতে পারে।,pro_private,RS
pro_private_aug_398,1682,"অনেকের ধারণা প্রাইভেটে পড়লে কিছু হবে না, কিন্তু বাস্তবে দক্ষরা ঠিকই এগিয়ে যায়।","কিন্তু বাস্তবে দক্ষরা ঠিকই এগিয়ে যায়। অনেকের ধারণা প্রাইভেটে পড়লে কিছু হবে না,",pro_private,RS
pro_private_aug_399,1685,প্রাইভেট বিশ্ববিদ্যালয়ের কিছু বিভাগে ল্যাব সুবিধা সত্যিই চমৎকার মানের হয়ে থাকে।,বিশ্ববিদ্যালয়ের প্রাইভেট কিছু বিভাগে ল্যাব সুবিধা সত্যিই চমৎকার মানের হয়ে থাকে।,pro_private,RS
pro_private_aug_400,1688,"প্রেজেন্টেশন স্কিল, ইংরেজি চর্চা আর সফট স্কিলের জন্য কিছু প্রাইভেট বিশ্ববিদ্যালয় ভালো ভূমিকা রাখে।","ইংরেজি চর্চা আর সফট স্কিলের জন্য কিছু প্রাইভেট বিশ্ববিদ্যালয় ভালো ভূমিকা রাখে। প্রেজেন্টেশন স্কিল,",pro_private,RS
pro_private_aug_401,1691,প্রাইভেটে পড়া মানেই কম মেধাবী—এই ধারণাটা এখন আর বাস্তবতার সাথে মেলে না।,পড়া প্রাইভেটে মানেই কম মেধাবী—এই ধারণাটা এখন আর বাস্তবতার সাথে মেলে না।,pro_private,RS
pro_private_aug_402,1694,কিছু প্রাইভেট বিশ্ববিদ্যালয়ে ক্যারিয়ার সার্ভিস সেল শিক্ষার্থীদের চাকরির প্রস্তুতিতে কার্যকর সহায়তা দেয়।,প্রাইভেট কিছু বিশ্ববিদ্যালয়ে ক্যারিয়ার সার্ভিস সেল শিক্ষার্থীদের চাকরির প্রস্তুতিতে কার্যকর সহায়তা দেয়।,pro_private,RS
pro_private_aug_403,1697,শহরকেন্দ্রিক কিছু প্রাইভেট বিশ্ববিদ্যালয় ইন্টার্নশিপের সুযোগের দিক থেকে সুবিধাজনক অবস্থানে থাকে।,কিছু শহরকেন্দ্রিক প্রাইভেট বিশ্ববিদ্যালয় ইন্টার্নশিপের সুযোগের দিক থেকে সুবিধাজনক অবস্থানে থাকে।,pro_private,RS
pro_private_aug_404,1700,কর্পোরেট কালচারে মানিয়ে নেওয়ার প্রশিক্ষণ কিছু প্রাইভেট প্রতিষ্ঠানে তুলনামূলক বেশি দেখা যায়।,কালচারে কর্পোরেট মানিয়ে নেওয়ার প্রশিক্ষণ কিছু প্রাইভেট প্রতিষ্ঠানে তুলনামূলক বেশি দেখা যায়।,pro_private,RS
pro_private_aug_405,1703,"যেসব প্রাইভেট বিশ্ববিদ্যালয় নিয়মিত ক্লাস ও মূল্যায়ন নিশ্চিত করে, সেখানকার শিক্ষার্থীরা ধারাবাহিকতায় এগোয়।","সেখানকার শিক্ষার্থীরা ধারাবাহিকতায় এগোয়। যেসব প্রাইভেট বিশ্ববিদ্যালয় নিয়মিত ক্লাস ও মূল্যায়ন নিশ্চিত করে,",pro_private,RS
pro_private_aug_406,1706,কিছু প্রাইভেট বিশ্ববিদ্যালয়ের কোর্স কারিকুলাম বাজারের চাহিদা অনুযায়ী দ্রুত আপডেট হয়।,প্রাইভেট কিছু বিশ্ববিদ্যালয়ের কোর্স কারিকুলাম বাজারের চাহিদা অনুযায়ী দ্রুত আপডেট হয়।,pro_private,RS
pro_private_aug_407,1709,প্র্যাকটিক্যাল ক্লাসে গুরুত্ব দেওয়ার কারণে কিছু প্রাইভেট বিভাগের শিক্ষার্থীরা হাতে-কলমে বেশি আত্মবিশ্বাসী হয়।,ক্লাসে প্র্যাকটিক্যাল গুরুত্ব দেওয়ার কারণে কিছু প্রাইভেট বিভাগের শিক্ষার্থীরা হাতে-কলমে বেশি আত্মবিশ্বাসী হয়।,pro_private,RS
pro_private_aug_408,1712,বেসরকারি বিশ্ববিদ্যালয়ের কিছু প্রোগ্রাম বিদেশে উচ্চশিক্ষার প্রস্তুতিতে বেশ সহায়ক হতে পারে।,বিশ্ববিদ্যালয়ের বেসরকারি কিছু প্রোগ্রাম বিদেশে উচ্চশিক্ষার প্রস্তুতিতে বেশ সহায়ক হতে পারে।,pro_private,RS
pro_private_aug_409,1715,অনেক প্রাইভেট বিশ্ববিদ্যালয় ইন্ডাস্ট্রির সাথে সংযোগ রেখে শিক্ষার্থীদের প্লেসমেন্টে কাজ করে।,অনেক বিশ্ববিদ্যালয় প্রাইভেট ইন্ডাস্ট্রির সাথে সংযোগ রেখে শিক্ষার্থীদের প্লেসমেন্টে কাজ করে।,pro_private,RS
pro_private_aug_410,1718,যোগাযোগ দক্ষতা ও প্রফেশনাল আচরণের চর্চায় কিছু প্রাইভেট শিক্ষাপ্রতিষ্ঠান আলাদা নজর দেয়।,দক্ষতা যোগাযোগ ও প্রফেশনাল আচরণের চর্চায় কিছু প্রাইভেট শিক্ষাপ্রতিষ্ঠান আলাদা নজর দেয়।,pro_private,RS
pro_private_aug_411,1721,প্রাইভেটে পড়া অনেক শিক্ষার্থী স্কিল-ভিত্তিক প্রস্তুতির মাধ্যমে দ্রুত চাকরিতে ঢুকে পড়ে।,পড়া প্রাইভেটে অনেক শিক্ষার্থী স্কিল-ভিত্তিক প্রস্তুতির মাধ্যমে দ্রুত চাকরিতে ঢুকে পড়ে।,pro_private,RS
pro_private_aug_412,1724,"কিছু প্রাইভেট বিশ্ববিদ্যালয়ে অতিথি বক্তা, কর্মশালা ও নেটওয়ার্কিং সেশন বেশি আয়োজন করা হয়।","কর্মশালা ও নেটওয়ার্কিং সেশন বেশি আয়োজন করা হয়। কিছু প্রাইভেট বিশ্ববিদ্যালয়ে অতিথি বক্তা,",pro_private,RS
pro_private_aug_413,1727,ভালো মানের প্রাইভেট বিশ্ববিদ্যালয় বেছে নিতে পারলে শিক্ষার্থীরা সুসংগঠিত একাডেমিক পরিবেশ পায়।,মানের ভালো প্রাইভেট বিশ্ববিদ্যালয় বেছে নিতে পারলে শিক্ষার্থীরা সুসংগঠিত একাডেমিক পরিবেশ পায়।,pro_private,RS
pro_private_aug_414,1729,কিছু প্রাইভেট বিশ্ববিদ্যালয় শিক্ষার্থীদের ইন্টার্নশিপ খোঁজার ক্ষেত্রে সরাসরি দিকনির্দেশনা দেয়।,প্রাইভেট কিছু বিশ্ববিদ্যালয় শিক্ষার্থীদের ইন্টার্নশিপ খোঁজার ক্ষেত্রে সরাসরি দিকনির্দেশনা দেয়।,pro_private,RS
pro_private_aug_415,1732,মহানগরভিত্তিক কিছু প্রাইভেট বিশ্ববিদ্যালয়ে ইন্ডাস্ট্রি কানেকশন তুলনামূলক শক্তিশালী হয়।,কিছু মহানগরভিত্তিক প্রাইভেট বিশ্ববিদ্যালয়ে ইন্ডাস্ট্রি কানেকশন তুলনামূলক শক্তিশালী হয়।,pro_private,RS
pro_private_aug_416,1735,প্রাইভেট বিশ্ববিদ্যালয়কে ছোট করে দেখা অনেক সময় তথ্যের অভাব থেকে তৈরি হয়।,বিশ্ববিদ্যালয়কে প্রাইভেট ছোট করে দেখা অনেক সময় তথ্যের অভাব থেকে তৈরি হয়।,pro_private,RS
pro_private_aug_417,1738,কিছু প্রাইভেট ক্যাম্পাসে ছোট ব্যাচে ক্লাস হওয়ায় শিক্ষক-শিক্ষার্থীর যোগাযোগ বেশি কার্যকর হয়।,প্রাইভেট কিছু ক্যাম্পাসে ছোট ব্যাচে ক্লাস হওয়ায় শিক্ষক-শিক্ষার্থীর যোগাযোগ বেশি কার্যকর হয়।,pro_private,RS
pro_private_aug_418,1741,কিছু প্রাইভেট বিশ্ববিদ্যালয়ে CV building আর interview training আলাদাভাবে করানো হয়।,প্রাইভেট কিছু বিশ্ববিদ্যালয়ে CV building আর interview training আলাদাভাবে করানো হয়।,pro_private,RS
pro_private_aug_419,1744,ভালো private university বেছে নিতে পারলে নিয়মিত একাডেমিক মনিটরিং বড় সুবিধা দেয়।,private ভালো university বেছে নিতে পারলে নিয়মিত একাডেমিক মনিটরিং বড় সুবিধা দেয়।,pro_private,RS
pro_private_aug_420,1747,প্রাইভেট বিশ্ববিদ্যালয়ের কিছু কোর্সে project-based learning শিক্ষার্থীদের বাস্তব প্রস্তুতি বাড়ায়।,বিশ্ববিদ্যালয়ের প্রাইভেট কিছু কোর্সে project-based learning শিক্ষার্থীদের বাস্তব প্রস্তুতি বাড়ায়।,pro_private,RS
pro_private_aug_421,1750,কর্মমুখী শিক্ষা ব্যবস্থার কারণে কিছু private campus থেকে দ্রুত employability তৈরি হয়।,শিক্ষা কর্মমুখী ব্যবস্থার কারণে কিছু private campus থেকে দ্রুত employability তৈরি হয়।,pro_private,RS
pro_private_aug_422,1753,অনেক private university-তে attendance আর assessment কড়াকড়ি থাকায় শিক্ষার্থীরা track-এ থাকে।,অনেক university-তে private attendance আর assessment কড়াকড়ি থাকায় শিক্ষার্থীরা track-এ থাকে।,pro_private,RS
pro_private_aug_423,1756,কর্পোরেট exposure-এর জন্য কিছু private university নিয়মিত workshop আয়োজন করে।,exposure-এর কর্পোরেট জন্য কিছু private university নিয়মিত workshop আয়োজন করে।,pro_private,RS
pro_private_aug_424,1759,প্রাইভেট বিশ্ববিদ্যালয়ের কিছু বিভাগে course advising বেশ গুছানোভাবে পরিচালিত হয়।,বিশ্ববিদ্যালয়ের প্রাইভেট কিছু বিভাগে course advising বেশ গুছানোভাবে পরিচালিত হয়।,pro_private,RS
pro_private_aug_425,1762,ব্যস্ত নগরজীবনের মাঝেও কিছু private institution শিক্ষার্থীদের পেশাগতভাবে প্রস্তুত করে তুলছে।,নগরজীবনের ব্যস্ত মাঝেও কিছু private institution শিক্ষার্থীদের পেশাগতভাবে প্রস্তুত করে তুলছে।,pro_private,RS
pro_private_aug_426,1765,অনেক private university-তে faculty advising ব্যবস্থা শিক্ষার্থীদের সিদ্ধান্ত নিতে সাহায্য করে।,অনেক university-তে private faculty advising ব্যবস্থা শিক্ষার্থীদের সিদ্ধান্ত নিতে সাহায্য করে।,pro_private,RS
pro_private_aug_427,1768,কিছু private university শিক্ষার্থীদের presentation আর teamwork-এ শুরু থেকেই জোর দেয়।,private কিছু university শিক্ষার্থীদের presentation আর teamwork-এ শুরু থেকেই জোর দেয়।,pro_private,RS
pro_private_aug_428,1771,"সব private institution একরকম নয়, তাই ভর্তি হওয়ার আগে মান যাচাই করা জরুরি।","তাই ভর্তি হওয়ার আগে মান যাচাই করা জরুরি। সব private institution একরকম নয়,",pro_private,RS
pro_private_aug_429,1774,অনেক private campus-এ semester system-এর কারণে শিক্ষার্থীরা নিয়মিত পড়ার অভ্যাসে থাকে।,অনেক campus-এ private semester system-এর কারণে শিক্ষার্থীরা নিয়মিত পড়ার অভ্যাসে থাকে।,pro_private,RS
pro_private_aug_430,1777,"যথাযথ private university থেকে পড়লে skill, exposure আর confidence—তিনটাই একসাথে বাড়তে পারে।","exposure আর confidence—তিনটাই একসাথে বাড়তে পারে। যথাযথ private university থেকে পড়লে skill,",pro_private,RS
pro_private_aug_431,1779,কিছু প্রাইভেট বিশ্ববিদ্যালয়ে ইন্ডাস্ট্রি-লিংকড প্রজেক্টের কারণে শিক্ষার্থীরা আগে থেকেই বাস্তব কাজের অভিজ্ঞতা পায়।,প্রাইভেট কিছু বিশ্ববিদ্যালয়ে ইন্ডাস্ট্রি-লিংকড প্রজেক্টের কারণে শিক্ষার্থীরা আগে থেকেই বাস্তব কাজের অভিজ্ঞতা পায়।,pro_private,RS
pro_private_aug_432,1782,"অনেক প্রাইভেট বিশ্ববিদ্যালয় নিয়মিত ক্লাস, কুইজ আর প্রেজেন্টেশনের মাধ্যমে শিক্ষার্থীদের সক্রিয় রাখে।","কুইজ আর প্রেজেন্টেশনের মাধ্যমে শিক্ষার্থীদের সক্রিয় রাখে। অনেক প্রাইভেট বিশ্ববিদ্যালয় নিয়মিত ক্লাস,",pro_private,RS
pro_private_aug_433,1785,কিছু private campus-এ communication skill উন্নয়নে শুরু থেকেই আলাদা গুরুত্ব দেওয়া হয়।,private কিছু campus-এ communication skill উন্নয়নে শুরু থেকেই আলাদা গুরুত্ব দেওয়া হয়।,pro_private,RS
pro_private_aug_434,1788,প্রাইভেট বিশ্ববিদ্যালয়ের কিছু বিভাগে শিক্ষক-শিক্ষার্থীর সরাসরি যোগাযোগ তুলনামূলক বেশি কার্যকর হয়।,বিশ্ববিদ্যালয়ের প্রাইভেট কিছু বিভাগে শিক্ষক-শিক্ষার্থীর সরাসরি যোগাযোগ তুলনামূলক বেশি কার্যকর হয়।,pro_private,RS
pro_private_aug_435,1791,অনেক private institution-এ semester ভিত্তিক চাপ শিক্ষার্থীদের নিয়মিত পড়ায় রাখে।,অনেক institution-এ private semester ভিত্তিক চাপ শিক্ষার্থীদের নিয়মিত পড়ায় রাখে।,pro_private,RS
pro_private_aug_436,1794,"ভালো private university-তে lab, software access আর course materials বেশ গুছানো থাকতে পারে।","software access আর course materials বেশ গুছানো থাকতে পারে। ভালো private university-তে lab,",pro_private,RS
pro_private_aug_437,1797,কিছু প্রাইভেট বিশ্ববিদ্যালয় বিদেশে উচ্চশিক্ষার প্রস্তুতিতে শিক্ষার্থীদের বিশেষ সহায়তা দেয়।,প্রাইভেট কিছু বিশ্ববিদ্যালয় বিদেশে উচ্চশিক্ষার প্রস্তুতিতে শিক্ষার্থীদের বিশেষ সহায়তা দেয়।,pro_private,RS
pro_private_aug_438,1800,অনেক private campus-এ academic advising ব্যবস্থা শিক্ষার্থীদের সময়মতো সঠিক কোর্স নিতে সাহায্য করে।,অনেক campus-এ private academic advising ব্যবস্থা শিক্ষার্থীদের সময়মতো সঠিক কোর্স নিতে সাহায্য করে।,pro_private,RS
pro_private_aug_439,1803,প্রাইভেট বিশ্ববিদ্যালয়ের কিছু বিভাগে industry visit আর guest lecture শিক্ষার্থীদের বাস্তব ধারণা দেয়।,বিশ্ববিদ্যালয়ের প্রাইভেট কিছু বিভাগে industry visit আর guest lecture শিক্ষার্থীদের বাস্তব ধারণা দেয়।,pro_private,RS
pro_private_aug_440,1806,কিছু প্রাইভেট বিশ্ববিদ্যালয়ের curriculum চাকরির বাজারের চাহিদা মাথায় রেখে সাজানো হয়।,প্রাইভেট কিছু বিশ্ববিদ্যালয়ের curriculum চাকরির বাজারের চাহিদা মাথায় রেখে সাজানো হয়।,pro_private,RS
pro_private_aug_441,1809,নিয়মিত assessment-এর কারণে অনেক private university-র শিক্ষার্থীরা পড়াশোনায় পিছিয়ে পড়ার সুযোগ কম পায়।,assessment-এর নিয়মিত কারণে অনেক private university-র শিক্ষার্থীরা পড়াশোনায় পিছিয়ে পড়ার সুযোগ কম পায়।,pro_private,RS
pro_private_aug_442,1812,"সব private university এক মানের নয়, কিন্তু ভালো প্রতিষ্ঠান বেছে নিলে ফলও ভালো হতে পারে।","কিন্তু ভালো প্রতিষ্ঠান বেছে নিলে ফলও ভালো হতে পারে। সব private university এক মানের নয়,",pro_private,RS
pro_private_aug_443,1815,অনেক প্রাইভেট বিশ্ববিদ্যালয়ে class participation-এর উপর গুরুত্ব থাকায় শিক্ষার্থীরা বেশি সম্পৃক্ত থাকে।,অনেক বিশ্ববিদ্যালয়ে প্রাইভেট class participation-এর উপর গুরুত্ব থাকায় শিক্ষার্থীরা বেশি সম্পৃক্ত থাকে।,pro_private,RS
pro_private_aug_444,1818,কিছু private university-তে career fair শিক্ষার্থীদের employer-এর সঙ্গে সরাসরি পরিচিত হওয়ার সুযোগ দেয়।,private কিছু university-তে career fair শিক্ষার্থীদের employer-এর সঙ্গে সরাসরি পরিচিত হওয়ার সুযোগ দেয়।,pro_private,RS
pro_private_aug_445,1821,প্রাইভেট বিশ্ববিদ্যালয়ের কিছু প্রোগ্রাম hands-on assignment-এর মাধ্যমে শেখাকে বাস্তবমুখী করে।,বিশ্ববিদ্যালয়ের প্রাইভেট কিছু প্রোগ্রাম hands-on assignment-এর মাধ্যমে শেখাকে বাস্তবমুখী করে।,pro_private,RS
pro_private_aug_446,1824,কিছু private campus-এ mentor support থাকায় নতুন শিক্ষার্থীরা দ্রুত মানিয়ে নিতে পারে।,private কিছু campus-এ mentor support থাকায় নতুন শিক্ষার্থীরা দ্রুত মানিয়ে নিতে পারে।,pro_private,RS
pro_private_aug_447,1827,"ভালো private university শিক্ষার্থীদের skill, discipline আর professionalism—তিন দিকেই উন্নত করতে পারে।","discipline আর professionalism—তিন দিকেই উন্নত করতে পারে। ভালো private university শিক্ষার্থীদের skill,",pro_private,RS
pro_private_aug_448,1829,কিছু প্রাইভেট বিশ্ববিদ্যালয়ে ছোট class size থাকার কারণে শিক্ষকরা শিক্ষার্থীদের বেশি সময় দিতে পারেন।,প্রাইভেট কিছু বিশ্ববিদ্যালয়ে ছোট class size থাকার কারণে শিক্ষকরা শিক্ষার্থীদের বেশি সময় দিতে পারেন।,pro_private,RS
pro_private_aug_449,1832,অনেক private university-তে semester calendar বেশ নিয়মতান্ত্রিকভাবে অনুসরণ করা হয়।,অনেক university-তে private semester calendar বেশ নিয়মতান্ত্রিকভাবে অনুসরণ করা হয়।,pro_private,RS
pro_private_aug_450,1835,কিছু প্রাইভেট বিশ্ববিদ্যালয়ের কোর্সে case study আর presentation-based learning বেশি দেখা যায়।,প্রাইভেট কিছু বিশ্ববিদ্যালয়ের কোর্সে case study আর presentation-based learning বেশি দেখা যায়।,pro_private,RS
pro_private_aug_451,1838,প্রাইভেট বিশ্ববিদ্যালয়ের কিছু বিভাগে employability skill উন্নয়নে আলাদা কর্মশালা আয়োজন করা হয়।,বিশ্ববিদ্যালয়ের প্রাইভেট কিছু বিভাগে employability skill উন্নয়নে আলাদা কর্মশালা আয়োজন করা হয়।,pro_private,RS
pro_private_aug_452,1841,কিছু private campus-এ project submission আর class performance-এর ওপর জোর বেশি থাকায় শিক্ষার্থীরা ব্যস্ত থাকে।,private কিছু campus-এ project submission আর class performance-এর ওপর জোর বেশি থাকায় শিক্ষার্থীরা ব্যস্ত থাকে।,pro_private,RS
pro_private_aug_453,1844,অনেক private university-তে internship support থাকায় শিক্ষার্থীরা আগেই বাস্তব কর্মপরিবেশের স্বাদ পায়।,অনেক university-তে private internship support থাকায় শিক্ষার্থীরা আগেই বাস্তব কর্মপরিবেশের স্বাদ পায়।,pro_private,RS
pro_private_aug_454,1847,প্রাইভেট বিশ্ববিদ্যালয়ের কিছু প্রোগ্রাম skill-based assessment-এর মাধ্যমে শিক্ষার্থীদের সক্ষমতা বাড়ায়।,বিশ্ববিদ্যালয়ের প্রাইভেট কিছু প্রোগ্রাম skill-based assessment-এর মাধ্যমে শিক্ষার্থীদের সক্ষমতা বাড়ায়।,pro_private,RS
pro_private_aug_455,1850,অনেক private institution-এ corporate grooming-এর দিকে শুরু থেকেই গুরুত্ব দেওয়া হয়।,অনেক institution-এ private corporate grooming-এর দিকে শুরু থেকেই গুরুত্ব দেওয়া হয়।,pro_private,RS
pro_private_aug_456,1853,কিছু প্রাইভেট বিশ্ববিদ্যালয় alumni network ব্যবহার করে নতুন শিক্ষার্থীদের চাকরির দিকনির্দেশনা দেয়।,প্রাইভেট কিছু বিশ্ববিদ্যালয় alumni network ব্যবহার করে নতুন শিক্ষার্থীদের চাকরির দিকনির্দেশনা দেয়।,pro_private,RS
pro_private_aug_457,1856,ভালো private university-তে পড়লে professional communication-এর চর্চা দ্রুত গড়ে ওঠে।,private ভালো university-তে পড়লে professional communication-এর চর্চা দ্রুত গড়ে ওঠে।,pro_private,RS
pro_private_aug_458,1859,কিছু private campus-এ advisor system শিক্ষার্থীদের academic planning-এ বেশ সাহায্য করে।,private কিছু campus-এ advisor system শিক্ষার্থীদের academic planning-এ বেশ সাহায্য করে।,pro_private,RS
pro_private_aug_459,1862,প্রাইভেট বিশ্ববিদ্যালয়ের কিছু বিভাগে practical exposure বেশি থাকায় শিক্ষার্থীরা দ্রুত আত্মবিশ্বাস পায়।,বিশ্ববিদ্যালয়ের প্রাইভেট কিছু বিভাগে practical exposure বেশি থাকায় শিক্ষার্থীরা দ্রুত আত্মবিশ্বাস পায়।,pro_private,RS
pro_private_aug_460,1865,অনেক private university-তে student support service তুলনামূলক দ্রুত ও সহজলভ্য হয়।,অনেক university-তে private student support service তুলনামূলক দ্রুত ও সহজলভ্য হয়।,pro_private,RS
pro_private_aug_461,1868,ভালো private university থেকে পড়েও অনেক শিক্ষার্থী competitive job market-এ সফল হয়।,private ভালো university থেকে পড়েও অনেক শিক্ষার্থী competitive job market-এ সফল হয়।,pro_private,RS
pro_private_aug_462,1871,কিছু private institution-এ course content দ্রুত update হওয়ায় শিক্ষার্থীরা নতুন trend সম্পর্কে জানে।,private কিছু institution-এ course content দ্রুত update হওয়ায় শিক্ষার্থীরা নতুন trend সম্পর্কে জানে।,pro_private,RS
pro_private_aug_463,1874,অনেক private campus-এ faculty mentoring নতুন শিক্ষার্থীদের মানিয়ে নিতে সহায়তা করে।,অনেক campus-এ private faculty mentoring নতুন শিক্ষার্থীদের মানিয়ে নিতে সহায়তা করে।,pro_private,RS
pro_private_aug_464,1877,"সুশৃঙ্খল private university পরিবেশ শিক্ষার্থীদের skill, discipline এবং career readiness বাড়াতে পারে।","discipline এবং career readiness বাড়াতে পারে। সুশৃঙ্খল private university পরিবেশ শিক্ষার্থীদের skill,",pro_private,RS
pro_private_aug_465,1879,কিছু প্রাইভেট বিশ্ববিদ্যালয়ে নিয়মিত presentation ও viva নেওয়ার কারণে শিক্ষার্থীদের আত্মবিশ্বাস বাড়ে।,প্রাইভেট কিছু বিশ্ববিদ্যালয়ে নিয়মিত presentation ও viva নেওয়ার কারণে শিক্ষার্থীদের আত্মবিশ্বাস বাড়ে।,pro_private,RS
pro_private_aug_466,1882,অনেক private university-তে academic calendar নির্দিষ্ট থাকায় session delay তুলনামূলক কম হয়।,অনেক university-তে private academic calendar নির্দিষ্ট থাকায় session delay তুলনামূলক কম হয়।,pro_private,RS
pro_private_aug_467,1885,কিছু প্রাইভেট বিশ্ববিদ্যালয়ে industry-focused assignment শিক্ষার্থীদের বাস্তব সমস্যার সঙ্গে পরিচিত করে।,প্রাইভেট কিছু বিশ্ববিদ্যালয়ে industry-focused assignment শিক্ষার্থীদের বাস্তব সমস্যার সঙ্গে পরিচিত করে।,pro_private,RS
pro_private_aug_468,1888,অনেক private campus-এ course advising system শিক্ষার্থীদের সঠিক academic decision নিতে সাহায্য করে।,অনেক campus-এ private course advising system শিক্ষার্থীদের সঠিক academic decision নিতে সাহায্য করে।,pro_private,RS
pro_private_aug_469,1891,প্রাইভেট বিশ্ববিদ্যালয়ের কিছু বিভাগে soft skill training চাকরির প্রস্তুতিকে এগিয়ে দেয়।,বিশ্ববিদ্যালয়ের প্রাইভেট কিছু বিভাগে soft skill training চাকরির প্রস্তুতিকে এগিয়ে দেয়।,pro_private,RS
pro_private_aug_470,1894,অনেক private institution-এ ছোট batch size হওয়ার কারণে individual attention পাওয়া সহজ হয়।,অনেক institution-এ private ছোট batch size হওয়ার কারণে individual attention পাওয়া সহজ হয়।,pro_private,RS
pro_private_aug_471,1897,"কিছু প্রাইভেট বিশ্ববিদ্যালয়ে corporate etiquette শেখানো হয়, যা কর্মজীবনে কাজে লাগে।","যা কর্মজীবনে কাজে লাগে। কিছু প্রাইভেট বিশ্ববিদ্যালয়ে corporate etiquette শেখানো হয়,",pro_private,RS
pro_private_aug_472,1900,কিছু private university-তে team project-এর মাধ্যমে collaboration skill গড়ে ওঠে।,private কিছু university-তে team project-এর মাধ্যমে collaboration skill গড়ে ওঠে।,pro_private,RS
pro_private_aug_473,1903,ভালো private university-তে career counseling সেবা অনেক শিক্ষার্থীর জন্য কার্যকর হতে পারে।,private ভালো university-তে career counseling সেবা অনেক শিক্ষার্থীর জন্য কার্যকর হতে পারে।,pro_private,RS
pro_private_aug_474,1906,অনেক private campus-এ শিক্ষকরা assignment feedback দ্রুত দেওয়ায় শেখার ঘাটতি কমে।,অনেক campus-এ private শিক্ষকরা assignment feedback দ্রুত দেওয়ায় শেখার ঘাটতি কমে।,pro_private,RS
pro_private_aug_475,1909,কিছু প্রাইভেট বিশ্ববিদ্যালয়ে mentorship culture শিক্ষার্থীদের career direction বুঝতে সাহায্য করে।,প্রাইভেট কিছু বিশ্ববিদ্যালয়ে mentorship culture শিক্ষার্থীদের career direction বুঝতে সাহায্য করে।,pro_private,RS
pro_private_aug_476,1912,অনেক private institution-এ attendance policy কড়াকড়ি হওয়ায় শিক্ষার্থীরা নিয়মিত ক্লাসে থাকে।,অনেক institution-এ private attendance policy কড়াকড়ি হওয়ায় শিক্ষার্থীরা নিয়মিত ক্লাসে থাকে।,pro_private,RS
pro_private_aug_477,1915,প্রাইভেট বিশ্ববিদ্যালয়ের কিছু program industry demand অনুযায়ী দ্রুত update করা হয়।,বিশ্ববিদ্যালয়ের প্রাইভেট কিছু program industry demand অনুযায়ী দ্রুত update করা হয়।,pro_private,RS
pro_private_aug_478,1918,কিছু private university-তে internship placement support শিক্ষার্থীদের শুরুতেই বাস্তব অভিজ্ঞতা দেয়।,private কিছু university-তে internship placement support শিক্ষার্থীদের শুরুতেই বাস্তব অভিজ্ঞতা দেয়।,pro_private,RS
pro_private_aug_479,1921,অনেক প্রাইভেট বিশ্ববিদ্যালয়ে trimester বা semester system শিক্ষার্থীদের পড়াশোনায় সক্রিয় রাখে।,অনেক বিশ্ববিদ্যালয়ে প্রাইভেট trimester বা semester system শিক্ষার্থীদের পড়াশোনায় সক্রিয় রাখে।,pro_private,RS
pro_private_aug_480,1924,ভালো private institution শিক্ষার্থীদের professionalism ও presentation skill উন্নত করতে পারে।,private ভালো institution শিক্ষার্থীদের professionalism ও presentation skill উন্নত করতে পারে।,pro_private,RS
pro_private_aug_481,1927,"সুশৃঙ্খল private university পরিবেশ থেকে skill, exposure ও career readiness—সবই অর্জন করা সম্ভব।","exposure ও career readiness—সবই অর্জন করা সম্ভব। সুশৃঙ্খল private university পরিবেশ থেকে skill,",pro_private,RS
pro_private_aug_482,1929,কিছু প্রাইভেট বিশ্ববিদ্যালয়ে industry mentor-এর সাথে কাজ করার সুযোগ শিক্ষার্থীদের বাস্তব ধারণা দেয়।,প্রাইভেট কিছু বিশ্ববিদ্যালয়ে industry mentor-এর সাথে কাজ করার সুযোগ শিক্ষার্থীদের বাস্তব ধারণা দেয়।,pro_private,RS
pro_private_aug_483,1932,"অনেক private university-তে class attendance, quiz আর project-এর মাধ্যমে নিয়মিত শেখা নিশ্চিত করা হয়।","quiz আর project-এর মাধ্যমে নিয়মিত শেখা নিশ্চিত করা হয়। অনেক private university-তে class attendance,",pro_private,RS
pro_private_aug_484,1935,কিছু প্রাইভেট বিশ্ববিদ্যালয়ে corporate networking event শিক্ষার্থীদের ভবিষ্যৎ চাকরির সুযোগ বাড়ায়।,প্রাইভেট কিছু বিশ্ববিদ্যালয়ে corporate networking event শিক্ষার্থীদের ভবিষ্যৎ চাকরির সুযোগ বাড়ায়।,pro_private,RS
pro_private_aug_485,1938,অনেক private campus-এ English communication skill উন্নয়নে আলাদা training দেওয়া হয়।,অনেক campus-এ private English communication skill উন্নয়নে আলাদা training দেওয়া হয়।,pro_private,RS
pro_private_aug_486,1941,কিছু প্রাইভেট বিশ্ববিদ্যালয়ে modern lab setup শিক্ষার্থীদের হাতে-কলমে শেখায় সহায়তা করে।,প্রাইভেট কিছু বিশ্ববিদ্যালয়ে modern lab setup শিক্ষার্থীদের হাতে-কলমে শেখায় সহায়তা করে।,pro_private,RS
pro_private_aug_487,1944,ভালো private university-তে time management ও professional discipline শেখার সুযোগ বেশি পাওয়া যায়।,private ভালো university-তে time management ও professional discipline শেখার সুযোগ বেশি পাওয়া যায়।,pro_private,RS
pro_private_aug_488,1947,অনেক private institution-এ faculty support তুলনামূলক দ্রুত পাওয়া যায় বলে শিক্ষার্থীরা সমস্যার সমাধান সহজে পায়।,অনেক institution-এ private faculty support তুলনামূলক দ্রুত পাওয়া যায় বলে শিক্ষার্থীরা সমস্যার সমাধান সহজে পায়।,pro_private,RS
pro_private_aug_489,1950,কিছু প্রাইভেট বিশ্ববিদ্যালয়ে continuous assessment শিক্ষার্থীদের সবসময় প্রস্তুত রাখে।,প্রাইভেট কিছু বিশ্ববিদ্যালয়ে continuous assessment শিক্ষার্থীদের সবসময় প্রস্তুত রাখে।,pro_private,RS
pro_private_aug_490,1953,অনেক private campus-এ employability skill development-এর জন্য বিশেষ workshop আয়োজন করা হয়।,অনেক campus-এ private employability skill development-এর জন্য বিশেষ workshop আয়োজন করা হয়।,pro_private,RS
pro_private_aug_491,1956,"কিছু প্রাইভেট বিশ্ববিদ্যালয় শুরু থেকেই presentation, report writing আর teamwork-এ জোর দেয়।","report writing আর teamwork-এ জোর দেয়। কিছু প্রাইভেট বিশ্ববিদ্যালয় শুরু থেকেই presentation,",pro_private,RS
pro_private_aug_492,1959,অনেক private institution-এ academic advisor শিক্ষার্থীদের course planning-এ গুরুত্বপূর্ণ ভূমিকা রাখে।,অনেক institution-এ private academic advisor শিক্ষার্থীদের course planning-এ গুরুত্বপূর্ণ ভূমিকা রাখে।,pro_private,RS
pro_private_aug_493,1962,কিছু private university-তে classroom technology ব্যবহারের ফলে শেখার অভিজ্ঞতা আরও গতিশীল হয়।,private কিছু university-তে classroom technology ব্যবহারের ফলে শেখার অভিজ্ঞতা আরও গতিশীল হয়।,pro_private,RS
pro_private_aug_494,1965,প্রাইভেট বিশ্ববিদ্যালয়ের কিছু program-এ industry-aligned curriculum শিক্ষার্থীদের বাস্তব চাকরির জন্য প্রস্তুত করে।,বিশ্ববিদ্যালয়ের প্রাইভেট কিছু program-এ industry-aligned curriculum শিক্ষার্থীদের বাস্তব চাকরির জন্য প্রস্তুত করে।,pro_private,RS
pro_private_aug_495,1968,অনেক private university-তে feedback system শক্তিশালী হওয়ায় শিক্ষার্থীরা দ্রুত ভুল ধরতে পারে।,অনেক university-তে private feedback system শক্তিশালী হওয়ায় শিক্ষার্থীরা দ্রুত ভুল ধরতে পারে।,pro_private,RS
pro_private_aug_496,1971,কিছু প্রাইভেট বিশ্ববিদ্যালয়ে নিয়মিত seminar ও guest lecture শিক্ষার্থীদের দৃষ্টিভঙ্গি বাড়ায়।,প্রাইভেট কিছু বিশ্ববিদ্যালয়ে নিয়মিত seminar ও guest lecture শিক্ষার্থীদের দৃষ্টিভঙ্গি বাড়ায়।,pro_private,RS
pro_private_aug_497,1974,"ভালো private institution থেকে skill, exposure এবং professionalism—তিনটিই অর্জন করা সম্ভব।","exposure এবং professionalism—তিনটিই অর্জন করা সম্ভব। ভালো private institution থেকে skill,",pro_private,RS
pro_private_aug_498,1977,সুশৃঙ্খল private university environment শিক্ষার্থীদের career readiness উল্লেখযোগ্যভাবে বাড়াতে পারে।,private সুশৃঙ্খল university environment শিক্ষার্থীদের career readiness উল্লেখযোগ্যভাবে বাড়াতে পারে।,pro_private,RS
pro_private_aug_499,1979,কিছু প্রাইভেট বিশ্ববিদ্যালয়ে industry-oriented course structure শিক্ষার্থীদের চাকরির বাজারে দ্রুত মানিয়ে নিতে সাহায্য করে।,প্রাইভেট কিছু বিশ্ববিদ্যালয়ে industry-oriented course structure শিক্ষার্থীদের চাকরির বাজারে দ্রুত মানিয়ে নিতে সাহায্য করে।,pro_private,RS
pro_private_aug_500,1982,অনেক private university-তে ছোট class size থাকার কারণে শিক্ষকরা শিক্ষার্থীদের অগ্রগতি ভালোভাবে পর্যবেক্ষণ করতে পারেন।,অনেক university-তে private ছোট class size থাকার কারণে শিক্ষকরা শিক্ষার্থীদের অগ্রগতি ভালোভাবে পর্যবেক্ষণ করতে পারেন।,pro_private,RS
pro_private_aug_501,1985,কিছু প্রাইভেট বিশ্ববিদ্যালয়ে alumni networking চাকরি ও internship খুঁজতে বাস্তব সহায়তা দেয়।,প্রাইভেট কিছু বিশ্ববিদ্যালয়ে alumni networking চাকরি ও internship খুঁজতে বাস্তব সহায়তা দেয়।,pro_private,RS
pro_private_aug_502,1988,অনেক private campus-এ presentation skill আর professional communication-এর উপর শুরু থেকেই গুরুত্ব দেওয়া হয়।,অনেক campus-এ private presentation skill আর professional communication-এর উপর শুরু থেকেই গুরুত্ব দেওয়া হয়।,pro_private,RS
pro_private_aug_503,1991,কিছু প্রাইভেট বিশ্ববিদ্যালয়ে নিয়মিত workshop ও seminar শিক্ষার্থীদের industry সম্পর্কে আপডেট রাখে।,প্রাইভেট কিছু বিশ্ববিদ্যালয়ে নিয়মিত workshop ও seminar শিক্ষার্থীদের industry সম্পর্কে আপডেট রাখে।,pro_private,RS
pro_private_aug_504,1994,ভালো private university-তে practical assignment-এর মাধ্যমে বাস্তব দক্ষতা তৈরি হয়।,private ভালো university-তে practical assignment-এর মাধ্যমে বাস্তব দক্ষতা তৈরি হয়।,pro_private,RS
pro_private_aug_505,1997,অনেক private institution-এ student advising system শিক্ষার্থীদের course selection-এ সহায়তা করে।,অনেক institution-এ private student advising system শিক্ষার্থীদের course selection-এ সহায়তা করে।,pro_private,RS
pro_private_aug_506,2000,কিছু প্রাইভেট বিশ্ববিদ্যালয়ে class participation বাধ্যতামূলক হওয়ায় শিক্ষার্থীরা বেশি সক্রিয় থাকে।,প্রাইভেট কিছু বিশ্ববিদ্যালয়ে class participation বাধ্যতামূলক হওয়ায় শিক্ষার্থীরা বেশি সক্রিয় থাকে।,pro_private,RS
pro_private_aug_507,2003,কিছু private university-তে নিয়মিত assessment-এর কারণে শিক্ষার্থীরা সেমিস্টারজুড়ে পড়াশোনায় যুক্ত থাকে।,private কিছু university-তে নিয়মিত assessment-এর কারণে শিক্ষার্থীরা সেমিস্টারজুড়ে পড়াশোনায় যুক্ত থাকে।,pro_private,RS
pro_private_aug_508,2006,অনেক private campus-এ career counseling service থাকায় শিক্ষার্থীরা ভবিষ্যৎ পরিকল্পনা গুছিয়ে নিতে পারে।,অনেক campus-এ private career counseling service থাকায় শিক্ষার্থীরা ভবিষ্যৎ পরিকল্পনা গুছিয়ে নিতে পারে।,pro_private,RS
pro_private_aug_509,2009,কিছু প্রাইভেট বিশ্ববিদ্যালয়ের lab facility ও digital resource শিক্ষার্থীদের শেখাকে সহজ করে তোলে।,প্রাইভেট কিছু বিশ্ববিদ্যালয়ের lab facility ও digital resource শিক্ষার্থীদের শেখাকে সহজ করে তোলে।,pro_private,RS
pro_private_aug_510,2012,ভালো private university থেকে পড়েও competitive sector-এ সফল হওয়া পুরোপুরি সম্ভব।,private ভালো university থেকে পড়েও competitive sector-এ সফল হওয়া পুরোপুরি সম্ভব।,pro_private,RS
pro_private_aug_511,2015,অনেক private university-তে semester system শিক্ষার্থীদের পড়ার গতি ধরে রাখতে সাহায্য করে।,অনেক university-তে private semester system শিক্ষার্থীদের পড়ার গতি ধরে রাখতে সাহায্য করে।,pro_private,RS
pro_private_aug_512,2018,কিছু প্রাইভেট বিশ্ববিদ্যালয়ে project-based learning শিক্ষার্থীদের দলগতভাবে কাজ করতে শেখায়।,প্রাইভেট কিছু বিশ্ববিদ্যালয়ে project-based learning শিক্ষার্থীদের দলগতভাবে কাজ করতে শেখায়।,pro_private,RS
pro_private_aug_513,2021,"ভালো private institution শিক্ষার্থীদের skill, discipline আর professionalism—সবগুলোই উন্নত করতে পারে।","discipline আর professionalism—সবগুলোই উন্নত করতে পারে। ভালো private institution শিক্ষার্থীদের skill,",pro_private,RS
pro_private_aug_514,2024,অনেক private campus-এ faculty feedback দ্রুত পাওয়া যায় বলে শিক্ষার্থীরা ঘাটতি দ্রুত বুঝতে পারে।,অনেক campus-এ private faculty feedback দ্রুত পাওয়া যায় বলে শিক্ষার্থীরা ঘাটতি দ্রুত বুঝতে পারে।,pro_private,RS
pro_private_aug_515,2027,"সুশৃঙ্খল private university environment থেকে exposure, employability এবং confidence—তিনটিই পাওয়া যেতে পারে।","employability এবং confidence—তিনটিই পাওয়া যেতে পারে। সুশৃঙ্খল private university environment থেকে exposure,",pro_private,RS
pro_private_aug_516,2029,কিছু প্রাইভেট বিশ্ববিদ্যালয়ে industry collaboration থাকার কারণে শিক্ষার্থীরা বাস্তব কাজের ধরণ আগে থেকেই বুঝে যায়।,প্রাইভেট কিছু বিশ্ববিদ্যালয়ে industry collaboration থাকার কারণে শিক্ষার্থীরা বাস্তব কাজের ধরণ আগে থেকেই বুঝে যায়।,pro_private,RS
pro_private_aug_517,2032,অনেক private university-তে শিক্ষকরা ছোট ব্যাচের কারণে শিক্ষার্থীদের অগ্রগতি ব্যক্তিগতভাবে পর্যবেক্ষণ করতে পারেন।,অনেক university-তে private শিক্ষকরা ছোট ব্যাচের কারণে শিক্ষার্থীদের অগ্রগতি ব্যক্তিগতভাবে পর্যবেক্ষণ করতে পারেন।,pro_private,RS
pro_private_aug_518,2035,"কিছু প্রাইভেট বিশ্ববিদ্যালয়ে নিয়মিত presentation, report আর viva শিক্ষার্থীদের পেশাগত দক্ষতা বাড়ায়।","report আর viva শিক্ষার্থীদের পেশাগত দক্ষতা বাড়ায়। কিছু প্রাইভেট বিশ্ববিদ্যালয়ে নিয়মিত presentation,",pro_private,RS
pro_private_aug_519,2038,অনেক private campus-এ career service office চাকরির প্রস্তুতিতে শিক্ষার্থীদের কার্যকর সহায়তা দেয়।,অনেক campus-এ private career service office চাকরির প্রস্তুতিতে শিক্ষার্থীদের কার্যকর সহায়তা দেয়।,pro_private,RS
pro_private_aug_520,2041,কিছু private institution-এ corporate grooming আর interview practice শুরু থেকেই করানো হয়।,private কিছু institution-এ corporate grooming আর interview practice শুরু থেকেই করানো হয়।,pro_private,RS
pro_private_aug_521,2044,কিছু প্রাইভেট বিশ্ববিদ্যালয়ের আধুনিক lab facility হাতে-কলমে শেখাকে আরও শক্তিশালী করে।,প্রাইভেট কিছু বিশ্ববিদ্যালয়ের আধুনিক lab facility হাতে-কলমে শেখাকে আরও শক্তিশালী করে।,pro_private,RS
pro_private_aug_522,2047,অনেক private university-তে advisor system শিক্ষার্থীদের সময়মতো সঠিক কোর্স নিতে সাহায্য করে।,অনেক university-তে private advisor system শিক্ষার্থীদের সময়মতো সঠিক কোর্স নিতে সাহায্য করে।,pro_private,RS
pro_private_aug_523,2050,কিছু প্রাইভেট বিশ্ববিদ্যালয়ে internship linkage থাকায় শিক্ষার্থীরা পড়ার পাশাপাশি বাস্তব অভিজ্ঞতা পায়।,প্রাইভেট কিছু বিশ্ববিদ্যালয়ে internship linkage থাকায় শিক্ষার্থীরা পড়ার পাশাপাশি বাস্তব অভিজ্ঞতা পায়।,pro_private,RS
pro_private_aug_524,2053,ভালো private university-তে communication skill আর professionalism একসঙ্গে গড়ে ওঠে।,private ভালো university-তে communication skill আর professionalism একসঙ্গে গড়ে ওঠে।,pro_private,RS
pro_private_aug_525,2056,কিছু private campus-এ team-based project-এর মাধ্যমে collaboration skill উন্নত হয়।,private কিছু campus-এ team-based project-এর মাধ্যমে collaboration skill উন্নত হয়।,pro_private,RS
pro_private_aug_526,2059,"অনেক private institution-এ class performance, assignment আর quiz-এর সমন্বয়ে শেখার ধারাবাহিকতা বজায় থাকে।","assignment আর quiz-এর সমন্বয়ে শেখার ধারাবাহিকতা বজায় থাকে। অনেক private institution-এ class performance,",pro_private,RS
pro_private_aug_527,2062,কিছু প্রাইভেট বিশ্ববিদ্যালয়ে job fair ও employer session শিক্ষার্থীদের বাস্তব পেশাজীবনের সঙ্গে পরিচিত করে।,প্রাইভেট কিছু বিশ্ববিদ্যালয়ে job fair ও employer session শিক্ষার্থীদের বাস্তব পেশাজীবনের সঙ্গে পরিচিত করে।,pro_private,RS
