id,source_index,source_text,Bangla_Translation,Label,augmentation_type
pro_public_aug_1,2,পাবলিক বিশ্ববিদ্যালয় শুধু মেধাবী শিক্ষার্থীদের জন্য,পাবলিক বিশ্ববিদ্যালয় শুধু যোগ্যতাবী শিক্ষার্থীদের জন্য,pro_public,SR
pro_public_aug_2,6,প্রাইভেটে তারাই পড়ে যারা অ্যাডমিশনে ব্যর্থ — এটাই সত্য।,বেসরকারি বিশ্ববিদ্যালয়ে তারাই পড়ে যারা অ্যাডমিশনে ব্যর্থ — এটাই সত্য।,pro_public,SR
pro_public_aug_3,10,"ভাই প্রাইভেট বিশ্ববিদ্যালয়ে পড়ার টাকা নাই,,, আমাদের মতো গরিব মানুষদের জন্য,, পাবলিক বিশ্ববিদ্যালয়ই ঠিক আছে,,, 😢😢😢","দেখো প্রাইভেট বিশ্ববিদ্যালয়ে পড়ার টাকা নাই,,, আমাদের মতো গরিব মানুষদের জন্য,, পাবলিক বিশ্ববিদ্যালয়ই ঠিক আছে,,, 😢😢😢",pro_public,SR
pro_public_aug_4,19,"পাবলিক পাবলিক হয় যাদের মেধা আছে তারাই পাবলিকে পড়ে,, আর অনেক পুলাপান পাবলিকে চান্স না পেলে পরে যাদের টাকা আছে তারা প্রাইভেটে ভর্তি হয়,,, আমার দেখা অনেক খারাপ ছাত্র বাবার টাকা আছে তারা প্রাইভেটে ভর্তি হয়েছে","পাবলিক পাবলিক হয় যাদের যোগ্যতা আছে তারাই সরকারি বিশ্ববিদ্যালয়ে পড়ে,, আর অনেক পুলাপান পাবলিকে চান্স না পেলে পরে যাদের টাকা আছে তারা প্রাইভেটে ভর্তি হয়,,, আমার দেখা অনেক খারাপ ছাত্র বাবার টাকা আছে তারা প্রাইভেটে ভর্তি হয়েছে",pro_public,SR
pro_public_aug_5,34,"নট রিয়েলি। শেষ পর্যন্ত, পাবলিকের স্টুডেন্টরাই প্রাইভেটের টিচার হয়। আর পাবলিকে পড়তে অ্যাডমিশন দেওয়া লাগে। যেটা প্রাইভেটে দেওয়া লাগে না। আর দিলেও পাবলিকের মতো এতো হার্ড না","নট রিয়েলি। শেষ পর্যন্ত, সরকারি বিশ্ববিদ্যালয়ের স্টুডেন্টরাই বেসরকারি বিশ্ববিদ্যালয়ের টিচার হয়। আর পাবলিকে পড়তে অ্যাডমিশন দেওয়া লাগে। যেটা প্রাইভেটে দেওয়া লাগে না। আর দিলেও পাবলিকের মতো এতো হার্ড না",pro_public,SR
pro_public_aug_6,37,পাবলিকে ট্রাই করে না টিকলে তবেই অনেকে বাধ্য হয়ে প্রাইভেটে যায়! আর এটাই বাস্তব!,সরকারি বিশ্ববিদ্যালয়ে ট্রাই করে না টিকলে তবেই অনেকে বাধ্য হয়ে বেসরকারি বিশ্ববিদ্যালয়ে যায়! আর এটাই বাস্তব!,pro_public,SR
pro_public_aug_7,38,খানকির পোলা তোরা স্পুন ফিড করিস প্রাইভেটে?,খানকির পোলা তোরা স্পুন ফিড করিস বেসরকারি বিশ্ববিদ্যালয়ে?,pro_public,SR
pro_public_aug_8,39,পাবলিকের স্টুডেন্ট ওই স্টুডেন্ট আবার প্রাইভেটে টিচার হয়। তাহলে প্রাইভেটে লেভেল আসলেই বোঝা যায়,সরকারি বিশ্ববিদ্যালয়ের স্টুডেন্ট ওই স্টুডেন্ট আবার বেসরকারি বিশ্ববিদ্যালয়ে টিচার হয়। তাহলে প্রাইভেটে লেভেল আসলেই বোঝা যায়,pro_public,SR
pro_public_aug_9,40,ভাই আপনার সাথে একমত হতে পারলাম না। পাবলিকের পোলাপান গদ বাধা ওই টুকুর মধ্যেই ঘুরে না। প্রাইভেটের স্টুডেন্টরা তো ম্যাক্সিমাম বিদেশ চলে যায়। কিন্তু পাবলিকের পোলাপান এ রিস্ক নিতে পারে এবং নেয়। বাংলাদেশের সব বড় বড় জায়গা বলেন কিংবা ব্যবসা দেখবেন তারা এক সময় পাবলিকেই পড়ত। আরেকটা পয়েন্ট পাবলিকে পড়লে যে একটা নেটওয়ার্ক তৈরি হয় সেটা অন্য কোথাও সম্ভব না।,দেখো আপনার সাথে একমত হতে পারলাম না। সরকারি বিশ্ববিদ্যালয়ের পোলাপান গদ বাধা ওই টুকুর মধ্যেই ঘুরে না। প্রাইভেটের স্টুডেন্টরা তো ম্যাক্সিমাম বিদেশ চলে যায়। কিন্তু পাবলিকের পোলাপান এ রিস্ক নিতে পারে এবং নেয়। বাংলাদেশের সব বড় বড় জায়গা বলেন কিংবা ব্যবসা দেখবেন তারা এক সময় পাবলিকেই পড়ত। আরেকটা পয়েন্ট পাবলিকে পড়লে যে একটা নেটওয়ার্ক তৈরি হয় সেটা অন্য কোথাও সম্ভব না।,pro_public,SR
pro_public_aug_10,51,পাবলিক বিশ্ববিদ্যালয় শিক্ষার্থীরা যে পরিমাণ কষ্ট এবং মেধার প্রতিযোগিতায় থাকে মনে হয় না প্রাইভেটে তার 5% সম্ভব। মেধার বিকাশ অথবা জ্ঞান প্রতিযোগিতায় প্রকাশ পায় এবং তা পরবর্তীতে ভবিষ্যতে দেখা যায় অবশ্যই সবাই স্মার্ট নয় সেটা পাবলিক হোক কিংবা প্রাইভেট।,পাবলিক বিশ্ববিদ্যালয় শিক্ষার্থীরা যে পরিমাণ কষ্ট এবং যোগ্যতার প্রতিযোগিতায় থাকে মনে হয় না বেসরকারি বিশ্ববিদ্যালয়ে তার 5% সম্ভব। মেধার বিকাশ অথবা জ্ঞান প্রতিযোগিতায় প্রকাশ পায় এবং তা পরবর্তীতে ভবিষ্যতে দেখা যায় অবশ্যই সবাই স্মার্ট নয় সেটা পাবলিক হোক কিংবা প্রাইভেট।,pro_public,SR
pro_public_aug_11,55,পাবলিক তো পাবলিকে যতই টক শো করেন। একটা কম্পিটিশন পার করে চান্স পাওয়ার মতো বিরাট ব্যাপার কখনোই পাবেন না।,পাবলিক তো সরকারি বিশ্ববিদ্যালয়ে যতই টক শো করেন। একটা কম্পিটিশন পার করে চান্স পাওয়ার মতো বিরাট ব্যাপার কখনোই পাবেন না।,pro_public,SR
pro_public_aug_12,56,আগে চান্স পেয়ে দেখান,এগিয়ে চান্স পেয়ে দেখান,pro_public,SR
pro_public_aug_13,61,"বস! বাধ্য হয়ে সবাই জাতীয়তে যায়, প্রাইভেটে না 😆","বস! বাধ্য হয়ে সবাই জাতীয়তে যায়, বেসরকারি বিশ্ববিদ্যালয়ে না 😆",pro_public,SR
pro_public_aug_14,84,@lightlife8030 হুম। সবাই তো এনএসইউ আর ব্র্যাকে পড়ে না। বেশিরভাগ প্রাইভেটের স্টুডেন্টরা এন্ট্রি লেভেলের গুলোতে পড়ে যেখানের টিচাররা হলো পাবলিকের লাস্টের দিকের ছেলেপেলে। কারণ ভালো গুলো তো বেশিরভাগ জব অ্যান্ড অ্যাব্রোড যায়।,@lightlife8030 হুম। সবাই তো এনএসইউ আর ব্র্যাকে পড়ে না। বেশিরভাগ বেসরকারি বিশ্ববিদ্যালয়ের স্টুডেন্টরা এন্ট্রি লেভেলের গুলোতে পড়ে যেখানের টিচাররা আবাসিক হলো পাবলিকের লাস্টের দিকের ছেলেপেলে। কারণ ভালো গুলো তো বেশিরভাগ চাকরি অ্যান্ড অ্যাব্রোড যায়।,pro_public,SR
pro_public_aug_15,85,পাবলিকের স্টুডেন্ট ওই স্টুডেন্ট আবার প্রাইভেটে টিচার হয়। তাহলে প্রাইভেটে লেভেল আসলেই বোঝা যায় 😂😂,সরকারি বিশ্ববিদ্যালয়ের স্টুডেন্ট ওই স্টুডেন্ট আবার বেসরকারি বিশ্ববিদ্যালয়ে টিচার হয়। তাআবাসিক হলে প্রাইভেটে লেভেল আসলেই বোঝা যায় 😂😂,pro_public,SR
pro_public_aug_16,135,"@MG-pd4fo মিস্ট পাবলিক ভাই। মিস্ট, বিইউপির অধীনে একটা সরকারি প্রতিষ্ঠান। প্রতি বছর সরকার ৯৯ কোটি টাকা দেয়। এটা মিলিটারির অধীনে হলেও এটা সরকারি। সামনে এটা মাস্ট নামে পরিচিতি পাবে এবং বিইউপি থেকে বের হবে। আর বিইউপি বানানই হয়েছিল মিস্টের জন্য। কিন্তু এখানে ৩ থেকে ৩.৪৫ লক্ষ টাকা ৪ বছরে খরচ হয়। কারণ পরিষ্কার পরিছন্ন পরিবেশ, আর সাবজেক্টগুলো অনেক ভালো। আর মিস্টে এমন সাবজেক্ট আছে যেগুলো বুয়েটেও নাই এবং ডিউতেও নাই।","@MG-pd4fo মিস্ট পাবলিক ভাই। মিস্ট, বিইউপির অধীনে একটা সরকারি প্রতিষ্ঠান। প্রতি বছর সরকার ৯৯ কোটি টাকা দেয়। এটা মিলিটারির অধীনে আবাসিক হলেও এটা সরকারি। সামনে এটা মাস্ট নামে পরিচিতি পাবে এবং বিইউপি থেকে বের হবে। আর বিইউপি বানানই হয়েছিল মিস্টের জন্য। কিন্তু এখানে ৩ থেকে ৩.৪৫ লক্ষ টাকা ৪ বছরে খরচ হয়। কারণ পরিষ্কার পরিছন্ন পরিবেশ, আর সাবজেক্টগুলো অনেক ভালো। আর মিস্টে এমন সাবজেক্ট আছে যেগুলো বুয়েটেও নাই এবং ডিউতেও নাই।",pro_public,SR
pro_public_aug_17,145,পাবলিক > প্রাইভেট কজ প্রাইভেটে টাকাওয়ালা গাধা গরুরা পড়ে আর পাবলিকে আমার মতো মেধাবিরা পড়ে 😎,পাবলিক > প্রাইভেট কজ বেসরকারি বিশ্ববিদ্যালয়ে টাকাওয়ালা গাধা গরুরা পড়ে আর সরকারি বিশ্ববিদ্যালয়ে আমার মতো মেধাবিরা পড়ে 😎,pro_public,SR
pro_public_aug_18,170,"চান্স পাও আগে, তার পর প্রাইভেট প্রোমোট করো, পাবলিকে চান্স না পেয়ে পাবলিকের পেছনে লাগতে এসো না, কুক হয়ে যাবা","চান্স পাও আগে, তার পর প্রাইভেট প্রোমোট করো, সরকারি বিশ্ববিদ্যালয়ে চান্স না পেয়ে পাবলিকের পেছনে লাগতে এসো না, কুক হয়ে যাবা",pro_public,SR
pro_public_aug_19,184,"প্রাইভেট বিশ্ববিদ্যালয় থেকে পাবলিক বিশ্ববিদ্যালয় সেরা ১০০% কারণ প্রতিযোগিতা দিয়ে আসতে হয় টাকা দিয়ে নয়,, যেকোনো দিক থেকে বিবেচনা করলে সেরা পাবলিক বিশ্ববিদ্যালয় সেরা","প্রাইভেট বিশ্ববিদ্যালয় থেকে পাবলিক বিশ্ববিদ্যালয় শীর্ষ ১০০% কারণ প্রতিযোগিতা দিয়ে আসতে হয় টাকা দিয়ে নয়,, যেকোনো দিক থেকে বিবেচনা করলে সেরা পাবলিক বিশ্ববিদ্যালয় সেরা",pro_public,SR
pro_public_aug_20,202,"@JohnJMarino পাবলিকে পরিশ্রম করে চান্স পায়,, আর প্রাইভেট? 😂😂, টাকা দেয়, ভর্তি হয়, 😂😂, প্রাইভেটের মেয়েগুলাও.......... আস্তাগফিরুল্লাহ, 😅😊","@JohnJMarino সরকারি বিশ্ববিদ্যালয়ে পরিশ্রম করে চান্স পায়,, আর প্রাইভেট? 😂😂, টাকা দেয়, ভর্তি হয়, 😂😂, প্রাইভেটের মেয়েগুলাও.......... আস্তাগখরচরুল্লাহ, 😅😊",pro_public,SR
pro_public_aug_21,208,ব্রো তুমি বাংলাদেশে থাকো এইদিকে জবেও ডিসক্রিমিনেশন আছে পাবলিক প্রাইভেট নিয়ে। আমি এমন এক জবে গেছি ক্লিয়ার রিকোয়ার্ড আছে পাবলিক ইউনিভার্সিটি হইলে সিজিপিএ 3 এ অ্যাপ্লাই করতে পারবো আর প্রাইভেট ইউনিভার্সিটি হইলে সিজিপিএ 3.50 লাগবো। একজন চু' থেকে পড়া আমার ইন্টারভিউ বোর্ডে আই সিজিপিএ 2.8 ছিল জব হয়েছে আরেকজন উলাব থেকে 3.8 ও জবটা পায় নাই 😅😅 তারপরও বলবা স্কিল সব ইউনিভার্সিটি ম্যাটার করে না,ব্রো তুমি বাংলাদেশে থাকো এইদিকে চাকরিেও ডিসক্রিমিনেশন আছে পাবলিক প্রাইভেট নিয়ে। আমি এমন এক জবে গেছি ক্লিয়ার রিকোয়ার্ড আছে পাবলিক ইউনিভার্সিটি হইলে সিজিপিএ 3 এ অ্যাপ্লাই করতে পারবো আর প্রাইভেট ইউনিভার্সিটি হইলে সিজিপিএ 3.50 লাগবো। একজন চু' থেকে পড়া আমার সাক্ষাৎকার বোর্ডে আই সিজিপিএ 2.8 ছিল জব হয়েছে আরেকজন উলাব থেকে 3.8 ও জবটা পায় নাই 😅😅 তারপরও বলবা দক্ষতা সব ইউনিভার্সিটি ম্যাটার করে না,pro_public,SR
pro_public_aug_22,224,"হার্ভার্ড ইউনিভার্সিটি, অক্সফোর্ড ইউনিভার্সিটিতে চান্স পেয়েও বাংলাদেশের প্রাইভেট ইউনিভার্সিটিতে যাচ্ছি শুধু বাপের টাকা উড়ানোর আশায়.... #অপ লেভেল ফাপরবাজি 😂😂😂😂","হার্ভার্ড ইউনিভার্সিটি, অক্সফোর্ড ইউনিভার্সিটিতে চান্স পেয়েও বাংলাদেশের প্রাইভেট বিশ্ববিদ্যালয়ভার্সিটিতে যাচ্ছি শুধু বাপের টাকা উড়ানোর আশায়.... #অপ লেভেল ফাপরবাজি 😂😂😂😂",pro_public,SR
pro_public_aug_23,240,"বিটিডব্লিউ ভার্সিটি ইজ অ্যা স্ক্যাম! মোস্টলি সি ক্যাটাগরি প্রাইভেট ইউনিভার্সিটি। এটা নিয়ে একটা ভিডিও বানান, এটা জাস্ট একটা স্ক্যাম","বিটিডব্লিউ ভার্সিটি ইজ অ্যা স্ক্যাম! মোস্টলি সি ক্যাটাগরি প্রাইভেট বিশ্ববিদ্যালয়ভার্সিটি। এটা নিয়ে একটা ভিডিও বানান, এটা জাস্ট একটা স্ক্যাম",pro_public,SR
pro_public_aug_24,381,"ভাইয়া আসসালামুআলাইকুম...
ভাইয়া আমি খুব সমস্যায় আছি
আমি এইচএসসি-২৫ ব্যাচের স্টুডেন্ট
মিডল ক্লাস ফ্যামিলিতে বেলং করি...

এখন ভাইয়া এবার আমার কোনো না কোনো কারণে চান্সটা হাতে পেয়েও মিস গিয়েছে
এই অবস্থায় ভাইয়া

এখন আমি সেকেন্ড টাইম প্রিপারেশন নিয়ে
নিজের স্বপ্নটা পূরণ করতে চাই কিন্তু ফ্যামিলি চিন্তা করছে ১ বছর গ্যাপ পড়বে... সবাই আগাই চলে যাবে আমি পিছে পড়ে থাকবো
তো ওরা আমাকে প্রাইভেটে পড়ানোর জন্য জোর করছে বলছে
প্রাইভেটে পড়ে সেকেন্ড টাইম প্রিপারেশন নাও
ফ্যামিলিকে অনেকবার বুঝিয়েছি... কিন্তু ওরা বুঝতে চাচ্ছে না.. ওরা শুধু চিন্তা করছে লাইফ থেকে ১ বছর এমনি এমনি চলে যাবে
যদি সেকেন্ড টাইম চান্স না হয় তখন কী হবে এগুলো নিয়ে.. এখন ভাইয়া আমি কী করবো বুঝতে পারছি না...
হেল্পলেস হয়ে যাচ্ছি..",ভাইয়া আসসালামুআলাইকুম... ভাইয়া আমি খুব সমস্যায় আছি আমি এইচএসসি-২৫ ব্যাচের স্টুডেন্ট মিডল ক্লাস ফ্যামিলিতে বেলং করি... এখন ভাইয়া এবার আমার কোনো না কোনো কারণে চান্সটা হাতে পেয়েও মিস গিয়েছে এই অবস্থায় ভাইয়া এখন আমি সেকেন্ড সময় প্রিপারেশন নিয়ে নিজের স্বপ্নটা পূরণ করতে চাই কিন্তু ফ্যামিলি চিন্তা করছে ১ বছর গ্যাপ পড়বে... সবাই আগাই চলে যাবে আমি পিছে পড়ে থাকবো তো ওরা আমাকে বেসরকারি বিশ্ববিদ্যালয়ে পড়ানোর জন্য জোর করছে বলছে প্রাইভেটে পড়ে সেকেন্ড টাইম প্রিপারেশন নাও ফ্যামিলিকে অনেকবার বুঝিয়েছি... কিন্তু ওরা বুঝতে চাচ্ছে না.. ওরা শুধু চিন্তা করছে লাইফ থেকে ১ বছর এমনি এমনি চলে যাবে যদি সেকেন্ড টাইম চান্স না হয় তখন কী হবে এগুলো নিয়ে.. এখন ভাইয়া আমি কী করবো বুঝতে পারছি না... হেল্পলেস হয়ে যাচ্ছি..,pro_public,SR
pro_public_aug_25,406,"আমি এখন ইস্ট ওয়েস্টে আছি... জেনেটিক ইঞ্জিনিয়ারিং অ্যান্ড বায়োটেকনোলজি ডিপার্টমেন্টে...যদিও আমি জাহাঙ্গীরনগরে চান্স পাইছিলাম...আমার বায়োকেমিস্ট্রি সাবজেক্ট আসছে...কিন্তু আমি যাই নাই...আমার বাসার সামনে ইস্ট ওয়েস্ট...একটা ভালো সাবজেক্ট পাইছি এখানে...তার উপর শুনলাম আমার এক ফ্রেন্ড নাকি জেইউ'তে ফার্মেসিতে চান্স পাইছে...ওর সাথে কথা বলে দেখলাম..ওদের এতো সেশন জট লাগে রে...ও এখনো অনেক পিছিয়ে আছে..আর আমি ২য় বর্ষে উঠে গেলাম.... প্রাইভেট ভার্সিটিতে মারাত্তক প্রেসার! আমার একদম পাগলের মতো অবস্থা... মোটামুটি যা দেখলাম ইস্ট ওয়েস্টে.. ম্যাক্সিমাম স্টুডেন্ট সারাদিন খালি কুইজ, মিড, অ্যাসাইনমেন্ট, গ্রুপ ওয়ার্ক, প্রেজেন্টেশন, স্পট অ্যাসেসমেন্ট, ভাইভা...(আরো কতো কি!) এসব নিয়ে দৌড়ি দৌড়ি করে....

একদিন এক সিনিয়র আপু বললেন ""আগে যদি জানতাম তাহলে পাবলিকেই পড়তাম। অন্তত এখানে আসিয়া বাস খাইতাম নাহ"".. ওই আপু তো ঢাবিতে চান্স পাইছিলো ইকনোমিক্সে..কিন্তু এখন ইস্ট ওয়েস্টে পড়ে...

যে যাই বলুক... প্রাইভেটের পড়ার প্রেসার...যারা পাইছেন তারাই জানে কি ভয়ানক!","আমি এখন ইস্ট ওয়েস্টে আছি... জেনেটিক ইঞ্জিনিয়ারিং অ্যান্ড বায়োটেকনোলজি ডিপার্টমেন্টে...যদিও আমি জাহাঙ্গীরনগরে চান্স পাইছিলাম...আমার বায়োকেমিস্ট্রি সাবজেক্ট আসছে...কিন্তু আমি যাই নাই...আমার বাসার সামনে ইস্ট ওয়েস্ট...একটা উন্নত সাবজেক্ট পাইছি এখানে...তার উপর শুনলাম আমার এক ফ্রেন্ড নাকি জেইউ'তে ফার্মেসিতে চান্স পাইছে...ওর সাথে কথা বলে দেখলাম..ওদের এতো সেশন জট লাগে রে...ও এখনো অনেক পিছিয়ে আছে..আর আমি ২য় বর্ষে উঠে গেলাম.... প্রাইভেট ভার্সিটিতে মারাত্তক প্রেসার! আমার একদম পাগলের মতো অবস্থা... মোটামুটি যা দেখলাম ইস্ট ওয়েস্টে.. ম্যাক্সিমাম স্টুডেন্ট সারাদিন খালি কুইজ, মিড, অ্যাসাইনমেন্ট, গ্রুপ ওয়ার্ক, প্রেজেন্টেশন, স্পট অ্যাসেসমেন্ট, ভাইভা...(আরো কতো কি!) এসব নিয়ে দৌড়ি দৌড়ি করে.... একদিন এক সিনিয়র আপু বললেন ""আগে যদি জানতাম তাহলে সরকারি বিশ্ববিদ্যালয়েই পড়তাম। অন্তত এখানে আসিয়া বাস খাইতাম নাহ"".. ওই আপু তো ঢাবিতে চান্স পাইছিলো ইকনোমিক্সে..কিন্তু এখন ইস্ট ওয়েস্টে পড়ে... যে যাই বলুক... বেসরকারি বিশ্ববিদ্যালয়ের পড়ার প্রেসার...যারা পাইছেন তারাই জানে কি ভয়ানক!",pro_public,SR
pro_public_aug_26,441,"শোয়া আর কত দেহুম, প্রাইভেটের মূল্য দেহাইয়া আর কত ব্যবসা করবি","শোয়া আর কত দেহুম, বেসরকারি বিশ্ববিদ্যালয়ের মূল্য দেহাইয়া আর কত ব্যবসা করবি",pro_public,SR
pro_public_aug_27,444,প্রাইভেট ভার্সিটি অনেক প্রেসার দেই...টাইম মতো সব পড়া শেষ করাই...আর আপনি ডেইলি ক্লাসে প্রেজেন্ট না থাকলে ঝামেলা হবে..আপনার মার্কস কমবে..সিজি ডাউন হবে..আর ফ্যাকাল্টি এগুলো খুব ভালোভাবে নোটিস করে...আর যদি ৩ দিনের বেশি ক্লাস মিস করেন তাহলে আপনাকে মেবি অ্যাপ্লিকেশন করতে হবে ফাইনাল এক্সামে বসার জন্য,প্রাইভেট ভার্সিটি অনেক প্রেসার দেই...সময় মতো সব পড়া শেষ করাই...আর আপনি ডেইলি ক্লাসে প্রেজেন্ট না থাকলে ঝামেলা হবে..আপনার মার্কস কমবে..সিজি ডাউন হবে..আর ফ্যাকাল্টি এগুলো খুব ভালোভাবে নোটিস করে...আর যদি ৩ দিনের বেশি ক্লাস মিস করেন তাআবাসিক হলে আপনাকে মেবি অ্যাপ্লিকেশন করতে হবে ফাইনাল এক্সামে বসার জন্য,pro_public,SR
pro_public_aug_28,450,টাকা আছে কিন্তু প্রাইভেটকে মূল্য দেই না.. প্রাইভেট থেকে ফার্মেসি পড়ে নাকি চাকরি পাওয়া যায় না 😂😅,টাকা আছে কিন্তু প্রাইভেটকে মূল্য দেই না.. প্রাইভেট থেকে ফার্মেসি পড়ে নাকি কাজ পাওয়া যায় না 😂😅,pro_public,SR
pro_public_aug_29,457,"একজন এনএসইউয়ার হিসেবে ফ্রিডম আছে কিন্তু টিকে থাকা ইজি না। ভালো সিজি ক্যারি করার জন্য না, জাস্ট পাস করার জন্যই অনেক হার্ড ওয়ার্ক করতে হয়। লাইফ হেল হয়ে যাচ্ছে। আমার মতে পাবলিকেই ফ্রিডম বেশি আর অনেক্ক্ক ইজি গোয়িং","একজন এনএসইউয়ার হিসেবে ফ্রিডম আছে কিন্তু টিকে থাকা ইজি না। ভালো সিজি ক্যারি করার জন্য না, জাস্ট পাস করার জন্যই অনেক হার্ড ওয়ার্ক করতে হয়। লাইফ হেল হয়ে যাচ্ছে। আমার মতে সরকারি বিশ্ববিদ্যালয়েই ফ্রিডম বেশি আর অনেক্ক্ক ইজি গোয়িং",pro_public,SR
pro_public_aug_30,463,"প্রমোশনাল ভিডিও বানাইছেন ভাইয়া ঠিক আছে। এখানে আমাদের অনেক ছোট ভাই বোনের। বাবা মায়ের দীর্ঘ কষ্টের টাকা নিয়ে অনেক স্বপ্ন নিয়ে এরা প্রাইভেটে ভর্তি হবে। তাই কয়েকটা তিক্ত কথা বলি। আমি ইস্ট ওয়েস্টে ছিলাম। আমার বিবিএ কমপ্লিট করতে ৬ বছর লাগছে। না না কোনো সেশন জট না। রিটেক আর ফেল। ধরে নেন আমি খারাপ স্টুডেন্ট। আমার পরিচিত কয়েকজনের উদাহরণ দেই। আমার রুমমেট ছোট ভাই ২ সেমেস্টার পড়ার পর হতাশ হয়ে রিএডমিশন দিয়ে খুলনা ইউনিভার্সিটিতে চলে গেল। আমার ফ্রেন্ড ২ বছর পড়ার পর আইআইউবিতে চলে গেল। এক বড় ভাই প্রায় ২ বছর পর ইউল্যাবে চলে গেল। এরকম অনেকেই ছিল যারা লক্ষ লক্ষ টাকা খরচ করেও গ্রেডের মাইরপ্যাচে পরে ইস্ট ওয়েস্ট ছাড়তে বাধ্য হইছে। তাই বলব আপনি যদি আসলেই ভালো স্টুডেন্ট হন তবেই। এনএসইউ, ব্র্যাক, ইস্ট ওয়েস্টে ভর্তি হবেন। সিজিপিএ না থাকলে ভার্সিটির নাম দিয়ে চাকরি পাবেন না। সব রিক্রুটার এসবের ভ্যালু বোঝে না। অনেকে বায়াসডও থাকে। ধন্যবাদ সবাইকে।","প্রমোশনাল ভিডিও বানাইছেন ভাইয়া ঠিক আছে। এখানে আমাদের অনেক ছোট ভাই বোনের। বাবা মায়ের দীর্ঘ কষ্টের টাকা নিয়ে অনেক স্বপ্ন নিয়ে এরা বেসরকারি বিশ্ববিদ্যালয়ে ভর্তি হবে। তাই কয়েকটা তিক্ত কথা বলি। আমি ইস্ট ওয়েস্টে ছিলাম। আমার বিবিএ কমপ্লিট করতে ৬ বছর লাগছে। না না কোনো সেশন জট না। রিটেক আর ফেল। ধরে নেন আমি খারাপ স্টুডেন্ট। আমার পরিচিত কয়েকজনের উদাহরণ দেই। আমার সহকক্ষবাসী ছোট ভাই ২ সেমেস্টার পড়ার পর হতাশ হয়ে রিএডমিশন দিয়ে খুলনা ইউনিভার্সিটিতে চলে গেল। আমার ফ্রেন্ড ২ বছর পড়ার পর আইআইউবিতে চলে গেল। এক বড় ভাই প্রায় ২ বছর পর ইউগবেষণাগারে চলে গেল। এরকম অনেকেই ছিল যারা লক্ষ লক্ষ টাকা খরচ করেও গ্রেডের মাইরপ্যাচে পরে ইস্ট ওয়েস্ট ছাড়তে বাধ্য হইছে। তাই বলব আপনি যদি আসলেই উন্নত স্টুডেন্ট হন তবেই। এনএসইউ, ব্র্যাক, ইস্ট ওয়েস্টে ভর্তি হবেন। সিজিপিএ না থাকলে ভার্সিটির নাম দিয়ে কাজ পাবেন না। সব রিক্রুটার এসবের ভ্যালু বোঝে না। অনেকে বায়াসডও থাকে। ধন্যবাদ সবাইকে।",pro_public,SR
pro_public_aug_31,464,ভাই ঢাবি না হলে বিদেশে চলে যাবো 🥹,ভাই ঢাবি না আবাসিক হলে বিদেশে চলে যাবো 🥹,pro_public,SR
pro_public_aug_32,485,"এটা ট্রু। আমি এক ইউনিভার্সিটিতে ভর্তি হলাম, সিএস ডিপার্টমেন্টে। হাই হাই কি সর্বনাশ। মেয়েরা প্রফেসরদের সাথে প্রস্টিটিউশন করে গ্রেডস লাগায় এবং ছেলেরা প্রফেসরদের সাথে গাঁজা খায় আর টাকা লাগায় সিজিপিএ আপ করে। আর প্রফেসরগুলাও কি ফালতু। টপ টপ ইউনিভার্সিটি থেকে পাসআউটস যেই হোক তারা ফুল অফ শিট। অন্তত যদি বাস দিয়ে থাকে, পাবলিক ইউনিভার্সিটি থেকে বাস খাও কারণ এটা একটি গভর্নমেন্ট ফান্ডেড ইনস্টিটিউশন কিন্তু প্রাইভেট ইউনিভার্সিটিতে বস্তা বস্তা টাকাও দিবো আবার বাসও নাও। এটা টোটালি একটা ফালতু। দ্যাটস হোয়াই ইভেন ইফ ইউ হ্যাভ মানি গো ফর পাবলিক।","এটা ট্রু। আমি এক ইউনিভার্সিটিতে ভর্তি আবাসিক হলাম, সিএস ডিপার্টমেন্টে। হাই হাই কি সর্বনাশ। মেয়েরা প্রফেসরদের সাথে প্রস্টিটিউশন করে গ্রেডস লাগায় এবং ছেলেরা প্রফেসরদের সাথে গাঁজা খায় আর টাকা লাগায় সিজিপিএ আপ করে। আর প্রফেসরগুলাও কি ফালতু। টপ টপ ইউনিভার্সিটি থেকে পাসআউটস যেই হোক তারা ফুল অফ শিট। অন্তত যদি বাস দিয়ে থাকে, পাবলিক বিশ্ববিদ্যালয়ভার্সিটি থেকে বাস খাও কারণ এটা একটি গভর্নমেন্ট ফান্ডেড ইনস্টিটিউশন কিন্তু প্রাইভেট বিশ্ববিদ্যালয়ভার্সিটিতে বস্তা বস্তা টাকাও দিবো আবার বাসও নাও। এটা টোটালি একটা ফালতু। দ্যাটস হোয়াই ইভেন ইফ ইউ হ্যাভ মানি গো ফর পাবলিক।",pro_public,SR
pro_public_aug_33,648,"কাম অন ইউ ডিডন্ট ইভেন ওয়ান্ট টু এ পাবলিক ইউনিভার্সিটি ইন বাংলাদেশ।
পাবলিক বিশ্ববিদ্যালয়ে মেধাবী পড়ে ইউ
কান্ট ডিনাই দ্যাট।",কাম অন ইউ ডিডন্ট ইভেন ওয়ান্ট টু এ পাবলিক বিশ্ববিদ্যালয়ভার্সিটি ইন বাংলাদেশ। পাবলিক বিশ্ববিদ্যালয়ে যোগ্যতাবী পড়ে ইউ কান্ট ডিনাই দ্যাট।,pro_public,SR
pro_public_aug_34,659,মেধাটা ধুইয়া দুইবেলা করে পানি খান😂😂। ২১ লাখ বেকারের দেশে ভার্সিটি চোদায়🤣,যোগ্যতাটা ধুইয়া দুইবেলা করে পানি খান😂😂। ২১ লাখ বেকারের দেশে ভার্সিটি চোদায়🤣,pro_public,SR
pro_public_aug_35,670,পাবলিক ইউনিভার্সিটির শিক্ষকরা দেশের সেরা পণ্ডিত,পাবলিক বিশ্ববিদ্যালয়ভার্সিটির শিক্ষকরা দেশের শীর্ষ পণ্ডিত,pro_public,SR
pro_public_aug_36,675,"পাবলিক বিশ্ববিদ্যালয়ের ডিগ্রি বিদেশে স্বীকৃতি পায়, প্রাইভেটের নয়","পাবলিক বিশ্ববিদ্যালয়ের ডিগ্রি বিদেশে স্বীকৃতি পায়, বেসরকারি বিশ্ববিদ্যালয়ের নয়",pro_public,SR
pro_public_aug_37,697,প্রাইভেট বিশ্ববিদ্যালয়ের সার্টিফিকেটের বাজার মূল্য কম,প্রাইভেট বিশ্ববিদ্যালয়ের সার্টিখরচকেটের বাজার মূল্য কম,pro_public,SR
pro_public_aug_38,703,প্রাইভেট বিশ্ববিদ্যালয়ে ভর্তি হলে টাকা দিয়ে পাস করা যায়,প্রাইভেট বিশ্ববিদ্যালয়ে ভর্তি আবাসিক হলে টাকা দিয়ে পাস করা যায়,pro_public,SR
pro_public_aug_39,728,প্রাইভেট বিশ্ববিদ্যালয়ে ভর্তি হলে কোনো প্রতিযোগিতামূলক পরিবেশ পাওয়া যায় না,প্রাইভেট বিশ্ববিদ্যালয়ে ভর্তি আবাসিক হলে কোনো প্রতিযোগিতামূলক পরিবেশ পাওয়া যায় না,pro_public,SR
pro_public_aug_40,729,"আমার বড় ভাই জাহাঙ্গীরনগরে পড়ে, তার জ্ঞানের গভীরতা দেখে অবাক হই","আমার বড় দেখো জাহাঙ্গীরনগরে পড়ে, তার জ্ঞানের গভীরতা দেখে অবাক হই",pro_public,SR
pro_public_aug_41,733,পাবলিক বিশ্ববিদ্যালয়ের হলগুলো বন্ধুত্ব ও ভ্রাতৃত্ব শেখায়,পাবলিক বিশ্ববিদ্যালয়ের আবাসিক হলগুলো বন্ধুত্ব ও ভ্রাতৃত্ব শেখায়,pro_public,SR
pro_public_aug_42,743,পাবলিক বিশ্ববিদ্যালয়ের শিক্ষার্থীরা দেশের সবচেয়ে বড় বিতর্ক প্রতিযোগিতায় সেরা,পাবলিক বিশ্ববিদ্যালয়ের শিক্ষার্থীরা দেশের সবচেয়ে বড় বিতর্ক প্রতিযোগিতায় শীর্ষ,pro_public,SR
pro_public_aug_43,756,"প্রাইভেট বিশ্ববিদ্যালয়ের টিউশন ফি অসহনীয়, সাধারণ মানুষের নাগালের বাইরে","প্রাইভেট বিশ্ববিদ্যালয়ের টিউশন খরচ অসহনীয়, সাধারণ মানুষের নাগালের বাইরে",pro_public,SR
pro_public_aug_44,761,পাবলিক বিশ্ববিদ্যালয়ের ডিগ্রি নিয়ে চাকরির বাজারে প্রাধান্য পাওয়া যায়,পাবলিক বিশ্ববিদ্যালয়ের ডিগ্রি নিয়ে কাজর বাজারে প্রাধান্য পাওয়া যায়,pro_public,SR
pro_public_aug_45,815,প্রাইভেট বিশ্ববিদ্যালয়ে ভর্তি হলে টাকার বিনিময়ে সব পাওয়া যায়,প্রাইভেট বিশ্ববিদ্যালয়ে ভর্তি আবাসিক হলে টাকার বিনিময়ে সব পাওয়া যায়,pro_public,SR
pro_public_aug_46,824,প্রাইভেট বিশ্ববিদ্যালয়ের ডিগ্রি নিয়ে ব্যাংক ও সরকারি চাকরি পাওয়া কঠিন,প্রাইভেট বিশ্ববিদ্যালয়ের ডিগ্রি নিয়ে ব্যাংক ও সরকারি কাজ পাওয়া কঠিন,pro_public,SR
pro_public_aug_47,867,"বুয়েটের ইঞ্জিনিয়াররা দেশের সেরা, প্রাইভেটের কেউ কাছে আসতে পারে না","বুয়েটের ইঞ্জিনিয়াররা দেশের সেরা, বেসরকারি বিশ্ববিদ্যালয়ের কেউ কাছে আসতে পারে না",pro_public,SR
pro_public_aug_48,879,রাজশাহী বিশ্ববিদ্যালয়ের ক্যাম্পাস জীবন অসাধারণ,রাজশাহী বিশ্ববিদ্যালয়ের শিক্ষাঙ্গন জীবন অসাধারণ,pro_public,SR
pro_public_aug_49,891,প্রাইভেট বিশ্ববিদ্যালয়ের শিক্ষার্থীরা শুধু সার্টিফিকেট কালেক্টর,প্রাইভেট বিশ্ববিদ্যালয়ের শিক্ষার্থীরা শুধু সার্টিখরচকেট কালেক্টর,pro_public,SR
pro_public_aug_50,897,চবির শিক্ষার্থীরা দক্ষিণাঞ্চলের শ্রেষ্ঠ মেধা,চবির শিক্ষার্থীরা দক্ষিণাঞ্চলের শ্রেষ্ঠ যোগ্যতা,pro_public,SR
pro_public_aug_51,903,প্রাইভেট বিশ্ববিদ্যালয়ের শিক্ষার্থীরা শুধু ব্যক্তিগত ক্যারিয়ার ভাবে,প্রাইভেট বিশ্ববিদ্যালয়ের শিক্ষার্থীরা শুধু ব্যক্তিগত পেশাগত পথ ভাবে,pro_public,SR
pro_public_aug_52,910,পাবলিক বিশ্ববিদ্যালয়ের পরীক্ষার হলে কঠোর নিয়ম মানা হয়,পাবলিক বিশ্ববিদ্যালয়ের পরীক্ষার আবাসিক হলে কঠোর নিয়ম মানা হয়,pro_public,SR
pro_public_aug_53,920,আমি ঢাকা বিশ্ববিদ্যালয়ে পড়াশোনা করে গর্বিত,আমি ঢাকা বিশ্ববিদ্যালয়ে পড়াশোনা করে অহংকারিত,pro_public,SR
pro_public_aug_54,931,পাবলিক বিশ্ববিদ্যালয়ের শিক্ষার্থীরা দেশের সবচেয়ে বড় রোবটিক্স প্রতিযোগিতায় সেরা,পাবলিক বিশ্ববিদ্যালয়ের শিক্ষার্থীরা দেশের সবচেয়ে বড় রোবটিক্স প্রতিযোগিতায় শীর্ষ,pro_public,SR
pro_public_aug_55,937,জাবির সমাজবিজ্ঞান বিভাগের গবেষণা দেশের নীতিনির্ধারণে সাহায্য করে,জাবির সমাচাকরিিজ্ঞান বিভাগের গবেষণা দেশের নীতিনির্ধারণে সাহায্য করে,pro_public,SR
pro_public_aug_56,961,প্রাইভেট বিশ্ববিদ্যালয়ে শিক্ষার্থীরা ক্যাম্পাস লাইফ উপভোগ করতে পারে না,প্রাইভেট বিশ্ববিদ্যালয়ে শিক্ষার্থীরা শিক্ষাঙ্গন লাইফ উপভোগ করতে পারে না,pro_public,SR
pro_public_aug_57,998,"বাংলাদেশে প্রতিটা বিশ্ববিদ্যালয়ে, পাবলিকে পড়লে চাকরি পাবে আর কাজ করে বেরাবে।","বাংলাদেশে প্রতিটা বিশ্ববিদ্যালয়ে, পাবলিকে পড়লে কাজ পাবে আর কাজ করে বেরাবে।",pro_public,SR
pro_public_aug_58,1057,"BUET-এর সাথে অন্যান্য বিশ্ববিদ্যালয়ের রাত-দিন তফাৎ। বেসরকারি বিশ্ববিদ্যালয় থেকে পড়াশোনা করে খুব কম ছেলে-মেয়েই ভালো কিছু করতে পারে। এসব বিশ্ববিদ্যালয় শিক্ষার্থীদের যোগ্যতা তৈরি করে না; শুধু কোর্স শেষ করানোর ধান্দায় থাকে। যারা ভালো করে, তারা নিজেদের ব্যক্তিগত চেষ্টায় করে।","BUET-এর সাথে অন্যান্য বিশ্ববিদ্যালয়ের রাত-দিন তফাৎ। বেসরকারি বিশ্ববিদ্যালয় থেকে পড়াশোনা করে খুব কম ছেলে-মেয়েই ভালো কিছু করতে পারে। এসব বিশ্ববিদ্যালয় শিক্ষার্থীদের যোগ্যতা তৈরি করে না; শুধু পাঠ্যক্রম শেষ করানোর ধান্দায় থাকে। যারা ভালো করে, তারা নিজেদের ব্যক্তিগত চেষ্টায় করে।",pro_public,SR
pro_public_aug_59,1084,"যারা পাবলিকে চান্স পান নাই, মনকে শান্তনা দেওয়ার জন্য এসব দেখুন।","যারা সরকারি বিশ্ববিদ্যালয়ে চান্স পান নাই, মনকে শান্তনা দেওয়ার জন্য এসব দেখুন।",pro_public,SR
pro_public_aug_60,1144,"আপনার কথা যদি ধরি, তাহলে ঢাকা বিশ্ববিদ্যালয়, রাজশাহী বিশ্ববিদ্যালয়ের তো গবেষণা নেই, তারা অন্য বিশ্ববিদ্যালয়ের সঙ্গে তুলনামূলক প্রতিযোগিতাও করে না। কিন্তু যেসব বিশ্ববিদ্যালয়ে গবেষণা কম, সেসব বিশ্ববিদ্যালয়ের সব ছাত্রই কি মেধার দিক থেকে কম? আপনার কথাগুলো একটা পাগলের প্রলাপ মনে হচ্ছে।","আপনার কথা যদি ধরি, তাআবাসিক হলে ঢাকা বিশ্ববিদ্যালয়, রাজশাহী বিশ্ববিদ্যালয়ের তো গবেষণা নেই, তারা অন্য বিশ্ববিদ্যালয়ের সঙ্গে তুলনামূলক প্রতিযোগিতাও করে না। কিন্তু যেসব বিশ্ববিদ্যালয়ে গবেষণা কম, সেসব বিশ্ববিদ্যালয়ের সব ছাত্রই কি যোগ্যতার দিক থেকে কম? আপনার কথাগুলো একটা পাগলের প্রলাপ মনে হচ্ছে।",pro_public,SR
pro_public_aug_61,1153,"প্রাইভেট ভার্সিটিতে সিলেবাস কম থাকে, যা পড়ায় তা থেকেই প্রশ্ন করা হয়, ফলে সিজিপিএ বেশি ওঠে। কিন্তু পাবলিকে বিশাল সিলেবাস, তাই সিজিপিএ কম ওঠে। এদের ভাইভায় প্রশ্ন করলে কিছুই পারে না।","প্রাইভেট ভার্সিটিতে পাঠ্যসূচি কম থাকে, যা পড়ায় তা থেকেই প্রশ্ন করা হয়, ফলে সিজিপিএ বেশি ওঠে। কিন্তু সরকারি বিশ্ববিদ্যালয়ে বিশাল সিলেবাস, তাই সিজিপিএ কম ওঠে। এদের ভাইভায় প্রশ্ন করলে কিছুই পারে না।",pro_public,SR
pro_public_aug_62,1203,প্রাইভেট বিশ্ববিদ্যালয়গুলো টাকার বিনিময়ে শিক্ষা বা সার্টিফিকেট দেয়। সব বিশ্ববিদ্যালয় বন্ধ করে সরকারের উচিত কারিগরি শিক্ষা দেওয়া।,প্রাইভেট বিশ্ববিদ্যালয়গুলো টাকার বিনিময়ে শিক্ষা বা সার্টিখরচকেট দেয়। সব বিশ্ববিদ্যালয় বন্ধ করে সরকারের উচিত কারিগরি শিক্ষা দেওয়া।,pro_public,SR
pro_public_aug_63,1251,ঢাকা বিশ্ববিদ্যালয় বাংলাদেশের সেরা বিশ্ববিদ্যালয়।,ঢাকা বিশ্ববিদ্যালয় বাংলাদেশের শীর্ষ বিশ্ববিদ্যালয়।,pro_public,SR
pro_public_aug_64,1270,না জেনে কথা বলা বন্ধ করুন। পাবলিকের ছেলেমেয়েরা আরও বেশি বিদেশে যায়। আমার বন্ধুদের কেউই দেশে নেই।,না জেনে কথা বলা বন্ধ করুন। সরকারি বিশ্ববিদ্যালয়ের ছেলেমেয়েরা আরও বেশি বিদেশে যায়। আমার বন্ধুদের কেউই দেশে নেই।,pro_public,SR
pro_public_aug_65,1274,আপনি সবার ভিসা-পাসপোর্টের ব্যবস্থা করে দিতে পারবেন? অনেক পাবলিকে পড়া শিক্ষার্থীও বিদেশে যায়। প্রাইভেট থেকে টাকা খরচ করে গেলেও সবার সে ability থাকে না।,আপনি সবার ভিসা-পাসপোর্টের ব্যবস্থা করে দিতে পারবেন? অনেক সরকারি বিশ্ববিদ্যালয়ে পড়া শিক্ষার্থীও বিদেশে যায়। প্রাইভেট থেকে টাকা খরচ করে গেলেও সবার সে ability থাকে না।,pro_public,SR
pro_public_aug_66,1275,মিডল ক্লাস ও আন্ডার-মিডল ক্লাস পরিবারগুলো চাইলেই তো তাদের সন্তানদের প্রাইভেট বিশ্ববিদ্যালয়ে পড়াতে পারবে না। পাবলিকে পড়লেও সমস্যা নেই; IELTS করে বিদেশে পড়ার সুযোগও তৈরি করা যায়।,মিডল ক্লাস ও আন্ডার-মিডল ক্লাস পরিবারগুলো চাইলেই তো তাদের সন্তানদের প্রাইভেট বিশ্ববিদ্যালয়ে পড়াতে পারবে না। সরকারি বিশ্ববিদ্যালয়ে পড়লেও সমস্যা নেই; IELTS করে বিদেশে পড়ার সুযোগও তৈরি করা যায়।,pro_public,SR
pro_public_aug_67,1280,"পাবলিকে আগে চান্স পান। মানলাম, প্রাইভেটেও সুযোগ আছে; তাই বলে সেটাকে পাবলিক বিশ্ববিদ্যালয়ের সঙ্গে তুলনা করতে আসা উচিত না।","সরকারি বিশ্ববিদ্যালয়ে আগে চান্স পান। মানলাম, প্রাইভেটেও সুযোগ আছে; তাই বলে সেটাকে পাবলিক বিশ্ববিদ্যালয়ের সঙ্গে তুলনা করতে আসা উচিত না।",pro_public,SR
pro_public_aug_68,1407,তাহলে সব ছাত্রকে পাবলিকে সিট দিন; নিজের business বাড়ানোর জন্য private-এর পিছনে না লেগে ভালো কিছু বলুন।,তাআবাসিক হলে সব ছাত্রকে সরকারি বিশ্ববিদ্যালয়ে সিট দিন; নিজের business বাড়ানোর জন্য private-এর পিছনে না লেগে ভালো কিছু বলুন।,pro_public,SR
pro_public_aug_69,1432,৮ থেকে ১০ লাখ টাকা নষ্ট করে প্রাইভেটে পড়া financially huge mistake। চাকরি জীবনে ১০ বছরেও পড়ার খরচ ওঠে না; এর চেয়ে ওই টাকায় business বেশি profitable।,৮ থেকে ১০ লাখ টাকা নষ্ট করে প্রাইভেটে পড়া financially huge mistake। কাজ জীবনে ১০ বছরেও পড়ার খরচ ওঠে না; এর চেয়ে ওই টাকায় business বেশি profitable।,pro_public,SR
pro_public_aug_70,1562,মরে গেলেও প্রাইভেটে পড়ব না।,মরে গেলেও বেসরকারি বিশ্ববিদ্যালয়ে পড়ব না।,pro_public,SR
pro_public_aug_71,1683,পাবলিক বিশ্ববিদ্যালয়ের রিসোর্স আর একাডেমিক পরিবেশ অনেক শিক্ষার্থীর জন্য বড় সুযোগ তৈরি করে।,পাবলিক বিশ্ববিদ্যালয়ের রিসোর্স আর একাডেমিক পরিবেশ অনেক শিক্ষার্থীর জন্য বৃহৎ সুযোগ তৈরি করে।,pro_public,SR
pro_public_aug_72,1686,পাবলিকে পড়ার সামাজিক গ্রহণযোগ্যতা এখনো অনেক পরিবারে আলাদা গুরুত্ব পায়।,সরকারি বিশ্ববিদ্যালয়ে পড়ার সামাজিক গ্রহণযোগ্যতা এখনো অনেক পরিবারে আলাদা গুরুত্ব পায়।,pro_public,SR
pro_public_aug_73,1689,পাবলিক বিশ্ববিদ্যালয়ের বড় ক্যাম্পাস ও বৈচিত্র্যময় ছাত্রজীবন ব্যক্তিত্ব গঠনে প্রভাব ফেলে।,পাবলিক বিশ্ববিদ্যালয়ের বৃহৎ শিক্ষাঙ্গন ও বৈচিত্র্যময় ছাত্রজীবন ব্যক্তিত্ব গঠনে প্রভাব ফেলে।,pro_public,SR
pro_public_aug_74,1698,দেশের অনেক শীর্ষ মেধাবী এখনো প্রথম পছন্দ হিসেবে পাবলিক বিশ্ববিদ্যালয়কেই বেছে নেয়।,দেশের অনেক শীর্ষ যোগ্যতাবী এখনো প্রথম পছন্দ হিসেবে পাবলিক বিশ্ববিদ্যালয়কেই বেছে নেয়।,pro_public,SR
pro_public_aug_75,1707,পাবলিক বিশ্ববিদ্যালয়ের ঐতিহ্য ও একাডেমিক মর্যাদা এখনো অনেকের কাছে বড় প্রেরণা।,পাবলিক বিশ্ববিদ্যালয়ের ঐতিহ্য ও একাডেমিক মর্যাদা এখনো অনেকের কাছে বৃহৎ প্রেরণা।,pro_public,SR
pro_public_aug_76,1716,মেধা যাচাইয়ের দিক থেকে পাবলিক বিশ্ববিদ্যালয়ের ভর্তি পরীক্ষা এখনো বেশ শক্ত মানদণ্ড হিসেবে ধরা হয়।,যোগ্যতা যাচাইয়ের দিক থেকে পাবলিক বিশ্ববিদ্যালয়ের ভর্তি পরীক্ষা এখনো বেশ শক্ত মানদণ্ড হিসেবে ধরা হয়।,pro_public,SR
pro_public_aug_77,1730,পাবলিক বিশ্ববিদ্যালয়ের সিটসংখ্যা সীমিত হওয়ায় সেখানে সুযোগ পাওয়া এখনো বড় অর্জন হিসেবে ধরা হয়।,পাবলিক বিশ্ববিদ্যালয়ের সিটসংখ্যা সীমিত হওয়ায় সেখানে সুযোগ পাওয়া এখনো বৃহৎ অর্জন হিসেবে ধরা হয়।,pro_public,SR
pro_public_aug_78,1751,পাবলিক বিশ্ববিদ্যালয়ের সাবসিডাইজড শিক্ষা অনেক মেধাবী শিক্ষার্থীকে উচ্চশিক্ষায় টিকিয়ে রাখে।,পাবলিক বিশ্ববিদ্যালয়ের সাবসিডাইজড শিক্ষা অনেক যোগ্যতাবী শিক্ষার্থীকে উচ্চশিক্ষায় টিকিয়ে রাখে।,pro_public,SR
pro_public_aug_79,1760,পাবলিক বিশ্ববিদ্যালয়ে ভর্তির সুযোগ পাওয়া এখনো দেশের মেধার বড় স্বীকৃতি হিসেবে দেখা হয়।,পাবলিক বিশ্ববিদ্যালয়ে ভর্তির সুযোগ পাওয়া এখনো দেশের মেধার বৃহৎ স্বীকৃতি হিসেবে দেখা হয়।,pro_public,SR
pro_public_aug_80,1769,এখনো বহু মেধাবী শিক্ষার্থীর প্রথম পছন্দ থাকে একটি শক্তিশালী পাবলিক বিশ্ববিদ্যালয়।,এখনো বহু যোগ্যতাবী শিক্ষার্থীর প্রথম পছন্দ থাকে একটি শক্তিশালী পাবলিক বিশ্ববিদ্যালয়।,pro_public,SR
pro_public_aug_81,1775,পাবলিক বিশ্ববিদ্যালয়ের প্রতিযোগিতামূলক পরিবেশ শিক্ষার্থীদের সক্ষমতা যাচাইয়ের বড় মঞ্চ।,পাবলিক বিশ্ববিদ্যালয়ের প্রতিযোগিতামূলক পরিবেশ শিক্ষার্থীদের সক্ষমতা যাচাইয়ের বৃহৎ মঞ্চ।,pro_public,SR
pro_public_aug_82,1860,পাবলিক বিশ্ববিদ্যালয়ের শক্তিশালী প্রতিযোগিতামূলক পরিবেশ মেধাকে আরও ধারালো করে তুলতে পারে।,পাবলিক বিশ্ববিদ্যালয়ের শক্তিশালী প্রতিযোগিতামূলক পরিবেশ যোগ্যতাকে আরও ধারালো করে তুলতে পারে।,pro_public,SR
pro_public_aug_83,1872,পাবলিক বিশ্ববিদ্যালয়ের বৃহৎ ক্যাম্পাসজীবন অনেকের ব্যক্তিত্ব ও নেতৃত্বের গুণ গড়ে তোলে।,পাবলিক বিশ্ববিদ্যালয়ের বৃহৎ শিক্ষাঙ্গনজীবন অনেকের ব্যক্তিত্ব ও নেতৃত্বের গুণ গড়ে তোলে।,pro_public,SR
pro_public_aug_84,1883,পাবলিক বিশ্ববিদ্যালয়ে পড়ার সুযোগ অনেক পরিবারে গর্ব ও স্বীকৃতির বিষয় হয়ে থাকে।,পাবলিক বিশ্ববিদ্যালয়ে পড়ার সুযোগ অনেক পরিবারে অহংকার ও স্বীকৃতির বিষয় হয়ে থাকে।,pro_public,SR
pro_public_aug_85,1892,পাবলিক বিশ্ববিদ্যালয়ের বড় ক্যাম্পাস ও বৈচিত্র্যময় ছাত্রসমাজ বাস্তব অভিজ্ঞতা বাড়ায়।,পাবলিক বিশ্ববিদ্যালয়ের বড় শিক্ষাঙ্গন ও বৈচিত্র্যময় ছাত্রসমাজ বাস্তব অভিজ্ঞতা বাড়ায়।,pro_public,SR
pro_public_aug_86,1898,পাবলিক বিশ্ববিদ্যালয়ের সাশ্রয়ী খরচ বহু মেধাবী শিক্ষার্থীর জন্য উচ্চশিক্ষার দরজা খুলে দেয়।,পাবলিক বিশ্ববিদ্যালয়ের সাশ্রয়ী খরচ বহু যোগ্যতাবী শিক্ষার্থীর জন্য উচ্চশিক্ষার দরজা খুলে দেয়।,pro_public,SR
pro_public_aug_87,1948,পাবলিক বিশ্ববিদ্যালয় কম খরচে মানসম্মত উচ্চশিক্ষার অন্যতম বড় মাধ্যম।,পাবলিক বিশ্ববিদ্যালয় কম খরচে মানসম্মত উচ্চশিক্ষার অন্যতম বৃহৎ মাধ্যম।,pro_public,SR
pro_public_aug_88,1966,পাবলিক বিশ্ববিদ্যালয়ে ভর্তি হওয়া বহু শিক্ষার্থীর কাছে সামাজিক স্বীকৃতির বড় ধাপ।,পাবলিক বিশ্ববিদ্যালয়ে ভর্তি হওয়া বহু শিক্ষার্থীর কাছে সামাজিক স্বীকৃতির বৃহৎ ধাপ।,pro_public,SR
pro_public_aug_89,1969,পাবলিক বিশ্ববিদ্যালয়ের ভর্তি প্রক্রিয়া এখনো মেধাভিত্তিক বাছাইয়ের গুরুত্বপূর্ণ উদাহরণ হিসেবে বিবেচিত হয়।,পাবলিক বিশ্ববিদ্যালয়ের ভর্তি প্রক্রিয়া এখনো যোগ্যতাভিত্তিক বাছাইয়ের গুরুত্বপূর্ণ উদাহরণ হিসেবে বিবেচিত হয়।,pro_public,SR
pro_public_aug_90,1975,পাবলিক বিশ্ববিদ্যালয় এখনও বহু মেধাবী শিক্ষার্থীর কাছে সবচেয়ে কাঙ্ক্ষিত গন্তব্যগুলোর একটি।,পাবলিক বিশ্ববিদ্যালয় এখনও বহু যোগ্যতাবী শিক্ষার্থীর কাছে সবচেয়ে কাঙ্ক্ষিত গন্তব্যগুলোর একটি।,pro_public,SR
pro_public_aug_91,1983,পাবলিক বিশ্ববিদ্যালয়ে সুযোগ পাওয়া অনেক শিক্ষার্থীর জন্য মেধা ও অধ্যবসায়ের বড় স্বীকৃতি।,পাবলিক বিশ্ববিদ্যালয়ে সুযোগ পাওয়া অনেক শিক্ষার্থীর জন্য মেধা ও অধ্যবসায়ের বৃহৎ স্বীকৃতি।,pro_public,SR
pro_public_aug_92,1989,পাবলিক বিশ্ববিদ্যালয়ের বিস্তৃত ক্যাম্পাসজীবন শিক্ষার্থীদের চিন্তাভাবনাকে আরও পরিণত করে।,পাবলিক বিশ্ববিদ্যালয়ের বিস্তৃত শিক্ষাঙ্গনজীবন শিক্ষার্থীদের চিন্তাভাবনাকে আরও পরিণত করে।,pro_public,SR
pro_public_aug_93,2004,পাবলিক বিশ্ববিদ্যালয় বহু মেধাবী শিক্ষার্থীর জন্য অর্থনৈতিকভাবে সবচেয়ে বাস্তবসম্মত পথ।,পাবলিক বিশ্ববিদ্যালয় বহু যোগ্যতাবী শিক্ষার্থীর জন্য অর্থনৈতিকভাবে সবচেয়ে বাস্তবসম্মত পথ।,pro_public,SR
pro_public_aug_94,2007,পাবলিক বিশ্ববিদ্যালয়ের কঠিন ভর্তি প্রক্রিয়া এখনো মেধার বড় পরীক্ষাগুলোর একটি হিসেবে বিবেচিত হয়।,পাবলিক বিশ্ববিদ্যালয়ের কঠিন ভর্তি প্রক্রিয়া এখনো যোগ্যতার বড় পরীক্ষাগুলোর একটি হিসেবে বিবেচিত হয়।,pro_public,SR
pro_public_aug_95,2010,পাবলিক বিশ্ববিদ্যালয়ের ডিগ্রির ওপর এখনো সমাজের বহু মানুষের আলাদা আস্থা রয়েছে।,পাবলিক বিশ্ববিদ্যালয়ের ডিগ্রির ওপর এখনো সমাজের বহু মানুষের ভিন্ন আস্থা রয়েছে।,pro_public,SR
pro_public_aug_96,2048,পাবলিক বিশ্ববিদ্যালয়ের মেধাভিত্তিক ভর্তি প্রক্রিয়া এখনো অনেকের কাছে সবচেয়ে গ্রহণযোগ্য।,পাবলিক বিশ্ববিদ্যালয়ের যোগ্যতাভিত্তিক ভর্তি প্রক্রিয়া এখনো অনেকের কাছে সবচেয়ে গ্রহণযোগ্য।,pro_public,SR
pro_public_aug_97,2075,পাবলিক বিশ্ববিদ্যালয়ের বড় পরিসরের পরিবেশ অনেককে নেতৃত্ব ও সামাজিক বোধ তৈরি করতে সাহায্য করে।,পাবলিক বিশ্ববিদ্যালয়ের বৃহৎ পরিসরের পরিবেশ অনেককে নেতৃত্ব ও সামাজিক বোধ তৈরি করতে সাহায্য করে।,pro_public,SR
pro_public_aug_98,2089,পাবলিক বিশ্ববিদ্যালয়ের প্রতিযোগিতামূলক পরিবেশ শিক্ষার্থীদের মেধা ও মানসিক দৃঢ়তা বাড়াতে পারে।,পাবলিক বিশ্ববিদ্যালয়ের প্রতিযোগিতামূলক পরিবেশ শিক্ষার্থীদের যোগ্যতা ও মানসিক দৃঢ়তা বাড়াতে পারে।,pro_public,SR
pro_public_aug_99,2092,পাবলিক বিশ্ববিদ্যালয়ে ভর্তি হওয়া বহু পরিবারের কাছে সামাজিক স্বীকৃতি ও গর্বের বিষয়।,পাবলিক বিশ্ববিদ্যালয়ে ভর্তি হওয়া বহু পরিবারের কাছে সামাজিক স্বীকৃতি ও অহংকারের বিষয়।,pro_public,SR
pro_public_aug_100,2095,পাবলিক বিশ্ববিদ্যালয়ের বড় ক্যাম্পাস এবং ভিন্নমুখী ছাত্রসমাজ ব্যক্তিত্ব গঠনে ইতিবাচক প্রভাব ফেলে।,পাবলিক বিশ্ববিদ্যালয়ের বৃহৎ শিক্ষাঙ্গন এবং ভিন্নমুখী ছাত্রসমাজ ব্যক্তিত্ব গঠনে ইতিবাচক প্রভাব ফেলে।,pro_public,SR
pro_public_aug_101,2125,পাবলিক বিশ্ববিদ্যালয়ে পড়ার সুযোগ এখনও বহু শিক্ষার্থীর জীবনে বড় turning point হয়ে দাঁড়ায়।,পাবলিক বিশ্ববিদ্যালয়ে পড়ার সুযোগ এখনও বহু শিক্ষার্থীর জীবনে বৃহৎ turning point হয়ে দাঁড়ায়।,pro_public,SR
pro_public_aug_102,2130,পাবলিক বিশ্ববিদ্যালয়ের ভর্তি যাত্রা এখনো দেশের সবচেয়ে কঠিন মেধা যাচাইগুলোর একটি হিসেবে বিবেচিত হয়।,পাবলিক বিশ্ববিদ্যালয়ের ভর্তি যাত্রা এখনো দেশের সবচেয়ে কঠিন যোগ্যতা যাচাইগুলোর একটি হিসেবে বিবেচিত হয়।,pro_public,SR
pro_public_aug_103,2142,পাবলিক বিশ্ববিদ্যালয়ের আসনসংখ্যা সীমিত হলেও তার সামাজিক গুরুত্ব এখনো খুবই বেশি।,পাবলিক বিশ্ববিদ্যালয়ের আসনসংখ্যা সীমিত আবাসিক হলেও তার সামাজিক গুরুত্ব এখনো খুবই বেশি।,pro_public,SR
pro_public_aug_104,2145,পাবলিক বিশ্ববিদ্যালয়ে পড়ার সুযোগ অনেক শিক্ষার্থীর জীবনে সামাজিক স্বীকৃতির বড় ধাপ হয়ে দাঁড়ায়।,পাবলিক বিশ্ববিদ্যালয়ে পড়ার সুযোগ অনেক শিক্ষার্থীর জীবনে সামাজিক স্বীকৃতির বৃহৎ ধাপ হয়ে দাঁড়ায়।,pro_public,SR
pro_public_aug_105,2160,পাবলিক বিশ্ববিদ্যালয়ের ভর্তি পরীক্ষা এখনো অনেকের কাছে সবচেয়ে শক্তিশালী মেধা প্রতিযোগিতা।,পাবলিক বিশ্ববিদ্যালয়ের ভর্তি পরীক্ষা এখনো অনেকের কাছে সবচেয়ে শক্তিশালী যোগ্যতা প্রতিযোগিতা।,pro_public,SR
pro_public_aug_106,2169,দেশের বহু মেধাবী শিক্ষার্থীর কাছে প্রথম পছন্দ এখনো একটি ভালো পাবলিক বিশ্ববিদ্যালয়।,দেশের বহু যোগ্যতাবী শিক্ষার্থীর কাছে প্রথম পছন্দ এখনো একটি উন্নত পাবলিক বিশ্ববিদ্যালয়।,pro_public,SR
pro_public_aug_107,2175,পাবলিক বিশ্ববিদ্যালয় বহু শিক্ষার্থীর জন্য কম খরচে উচ্চমানের শিক্ষা পাওয়ার বড় দরজা।,পাবলিক বিশ্ববিদ্যালয় বহু শিক্ষার্থীর জন্য কম খরচে উচ্চমানের শিক্ষা পাওয়ার বৃহৎ দরজা।,pro_public,SR
pro_public_aug_108,2198,পাবলিক বিশ্ববিদ্যালয়ের বড় ও বৈচিত্র্যময় ক্যাম্পাসজীবন শিক্ষার্থীদের সামাজিক বোধ গড়ে তোলে।,পাবলিক বিশ্ববিদ্যালয়ের বৃহৎ ও বৈচিত্র্যময় শিক্ষাঙ্গনজীবন শিক্ষার্থীদের সামাজিক বোধ গড়ে তোলে।,pro_public,SR
pro_public_aug_109,2201,পাবলিক বিশ্ববিদ্যালয় বহু মেধাবী শিক্ষার্থীর জন্য অর্থনৈতিকভাবে সবচেয়ে কার্যকর উচ্চশিক্ষার পথ।,পাবলিক বিশ্ববিদ্যালয় বহু যোগ্যতাবী শিক্ষার্থীর জন্য অর্থনৈতিকভাবে সবচেয়ে কার্যকর উচ্চশিক্ষার পথ।,pro_public,SR
pro_public_aug_110,2222,পাবলিক বিশ্ববিদ্যালয়ে ভর্তি হওয়া বহু পরিবারের কাছে গর্বের একটি উপলক্ষ।,পাবলিক বিশ্ববিদ্যালয়ে ভর্তি হওয়া বহু পরিবারের কাছে অহংকারের একটি উপলক্ষ।,pro_public,SR
pro_public_aug_111,2275,পাবলিক বিশ্ববিদ্যালয় এখনও বহু পরিবারের কাছে গর্বের প্রতীক হিসেবে বিবেচিত হয়।,পাবলিক বিশ্ববিদ্যালয় এখনও বহু পরিবারের কাছে অহংকারের প্রতীক হিসেবে বিবেচিত হয়।,pro_public,SR
pro_public_aug_112,2280,পাবলিক বিশ্ববিদ্যালয়ে ভর্তি হওয়া এখনো অনেকের কাছে কঠিন প্রতিযোগিতা পেরোনোর বড় স্বীকৃতি।,পাবলিক বিশ্ববিদ্যালয়ে ভর্তি হওয়া এখনো অনেকের কাছে কঠিন প্রতিযোগিতা পেরোনোর বৃহৎ স্বীকৃতি।,pro_public,SR
pro_public_aug_113,2292,পাবলিক বিশ্ববিদ্যালয় বহু মেধাবী শিক্ষার্থীর জন্য কম খরচে শক্ত ভিত্তি তৈরি করে।,পাবলিক বিশ্ববিদ্যালয় বহু যোগ্যতাবী শিক্ষার্থীর জন্য কম খরচে শক্ত ভিত্তি তৈরি করে।,pro_public,SR
pro_public_aug_114,2298,পাবলিক বিশ্ববিদ্যালয়ের বৈচিত্র্যময় ক্যাম্পাসজীবন শিক্ষার্থীদের সামাজিক বোঝাপড়া বাড়ায়।,পাবলিক বিশ্ববিদ্যালয়ের বৈচিত্র্যময় শিক্ষাঙ্গনজীবন শিক্ষার্থীদের সামাজিক বোঝাপড়া বাড়ায়।,pro_public,SR
pro_public_aug_115,2307,দেশের বহু কৃতী শিক্ষার্থী এখনো প্রথম পছন্দ হিসেবে একটি ভালো পাবলিক বিশ্ববিদ্যালয়কেই দেখে।,দেশের বহু কৃতী শিক্ষার্থী এখনো প্রথম পছন্দ হিসেবে একটি উন্নত পাবলিক বিশ্ববিদ্যালয়কেই দেখে।,pro_public,SR
pro_public_aug_116,2319,পাবলিক বিশ্ববিদ্যালয়ে পড়ার সুযোগ অনেক শিক্ষার্থীর জীবনে বড় পরিবর্তনের সূচনা করে।,পাবলিক বিশ্ববিদ্যালয়ে পড়ার সুযোগ অনেক শিক্ষার্থীর জীবনে বৃহৎ পরিবর্তনের সূচনা করে।,pro_public,SR
pro_public_aug_117,2322,পাবলিক বিশ্ববিদ্যালয় এখনও বহু পরিবারের কাছে গর্বের একটি নাম।,পাবলিক বিশ্ববিদ্যালয় এখনও বহু পরিবারের কাছে অহংকারের একটি নাম।,pro_public,SR
pro_public_aug_118,2330,পাবলিক বিশ্ববিদ্যালয়ে ভর্তি হওয়া এখনও কঠিন মেধা প্রতিযোগিতা পেরোনোর বড় স্বীকৃতি।,পাবলিক বিশ্ববিদ্যালয়ে ভর্তি হওয়া এখনও কঠিন যোগ্যতা প্রতিযোগিতা পেরোনোর বড় স্বীকৃতি।,pro_public,SR
pro_public_aug_119,2345,পাবলিক বিশ্ববিদ্যালয়ের ডিগ্রির প্রতি এখনও সমাজের অনেক অংশের আলাদা আস্থা রয়েছে।,পাবলিক বিশ্ববিদ্যালয়ের ডিগ্রির প্রতি এখনও সমাজের অনেক অংশের ভিন্ন আস্থা রয়েছে।,pro_public,SR
pro_public_aug_120,2348,পাবলিক বিশ্ববিদ্যালয়ের বৈচিত্র্যময় ক্যাম্পাসজীবন সামাজিক বাস্তবতা বোঝার সুযোগ দেয়।,পাবলিক বিশ্ববিদ্যালয়ের বৈচিত্র্যময় শিক্ষাঙ্গনজীবন সামাজিক বাস্তবতা বোঝার সুযোগ দেয়।,pro_public,SR
pro_public_aug_121,2380,পাবলিক বিশ্ববিদ্যালয়ে ভর্তি হওয়া এখনও বড় মেধা প্রতিযোগিতা জয়ের স্বীকৃতি হিসেবে দেখা হয়।,পাবলিক বিশ্ববিদ্যালয়ে ভর্তি হওয়া এখনও বড় যোগ্যতা প্রতিযোগিতা জয়ের স্বীকৃতি হিসেবে দেখা হয়।,pro_public,SR
pro_public_aug_122,2392,পাবলিক বিশ্ববিদ্যালয় বহু মেধাবী শিক্ষার্থীর জন্য কম খরচে মানসম্মত ভিত্তি গড়ে দেয়।,পাবলিক বিশ্ববিদ্যালয় বহু যোগ্যতাবী শিক্ষার্থীর জন্য কম খরচে মানসম্মত ভিত্তি গড়ে দেয়।,pro_public,SR
pro_public_aug_123,2416,পাবলিক বিশ্ববিদ্যালয়ে ভর্তি হওয়া এখনও বহু পরিবারের কাছে গর্বের বিষয়।,পাবলিক বিশ্ববিদ্যালয়ে ভর্তি হওয়া এখনও বহু পরিবারের কাছে অহংকারের বিষয়।,pro_public,SR
pro_public_aug_124,2430,পাবলিক বিশ্ববিদ্যালয়ে ভর্তি হওয়া এখনও কঠিন প্রতিযোগিতা পেরোনোর বড় স্বীকৃতি হিসেবে ধরা হয়।,পাবলিক বিশ্ববিদ্যালয়ে ভর্তি হওয়া এখনও কঠিন প্রতিযোগিতা পেরোনোর বৃহৎ স্বীকৃতি হিসেবে ধরা হয়।,pro_public,SR
pro_public_aug_125,2448,পাবলিক বিশ্ববিদ্যালয়ের বহুমাত্রিক ক্যাম্পাসজীবন বাস্তব সমাজ সম্পর্কে গভীর ধারণা দেয়।,পাবলিক বিশ্ববিদ্যালয়ের বহুমাত্রিক শিক্ষাঙ্গনজীবন বাস্তব সমাজ সম্পর্কে গভীর ধারণা দেয়।,pro_public,SR
pro_public_aug_126,2466,পাবলিক বিশ্ববিদ্যালয়ে ভর্তি হওয়া এখনও বহু পরিবারের কাছে বড় গর্বের বিষয়।,পাবলিক বিশ্ববিদ্যালয়ে ভর্তি হওয়া এখনও বহু পরিবারের কাছে বড় অহংকারের বিষয়।,pro_public,SR
pro_public_aug_127,2519,পাবলিক বিশ্ববিদ্যালয়ের সুযোগ অনেক শিক্ষার্থীর জীবনে বড় পরিবর্তনের শুরু হতে পারে।,পাবলিক বিশ্ববিদ্যালয়ের সুযোগ অনেক শিক্ষার্থীর জীবনে বৃহৎ পরিবর্তনের শুরু হতে পারে।,pro_public,SR
pro_public_aug_128,2530,পাবলিক বিশ্ববিদ্যালয়ে ভর্তি হওয়া এখনও কঠিন মেধা প্রতিযোগিতায় টিকে থাকার বড় স্বীকৃতি।,পাবলিক বিশ্ববিদ্যালয়ে ভর্তি হওয়া এখনও কঠিন যোগ্যতা প্রতিযোগিতায় টিকে থাকার বৃহৎ স্বীকৃতি।,pro_public,SR
pro_public_aug_129,2542,পাবলিক বিশ্ববিদ্যালয় বহু মেধাবী শিক্ষার্থীর জন্য কম খরচে শক্তিশালী একাডেমিক ভিত্তি দেয়।,পাবলিক বিশ্ববিদ্যালয় বহু যোগ্যতাবী শিক্ষার্থীর জন্য কম খরচে শক্তিশালী একাডেমিক ভিত্তি দেয়।,pro_public,SR
pro_public_aug_130,2580,পাবলিক বিশ্ববিদ্যালয়ে ভর্তি হওয়া এখনও কঠিন মেধা প্রতিযোগিতা জয়ের বড় স্বীকৃতি হিসেবে দেখা হয়।,পাবলিক বিশ্ববিদ্যালয়ে ভর্তি হওয়া এখনও কঠিন যোগ্যতা প্রতিযোগিতা জয়ের বড় স্বীকৃতি হিসেবে দেখা হয়।,pro_public,SR
pro_public_aug_131,2625,পাবলিক বিশ্ববিদ্যালয়ের বড় পরিসর ভিন্ন পটভূমির শিক্ষার্থীদের একসাথে শেখার সুযোগ দেয়।,পাবলিক বিশ্ববিদ্যালয়ের বৃহৎ পরিসর ভিন্ন পটভূমির শিক্ষার্থীদের একসাথে শেখার সুযোগ দেয়।,pro_public,SR
pro_public_aug_132,2648,পাবলিক বিশ্ববিদ্যালয়ের বৈচিত্র্যময় ছাত্রসমাজ বাস্তব সমাজ বোঝার বড় সুযোগ তৈরি করে।,পাবলিক বিশ্ববিদ্যালয়ের বৈচিত্র্যময় ছাত্রসমাজ বাস্তব সমাজ বোঝার বৃহৎ সুযোগ তৈরি করে।,pro_public,SR
pro_public_aug_133,2,পাবলিক বিশ্ববিদ্যালয় শুধু মেধাবী শিক্ষার্থীদের জন্য,বিশ্ববিদ্যালয় পাবলিক শুধু মেধাবী শিক্ষার্থীদের জন্য,pro_public,RS
pro_public_aug_134,6,প্রাইভেটে তারাই পড়ে যারা অ্যাডমিশনে ব্যর্থ — এটাই সত্য।,তারাই প্রাইভেটে পড়ে যারা অ্যাডমিশনে ব্যর্থ — এটাই সত্য।,pro_public,RS
pro_public_aug_135,10,"ভাই প্রাইভেট বিশ্ববিদ্যালয়ে পড়ার টাকা নাই,,, আমাদের মতো গরিব মানুষদের জন্য,, পাবলিক বিশ্ববিদ্যালয়ই ঠিক আছে,,, 😢😢😢",", ভাই প্রাইভেট বিশ্ববিদ্যালয়ে পড়ার টাকা নাই,, আমাদের মতো গরিব মানুষদের জন্য,, পাবলিক বিশ্ববিদ্যালয়ই ঠিক আছে,,, 😢😢😢",pro_public,RS
pro_public_aug_136,19,"পাবলিক পাবলিক হয় যাদের মেধা আছে তারাই পাবলিকে পড়ে,, আর অনেক পুলাপান পাবলিকে চান্স না পেলে পরে যাদের টাকা আছে তারা প্রাইভেটে ভর্তি হয়,,, আমার দেখা অনেক খারাপ ছাত্র বাবার টাকা আছে তারা প্রাইভেটে ভর্তি হয়েছে",", পাবলিক পাবলিক হয় যাদের মেধা আছে তারাই পাবলিকে পড়ে, আর অনেক পুলাপান পাবলিকে চান্স না পেলে পরে যাদের টাকা আছে তারা প্রাইভেটে ভর্তি হয়,,, আমার দেখা অনেক খারাপ ছাত্র বাবার টাকা আছে তারা প্রাইভেটে ভর্তি হয়েছে",pro_public,RS
pro_public_aug_137,30,আমি গরিব 😭😭 প্লিজ আমাকে পাবলিক দেও 😭😭,আমি প্লিজ 😭😭 গরিব আমাকে পাবলিক দেও 😭😭,pro_public,RS
pro_public_aug_138,34,"নট রিয়েলি। শেষ পর্যন্ত, পাবলিকের স্টুডেন্টরাই প্রাইভেটের টিচার হয়। আর পাবলিকে পড়তে অ্যাডমিশন দেওয়া লাগে। যেটা প্রাইভেটে দেওয়া লাগে না। আর দিলেও পাবলিকের মতো এতো হার্ড না","শেষ পর্যন্ত, নট রিয়েলি। পাবলিকের স্টুডেন্টরাই প্রাইভেটের টিচার হয়। আর পাবলিকে পড়তে অ্যাডমিশন দেওয়া লাগে। যেটা প্রাইভেটে দেওয়া লাগে না। আর দিলেও পাবলিকের মতো এতো হার্ড না",pro_public,RS
pro_public_aug_139,37,পাবলিকে ট্রাই করে না টিকলে তবেই অনেকে বাধ্য হয়ে প্রাইভেটে যায়! আর এটাই বাস্তব!,আর এটাই বাস্তব! পাবলিকে ট্রাই করে না টিকলে তবেই অনেকে বাধ্য হয়ে প্রাইভেটে যায়!,pro_public,RS
pro_public_aug_140,38,খানকির পোলা তোরা স্পুন ফিড করিস প্রাইভেটে?,পোলা খানকির তোরা স্পুন ফিড করিস প্রাইভেটে?,pro_public,RS
pro_public_aug_141,39,পাবলিকের স্টুডেন্ট ওই স্টুডেন্ট আবার প্রাইভেটে টিচার হয়। তাহলে প্রাইভেটে লেভেল আসলেই বোঝা যায়,তাহলে প্রাইভেটে লেভেল আসলেই বোঝা যায় পাবলিকের স্টুডেন্ট ওই স্টুডেন্ট আবার প্রাইভেটে টিচার হয়।,pro_public,RS
pro_public_aug_142,40,ভাই আপনার সাথে একমত হতে পারলাম না। পাবলিকের পোলাপান গদ বাধা ওই টুকুর মধ্যেই ঘুরে না। প্রাইভেটের স্টুডেন্টরা তো ম্যাক্সিমাম বিদেশ চলে যায়। কিন্তু পাবলিকের পোলাপান এ রিস্ক নিতে পারে এবং নেয়। বাংলাদেশের সব বড় বড় জায়গা বলেন কিংবা ব্যবসা দেখবেন তারা এক সময় পাবলিকেই পড়ত। আরেকটা পয়েন্ট পাবলিকে পড়লে যে একটা নেটওয়ার্ক তৈরি হয় সেটা অন্য কোথাও সম্ভব না।,পাবলিকের পোলাপান গদ বাধা ওই টুকুর মধ্যেই ঘুরে না। ভাই আপনার সাথে একমত হতে পারলাম না। প্রাইভেটের স্টুডেন্টরা তো ম্যাক্সিমাম বিদেশ চলে যায়। কিন্তু পাবলিকের পোলাপান এ রিস্ক নিতে পারে এবং নেয়। বাংলাদেশের সব বড় বড় জায়গা বলেন কিংবা ব্যবসা দেখবেন তারা এক সময় পাবলিকেই পড়ত। আরেকটা পয়েন্ট পাবলিকে পড়লে যে একটা নেটওয়ার্ক তৈরি হয় সেটা অন্য কোথাও সম্ভব না।,pro_public,RS
pro_public_aug_143,41,প্রাইভেট থেকে পাবলিক বিশ্ববিদ্যালয় সেরা যেকোনো দিক থেকে ১০০%,পাবলিক থেকে প্রাইভেট বিশ্ববিদ্যালয় সেরা যেকোনো দিক থেকে ১০০%,pro_public,RS
pro_public_aug_144,48,পাবলিক ইজ পাবলিক,ইজ পাবলিক পাবলিক,pro_public,RS
pro_public_aug_145,51,পাবলিক বিশ্ববিদ্যালয় শিক্ষার্থীরা যে পরিমাণ কষ্ট এবং মেধার প্রতিযোগিতায় থাকে মনে হয় না প্রাইভেটে তার 5% সম্ভব। মেধার বিকাশ অথবা জ্ঞান প্রতিযোগিতায় প্রকাশ পায় এবং তা পরবর্তীতে ভবিষ্যতে দেখা যায় অবশ্যই সবাই স্মার্ট নয় সেটা পাবলিক হোক কিংবা প্রাইভেট।,মেধার বিকাশ অথবা জ্ঞান প্রতিযোগিতায় প্রকাশ পায় এবং তা পরবর্তীতে ভবিষ্যতে দেখা যায় অবশ্যই সবাই স্মার্ট নয় সেটা পাবলিক হোক কিংবা প্রাইভেট। পাবলিক বিশ্ববিদ্যালয় শিক্ষার্থীরা যে পরিমাণ কষ্ট এবং মেধার প্রতিযোগিতায় থাকে মনে হয় না প্রাইভেটে তার 5% সম্ভব।,pro_public,RS
pro_public_aug_146,52,পাবলিক বেস্ট,বেস্ট পাবলিক,pro_public,RS
pro_public_aug_147,54,"পাবলিক বিশ্ববিদ্যালয়ে যারা গ্রাজুয়েশন করে তারা সবাইই সেলফ স্টাডি করেই কিন্তু গ্রাজুয়েট হয়। এদিকে প্রাইভেটে সেই স্কুল, কলেজের মতো টিচারের গাইডলাইনেই তারা কিন্তু গ্রাজুয়েট হয়। এখানে আসলে ওদের এটাই বুঝার সুযোগই থাকে না। কিন্তু এটা আবার ঠিক ওরা তাড়াতাড়ি বের হতে পারে। যেটা পাবলিকে সম্ভব না।","এদিকে প্রাইভেটে সেই স্কুল, পাবলিক বিশ্ববিদ্যালয়ে যারা গ্রাজুয়েশন করে তারা সবাইই সেলফ স্টাডি করেই কিন্তু গ্রাজুয়েট হয়। কলেজের মতো টিচারের গাইডলাইনেই তারা কিন্তু গ্রাজুয়েট হয়। এখানে আসলে ওদের এটাই বুঝার সুযোগই থাকে না। কিন্তু এটা আবার ঠিক ওরা তাড়াতাড়ি বের হতে পারে। যেটা পাবলিকে সম্ভব না।",pro_public,RS
pro_public_aug_148,55,পাবলিক তো পাবলিকে যতই টক শো করেন। একটা কম্পিটিশন পার করে চান্স পাওয়ার মতো বিরাট ব্যাপার কখনোই পাবেন না।,একটা কম্পিটিশন পার করে চান্স পাওয়ার মতো বিরাট ব্যাপার কখনোই পাবেন না। পাবলিক তো পাবলিকে যতই টক শো করেন।,pro_public,RS
pro_public_aug_149,56,আগে চান্স পেয়ে দেখান,আগে পেয়ে চান্স দেখান,pro_public,RS
pro_public_aug_150,58,চান্স পাইবা না তাই,পাইবা চান্স না তাই,pro_public,RS
pro_public_aug_151,61,"বস! বাধ্য হয়ে সবাই জাতীয়তে যায়, প্রাইভেটে না 😆","বাধ্য হয়ে সবাই জাতীয়তে যায়, বস! প্রাইভেটে না 😆",pro_public,RS
pro_public_aug_152,84,@lightlife8030 হুম। সবাই তো এনএসইউ আর ব্র্যাকে পড়ে না। বেশিরভাগ প্রাইভেটের স্টুডেন্টরা এন্ট্রি লেভেলের গুলোতে পড়ে যেখানের টিচাররা হলো পাবলিকের লাস্টের দিকের ছেলেপেলে। কারণ ভালো গুলো তো বেশিরভাগ জব অ্যান্ড অ্যাব্রোড যায়।,সবাই তো এনএসইউ আর ব্র্যাকে পড়ে না। @lightlife8030 হুম। বেশিরভাগ প্রাইভেটের স্টুডেন্টরা এন্ট্রি লেভেলের গুলোতে পড়ে যেখানের টিচাররা হলো পাবলিকের লাস্টের দিকের ছেলেপেলে। কারণ ভালো গুলো তো বেশিরভাগ জব অ্যান্ড অ্যাব্রোড যায়।,pro_public,RS
pro_public_aug_153,85,পাবলিকের স্টুডেন্ট ওই স্টুডেন্ট আবার প্রাইভেটে টিচার হয়। তাহলে প্রাইভেটে লেভেল আসলেই বোঝা যায় 😂😂,তাহলে প্রাইভেটে লেভেল আসলেই বোঝা যায় 😂😂 পাবলিকের স্টুডেন্ট ওই স্টুডেন্ট আবার প্রাইভেটে টিচার হয়।,pro_public,RS
pro_public_aug_154,95,@ahosunhabibahosunhabib4162 বস্তির পোলাপান পাবলিকে পড়ে মানে??? বাপের টাকায় ফুটানি আমরা মাড়াইনা বুঝনাই,? @ahosunhabibahosunhabib4162 বস্তির পোলাপান পাবলিকে পড়ে মানে?? বাপের টাকায় ফুটানি আমরা মাড়াইনা বুঝনাই,pro_public,RS
pro_public_aug_155,100,@samitalhalut1521 হেল নো 👎🏻 পাবলিকে আনএমপ্লয়মেন্ট রেট কম আর যারা কারেন্টলি বেকার ওনারা টিউশনি করে ভালোই ইনকাম করে,হেল @samitalhalut1521 নো 👎🏻 পাবলিকে আনএমপ্লয়মেন্ট রেট কম আর যারা কারেন্টলি বেকার ওনারা টিউশনি করে ভালোই ইনকাম করে,pro_public,RS
pro_public_aug_156,108,আলসো পাবলিক ইজ অলমোস্ট ফ্রি,পাবলিক আলসো ইজ অলমোস্ট ফ্রি,pro_public,RS
pro_public_aug_157,112,"@Kausidragneel হা, দেশের সব সাকসেসফুল মানুষ বস্তি। তুমি ই কুল অ্যাফ 👌","দেশের সব সাকসেসফুল মানুষ বস্তি। @Kausidragneel হা, তুমি ই কুল অ্যাফ 👌",pro_public,RS
pro_public_aug_158,116,সেইম স্টুপিড লজিক 😂 তুমি চান্স পেয়ে কোন বালদা চিরসো? আনএমপ্লয়মেন্ট রেট দেখো ইউনিভার্সিটি স্ট্যাটিস্টিক্স এর,আনএমপ্লয়মেন্ট রেট দেখো ইউনিভার্সিটি স্ট্যাটিস্টিক্স এর সেইম স্টুপিড লজিক 😂 তুমি চান্স পেয়ে কোন বালদা চিরসো?,pro_public,RS
pro_public_aug_159,131,ড্রিম বুয়েট 😔,বুয়েট ড্রিম 😔,pro_public,RS
pro_public_aug_160,135,"@MG-pd4fo মিস্ট পাবলিক ভাই। মিস্ট, বিইউপির অধীনে একটা সরকারি প্রতিষ্ঠান। প্রতি বছর সরকার ৯৯ কোটি টাকা দেয়। এটা মিলিটারির অধীনে হলেও এটা সরকারি। সামনে এটা মাস্ট নামে পরিচিতি পাবে এবং বিইউপি থেকে বের হবে। আর বিইউপি বানানই হয়েছিল মিস্টের জন্য। কিন্তু এখানে ৩ থেকে ৩.৪৫ লক্ষ টাকা ৪ বছরে খরচ হয়। কারণ পরিষ্কার পরিছন্ন পরিবেশ, আর সাবজেক্টগুলো অনেক ভালো। আর মিস্টে এমন সাবজেক্ট আছে যেগুলো বুয়েটেও নাই এবং ডিউতেও নাই।","মিস্ট, @MG-pd4fo মিস্ট পাবলিক ভাই। বিইউপির অধীনে একটা সরকারি প্রতিষ্ঠান। প্রতি বছর সরকার ৯৯ কোটি টাকা দেয়। এটা মিলিটারির অধীনে হলেও এটা সরকারি। সামনে এটা মাস্ট নামে পরিচিতি পাবে এবং বিইউপি থেকে বের হবে। আর বিইউপি বানানই হয়েছিল মিস্টের জন্য। কিন্তু এখানে ৩ থেকে ৩.৪৫ লক্ষ টাকা ৪ বছরে খরচ হয়। কারণ পরিষ্কার পরিছন্ন পরিবেশ, আর সাবজেক্টগুলো অনেক ভালো। আর মিস্টে এমন সাবজেক্ট আছে যেগুলো বুয়েটেও নাই এবং ডিউতেও নাই।",pro_public,RS
pro_public_aug_161,145,পাবলিক > প্রাইভেট কজ প্রাইভেটে টাকাওয়ালা গাধা গরুরা পড়ে আর পাবলিকে আমার মতো মেধাবিরা পড়ে 😎,প্রাইভেট > পাবলিক কজ প্রাইভেটে টাকাওয়ালা গাধা গরুরা পড়ে আর পাবলিকে আমার মতো মেধাবিরা পড়ে 😎,pro_public,RS
pro_public_aug_162,170,"চান্স পাও আগে, তার পর প্রাইভেট প্রোমোট করো, পাবলিকে চান্স না পেয়ে পাবলিকের পেছনে লাগতে এসো না, কুক হয়ে যাবা","তার পর প্রাইভেট প্রোমোট করো, চান্স পাও আগে, পাবলিকে চান্স না পেয়ে পাবলিকের পেছনে লাগতে এসো না, কুক হয়ে যাবা",pro_public,RS
pro_public_aug_163,172,@luffybae একদম ঠিক।,একদম @luffybae ঠিক।,pro_public,RS
pro_public_aug_164,184,"প্রাইভেট বিশ্ববিদ্যালয় থেকে পাবলিক বিশ্ববিদ্যালয় সেরা ১০০% কারণ প্রতিযোগিতা দিয়ে আসতে হয় টাকা দিয়ে নয়,, যেকোনো দিক থেকে বিবেচনা করলে সেরা পাবলিক বিশ্ববিদ্যালয় সেরা",", প্রাইভেট বিশ্ববিদ্যালয় থেকে পাবলিক বিশ্ববিদ্যালয় সেরা ১০০% কারণ প্রতিযোগিতা দিয়ে আসতে হয় টাকা দিয়ে নয়, যেকোনো দিক থেকে বিবেচনা করলে সেরা পাবলিক বিশ্ববিদ্যালয় সেরা",pro_public,RS
pro_public_aug_165,185,নো ডাউট পাবলিক ইজ গ্রেটার দ্যান প্রাইভেট 😂😂,ডাউট নো পাবলিক ইজ গ্রেটার দ্যান প্রাইভেট 😂😂,pro_public,RS
pro_public_aug_166,188,প্রাইভেট মার্কেটিং 😂😂,মার্কেটিং প্রাইভেট 😂😂,pro_public,RS
pro_public_aug_167,194,কাগজ বিক্রি প্রাইভেটের কাজ।,বিক্রি কাগজ প্রাইভেটের কাজ।,pro_public,RS
pro_public_aug_168,202,"@JohnJMarino পাবলিকে পরিশ্রম করে চান্স পায়,, আর প্রাইভেট? 😂😂, টাকা দেয়, ভর্তি হয়, 😂😂, প্রাইভেটের মেয়েগুলাও.......... আস্তাগফিরুল্লাহ, 😅😊",", @JohnJMarino পাবলিকে পরিশ্রম করে চান্স পায়, আর প্রাইভেট? 😂😂, টাকা দেয়, ভর্তি হয়, 😂😂, প্রাইভেটের মেয়েগুলাও.......... আস্তাগফিরুল্লাহ, 😅😊",pro_public,RS
pro_public_aug_169,208,ব্রো তুমি বাংলাদেশে থাকো এইদিকে জবেও ডিসক্রিমিনেশন আছে পাবলিক প্রাইভেট নিয়ে। আমি এমন এক জবে গেছি ক্লিয়ার রিকোয়ার্ড আছে পাবলিক ইউনিভার্সিটি হইলে সিজিপিএ 3 এ অ্যাপ্লাই করতে পারবো আর প্রাইভেট ইউনিভার্সিটি হইলে সিজিপিএ 3.50 লাগবো। একজন চু' থেকে পড়া আমার ইন্টারভিউ বোর্ডে আই সিজিপিএ 2.8 ছিল জব হয়েছে আরেকজন উলাব থেকে 3.8 ও জবটা পায় নাই 😅😅 তারপরও বলবা স্কিল সব ইউনিভার্সিটি ম্যাটার করে না,আমি এমন এক জবে গেছি ক্লিয়ার রিকোয়ার্ড আছে পাবলিক ইউনিভার্সিটি হইলে সিজিপিএ 3 এ অ্যাপ্লাই করতে পারবো আর প্রাইভেট ইউনিভার্সিটি হইলে সিজিপিএ 3.50 লাগবো। ব্রো তুমি বাংলাদেশে থাকো এইদিকে জবেও ডিসক্রিমিনেশন আছে পাবলিক প্রাইভেট নিয়ে। একজন চু' থেকে পড়া আমার ইন্টারভিউ বোর্ডে আই সিজিপিএ 2.8 ছিল জব হয়েছে আরেকজন উলাব থেকে 3.8 ও জবটা পায় নাই 😅😅 তারপরও বলবা স্কিল সব ইউনিভার্সিটি ম্যাটার করে না,pro_public,RS
pro_public_aug_170,224,"হার্ভার্ড ইউনিভার্সিটি, অক্সফোর্ড ইউনিভার্সিটিতে চান্স পেয়েও বাংলাদেশের প্রাইভেট ইউনিভার্সিটিতে যাচ্ছি শুধু বাপের টাকা উড়ানোর আশায়.... #অপ লেভেল ফাপরবাজি 😂😂😂😂","অক্সফোর্ড ইউনিভার্সিটিতে চান্স পেয়েও বাংলাদেশের প্রাইভেট ইউনিভার্সিটিতে যাচ্ছি শুধু বাপের টাকা উড়ানোর আশায়.... #অপ লেভেল ফাপরবাজি 😂😂😂😂 হার্ভার্ড ইউনিভার্সিটি,",pro_public,RS
pro_public_aug_171,225,@FAHAD-es3pe ওয়েল অ্যানসার্ড 😂,ওয়েল @FAHAD-es3pe অ্যানসার্ড 😂,pro_public,RS
pro_public_aug_172,240,"বিটিডব্লিউ ভার্সিটি ইজ অ্যা স্ক্যাম! মোস্টলি সি ক্যাটাগরি প্রাইভেট ইউনিভার্সিটি। এটা নিয়ে একটা ভিডিও বানান, এটা জাস্ট একটা স্ক্যাম","মোস্টলি সি ক্যাটাগরি প্রাইভেট ইউনিভার্সিটি। বিটিডব্লিউ ভার্সিটি ইজ অ্যা স্ক্যাম! এটা নিয়ে একটা ভিডিও বানান, এটা জাস্ট একটা স্ক্যাম",pro_public,RS
pro_public_aug_173,282,"আটারলি বোগাস! অ্যাডমিশন টেস্ট কোশ্চেনস আর বিলো দ্যা মিনিমাম স্ট্যান্ডার্ড লেভেল! আর আপনি বলছেন এটা দ্যা মোস্ট এলিট ইউনিভার্সিটি ইন বাংলাদেশ? 🤣 ওহ মাই মাই, দেন হোয়াট ইজ বুয়েট ডুয়িং? মোয়িং দ্যা গ্রাস? গুড লর্ড! হাউ ডিড আই মিস দিস কমেডি! 🤮 আর আপনি বলছেন দ্যা লেকচার ম্যাটেরিয়ালস আর ডেলিভার্ড, ওয়ার্ল্ডওয়াইড? সিরিয়াসলি! মেট, আই স দ্যা ইইই কোশ্চেনস অফ দিস শিট ভার্সিটি, অ্যান্ড আই ওয়াজ লিটারেলি ডাইং আউট অফ লাফটার হাউ ক্যান দ্যা টিচার্স অ্যাভেইল দেম উইথ এইচএসসি লেভেল কোশ্চেনস 🤣🤣, অ্যান্ড অ্যাজ এক্সপেক্টেড, দেই কুডন্ট ম্যানেজ টু অ্যানসার দ্যাট এদার! দিস ইওর ওয়ার্ল্ড ওয়াইড ইউনিভার্সিটি? 🤣🤣 বেসিক্যালি ইউ গাইজ হায়ার দ্যা টিচার্স ফ্রম আওয়ার ইউনিভার্সিটি, অ্যাকচুয়ালি, এভরি প্রাইভেট ইউনিভার্সিটি হায়ার্স টিচার্স ফ্রম বুয়েট ইন টেকনিক্যাল সাবজেক্টস এক্সডি। অ্যান্ড ফর ইওর সিএসই কনসেনসাস, হোয়াট ওয়াজ দ্যা রেজাল্ট অফ আইসিপিসি অ্যাগেইন? :3 বুয়েট জাস্ট নেইল্ড ফ্রম দ্যা র‍্যাংকিং অফ 1st টু 40th! ডিউ অলসো ওয়াজ দেয়ার। বাট হোয়ার ইজ ইওর এনএসইউ অ্যান্ড আদার বুলশিটস। স্টপ ডিসিভিং দ্যা ইয়াংগার্স অ্যাসহোল।","অ্যাডমিশন টেস্ট কোশ্চেনস আর বিলো দ্যা মিনিমাম স্ট্যান্ডার্ড লেভেল! আটারলি বোগাস! আর আপনি বলছেন এটা দ্যা মোস্ট এলিট ইউনিভার্সিটি ইন বাংলাদেশ? 🤣 ওহ মাই মাই, দেন হোয়াট ইজ বুয়েট ডুয়িং? মোয়িং দ্যা গ্রাস? গুড লর্ড! হাউ ডিড আই মিস দিস কমেডি! 🤮 আর আপনি বলছেন দ্যা লেকচার ম্যাটেরিয়ালস আর ডেলিভার্ড, ওয়ার্ল্ডওয়াইড? সিরিয়াসলি! মেট, আই স দ্যা ইইই কোশ্চেনস অফ দিস শিট ভার্সিটি, অ্যান্ড আই ওয়াজ লিটারেলি ডাইং আউট অফ লাফটার হাউ ক্যান দ্যা টিচার্স অ্যাভেইল দেম উইথ এইচএসসি লেভেল কোশ্চেনস 🤣🤣, অ্যান্ড অ্যাজ এক্সপেক্টেড, দেই কুডন্ট ম্যানেজ টু অ্যানসার দ্যাট এদার! দিস ইওর ওয়ার্ল্ড ওয়াইড ইউনিভার্সিটি? 🤣🤣 বেসিক্যালি ইউ গাইজ হায়ার দ্যা টিচার্স ফ্রম আওয়ার ইউনিভার্সিটি, অ্যাকচুয়ালি, এভরি প্রাইভেট ইউনিভার্সিটি হায়ার্স টিচার্স ফ্রম বুয়েট ইন টেকনিক্যাল সাবজেক্টস এক্সডি। অ্যান্ড ফর ইওর সিএসই কনসেনসাস, হোয়াট ওয়াজ দ্যা রেজাল্ট অফ আইসিপিসি অ্যাগেইন? :3 বুয়েট জাস্ট নেইল্ড ফ্রম দ্যা র‍্যাংকিং অফ 1st টু 40th! ডিউ অলসো ওয়াজ দেয়ার। বাট হোয়ার ইজ ইওর এনএসইউ অ্যান্ড আদার বুলশিটস। স্টপ ডিসিভিং দ্যা ইয়াংগার্স অ্যাসহোল।",pro_public,RS
pro_public_aug_174,381,"ভাইয়া আসসালামুআলাইকুম...
ভাইয়া আমি খুব সমস্যায় আছি
আমি এইচএসসি-২৫ ব্যাচের স্টুডেন্ট
মিডল ক্লাস ফ্যামিলিতে বেলং করি...

এখন ভাইয়া এবার আমার কোনো না কোনো কারণে চান্সটা হাতে পেয়েও মিস গিয়েছে
এই অবস্থায় ভাইয়া

এখন আমি সেকেন্ড টাইম প্রিপারেশন নিয়ে
নিজের স্বপ্নটা পূরণ করতে চাই কিন্তু ফ্যামিলি চিন্তা করছে ১ বছর গ্যাপ পড়বে... সবাই আগাই চলে যাবে আমি পিছে পড়ে থাকবো
তো ওরা আমাকে প্রাইভেটে পড়ানোর জন্য জোর করছে বলছে
প্রাইভেটে পড়ে সেকেন্ড টাইম প্রিপারেশন নাও
ফ্যামিলিকে অনেকবার বুঝিয়েছি... কিন্তু ওরা বুঝতে চাচ্ছে না.. ওরা শুধু চিন্তা করছে লাইফ থেকে ১ বছর এমনি এমনি চলে যাবে
যদি সেকেন্ড টাইম চান্স না হয় তখন কী হবে এগুলো নিয়ে.. এখন ভাইয়া আমি কী করবো বুঝতে পারছি না...
হেল্পলেস হয়ে যাচ্ছি..",আসসালামুআলাইকুম... ভাইয়া ভাইয়া আমি খুব সমস্যায় আছি আমি এইচএসসি-২৫ ব্যাচের স্টুডেন্ট মিডল ক্লাস ফ্যামিলিতে বেলং করি... এখন ভাইয়া এবার আমার কোনো না কোনো কারণে চান্সটা হাতে পেয়েও মিস গিয়েছে এই অবস্থায় ভাইয়া এখন আমি সেকেন্ড টাইম প্রিপারেশন নিয়ে নিজের স্বপ্নটা পূরণ করতে চাই কিন্তু ফ্যামিলি চিন্তা করছে ১ বছর গ্যাপ পড়বে... সবাই আগাই চলে যাবে আমি পিছে পড়ে থাকবো তো ওরা আমাকে প্রাইভেটে পড়ানোর জন্য জোর করছে বলছে প্রাইভেটে পড়ে সেকেন্ড টাইম প্রিপারেশন নাও ফ্যামিলিকে অনেকবার বুঝিয়েছি... কিন্তু ওরা বুঝতে চাচ্ছে না.. ওরা শুধু চিন্তা করছে লাইফ থেকে ১ বছর এমনি এমনি চলে যাবে যদি সেকেন্ড টাইম চান্স না হয় তখন কী হবে এগুলো নিয়ে.. এখন ভাইয়া আমি কী করবো বুঝতে পারছি না... হেল্পলেস হয়ে যাচ্ছি..,pro_public,RS
pro_public_aug_175,406,"আমি এখন ইস্ট ওয়েস্টে আছি... জেনেটিক ইঞ্জিনিয়ারিং অ্যান্ড বায়োটেকনোলজি ডিপার্টমেন্টে...যদিও আমি জাহাঙ্গীরনগরে চান্স পাইছিলাম...আমার বায়োকেমিস্ট্রি সাবজেক্ট আসছে...কিন্তু আমি যাই নাই...আমার বাসার সামনে ইস্ট ওয়েস্ট...একটা ভালো সাবজেক্ট পাইছি এখানে...তার উপর শুনলাম আমার এক ফ্রেন্ড নাকি জেইউ'তে ফার্মেসিতে চান্স পাইছে...ওর সাথে কথা বলে দেখলাম..ওদের এতো সেশন জট লাগে রে...ও এখনো অনেক পিছিয়ে আছে..আর আমি ২য় বর্ষে উঠে গেলাম.... প্রাইভেট ভার্সিটিতে মারাত্তক প্রেসার! আমার একদম পাগলের মতো অবস্থা... মোটামুটি যা দেখলাম ইস্ট ওয়েস্টে.. ম্যাক্সিমাম স্টুডেন্ট সারাদিন খালি কুইজ, মিড, অ্যাসাইনমেন্ট, গ্রুপ ওয়ার্ক, প্রেজেন্টেশন, স্পট অ্যাসেসমেন্ট, ভাইভা...(আরো কতো কি!) এসব নিয়ে দৌড়ি দৌড়ি করে....

একদিন এক সিনিয়র আপু বললেন ""আগে যদি জানতাম তাহলে পাবলিকেই পড়তাম। অন্তত এখানে আসিয়া বাস খাইতাম নাহ"".. ওই আপু তো ঢাবিতে চান্স পাইছিলো ইকনোমিক্সে..কিন্তু এখন ইস্ট ওয়েস্টে পড়ে...

যে যাই বলুক... প্রাইভেটের পড়ার প্রেসার...যারা পাইছেন তারাই জানে কি ভয়ানক!","আমার একদম পাগলের মতো অবস্থা... মোটামুটি যা দেখলাম ইস্ট ওয়েস্টে.. ম্যাক্সিমাম স্টুডেন্ট সারাদিন খালি কুইজ, আমি এখন ইস্ট ওয়েস্টে আছি... জেনেটিক ইঞ্জিনিয়ারিং অ্যান্ড বায়োটেকনোলজি ডিপার্টমেন্টে...যদিও আমি জাহাঙ্গীরনগরে চান্স পাইছিলাম...আমার বায়োকেমিস্ট্রি সাবজেক্ট আসছে...কিন্তু আমি যাই নাই...আমার বাসার সামনে ইস্ট ওয়েস্ট...একটা ভালো সাবজেক্ট পাইছি এখানে...তার উপর শুনলাম আমার এক ফ্রেন্ড নাকি জেইউ'তে ফার্মেসিতে চান্স পাইছে...ওর সাথে কথা বলে দেখলাম..ওদের এতো সেশন জট লাগে রে...ও এখনো অনেক পিছিয়ে আছে..আর আমি ২য় বর্ষে উঠে গেলাম.... প্রাইভেট ভার্সিটিতে মারাত্তক প্রেসার! মিড, অ্যাসাইনমেন্ট, গ্রুপ ওয়ার্ক, প্রেজেন্টেশন, স্পট অ্যাসেসমেন্ট, ভাইভা...(আরো কতো কি! ) এসব নিয়ে দৌড়ি দৌড়ি করে.... একদিন এক সিনিয়র আপু বললেন ""আগে যদি জানতাম তাহলে পাবলিকেই পড়তাম। অন্তত এখানে আসিয়া বাস খাইতাম নাহ"".. ওই আপু তো ঢাবিতে চান্স পাইছিলো ইকনোমিক্সে..কিন্তু এখন ইস্ট ওয়েস্টে পড়ে... যে যাই বলুক... প্রাইভেটের পড়ার প্রেসার...যারা পাইছেন তারাই জানে কি ভয়ানক!",pro_public,RS
pro_public_aug_176,441,"শোয়া আর কত দেহুম, প্রাইভেটের মূল্য দেহাইয়া আর কত ব্যবসা করবি","প্রাইভেটের মূল্য দেহাইয়া আর কত ব্যবসা করবি শোয়া আর কত দেহুম,",pro_public,RS
pro_public_aug_177,442,"পোলাপান বড় ভাই হিসেবে কইতাসি ভাই,
হীর কথা শুন ভাই,
নাইলে মরদা জে খাইবি রে বাবা,
রিয়েলিটি কইতাসে কিন্তু পুরাদা,
আমিও ২ বছর আগে কইছিলাম কি ভুগি চুগি মারাইতাসি,
এখন বুঝতাসে রিয়েলিটি জিনিসটা কি,","হীর কথা শুন ভাই, পোলাপান বড় ভাই হিসেবে কইতাসি ভাই, নাইলে মরদা জে খাইবি রে বাবা, রিয়েলিটি কইতাসে কিন্তু পুরাদা, আমিও ২ বছর আগে কইছিলাম কি ভুগি চুগি মারাইতাসি, এখন বুঝতাসে রিয়েলিটি জিনিসটা কি,",pro_public,RS
pro_public_aug_178,444,প্রাইভেট ভার্সিটি অনেক প্রেসার দেই...টাইম মতো সব পড়া শেষ করাই...আর আপনি ডেইলি ক্লাসে প্রেজেন্ট না থাকলে ঝামেলা হবে..আপনার মার্কস কমবে..সিজি ডাউন হবে..আর ফ্যাকাল্টি এগুলো খুব ভালোভাবে নোটিস করে...আর যদি ৩ দিনের বেশি ক্লাস মিস করেন তাহলে আপনাকে মেবি অ্যাপ্লিকেশন করতে হবে ফাইনাল এক্সামে বসার জন্য,ভার্সিটি প্রাইভেট অনেক প্রেসার দেই...টাইম মতো সব পড়া শেষ করাই...আর আপনি ডেইলি ক্লাসে প্রেজেন্ট না থাকলে ঝামেলা হবে..আপনার মার্কস কমবে..সিজি ডাউন হবে..আর ফ্যাকাল্টি এগুলো খুব ভালোভাবে নোটিস করে...আর যদি ৩ দিনের বেশি ক্লাস মিস করেন তাহলে আপনাকে মেবি অ্যাপ্লিকেশন করতে হবে ফাইনাল এক্সামে বসার জন্য,pro_public,RS
pro_public_aug_179,450,টাকা আছে কিন্তু প্রাইভেটকে মূল্য দেই না.. প্রাইভেট থেকে ফার্মেসি পড়ে নাকি চাকরি পাওয়া যায় না 😂😅,আছে টাকা কিন্তু প্রাইভেটকে মূল্য দেই না.. প্রাইভেট থেকে ফার্মেসি পড়ে নাকি চাকরি পাওয়া যায় না 😂😅,pro_public,RS
pro_public_aug_180,457,"একজন এনএসইউয়ার হিসেবে ফ্রিডম আছে কিন্তু টিকে থাকা ইজি না। ভালো সিজি ক্যারি করার জন্য না, জাস্ট পাস করার জন্যই অনেক হার্ড ওয়ার্ক করতে হয়। লাইফ হেল হয়ে যাচ্ছে। আমার মতে পাবলিকেই ফ্রিডম বেশি আর অনেক্ক্ক ইজি গোয়িং","ভালো সিজি ক্যারি করার জন্য না, একজন এনএসইউয়ার হিসেবে ফ্রিডম আছে কিন্তু টিকে থাকা ইজি না। জাস্ট পাস করার জন্যই অনেক হার্ড ওয়ার্ক করতে হয়। লাইফ হেল হয়ে যাচ্ছে। আমার মতে পাবলিকেই ফ্রিডম বেশি আর অনেক্ক্ক ইজি গোয়িং",pro_public,RS
pro_public_aug_181,458,প্রাইভেট বিশ্ববিদ্যালয়ে ইঞ্জিনিয়ারিং না যাওয়াই ভালো,বিশ্ববিদ্যালয়ে প্রাইভেট ইঞ্জিনিয়ারিং না যাওয়াই ভালো,pro_public,RS
pro_public_aug_182,463,"প্রমোশনাল ভিডিও বানাইছেন ভাইয়া ঠিক আছে। এখানে আমাদের অনেক ছোট ভাই বোনের। বাবা মায়ের দীর্ঘ কষ্টের টাকা নিয়ে অনেক স্বপ্ন নিয়ে এরা প্রাইভেটে ভর্তি হবে। তাই কয়েকটা তিক্ত কথা বলি। আমি ইস্ট ওয়েস্টে ছিলাম। আমার বিবিএ কমপ্লিট করতে ৬ বছর লাগছে। না না কোনো সেশন জট না। রিটেক আর ফেল। ধরে নেন আমি খারাপ স্টুডেন্ট। আমার পরিচিত কয়েকজনের উদাহরণ দেই। আমার রুমমেট ছোট ভাই ২ সেমেস্টার পড়ার পর হতাশ হয়ে রিএডমিশন দিয়ে খুলনা ইউনিভার্সিটিতে চলে গেল। আমার ফ্রেন্ড ২ বছর পড়ার পর আইআইউবিতে চলে গেল। এক বড় ভাই প্রায় ২ বছর পর ইউল্যাবে চলে গেল। এরকম অনেকেই ছিল যারা লক্ষ লক্ষ টাকা খরচ করেও গ্রেডের মাইরপ্যাচে পরে ইস্ট ওয়েস্ট ছাড়তে বাধ্য হইছে। তাই বলব আপনি যদি আসলেই ভালো স্টুডেন্ট হন তবেই। এনএসইউ, ব্র্যাক, ইস্ট ওয়েস্টে ভর্তি হবেন। সিজিপিএ না থাকলে ভার্সিটির নাম দিয়ে চাকরি পাবেন না। সব রিক্রুটার এসবের ভ্যালু বোঝে না। অনেকে বায়াসডও থাকে। ধন্যবাদ সবাইকে।","এখানে আমাদের অনেক ছোট ভাই বোনের। প্রমোশনাল ভিডিও বানাইছেন ভাইয়া ঠিক আছে। বাবা মায়ের দীর্ঘ কষ্টের টাকা নিয়ে অনেক স্বপ্ন নিয়ে এরা প্রাইভেটে ভর্তি হবে। তাই কয়েকটা তিক্ত কথা বলি। আমি ইস্ট ওয়েস্টে ছিলাম। আমার বিবিএ কমপ্লিট করতে ৬ বছর লাগছে। না না কোনো সেশন জট না। রিটেক আর ফেল। ধরে নেন আমি খারাপ স্টুডেন্ট। আমার পরিচিত কয়েকজনের উদাহরণ দেই। আমার রুমমেট ছোট ভাই ২ সেমেস্টার পড়ার পর হতাশ হয়ে রিএডমিশন দিয়ে খুলনা ইউনিভার্সিটিতে চলে গেল। আমার ফ্রেন্ড ২ বছর পড়ার পর আইআইউবিতে চলে গেল। এক বড় ভাই প্রায় ২ বছর পর ইউল্যাবে চলে গেল। এরকম অনেকেই ছিল যারা লক্ষ লক্ষ টাকা খরচ করেও গ্রেডের মাইরপ্যাচে পরে ইস্ট ওয়েস্ট ছাড়তে বাধ্য হইছে। তাই বলব আপনি যদি আসলেই ভালো স্টুডেন্ট হন তবেই। এনএসইউ, ব্র্যাক, ইস্ট ওয়েস্টে ভর্তি হবেন। সিজিপিএ না থাকলে ভার্সিটির নাম দিয়ে চাকরি পাবেন না। সব রিক্রুটার এসবের ভ্যালু বোঝে না। অনেকে বায়াসডও থাকে। ধন্যবাদ সবাইকে।",pro_public,RS
pro_public_aug_183,464,ভাই ঢাবি না হলে বিদেশে চলে যাবো 🥹,ঢাবি ভাই না হলে বিদেশে চলে যাবো 🥹,pro_public,RS
pro_public_aug_184,485,"এটা ট্রু। আমি এক ইউনিভার্সিটিতে ভর্তি হলাম, সিএস ডিপার্টমেন্টে। হাই হাই কি সর্বনাশ। মেয়েরা প্রফেসরদের সাথে প্রস্টিটিউশন করে গ্রেডস লাগায় এবং ছেলেরা প্রফেসরদের সাথে গাঁজা খায় আর টাকা লাগায় সিজিপিএ আপ করে। আর প্রফেসরগুলাও কি ফালতু। টপ টপ ইউনিভার্সিটি থেকে পাসআউটস যেই হোক তারা ফুল অফ শিট। অন্তত যদি বাস দিয়ে থাকে, পাবলিক ইউনিভার্সিটি থেকে বাস খাও কারণ এটা একটি গভর্নমেন্ট ফান্ডেড ইনস্টিটিউশন কিন্তু প্রাইভেট ইউনিভার্সিটিতে বস্তা বস্তা টাকাও দিবো আবার বাসও নাও। এটা টোটালি একটা ফালতু। দ্যাটস হোয়াই ইভেন ইফ ইউ হ্যাভ মানি গো ফর পাবলিক।","আমি এক ইউনিভার্সিটিতে ভর্তি হলাম, এটা ট্রু। সিএস ডিপার্টমেন্টে। হাই হাই কি সর্বনাশ। মেয়েরা প্রফেসরদের সাথে প্রস্টিটিউশন করে গ্রেডস লাগায় এবং ছেলেরা প্রফেসরদের সাথে গাঁজা খায় আর টাকা লাগায় সিজিপিএ আপ করে। আর প্রফেসরগুলাও কি ফালতু। টপ টপ ইউনিভার্সিটি থেকে পাসআউটস যেই হোক তারা ফুল অফ শিট। অন্তত যদি বাস দিয়ে থাকে, পাবলিক ইউনিভার্সিটি থেকে বাস খাও কারণ এটা একটি গভর্নমেন্ট ফান্ডেড ইনস্টিটিউশন কিন্তু প্রাইভেট ইউনিভার্সিটিতে বস্তা বস্তা টাকাও দিবো আবার বাসও নাও। এটা টোটালি একটা ফালতু। দ্যাটস হোয়াই ইভেন ইফ ইউ হ্যাভ মানি গো ফর পাবলিক।",pro_public,RS
pro_public_aug_185,488,"শুধু ঢাবি, শুধু তোমাকে সঙ্গের মতো","শুধু তোমাকে সঙ্গের মতো শুধু ঢাবি,",pro_public,RS
pro_public_aug_186,490,এভয়েড ন্যাশনাল,ন্যাশনাল এভয়েড,pro_public,RS
pro_public_aug_187,492,"অনেক কারণ আছে, পড়ালেখার ফ্লো হারাবেন না, কারণ ২ মাস পর পর পরীক্ষা থাকে।","পড়ালেখার ফ্লো হারাবেন না, অনেক কারণ আছে, কারণ ২ মাস পর পর পরীক্ষা থাকে।",pro_public,RS
pro_public_aug_188,514,যাদের বাপের অবৈধ টাকা আছে এদের জন্য প্রাইভেট ভার্সিটি পড়া কোনো ব্যাপার না 😢,বাপের যাদের অবৈধ টাকা আছে এদের জন্য প্রাইভেট ভার্সিটি পড়া কোনো ব্যাপার না 😢,pro_public,RS
pro_public_aug_189,634,আইইউবিএটি একটি জঘন্য ভার্সিটি। নোংরামিতে সেরা,নোংরামিতে সেরা আইইউবিএটি একটি জঘন্য ভার্সিটি।,pro_public,RS
pro_public_aug_190,648,"কাম অন ইউ ডিডন্ট ইভেন ওয়ান্ট টু এ পাবলিক ইউনিভার্সিটি ইন বাংলাদেশ।
পাবলিক বিশ্ববিদ্যালয়ে মেধাবী পড়ে ইউ
কান্ট ডিনাই দ্যাট।",পাবলিক বিশ্ববিদ্যালয়ে মেধাবী পড়ে ইউ কান্ট ডিনাই দ্যাট। কাম অন ইউ ডিডন্ট ইভেন ওয়ান্ট টু এ পাবলিক ইউনিভার্সিটি ইন বাংলাদেশ।,pro_public,RS
pro_public_aug_191,659,মেধাটা ধুইয়া দুইবেলা করে পানি খান😂😂। ২১ লাখ বেকারের দেশে ভার্সিটি চোদায়🤣,২১ লাখ বেকারের দেশে ভার্সিটি চোদায়🤣 মেধাটা ধুইয়া দুইবেলা করে পানি খান😂😂।,pro_public,RS
pro_public_aug_192,670,পাবলিক ইউনিভার্সিটির শিক্ষকরা দেশের সেরা পণ্ডিত,ইউনিভার্সিটির পাবলিক শিক্ষকরা দেশের সেরা পণ্ডিত,pro_public,RS
pro_public_aug_193,675,"পাবলিক বিশ্ববিদ্যালয়ের ডিগ্রি বিদেশে স্বীকৃতি পায়, প্রাইভেটের নয়","প্রাইভেটের নয় পাবলিক বিশ্ববিদ্যালয়ের ডিগ্রি বিদেশে স্বীকৃতি পায়,",pro_public,RS
pro_public_aug_194,678,বুয়েটের সিভিল ইঞ্জিনিয়াররা দেশের অবকাঠামো উন্নয়নে কাজ করে,সিভিল বুয়েটের ইঞ্জিনিয়াররা দেশের অবকাঠামো উন্নয়নে কাজ করে,pro_public,RS
pro_public_aug_195,680,বাকৃবির কৃষি গবেষণা দেশের খাদ্য নিরাপত্তায় সাহায্য করে,কৃষি বাকৃবির গবেষণা দেশের খাদ্য নিরাপত্তায় সাহায্য করে,pro_public,RS
pro_public_aug_196,687,ঢাবির চারুকলা অনুষদের শিক্ষার্থীরা দেশের শিল্পচর্চায় নেতৃত্ব দেয়,চারুকলা ঢাবির অনুষদের শিক্ষার্থীরা দেশের শিল্পচর্চায় নেতৃত্ব দেয়,pro_public,RS
pro_public_aug_197,692,খুবির শিক্ষার্থীরা দক্ষিণ-পশ্চিমাঞ্চলের উন্নয়নে কাজ করে,শিক্ষার্থীরা খুবির দক্ষিণ-পশ্চিমাঞ্চলের উন্নয়নে কাজ করে,pro_public,RS
pro_public_aug_198,697,প্রাইভেট বিশ্ববিদ্যালয়ের সার্টিফিকেটের বাজার মূল্য কম,বিশ্ববিদ্যালয়ের প্রাইভেট সার্টিফিকেটের বাজার মূল্য কম,pro_public,RS
pro_public_aug_199,699,বুয়েটের স্নাতকরা বিশ্বের যেকোনো প্রতিষ্ঠানে কাজ করতে পারে,স্নাতকরা বুয়েটের বিশ্বের যেকোনো প্রতিষ্ঠানে কাজ করতে পারে,pro_public,RS
pro_public_aug_200,700,শাহজালাল বিজ্ঞান ও প্রযুক্তি বিশ্ববিদ্যালয়ের সিএসই অনেক শক্তিশালী,বিজ্ঞান শাহজালাল ও প্রযুক্তি বিশ্ববিদ্যালয়ের সিএসই অনেক শক্তিশালী,pro_public,RS
pro_public_aug_201,703,প্রাইভেট বিশ্ববিদ্যালয়ে ভর্তি হলে টাকা দিয়ে পাস করা যায়,বিশ্ববিদ্যালয়ে প্রাইভেট ভর্তি হলে টাকা দিয়ে পাস করা যায়,pro_public,RS
pro_public_aug_202,704,খুবির শিক্ষার্থীরা সোলার এনার্জি ও নবায়নযোগ্য জ্বালানি গবেষণায় অগ্রণী,শিক্ষার্থীরা খুবির সোলার এনার্জি ও নবায়নযোগ্য জ্বালানি গবেষণায় অগ্রণী,pro_public,RS
pro_public_aug_203,705,পাবলিক বিশ্ববিদ্যালয়ের শিক্ষার্থীরা দেশপ্রেমে উদ্বুদ্ধ হয়,বিশ্ববিদ্যালয়ের পাবলিক শিক্ষার্থীরা দেশপ্রেমে উদ্বুদ্ধ হয়,pro_public,RS
pro_public_aug_204,706,পাবলিক বিশ্ববিদ্যালয়ের শিক্ষার্থীরা দেশের স্বাধীনতা ও সার্বভৌমত্ব রক্ষায় সচেতন,বিশ্ববিদ্যালয়ের পাবলিক শিক্ষার্থীরা দেশের স্বাধীনতা ও সার্বভৌমত্ব রক্ষায় সচেতন,pro_public,RS
pro_public_aug_205,707,বুয়েটের শিক্ষার্থীরা দেশের সবচেয়ে বড় স্টার্টআপ গড়ে তোলে,শিক্ষার্থীরা বুয়েটের দেশের সবচেয়ে বড় স্টার্টআপ গড়ে তোলে,pro_public,RS
pro_public_aug_206,708,পাবলিক বিশ্ববিদ্যালয়ের শিক্ষার্থীরা দেশের সবচেয়ে বড় বিজ্ঞান মেলায় অংশ নেয়,বিশ্ববিদ্যালয়ের পাবলিক শিক্ষার্থীরা দেশের সবচেয়ে বড় বিজ্ঞান মেলায় অংশ নেয়,pro_public,RS
pro_public_aug_207,710,রাবির ইংরেজি বিভাগের শিক্ষার্থীরা ভাষায় অত্যন্ত দক্ষ,ইংরেজি রাবির বিভাগের শিক্ষার্থীরা ভাষায় অত্যন্ত দক্ষ,pro_public,RS
pro_public_aug_208,711,প্রাইভেট বিশ্ববিদ্যালয়ের শিক্ষার্থীরা কোনো জাতীয় প্রতিযোগিতায় সফল হয় না,বিশ্ববিদ্যালয়ের প্রাইভেট শিক্ষার্থীরা কোনো জাতীয় প্রতিযোগিতায় সফল হয় না,pro_public,RS
pro_public_aug_209,712,চবির মেরিন সায়েন্স বিভাগের গবেষণা সমুদ্র সম্পদ আহরণে সাহায্য করে,মেরিন চবির সায়েন্স বিভাগের গবেষণা সমুদ্র সম্পদ আহরণে সাহায্য করে,pro_public,RS
pro_public_aug_210,720,সUSTর শিক্ষার্থীরা সিলেটের উন্নয়নে গুরুত্বপূর্ণ ভূমিকা রাখে,শিক্ষার্থীরা সUSTর সিলেটের উন্নয়নে গুরুত্বপূর্ণ ভূমিকা রাখে,pro_public,RS
pro_public_aug_211,723,পাবলিক বিশ্ববিদ্যালয়ের শিক্ষার্থীরা দেশের সবচেয়ে বড় চলচ্চিত্র নির্মাতা,বিশ্ববিদ্যালয়ের পাবলিক শিক্ষার্থীরা দেশের সবচেয়ে বড় চলচ্চিত্র নির্মাতা,pro_public,RS
pro_public_aug_212,724,"প্রাইভেট বিশ্ববিদ্যালয়ের শিক্ষার্থীরা শুধু সিলেবাস পড়ে, বাইরের জ্ঞান রাখে না","বাইরের জ্ঞান রাখে না প্রাইভেট বিশ্ববিদ্যালয়ের শিক্ষার্থীরা শুধু সিলেবাস পড়ে,",pro_public,RS
pro_public_aug_213,726,পাবলিক বিশ্ববিদ্যালয়ের পরীক্ষায় নকল করা প্রায় অসম্ভব,বিশ্ববিদ্যালয়ের পাবলিক পরীক্ষায় নকল করা প্রায় অসম্ভব,pro_public,RS
pro_public_aug_214,728,প্রাইভেট বিশ্ববিদ্যালয়ে ভর্তি হলে কোনো প্রতিযোগিতামূলক পরিবেশ পাওয়া যায় না,বিশ্ববিদ্যালয়ে প্রাইভেট ভর্তি হলে কোনো প্রতিযোগিতামূলক পরিবেশ পাওয়া যায় না,pro_public,RS
pro_public_aug_215,729,"আমার বড় ভাই জাহাঙ্গীরনগরে পড়ে, তার জ্ঞানের গভীরতা দেখে অবাক হই","তার জ্ঞানের গভীরতা দেখে অবাক হই আমার বড় ভাই জাহাঙ্গীরনগরে পড়ে,",pro_public,RS
pro_public_aug_216,732,ঢাবির ছাত্ররা দেশের প্রতিটি গুরুত্বপূর্ণ পদে আছেন,ছাত্ররা ঢাবির দেশের প্রতিটি গুরুত্বপূর্ণ পদে আছেন,pro_public,RS
pro_public_aug_217,733,পাবলিক বিশ্ববিদ্যালয়ের হলগুলো বন্ধুত্ব ও ভ্রাতৃত্ব শেখায়,বিশ্ববিদ্যালয়ের পাবলিক হলগুলো বন্ধুত্ব ও ভ্রাতৃত্ব শেখায়,pro_public,RS
pro_public_aug_218,735,প্রাইভেট বিশ্ববিদ্যালয়ের শিক্ষার্থীরা সমাজের সমস্যা নিয়ে ভাবে না,বিশ্ববিদ্যালয়ের প্রাইভেট শিক্ষার্থীরা সমাজের সমস্যা নিয়ে ভাবে না,pro_public,RS
pro_public_aug_219,743,পাবলিক বিশ্ববিদ্যালয়ের শিক্ষার্থীরা দেশের সবচেয়ে বড় বিতর্ক প্রতিযোগিতায় সেরা,বিশ্ববিদ্যালয়ের পাবলিক শিক্ষার্থীরা দেশের সবচেয়ে বড় বিতর্ক প্রতিযোগিতায় সেরা,pro_public,RS
pro_public_aug_220,744,রাবির শিক্ষার্থীরা উত্তরাঞ্চলের শিক্ষা ও সংস্কৃতির কেন্দ্রবিন্দু,শিক্ষার্থীরা রাবির উত্তরাঞ্চলের শিক্ষা ও সংস্কৃতির কেন্দ্রবিন্দু,pro_public,RS
pro_public_aug_221,745,ঢাবির ইতিহাস বিভাগের শিক্ষার্থীরা দেশের ইতিহাস চর্চায় নেতৃত্ব দেয়,ইতিহাস ঢাবির বিভাগের শিক্ষার্থীরা দেশের ইতিহাস চর্চায় নেতৃত্ব দেয়,pro_public,RS
pro_public_aug_222,749,পাবলিক ইউনিভার্সিটিতে পড়লে জীবনের সবচেয়ে সুন্দর সময় কাটে,ইউনিভার্সিটিতে পাবলিক পড়লে জীবনের সবচেয়ে সুন্দর সময় কাটে,pro_public,RS
pro_public_aug_223,751,পাবলিক বিশ্ববিদ্যালয়ের শিক্ষার্থীরা দেশের সবচেয়ে বড় ক্রীড়া প্রতিযোগিতায় চ্যাম্পিয়ন হয়,বিশ্ববিদ্যালয়ের পাবলিক শিক্ষার্থীরা দেশের সবচেয়ে বড় ক্রীড়া প্রতিযোগিতায় চ্যাম্পিয়ন হয়,pro_public,RS
pro_public_aug_224,754,বাকৃবির শিক্ষার্থীরা কৃষকদের জন্য নতুন প্রযুক্তি উদ্ভাবন করে,শিক্ষার্থীরা বাকৃবির কৃষকদের জন্য নতুন প্রযুক্তি উদ্ভাবন করে,pro_public,RS
pro_public_aug_225,755,পাবলিক বিশ্ববিদ্যালয়ের গবেষণার সুযোগ অনেক বেশি,বিশ্ববিদ্যালয়ের পাবলিক গবেষণার সুযোগ অনেক বেশি,pro_public,RS
pro_public_aug_226,756,"প্রাইভেট বিশ্ববিদ্যালয়ের টিউশন ফি অসহনীয়, সাধারণ মানুষের নাগালের বাইরে","সাধারণ মানুষের নাগালের বাইরে প্রাইভেট বিশ্ববিদ্যালয়ের টিউশন ফি অসহনীয়,",pro_public,RS
pro_public_aug_227,759,প্রাইভেট বিশ্ববিদ্যালয়ের শিক্ষার্থীরা পাশ্চাত্য সংস্কৃতিতে আচ্ছন্ন,বিশ্ববিদ্যালয়ের প্রাইভেট শিক্ষার্থীরা পাশ্চাত্য সংস্কৃতিতে আচ্ছন্ন,pro_public,RS
pro_public_aug_228,761,পাবলিক বিশ্ববিদ্যালয়ের ডিগ্রি নিয়ে চাকরির বাজারে প্রাধান্য পাওয়া যায়,বিশ্ববিদ্যালয়ের পাবলিক ডিগ্রি নিয়ে চাকরির বাজারে প্রাধান্য পাওয়া যায়,pro_public,RS
pro_public_aug_229,762,খুলনা বিশ্ববিদ্যালয়ের পরিবেশ পড়াশোনার জন্য অত্যন্ত উপযুক্ত,বিশ্ববিদ্যালয়ের খুলনা পরিবেশ পড়াশোনার জন্য অত্যন্ত উপযুক্ত,pro_public,RS
pro_public_aug_230,766,পাবলিক বিশ্ববিদ্যালয়ের শিক্ষার্থীরা দেশের সংস্কৃতি ও ঐতিহ্য ধরে রাখে,বিশ্ববিদ্যালয়ের পাবলিক শিক্ষার্থীরা দেশের সংস্কৃতি ও ঐতিহ্য ধরে রাখে,pro_public,RS
pro_public_aug_231,768,খুবির শিক্ষার্থীরা মংলা বন্দর ও শিপইয়ার্ডে কাজ করে দেশের উন্নয়নে,শিক্ষার্থীরা খুবির মংলা বন্দর ও শিপইয়ার্ডে কাজ করে দেশের উন্নয়নে,pro_public,RS
pro_public_aug_232,769,পাবলিক বিশ্ববিদ্যালয়ের শিক্ষকরা বিদেশ থেকে পিএইচডি করে আসেন,বিশ্ববিদ্যালয়ের পাবলিক শিক্ষকরা বিদেশ থেকে পিএইচডি করে আসেন,pro_public,RS
pro_public_aug_233,774,ঢাকা বিশ্ববিদ্যালয়ের ছাত্ররা দেশের ভবিষ্যৎ নেতৃত্ব দেয়,বিশ্ববিদ্যালয়ের ঢাকা ছাত্ররা দেশের ভবিষ্যৎ নেতৃত্ব দেয়,pro_public,RS
pro_public_aug_234,776,ঢাবির শিক্ষার্থীরা দেশের সবচেয়ে বড় সাহিত্যিক ও লেখক,শিক্ষার্থীরা ঢাবির দেশের সবচেয়ে বড় সাহিত্যিক ও লেখক,pro_public,RS
pro_public_aug_235,779,প্রাইভেট বিশ্ববিদ্যালয়ের শিক্ষার্থীরা সাংবাদিকতা ও গণমাধ্যমে তেমন সফল নয়,বিশ্ববিদ্যালয়ের প্রাইভেট শিক্ষার্থীরা সাংবাদিকতা ও গণমাধ্যমে তেমন সফল নয়,pro_public,RS
pro_public_aug_236,787,পাবলিক বিশ্ববিদ্যালয়ের শিক্ষার্থীরা বিভিন্ন আন্দোলনে নেতৃত্ব দেয়,বিশ্ববিদ্যালয়ের পাবলিক শিক্ষার্থীরা বিভিন্ন আন্দোলনে নেতৃত্ব দেয়,pro_public,RS
pro_public_aug_237,793,প্রাইভেট বিশ্ববিদ্যালয়গুলো শুধু টাকা উপার্জনের কারখানা,বিশ্ববিদ্যালয়গুলো প্রাইভেট শুধু টাকা উপার্জনের কারখানা,pro_public,RS
pro_public_aug_238,806,"প্রাইভেট বিশ্ববিদ্যালয়গুলো শুধু ব্যবসা করে, শিক্ষা দেয় না","শিক্ষা দেয় না প্রাইভেট বিশ্ববিদ্যালয়গুলো শুধু ব্যবসা করে,",pro_public,RS
pro_public_aug_239,814,প্রাইভেট বিশ্ববিদ্যালয়ের শিক্ষার্থীরা দেশের সমস্যা নিয়ে কোনো আন্দোলন করে না,বিশ্ববিদ্যালয়ের প্রাইভেট শিক্ষার্থীরা দেশের সমস্যা নিয়ে কোনো আন্দোলন করে না,pro_public,RS
pro_public_aug_240,815,প্রাইভেট বিশ্ববিদ্যালয়ে ভর্তি হলে টাকার বিনিময়ে সব পাওয়া যায়,বিশ্ববিদ্যালয়ে প্রাইভেট ভর্তি হলে টাকার বিনিময়ে সব পাওয়া যায়,pro_public,RS
pro_public_aug_241,816,প্রাইভেট বিশ্ববিদ্যালয়ের শিক্ষার্থীরা যুক্তি ও বিতর্কে দুর্বল,বিশ্ববিদ্যালয়ের প্রাইভেট শিক্ষার্থীরা যুক্তি ও বিতর্কে দুর্বল,pro_public,RS
pro_public_aug_242,824,প্রাইভেট বিশ্ববিদ্যালয়ের ডিগ্রি নিয়ে ব্যাংক ও সরকারি চাকরি পাওয়া কঠিন,বিশ্ববিদ্যালয়ের প্রাইভেট ডিগ্রি নিয়ে ব্যাংক ও সরকারি চাকরি পাওয়া কঠিন,pro_public,RS
pro_public_aug_243,826,পাবলিক বিশ্ববিদ্যালয়ের শিক্ষার্থীরা দেশের সবচেয়ে বড় সাংবাদিকতা প্রতিযোগিতায় সফল,বিশ্ববিদ্যালয়ের পাবলিক শিক্ষার্থীরা দেশের সবচেয়ে বড় সাংবাদিকতা প্রতিযোগিতায় সফল,pro_public,RS
pro_public_aug_244,829,পাবলিক বিশ্ববিদ্যালয়ে ভর্তি হতে প্রকৃত মেধা লাগে,বিশ্ববিদ্যালয়ে পাবলিক ভর্তি হতে প্রকৃত মেধা লাগে,pro_public,RS
pro_public_aug_245,830,প্রাইভেট বিশ্ববিদ্যালয়ের শিক্ষার্থীরা রাজনীতি ও সামাজিক কাজে অংশ নেয় না,বিশ্ববিদ্যালয়ের প্রাইভেট শিক্ষার্থীরা রাজনীতি ও সামাজিক কাজে অংশ নেয় না,pro_public,RS
pro_public_aug_246,831,পাবলিক বিশ্ববিদ্যালয়ের লাইব্রেরি ও ল্যাবের সুবিধা অনেক বেশি,বিশ্ববিদ্যালয়ের পাবলিক লাইব্রেরি ও ল্যাবের সুবিধা অনেক বেশি,pro_public,RS
pro_public_aug_247,836,ঢাবির আইন বিভাগের স্নাতকরা দেশের সেরা আইনজীবী,আইন ঢাবির বিভাগের স্নাতকরা দেশের সেরা আইনজীবী,pro_public,RS
pro_public_aug_248,837,প্রাইভেট বিশ্ববিদ্যালয়ের শিক্ষার্থীরা নতুন কিছু উদ্ভাবন করে না,বিশ্ববিদ্যালয়ের প্রাইভেট শিক্ষার্থীরা নতুন কিছু উদ্ভাবন করে না,pro_public,RS
pro_public_aug_249,840,প্রাইভেট বিশ্ববিদ্যালয়ে কোনো ছাত্র রাজনীতি করতে পারে না,বিশ্ববিদ্যালয়ে প্রাইভেট কোনো ছাত্র রাজনীতি করতে পারে না,pro_public,RS
pro_public_aug_250,841,প্রাইভেট বিশ্ববিদ্যালয়ের শিক্ষার্থীরা প্রযুক্তি ও উদ্ভাবনে পিছিয়ে,বিশ্ববিদ্যালয়ের প্রাইভেট শিক্ষার্থীরা প্রযুক্তি ও উদ্ভাবনে পিছিয়ে,pro_public,RS
pro_public_aug_251,844,"প্রাইভেট বিশ্ববিদ্যালয়গুলো শিক্ষার্থীদের চাপ দেয় না, ফলে শেখে না","ফলে শেখে না প্রাইভেট বিশ্ববিদ্যালয়গুলো শিক্ষার্থীদের চাপ দেয় না,",pro_public,RS
pro_public_aug_252,848,"পাবলিক বিশ্ববিদ্যালয়ের শিক্ষার মান অনেক উঁচু, এতে কোনো সন্দেহ নেই","এতে কোনো সন্দেহ নেই পাবলিক বিশ্ববিদ্যালয়ের শিক্ষার মান অনেক উঁচু,",pro_public,RS
pro_public_aug_253,855,প্রাইভেট বিশ্ববিদ্যালয়ের শিক্ষার্থীরা শিল্প-সাহিত্য-সংস্কৃতিতে অংশ নেয় না,বিশ্ববিদ্যালয়ের প্রাইভেট শিক্ষার্থীরা শিল্প-সাহিত্য-সংস্কৃতিতে অংশ নেয় না,pro_public,RS
pro_public_aug_254,856,জাবির প্রাকৃতিক সৌন্দর্য পড়াশোনার মনোযোগ বাড়ায়,প্রাকৃতিক জাবির সৌন্দর্য পড়াশোনার মনোযোগ বাড়ায়,pro_public,RS
pro_public_aug_255,857,পাবলিক বিশ্ববিদ্যালয়ের শিক্ষার্থীরা বিভিন্ন ক্লাব ও সংগঠনে সক্রিয়,বিশ্ববিদ্যালয়ের পাবলিক শিক্ষার্থীরা বিভিন্ন ক্লাব ও সংগঠনে সক্রিয়,pro_public,RS
pro_public_aug_256,862,চট্টগ্রাম বিশ্ববিদ্যালয়ের ইতিহাস ও ঐতিহ্য অনন্য,বিশ্ববিদ্যালয়ের চট্টগ্রাম ইতিহাস ও ঐতিহ্য অনন্য,pro_public,RS
pro_public_aug_257,865,রাবির শিক্ষার্থীরা দেশের সবচেয়ে সচেতন ও সক্রিয়,শিক্ষার্থীরা রাবির দেশের সবচেয়ে সচেতন ও সক্রিয়,pro_public,RS
pro_public_aug_258,867,"বুয়েটের ইঞ্জিনিয়াররা দেশের সেরা, প্রাইভেটের কেউ কাছে আসতে পারে না","প্রাইভেটের কেউ কাছে আসতে পারে না বুয়েটের ইঞ্জিনিয়াররা দেশের সেরা,",pro_public,RS
pro_public_aug_259,869,প্রাইভেট বিশ্ববিদ্যালয়ের শিক্ষকরা অধিকাংশই পাবলিকের রিজেক্ট,বিশ্ববিদ্যালয়ের প্রাইভেট শিক্ষকরা অধিকাংশই পাবলিকের রিজেক্ট,pro_public,RS
pro_public_aug_260,875,"প্রাইভেট বিশ্ববিদ্যালয়ের শিক্ষার্থীরা শুধু ক্লাস ও বাড়ি, এর বেশি কিছু নয়","এর বেশি কিছু নয় প্রাইভেট বিশ্ববিদ্যালয়ের শিক্ষার্থীরা শুধু ক্লাস ও বাড়ি,",pro_public,RS
pro_public_aug_261,879,রাজশাহী বিশ্ববিদ্যালয়ের ক্যাম্পাস জীবন অসাধারণ,বিশ্ববিদ্যালয়ের রাজশাহী ক্যাম্পাস জীবন অসাধারণ,pro_public,RS
pro_public_aug_262,880,পাবলিক বিশ্ববিদ্যালয়ের শিক্ষার্থীরা দেশের প্রতিটি গুরুত্বপূর্ণ সectorে নেতৃত্ব দেয়,বিশ্ববিদ্যালয়ের পাবলিক শিক্ষার্থীরা দেশের প্রতিটি গুরুত্বপূর্ণ সectorে নেতৃত্ব দেয়,pro_public,RS
pro_public_aug_263,882,পাবলিক বিশ্ববিদ্যালয়ের ডিগ্রি নিয়ে সরকারি চাকরি পাওয়া সহজ,বিশ্ববিদ্যালয়ের পাবলিক ডিগ্রি নিয়ে সরকারি চাকরি পাওয়া সহজ,pro_public,RS
pro_public_aug_264,883,প্রাইভেট বিশ্ববিদ্যালয়ের শিক্ষার্থীরা বিদেশে উচ্চশিক্ষায় সফল হয় না,বিশ্ববিদ্যালয়ের প্রাইভেট শিক্ষার্থীরা বিদেশে উচ্চশিক্ষায় সফল হয় না,pro_public,RS
pro_public_aug_265,886,পাবলিক বিশ্ববিদ্যালয়ের ছাত্র সংসদ নির্বাচন গণতন্ত্রের চর্চা করে,বিশ্ববিদ্যালয়ের পাবলিক ছাত্র সংসদ নির্বাচন গণতন্ত্রের চর্চা করে,pro_public,RS
pro_public_aug_266,891,প্রাইভেট বিশ্ববিদ্যালয়ের শিক্ষার্থীরা শুধু সার্টিফিকেট কালেক্টর,বিশ্ববিদ্যালয়ের প্রাইভেট শিক্ষার্থীরা শুধু সার্টিফিকেট কালেক্টর,pro_public,RS
pro_public_aug_267,894,জাবির শিক্ষার্থীরা প্রকৃতির সাথে মিশে জীবনধারণ শেখে,শিক্ষার্থীরা জাবির প্রকৃতির সাথে মিশে জীবনধারণ শেখে,pro_public,RS
pro_public_aug_268,897,চবির শিক্ষার্থীরা দক্ষিণাঞ্চলের শ্রেষ্ঠ মেধা,শিক্ষার্থীরা চবির দক্ষিণাঞ্চলের শ্রেষ্ঠ মেধা,pro_public,RS
pro_public_aug_269,902,প্রাইভেট বিশ্ববিদ্যালয়গুলো শিক্ষক নিয়োগে দুর্নীতি করে,বিশ্ববিদ্যালয়গুলো প্রাইভেট শিক্ষক নিয়োগে দুর্নীতি করে,pro_public,RS
pro_public_aug_270,903,প্রাইভেট বিশ্ববিদ্যালয়ের শিক্ষার্থীরা শুধু ব্যক্তিগত ক্যারিয়ার ভাবে,বিশ্ববিদ্যালয়ের প্রাইভেট শিক্ষার্থীরা শুধু ব্যক্তিগত ক্যারিয়ার ভাবে,pro_public,RS
pro_public_aug_271,904,পাবলিক বিশ্ববিদ্যালয়ের শিক্ষার্থীরা দেশের সবচেয়ে বড় আইডিয়া দেয়,বিশ্ববিদ্যালয়ের পাবলিক শিক্ষার্থীরা দেশের সবচেয়ে বড় আইডিয়া দেয়,pro_public,RS
pro_public_aug_272,910,পাবলিক বিশ্ববিদ্যালয়ের পরীক্ষার হলে কঠোর নিয়ম মানা হয়,বিশ্ববিদ্যালয়ের পাবলিক পরীক্ষার হলে কঠোর নিয়ম মানা হয়,pro_public,RS
pro_public_aug_273,916,পাবলিক ইউনিভার্সিটির পরীক্ষা পদ্ধতি কঠিন হওয়ায় শিক্ষার্থীরা যোগ্য হয়,ইউনিভার্সিটির পাবলিক পরীক্ষা পদ্ধতি কঠিন হওয়ায় শিক্ষার্থীরা যোগ্য হয়,pro_public,RS
pro_public_aug_274,918,"প্রাইভেট বিশ্ববিদ্যালয়ের শিক্ষার্থীরা বাড়ি থেকে কমিউট করে, সামাজিকতা শেখে না","সামাজিকতা শেখে না প্রাইভেট বিশ্ববিদ্যালয়ের শিক্ষার্থীরা বাড়ি থেকে কমিউট করে,",pro_public,RS
pro_public_aug_275,920,আমি ঢাকা বিশ্ববিদ্যালয়ে পড়াশোনা করে গর্বিত,আমি বিশ্ববিদ্যালয়ে ঢাকা পড়াশোনা করে গর্বিত,pro_public,RS
pro_public_aug_276,923,পাবলিক বিশ্ববিদ্যালয়ের শিক্ষকরা শিক্ষার্থীদের বিনামূল্যে কোচিং দেন,বিশ্ববিদ্যালয়ের পাবলিক শিক্ষকরা শিক্ষার্থীদের বিনামূল্যে কোচিং দেন,pro_public,RS
pro_public_aug_277,924,প্রাইভেট বিশ্ববিদ্যালয়ের শিক্ষার্থীরা শারীরিক শিক্ষা ও খেলাধুলায় পিছিয়ে,বিশ্ববিদ্যালয়ের প্রাইভেট শিক্ষার্থীরা শারীরিক শিক্ষা ও খেলাধুলায় পিছিয়ে,pro_public,RS
pro_public_aug_278,926,পাবলিক বিশ্ববিদ্যালয়ে পড়াশোনার চাপ শিক্ষার্থীকে শক্তিশালী করে,বিশ্ববিদ্যালয়ে পাবলিক পড়াশোনার চাপ শিক্ষার্থীকে শক্তিশালী করে,pro_public,RS
pro_public_aug_279,927,পাবলিক বিশ্ববিদ্যালয়ের শিক্ষার্থীরা দেশের সবচেয়ে বড় মাথা ব্যবহার করে,বিশ্ববিদ্যালয়ের পাবলিক শিক্ষার্থীরা দেশের সবচেয়ে বড় মাথা ব্যবহার করে,pro_public,RS
pro_public_aug_280,928,পাবলিক বিশ্ববিদ্যালয়ের ছাত্রাবাস জীবন আত্মনির্ভরশীলতা শেখায়,বিশ্ববিদ্যালয়ের পাবলিক ছাত্রাবাস জীবন আত্মনির্ভরশীলতা শেখায়,pro_public,RS
pro_public_aug_281,930,"আমার বোন জগন্নাথ বিশ্ববিদ্যালয়ে পড়ে, তার প্রগতি দেখে খুশি","তার প্রগতি দেখে খুশি আমার বোন জগন্নাথ বিশ্ববিদ্যালয়ে পড়ে,",pro_public,RS
pro_public_aug_282,931,পাবলিক বিশ্ববিদ্যালয়ের শিক্ষার্থীরা দেশের সবচেয়ে বড় রোবটিক্স প্রতিযোগিতায় সেরা,বিশ্ববিদ্যালয়ের পাবলিক শিক্ষার্থীরা দেশের সবচেয়ে বড় রোবটিক্স প্রতিযোগিতায় সেরা,pro_public,RS
pro_public_aug_283,937,জাবির সমাজবিজ্ঞান বিভাগের গবেষণা দেশের নীতিনির্ধারণে সাহায্য করে,সমাজবিজ্ঞান জাবির বিভাগের গবেষণা দেশের নীতিনির্ধারণে সাহায্য করে,pro_public,RS
pro_public_aug_284,938,প্রাইভেট বিশ্ববিদ্যালয়ের শিক্ষকরা বাড়তি টাকা নিয়ে টিউশনি করেন,বিশ্ববিদ্যালয়ের প্রাইভেট শিক্ষকরা বাড়তি টাকা নিয়ে টিউশনি করেন,pro_public,RS
pro_public_aug_285,944,পাবলিক বিশ্ববিদ্যালয়ের শিক্ষার্থীরা দেশের সবচেয়ে বড় পরীক্ষায় উত্তীর্ণ হয়,বিশ্ববিদ্যালয়ের পাবলিক শিক্ষার্থীরা দেশের সবচেয়ে বড় পরীক্ষায় উত্তীর্ণ হয়,pro_public,RS
pro_public_aug_286,945,সUSTর সিএসই বিভাগের শিক্ষার্থীরা আইটি সেক্টরে অনেক সফল,সিএসই সUSTর বিভাগের শিক্ষার্থীরা আইটি সেক্টরে অনেক সফল,pro_public,RS
pro_public_aug_287,948,বাংলাদেশ কৃষি বিশ্ববিদ্যালয়ের গবেষণা দেশের কৃষিতে বিপ্লব এনেছে,কৃষি বাংলাদেশ বিশ্ববিদ্যালয়ের গবেষণা দেশের কৃষিতে বিপ্লব এনেছে,pro_public,RS
pro_public_aug_288,956,জাবির শিক্ষার্থীরা দেশের সবচেয়ে বড় পরিবেশ আন্দোলনে নেতৃত্ব দেয়,শিক্ষার্থীরা জাবির দেশের সবচেয়ে বড় পরিবেশ আন্দোলনে নেতৃত্ব দেয়,pro_public,RS
pro_public_aug_289,957,চবির শিক্ষার্থীরা চট্টগ্রামের শিল্প ও বাণিজ্যে গুরুত্বপূর্ণ অবদান রাখে,শিক্ষার্থীরা চবির চট্টগ্রামের শিল্প ও বাণিজ্যে গুরুত্বপূর্ণ অবদান রাখে,pro_public,RS
pro_public_aug_290,961,প্রাইভেট বিশ্ববিদ্যালয়ে শিক্ষার্থীরা ক্যাম্পাস লাইফ উপভোগ করতে পারে না,বিশ্ববিদ্যালয়ে প্রাইভেট শিক্ষার্থীরা ক্যাম্পাস লাইফ উপভোগ করতে পারে না,pro_public,RS
pro_public_aug_291,963,প্রাইভেট বিশ্ববিদ্যালয়ের শিক্ষার্থীরা শুধু বেসরকারি কোম্পানিতে কাজ করে,বিশ্ববিদ্যালয়ের প্রাইভেট শিক্ষার্থীরা শুধু বেসরকারি কোম্পানিতে কাজ করে,pro_public,RS
pro_public_aug_292,971,"অনেক প্রাইভেট বিশ্ববিদ্যালয়ে ঠিকমতো ক্লাস হয় না, শুধু ব্যবসা।","শুধু ব্যবসা। অনেক প্রাইভেট বিশ্ববিদ্যালয়ে ঠিকমতো ক্লাস হয় না,",pro_public,RS
pro_public_aug_293,998,"বাংলাদেশে প্রতিটা বিশ্ববিদ্যালয়ে, পাবলিকে পড়লে চাকরি পাবে আর কাজ করে বেরাবে।","পাবলিকে পড়লে চাকরি পাবে আর কাজ করে বেরাবে। বাংলাদেশে প্রতিটা বিশ্ববিদ্যালয়ে,",pro_public,RS
pro_public_aug_294,1033,"আমি প্রাইভেট বিশ্ববিদ্যালয়ে পড়িনি। তারপরও বলব, কোথায় প্রাইভেট বিশ্ববিদ্যালয় আর কোথায় পাবলিক বিশ্ববিদ্যালয়! 😂😂😂","তারপরও বলব, আমি প্রাইভেট বিশ্ববিদ্যালয়ে পড়িনি। কোথায় প্রাইভেট বিশ্ববিদ্যালয় আর কোথায় পাবলিক বিশ্ববিদ্যালয়! 😂😂😂",pro_public,RS
pro_public_aug_295,1057,"BUET-এর সাথে অন্যান্য বিশ্ববিদ্যালয়ের রাত-দিন তফাৎ। বেসরকারি বিশ্ববিদ্যালয় থেকে পড়াশোনা করে খুব কম ছেলে-মেয়েই ভালো কিছু করতে পারে। এসব বিশ্ববিদ্যালয় শিক্ষার্থীদের যোগ্যতা তৈরি করে না; শুধু কোর্স শেষ করানোর ধান্দায় থাকে। যারা ভালো করে, তারা নিজেদের ব্যক্তিগত চেষ্টায় করে।","বেসরকারি বিশ্ববিদ্যালয় থেকে পড়াশোনা করে খুব কম ছেলে-মেয়েই ভালো কিছু করতে পারে। BUET-এর সাথে অন্যান্য বিশ্ববিদ্যালয়ের রাত-দিন তফাৎ। এসব বিশ্ববিদ্যালয় শিক্ষার্থীদের যোগ্যতা তৈরি করে না; শুধু কোর্স শেষ করানোর ধান্দায় থাকে। যারা ভালো করে, তারা নিজেদের ব্যক্তিগত চেষ্টায় করে।",pro_public,RS
pro_public_aug_296,1084,"যারা পাবলিকে চান্স পান নাই, মনকে শান্তনা দেওয়ার জন্য এসব দেখুন।","মনকে শান্তনা দেওয়ার জন্য এসব দেখুন। যারা পাবলিকে চান্স পান নাই,",pro_public,RS
pro_public_aug_297,1112,প্রাইভেট বিশ্ববিদ্যালয় মানেই টাকা নষ্ট। এখানে যারা পড়ে তাদের কোনো ভবিষ্যৎ নেই।,এখানে যারা পড়ে তাদের কোনো ভবিষ্যৎ নেই। প্রাইভেট বিশ্ববিদ্যালয় মানেই টাকা নষ্ট।,pro_public,RS
pro_public_aug_298,1144,"আপনার কথা যদি ধরি, তাহলে ঢাকা বিশ্ববিদ্যালয়, রাজশাহী বিশ্ববিদ্যালয়ের তো গবেষণা নেই, তারা অন্য বিশ্ববিদ্যালয়ের সঙ্গে তুলনামূলক প্রতিযোগিতাও করে না। কিন্তু যেসব বিশ্ববিদ্যালয়ে গবেষণা কম, সেসব বিশ্ববিদ্যালয়ের সব ছাত্রই কি মেধার দিক থেকে কম? আপনার কথাগুলো একটা পাগলের প্রলাপ মনে হচ্ছে।","তাহলে ঢাকা বিশ্ববিদ্যালয়, আপনার কথা যদি ধরি, রাজশাহী বিশ্ববিদ্যালয়ের তো গবেষণা নেই, তারা অন্য বিশ্ববিদ্যালয়ের সঙ্গে তুলনামূলক প্রতিযোগিতাও করে না। কিন্তু যেসব বিশ্ববিদ্যালয়ে গবেষণা কম, সেসব বিশ্ববিদ্যালয়ের সব ছাত্রই কি মেধার দিক থেকে কম? আপনার কথাগুলো একটা পাগলের প্রলাপ মনে হচ্ছে।",pro_public,RS
pro_public_aug_299,1153,"প্রাইভেট ভার্সিটিতে সিলেবাস কম থাকে, যা পড়ায় তা থেকেই প্রশ্ন করা হয়, ফলে সিজিপিএ বেশি ওঠে। কিন্তু পাবলিকে বিশাল সিলেবাস, তাই সিজিপিএ কম ওঠে। এদের ভাইভায় প্রশ্ন করলে কিছুই পারে না।","যা পড়ায় তা থেকেই প্রশ্ন করা হয়, প্রাইভেট ভার্সিটিতে সিলেবাস কম থাকে, ফলে সিজিপিএ বেশি ওঠে। কিন্তু পাবলিকে বিশাল সিলেবাস, তাই সিজিপিএ কম ওঠে। এদের ভাইভায় প্রশ্ন করলে কিছুই পারে না।",pro_public,RS
pro_public_aug_300,1161,"MIT, Harvard বা Stanford-এর মতো না, ব্যাপারটা তেমন নয়। বাংলাদেশের প্রাইভেট বিশ্ববিদ্যালয়গুলো ব্রিটিশ বা আমেরিকান প্রাইভেট বিশ্ববিদ্যালয়ের সমকক্ষ নয়।","Harvard বা Stanford-এর মতো না, MIT, ব্যাপারটা তেমন নয়। বাংলাদেশের প্রাইভেট বিশ্ববিদ্যালয়গুলো ব্রিটিশ বা আমেরিকান প্রাইভেট বিশ্ববিদ্যালয়ের সমকক্ষ নয়।",pro_public,RS
pro_public_aug_301,1162,এটা দেখে লাফানোর কিছু নাই। প্রাইভেট বিশ্ববিদ্যালয়গুলো র‍্যাংকিংয়ে আসার জন্য আগেই যোগাযোগ করে। ব্র্যান্ডিংয়ের জন্য টাকাও দিতে পারে।,প্রাইভেট বিশ্ববিদ্যালয়গুলো র‍্যাংকিংয়ে আসার জন্য আগেই যোগাযোগ করে। এটা দেখে লাফানোর কিছু নাই। ব্র্যান্ডিংয়ের জন্য টাকাও দিতে পারে।,pro_public,RS
pro_public_aug_302,1203,প্রাইভেট বিশ্ববিদ্যালয়গুলো টাকার বিনিময়ে শিক্ষা বা সার্টিফিকেট দেয়। সব বিশ্ববিদ্যালয় বন্ধ করে সরকারের উচিত কারিগরি শিক্ষা দেওয়া।,সব বিশ্ববিদ্যালয় বন্ধ করে সরকারের উচিত কারিগরি শিক্ষা দেওয়া। প্রাইভেট বিশ্ববিদ্যালয়গুলো টাকার বিনিময়ে শিক্ষা বা সার্টিফিকেট দেয়।,pro_public,RS
pro_public_aug_303,1217,প্রাইভেট বিশ্ববিদ্যালয়ের ব্যয় বহন করবে কে? চাটুকারিতা বন্ধ করুন।,চাটুকারিতা বন্ধ করুন। প্রাইভেট বিশ্ববিদ্যালয়ের ব্যয় বহন করবে কে?,pro_public,RS
pro_public_aug_304,1220,"এক প্রাক্তন BUET শিক্ষার্থীর ধারণা সে-ই সেরা, আর RUET-এ পড়া আমরা যেন কিছুটা নিম্নমানের। কিন্তু আমেরিকা BUET আর RUET-এর পার্থক্য করে না। অহমিকা মানুষকে মূর্খ করে।","আর RUET-এ পড়া আমরা যেন কিছুটা নিম্নমানের। এক প্রাক্তন BUET শিক্ষার্থীর ধারণা সে-ই সেরা, কিন্তু আমেরিকা BUET আর RUET-এর পার্থক্য করে না। অহমিকা মানুষকে মূর্খ করে।",pro_public,RS
pro_public_aug_305,1251,ঢাকা বিশ্ববিদ্যালয় বাংলাদেশের সেরা বিশ্ববিদ্যালয়।,বিশ্ববিদ্যালয় ঢাকা বাংলাদেশের সেরা বিশ্ববিদ্যালয়।,pro_public,RS
pro_public_aug_306,1259,বাংলাদেশে কয়জনের সামর্থ্য আছে প্রাইভেট মেডিকেলে পড়ার? মধ্যবিত্তরা কী করবে? আপনি মানুষকে ভালোই brainwash করছেন।,মধ্যবিত্তরা কী করবে? বাংলাদেশে কয়জনের সামর্থ্য আছে প্রাইভেট মেডিকেলে পড়ার? আপনি মানুষকে ভালোই brainwash করছেন।,pro_public,RS
pro_public_aug_307,1270,না জেনে কথা বলা বন্ধ করুন। পাবলিকের ছেলেমেয়েরা আরও বেশি বিদেশে যায়। আমার বন্ধুদের কেউই দেশে নেই।,পাবলিকের ছেলেমেয়েরা আরও বেশি বিদেশে যায়। না জেনে কথা বলা বন্ধ করুন। আমার বন্ধুদের কেউই দেশে নেই।,pro_public,RS
pro_public_aug_308,1271,পাবলিক থেকে আরও বেশি বিদেশে যায়। ভুল তথ্য দেন কেন?,ভুল তথ্য দেন কেন? পাবলিক থেকে আরও বেশি বিদেশে যায়।,pro_public,RS
pro_public_aug_309,1274,আপনি সবার ভিসা-পাসপোর্টের ব্যবস্থা করে দিতে পারবেন? অনেক পাবলিকে পড়া শিক্ষার্থীও বিদেশে যায়। প্রাইভেট থেকে টাকা খরচ করে গেলেও সবার সে ability থাকে না।,অনেক পাবলিকে পড়া শিক্ষার্থীও বিদেশে যায়। আপনি সবার ভিসা-পাসপোর্টের ব্যবস্থা করে দিতে পারবেন? প্রাইভেট থেকে টাকা খরচ করে গেলেও সবার সে ability থাকে না।,pro_public,RS
pro_public_aug_310,1275,মিডল ক্লাস ও আন্ডার-মিডল ক্লাস পরিবারগুলো চাইলেই তো তাদের সন্তানদের প্রাইভেট বিশ্ববিদ্যালয়ে পড়াতে পারবে না। পাবলিকে পড়লেও সমস্যা নেই; IELTS করে বিদেশে পড়ার সুযোগও তৈরি করা যায়।,পাবলিকে পড়লেও সমস্যা নেই; IELTS করে বিদেশে পড়ার সুযোগও তৈরি করা যায়। মিডল ক্লাস ও আন্ডার-মিডল ক্লাস পরিবারগুলো চাইলেই তো তাদের সন্তানদের প্রাইভেট বিশ্ববিদ্যালয়ে পড়াতে পারবে না।,pro_public,RS
pro_public_aug_311,1280,"পাবলিকে আগে চান্স পান। মানলাম, প্রাইভেটেও সুযোগ আছে; তাই বলে সেটাকে পাবলিক বিশ্ববিদ্যালয়ের সঙ্গে তুলনা করতে আসা উচিত না।","মানলাম, পাবলিকে আগে চান্স পান। প্রাইভেটেও সুযোগ আছে; তাই বলে সেটাকে পাবলিক বিশ্ববিদ্যালয়ের সঙ্গে তুলনা করতে আসা উচিত না।",pro_public,RS
pro_public_aug_312,1299,"MIT, Harvard-এর মতো বিশ্ববিদ্যালয় বাংলাদেশের সস্তা প্রাইভেট বিশ্ববিদ্যালয়গুলোর মতো নয়। DU, BUET-এর মতো পাবলিক বিশ্ববিদ্যালয়গুলো স্বায়ত্তশাসিত, আর বাংলাদেশের গরিব শিক্ষার্থীদের জন্য সরকার পাবলিকে ফান্ড দেয়।","Harvard-এর মতো বিশ্ববিদ্যালয় বাংলাদেশের সস্তা প্রাইভেট বিশ্ববিদ্যালয়গুলোর মতো নয়। MIT, DU, BUET-এর মতো পাবলিক বিশ্ববিদ্যালয়গুলো স্বায়ত্তশাসিত, আর বাংলাদেশের গরিব শিক্ষার্থীদের জন্য সরকার পাবলিকে ফান্ড দেয়।",pro_public,RS
pro_public_aug_313,1311,"যেখানে টাকা নিয়ে শিক্ষা বিক্রি হয়, তার আবার মান কিসের?","তার আবার মান কিসের? যেখানে টাকা নিয়ে শিক্ষা বিক্রি হয়,",pro_public,RS
pro_public_aug_314,1332,ফ্রিতে না থাকলে দেশের ৮০ শতাংশ আজ অশিক্ষিত থাকত। আর টাকা দিয়ে ডিগ্রি কিনে লাভ কী?,আর টাকা দিয়ে ডিগ্রি কিনে লাভ কী? ফ্রিতে না থাকলে দেশের ৮০ শতাংশ আজ অশিক্ষিত থাকত।,pro_public,RS
pro_public_aug_315,1359,প্রাইভেট বিশ্ববিদ্যালয়ে পড়াশোনার জন্য প্রচুর টাকা খরচ হয়; একইভাবে প্রাইভেট হাসপাতালে চিকিৎসা করাতে গিয়ে দেশের জনসংখ্যার বড় অংশ নিঃস্ব হয়ে যাচ্ছে।,বিশ্ববিদ্যালয়ে প্রাইভেট পড়াশোনার জন্য প্রচুর টাকা খরচ হয়; একইভাবে প্রাইভেট হাসপাতালে চিকিৎসা করাতে গিয়ে দেশের জনসংখ্যার বড় অংশ নিঃস্ব হয়ে যাচ্ছে।,pro_public,RS
pro_public_aug_316,1378,প্রাইভেট বিশ্ববিদ্যালয় কীভাবে পাবলিক বিশ্ববিদ্যালয়ের চেয়ে ভালো হতে পারে? সব চকচকে জিনিস সোনা নয়।,সব চকচকে জিনিস সোনা নয়। প্রাইভেট বিশ্ববিদ্যালয় কীভাবে পাবলিক বিশ্ববিদ্যালয়ের চেয়ে ভালো হতে পারে?,pro_public,RS
pro_public_aug_317,1407,তাহলে সব ছাত্রকে পাবলিকে সিট দিন; নিজের business বাড়ানোর জন্য private-এর পিছনে না লেগে ভালো কিছু বলুন।,তাহলে ছাত্রকে সব পাবলিকে সিট দিন; নিজের business বাড়ানোর জন্য private-এর পিছনে না লেগে ভালো কিছু বলুন।,pro_public,RS
pro_public_aug_318,1432,৮ থেকে ১০ লাখ টাকা নষ্ট করে প্রাইভেটে পড়া financially huge mistake। চাকরি জীবনে ১০ বছরেও পড়ার খরচ ওঠে না; এর চেয়ে ওই টাকায় business বেশি profitable।,চাকরি জীবনে ১০ বছরেও পড়ার খরচ ওঠে না; এর চেয়ে ওই টাকায় business বেশি profitable। ৮ থেকে ১০ লাখ টাকা নষ্ট করে প্রাইভেটে পড়া financially huge mistake।,pro_public,RS
pro_public_aug_319,1539,ভালো university-তে পড়লে private-এ পড়তে হয় না স্যার।,university-তে ভালো পড়লে private-এ পড়তে হয় না স্যার।,pro_public,RS
pro_public_aug_320,1562,মরে গেলেও প্রাইভেটে পড়ব না।,গেলেও মরে প্রাইভেটে পড়ব না।,pro_public,RS
pro_public_aug_321,1589,"এসব চিন্তা বাদ দিয়ে যেকোনো একটায় টিকে থাকার জন্য মন স্থির করুন—CUET, KUET, RUET, SUST বা ঢাবি; এগুলো যথেষ্ট ভালো।","KUET, এসব চিন্তা বাদ দিয়ে যেকোনো একটায় টিকে থাকার জন্য মন স্থির করুন—CUET, RUET, SUST বা ঢাবি; এগুলো যথেষ্ট ভালো।",pro_public,RS
pro_public_aug_322,1626,পাবলিক বিশ্ববিদ্যালয় হলে সম্ভব।,বিশ্ববিদ্যালয় পাবলিক হলে সম্ভব।,pro_public,RS
pro_public_aug_323,1669,পাবলিক বিশ্ববিদ্যালয়ের একাডেমিক পরিবেশ আর প্রতিযোগিতা এখনো আলাদা গুরুত্ব রাখে।,বিশ্ববিদ্যালয়ের পাবলিক একাডেমিক পরিবেশ আর প্রতিযোগিতা এখনো আলাদা গুরুত্ব রাখে।,pro_public,RS
pro_public_aug_324,1672,পাবলিকে সুযোগ পাওয়া এখনো অনেক শিক্ষার্থীর জন্য বড় অর্জন।,সুযোগ পাবলিকে পাওয়া এখনো অনেক শিক্ষার্থীর জন্য বড় অর্জন।,pro_public,RS
pro_public_aug_325,1675,পাবলিক বিশ্ববিদ্যালয়ের ভর্তি প্রতিযোগিতা থেকেই বোঝা যায় সেখানে মানসম্মত শিক্ষার্থীর চাপ বেশি।,বিশ্ববিদ্যালয়ের পাবলিক ভর্তি প্রতিযোগিতা থেকেই বোঝা যায় সেখানে মানসম্মত শিক্ষার্থীর চাপ বেশি।,pro_public,RS
pro_public_aug_326,1680,পাবলিক বিশ্ববিদ্যালয়ের ভর্তি প্রতিযোগিতা এখনো দেশের সবচেয়ে কঠিন একাডেমিক লড়াইগুলোর একটি।,বিশ্ববিদ্যালয়ের পাবলিক ভর্তি প্রতিযোগিতা এখনো দেশের সবচেয়ে কঠিন একাডেমিক লড়াইগুলোর একটি।,pro_public,RS
pro_public_aug_327,1683,পাবলিক বিশ্ববিদ্যালয়ের রিসোর্স আর একাডেমিক পরিবেশ অনেক শিক্ষার্থীর জন্য বড় সুযোগ তৈরি করে।,বিশ্ববিদ্যালয়ের পাবলিক রিসোর্স আর একাডেমিক পরিবেশ অনেক শিক্ষার্থীর জন্য বড় সুযোগ তৈরি করে।,pro_public,RS
pro_public_aug_328,1686,পাবলিকে পড়ার সামাজিক গ্রহণযোগ্যতা এখনো অনেক পরিবারে আলাদা গুরুত্ব পায়।,পড়ার পাবলিকে সামাজিক গ্রহণযোগ্যতা এখনো অনেক পরিবারে আলাদা গুরুত্ব পায়।,pro_public,RS
pro_public_aug_329,1689,পাবলিক বিশ্ববিদ্যালয়ের বড় ক্যাম্পাস ও বৈচিত্র্যময় ছাত্রজীবন ব্যক্তিত্ব গঠনে প্রভাব ফেলে।,বিশ্ববিদ্যালয়ের পাবলিক বড় ক্যাম্পাস ও বৈচিত্র্যময় ছাত্রজীবন ব্যক্তিত্ব গঠনে প্রভাব ফেলে।,pro_public,RS
pro_public_aug_330,1692,কম খরচে উচ্চশিক্ষার সুযোগ দেওয়ার কারণে পাবলিক বিশ্ববিদ্যালয়ের মূল্য আলাদা।,খরচে কম উচ্চশিক্ষার সুযোগ দেওয়ার কারণে পাবলিক বিশ্ববিদ্যালয়ের মূল্য আলাদা।,pro_public,RS
pro_public_aug_331,1695,পাবলিক বিশ্ববিদ্যালয়ে টিকে থাকতে পারা অনেক সময় শিক্ষার্থীর মানসিক দৃঢ়তাকেও প্রকাশ করে।,বিশ্ববিদ্যালয়ে পাবলিক টিকে থাকতে পারা অনেক সময় শিক্ষার্থীর মানসিক দৃঢ়তাকেও প্রকাশ করে।,pro_public,RS
pro_public_aug_332,1698,দেশের অনেক শীর্ষ মেধাবী এখনো প্রথম পছন্দ হিসেবে পাবলিক বিশ্ববিদ্যালয়কেই বেছে নেয়।,শীর্ষ অনেক দেশের মেধাবী এখনো প্রথম পছন্দ হিসেবে পাবলিক বিশ্ববিদ্যালয়কেই বেছে নেয়।,pro_public,RS
pro_public_aug_333,1701,"গবেষণা অনুদান, শিক্ষকসংখ্যা ও সরকারি সহায়তায় পাবলিক বিশ্ববিদ্যালয় অনেক সময় এগিয়ে থাকে।","শিক্ষকসংখ্যা ও সরকারি সহায়তায় পাবলিক বিশ্ববিদ্যালয় অনেক সময় এগিয়ে থাকে। গবেষণা অনুদান,",pro_public,RS
pro_public_aug_334,1704,অনেক পাবলিক বিশ্ববিদ্যালয়ের অ্যালামনাই নেটওয়ার্ক শিক্ষার্থীদের ভবিষ্যৎ সুযোগ বাড়াতে সাহায্য করে।,অনেক বিশ্ববিদ্যালয়ের পাবলিক অ্যালামনাই নেটওয়ার্ক শিক্ষার্থীদের ভবিষ্যৎ সুযোগ বাড়াতে সাহায্য করে।,pro_public,RS
pro_public_aug_335,1707,পাবলিক বিশ্ববিদ্যালয়ের ঐতিহ্য ও একাডেমিক মর্যাদা এখনো অনেকের কাছে বড় প্রেরণা।,বিশ্ববিদ্যালয়ের পাবলিক ঐতিহ্য ও একাডেমিক মর্যাদা এখনো অনেকের কাছে বড় প্রেরণা।,pro_public,RS
pro_public_aug_336,1710,পাবলিক বিশ্ববিদ্যালয়ে একটি সিট পাওয়া অনেক শিক্ষার্থীর বহু বছরের পরিশ্রমের ফল।,বিশ্ববিদ্যালয়ে পাবলিক একটি সিট পাওয়া অনেক শিক্ষার্থীর বহু বছরের পরিশ্রমের ফল।,pro_public,RS
pro_public_aug_337,1713,সরকারি সহায়তায় পরিচালিত হওয়ায় পাবলিক বিশ্ববিদ্যালয় তুলনামূলক কম খরচে ডিগ্রি দেয়।,সহায়তায় সরকারি পরিচালিত হওয়ায় পাবলিক বিশ্ববিদ্যালয় তুলনামূলক কম খরচে ডিগ্রি দেয়।,pro_public,RS
pro_public_aug_338,1716,মেধা যাচাইয়ের দিক থেকে পাবলিক বিশ্ববিদ্যালয়ের ভর্তি পরীক্ষা এখনো বেশ শক্ত মানদণ্ড হিসেবে ধরা হয়।,যাচাইয়ের মেধা দিক থেকে পাবলিক বিশ্ববিদ্যালয়ের ভর্তি পরীক্ষা এখনো বেশ শক্ত মানদণ্ড হিসেবে ধরা হয়।,pro_public,RS
pro_public_aug_339,1719,"পাবলিক বিশ্ববিদ্যালয়ের শিক্ষার্থী রাজনীতি, সংস্কৃতি ও ইতিহাস অনেককে ভিন্ন বাস্তবতা শেখায়।","সংস্কৃতি ও ইতিহাস অনেককে ভিন্ন বাস্তবতা শেখায়। পাবলিক বিশ্ববিদ্যালয়ের শিক্ষার্থী রাজনীতি,",pro_public,RS
pro_public_aug_340,1722,পাবলিক বিশ্ববিদ্যালয় দেশের বিভিন্ন শ্রেণির শিক্ষার্থীর জন্য উচ্চশিক্ষাকে তুলনামূলক সহজলভ্য করে।,বিশ্ববিদ্যালয় পাবলিক দেশের বিভিন্ন শ্রেণির শিক্ষার্থীর জন্য উচ্চশিক্ষাকে তুলনামূলক সহজলভ্য করে।,pro_public,RS
pro_public_aug_341,1725,"পাবলিক বিশ্ববিদ্যালয়ে ভিন্ন জেলার, ভিন্ন পটভূমির শিক্ষার্থীরা একসাথে শেখার সুযোগ পায়।","ভিন্ন পটভূমির শিক্ষার্থীরা একসাথে শেখার সুযোগ পায়। পাবলিক বিশ্ববিদ্যালয়ে ভিন্ন জেলার,",pro_public,RS
pro_public_aug_342,1730,পাবলিক বিশ্ববিদ্যালয়ের সিটসংখ্যা সীমিত হওয়ায় সেখানে সুযোগ পাওয়া এখনো বড় অর্জন হিসেবে ধরা হয়।,বিশ্ববিদ্যালয়ের পাবলিক সিটসংখ্যা সীমিত হওয়ায় সেখানে সুযোগ পাওয়া এখনো বড় অর্জন হিসেবে ধরা হয়।,pro_public,RS
pro_public_aug_343,1733,পাবলিক বিশ্ববিদ্যালয়ের ডিগ্রি কম খরচে পাওয়া অনেক পরিবারের জন্য বড় স্বস্তি।,বিশ্ববিদ্যালয়ের পাবলিক ডিগ্রি কম খরচে পাওয়া অনেক পরিবারের জন্য বড় স্বস্তি।,pro_public,RS
pro_public_aug_344,1736,পাবলিক বিশ্ববিদ্যালয়ের বিস্তৃত একাডেমিক নেটওয়ার্ক অনেক ক্ষেত্রে ভবিষ্যৎ সুযোগ বাড়ায়।,বিশ্ববিদ্যালয়ের পাবলিক বিস্তৃত একাডেমিক নেটওয়ার্ক অনেক ক্ষেত্রে ভবিষ্যৎ সুযোগ বাড়ায়।,pro_public,RS
pro_public_aug_345,1739,পাবলিক বিশ্ববিদ্যালয় দেশের নানা প্রান্তের শিক্ষার্থীদের একত্রে শেখার সুযোগ দেয়।,বিশ্ববিদ্যালয় পাবলিক দেশের নানা প্রান্তের শিক্ষার্থীদের একত্রে শেখার সুযোগ দেয়।,pro_public,RS
pro_public_aug_346,1742,অনেক শিক্ষার্থীর কাছে পাবলিকে ভর্তি হওয়া পারিবারিক গর্বেরও বিষয়।,অনেক পাবলিকে কাছে শিক্ষার্থীর ভর্তি হওয়া পারিবারিক গর্বেরও বিষয়।,pro_public,RS
pro_public_aug_347,1745,পাবলিক বিশ্ববিদ্যালয়ের দীর্ঘদিনের একাডেমিক ঐতিহ্য অনেককে অনুপ্রাণিত করে।,বিশ্ববিদ্যালয়ের পাবলিক দীর্ঘদিনের একাডেমিক ঐতিহ্য অনেককে অনুপ্রাণিত করে।,pro_public,RS
pro_public_aug_348,1748,পাবলিক বিশ্ববিদ্যালয়ের ভর্তি পরীক্ষায় টিকে যাওয়া মানসিক দৃঢ়তারও প্রমাণ হতে পারে।,বিশ্ববিদ্যালয়ের পাবলিক ভর্তি পরীক্ষায় টিকে যাওয়া মানসিক দৃঢ়তারও প্রমাণ হতে পারে।,pro_public,RS
pro_public_aug_349,1751,পাবলিক বিশ্ববিদ্যালয়ের সাবসিডাইজড শিক্ষা অনেক মেধাবী শিক্ষার্থীকে উচ্চশিক্ষায় টিকিয়ে রাখে।,বিশ্ববিদ্যালয়ের পাবলিক সাবসিডাইজড শিক্ষা অনেক মেধাবী শিক্ষার্থীকে উচ্চশিক্ষায় টিকিয়ে রাখে।,pro_public,RS
pro_public_aug_350,1754,পাবলিক বিশ্ববিদ্যালয়ের alumni community অনেক সময় চাকরি ও গবেষণায় সহায়ক ভূমিকা রাখে।,বিশ্ববিদ্যালয়ের পাবলিক alumni community অনেক সময় চাকরি ও গবেষণায় সহায়ক ভূমিকা রাখে।,pro_public,RS
pro_public_aug_351,1757,পাবলিক বিশ্ববিদ্যালয়ের একাডেমিক প্রতিদ্বন্দ্বিতা অনেককে নিজেদের সীমা ছাড়িয়ে যেতে বাধ্য করে।,বিশ্ববিদ্যালয়ের পাবলিক একাডেমিক প্রতিদ্বন্দ্বিতা অনেককে নিজেদের সীমা ছাড়িয়ে যেতে বাধ্য করে।,pro_public,RS
pro_public_aug_352,1760,পাবলিক বিশ্ববিদ্যালয়ে ভর্তির সুযোগ পাওয়া এখনো দেশের মেধার বড় স্বীকৃতি হিসেবে দেখা হয়।,বিশ্ববিদ্যালয়ে পাবলিক ভর্তির সুযোগ পাওয়া এখনো দেশের মেধার বড় স্বীকৃতি হিসেবে দেখা হয়।,pro_public,RS
pro_public_aug_353,1763,নিম্ন ও মধ্যবিত্ত পরিবারের জন্য পাবলিক বিশ্ববিদ্যালয় উচ্চশিক্ষার সবচেয়ে বাস্তব পথগুলোর একটি।,ও নিম্ন মধ্যবিত্ত পরিবারের জন্য পাবলিক বিশ্ববিদ্যালয় উচ্চশিক্ষার সবচেয়ে বাস্তব পথগুলোর একটি।,pro_public,RS
pro_public_aug_354,1766,পাবলিক বিশ্ববিদ্যালয়ের সাংস্কৃতিক ও বুদ্ধিবৃত্তিক পরিবেশ অনেক শিক্ষার্থীর চিন্তাভাবনা বদলে দেয়।,বিশ্ববিদ্যালয়ের পাবলিক সাংস্কৃতিক ও বুদ্ধিবৃত্তিক পরিবেশ অনেক শিক্ষার্থীর চিন্তাভাবনা বদলে দেয়।,pro_public,RS
pro_public_aug_355,1769,এখনো বহু মেধাবী শিক্ষার্থীর প্রথম পছন্দ থাকে একটি শক্তিশালী পাবলিক বিশ্ববিদ্যালয়।,বহু এখনো মেধাবী শিক্ষার্থীর প্রথম পছন্দ থাকে একটি শক্তিশালী পাবলিক বিশ্ববিদ্যালয়।,pro_public,RS
pro_public_aug_356,1772,"পাবলিক বিশ্ববিদ্যালয় শুধু ডিগ্রি নয়, অনেক সময় সামাজিক গতিশীলতার দরজাও খুলে দেয়।","অনেক সময় সামাজিক গতিশীলতার দরজাও খুলে দেয়। পাবলিক বিশ্ববিদ্যালয় শুধু ডিগ্রি নয়,",pro_public,RS
pro_public_aug_357,1775,পাবলিক বিশ্ববিদ্যালয়ের প্রতিযোগিতামূলক পরিবেশ শিক্ষার্থীদের সক্ষমতা যাচাইয়ের বড় মঞ্চ।,বিশ্ববিদ্যালয়ের পাবলিক প্রতিযোগিতামূলক পরিবেশ শিক্ষার্থীদের সক্ষমতা যাচাইয়ের বড় মঞ্চ।,pro_public,RS
pro_public_aug_358,1780,পাবলিক বিশ্ববিদ্যালয়ে সুযোগ পাওয়া এখনো অধিকাংশ শিক্ষার্থীর কাছে বড় সম্মানের বিষয়।,বিশ্ববিদ্যালয়ে পাবলিক সুযোগ পাওয়া এখনো অধিকাংশ শিক্ষার্থীর কাছে বড় সম্মানের বিষয়।,pro_public,RS
pro_public_aug_359,1783,কম খরচে মানসম্মত উচ্চশিক্ষা দেওয়ার কারণে পাবলিক বিশ্ববিদ্যালয়ের গুরুত্ব আলাদা।,খরচে কম মানসম্মত উচ্চশিক্ষা দেওয়ার কারণে পাবলিক বিশ্ববিদ্যালয়ের গুরুত্ব আলাদা।,pro_public,RS
pro_public_aug_360,1786,পাবলিক বিশ্ববিদ্যালয়ের প্রতিযোগিতামূলক পরিবেশ অনেক শিক্ষার্থীকে আরও পরিশ্রমী করে তোলে।,বিশ্ববিদ্যালয়ের পাবলিক প্রতিযোগিতামূলক পরিবেশ অনেক শিক্ষার্থীকে আরও পরিশ্রমী করে তোলে।,pro_public,RS
pro_public_aug_361,1789,পাবলিক বিশ্ববিদ্যালয়ের শক্তিশালী একাডেমিক ইতিহাস অনেকের সিদ্ধান্তকে প্রভাবিত করে।,বিশ্ববিদ্যালয়ের পাবলিক শক্তিশালী একাডেমিক ইতিহাস অনেকের সিদ্ধান্তকে প্রভাবিত করে।,pro_public,RS
pro_public_aug_362,1792,পাবলিক বিশ্ববিদ্যালয়ের ভিন্নমুখী ছাত্রসমাজ বাস্তব জীবন সম্পর্কে নতুন ধারণা তৈরি করে।,বিশ্ববিদ্যালয়ের পাবলিক ভিন্নমুখী ছাত্রসমাজ বাস্তব জীবন সম্পর্কে নতুন ধারণা তৈরি করে।,pro_public,RS
pro_public_aug_363,1795,পাবলিক বিশ্ববিদ্যালয়ের ভর্তি পরীক্ষায় টিকে থাকা নিজেই একধরনের স্বীকৃতি।,বিশ্ববিদ্যালয়ের পাবলিক ভর্তি পরীক্ষায় টিকে থাকা নিজেই একধরনের স্বীকৃতি।,pro_public,RS
pro_public_aug_364,1798,পাবলিক বিশ্ববিদ্যালয়ের শিক্ষক ও গবেষণার সুযোগ অনেক শিক্ষার্থীর ভবিষ্যৎ পরিকল্পনায় প্রভাব ফেলে।,বিশ্ববিদ্যালয়ের পাবলিক শিক্ষক ও গবেষণার সুযোগ অনেক শিক্ষার্থীর ভবিষ্যৎ পরিকল্পনায় প্রভাব ফেলে।,pro_public,RS
pro_public_aug_365,1801,দেশের বহু শীর্ষ শিক্ষার্থী এখনো প্রথম পছন্দ হিসেবে পাবলিক বিশ্ববিদ্যালয়কে রাখে।,বহু দেশের শীর্ষ শিক্ষার্থী এখনো প্রথম পছন্দ হিসেবে পাবলিক বিশ্ববিদ্যালয়কে রাখে।,pro_public,RS
pro_public_aug_366,1804,পাবলিক বিশ্ববিদ্যালয়ের সীমিত সিটের কারণে সেখানে ভর্তি হওয়া কঠিন কিন্তু সম্মানজনক।,বিশ্ববিদ্যালয়ের পাবলিক সীমিত সিটের কারণে সেখানে ভর্তি হওয়া কঠিন কিন্তু সম্মানজনক।,pro_public,RS
pro_public_aug_367,1807,সরকারি সহায়তায় পরিচালিত হওয়ায় পাবলিক বিশ্ববিদ্যালয় শিক্ষাকে তুলনামূলক বেশি অন্তর্ভুক্তিমূলক করে।,সহায়তায় সরকারি পরিচালিত হওয়ায় পাবলিক বিশ্ববিদ্যালয় শিক্ষাকে তুলনামূলক বেশি অন্তর্ভুক্তিমূলক করে।,pro_public,RS
pro_public_aug_368,1810,পাবলিক বিশ্ববিদ্যালয়ের campus culture অনেক শিক্ষার্থীকে নেতৃত্বগুণ শেখায়।,বিশ্ববিদ্যালয়ের পাবলিক campus culture অনেক শিক্ষার্থীকে নেতৃত্বগুণ শেখায়।,pro_public,RS
pro_public_aug_369,1813,পাবলিক বিশ্ববিদ্যালয় দীর্ঘদিন ধরে দেশের জ্ঞানচর্চার বড় কেন্দ্র হিসেবে কাজ করছে।,বিশ্ববিদ্যালয় পাবলিক দীর্ঘদিন ধরে দেশের জ্ঞানচর্চার বড় কেন্দ্র হিসেবে কাজ করছে।,pro_public,RS
pro_public_aug_370,1816,পাবলিক বিশ্ববিদ্যালয়ের মেধাভিত্তিক ভর্তি ব্যবস্থা এখনো অনেকের কাছে সবচেয়ে গ্রহণযোগ্য মডেল।,বিশ্ববিদ্যালয়ের পাবলিক মেধাভিত্তিক ভর্তি ব্যবস্থা এখনো অনেকের কাছে সবচেয়ে গ্রহণযোগ্য মডেল।,pro_public,RS
pro_public_aug_371,1819,পাবলিক বিশ্ববিদ্যালয়ে বিভিন্ন আর্থসামাজিক পটভূমির শিক্ষার্থীরা একসঙ্গে শিখতে পারে।,বিশ্ববিদ্যালয়ে পাবলিক বিভিন্ন আর্থসামাজিক পটভূমির শিক্ষার্থীরা একসঙ্গে শিখতে পারে।,pro_public,RS
pro_public_aug_372,1822,পাবলিক বিশ্ববিদ্যালয়ের ডিগ্রি অনেক ক্ষেত্রে এখনো সামাজিক স্বীকৃতির শক্ত প্রতীক।,বিশ্ববিদ্যালয়ের পাবলিক ডিগ্রি অনেক ক্ষেত্রে এখনো সামাজিক স্বীকৃতির শক্ত প্রতীক।,pro_public,RS
pro_public_aug_373,1825,পাবলিক বিশ্ববিদ্যালয়ের বড় পরিসরের একাডেমিক পরিবেশ শিক্ষার্থীদের নানা দিক থেকে গড়ে তোলে।,বিশ্ববিদ্যালয়ের পাবলিক বড় পরিসরের একাডেমিক পরিবেশ শিক্ষার্থীদের নানা দিক থেকে গড়ে তোলে।,pro_public,RS
pro_public_aug_374,1830,পাবলিক বিশ্ববিদ্যালয়ের ভর্তি পরীক্ষা এখনো সবচেয়ে প্রতিযোগিতামূলক একাডেমিক বাছাইগুলোর একটি হিসেবে ধরা হয়।,বিশ্ববিদ্যালয়ের পাবলিক ভর্তি পরীক্ষা এখনো সবচেয়ে প্রতিযোগিতামূলক একাডেমিক বাছাইগুলোর একটি হিসেবে ধরা হয়।,pro_public,RS
pro_public_aug_375,1833,পাবলিক বিশ্ববিদ্যালয়ে সুযোগ পাওয়া অনেক পরিবারে এখনো বিশেষ মর্যাদার বিষয়।,বিশ্ববিদ্যালয়ে পাবলিক সুযোগ পাওয়া অনেক পরিবারে এখনো বিশেষ মর্যাদার বিষয়।,pro_public,RS
pro_public_aug_376,1836,পাবলিক বিশ্ববিদ্যালয়ের বিস্তৃত ছাত্রসমাজ অনেককে বাস্তব সমাজ সম্পর্কে গভীর ধারণা দেয়।,বিশ্ববিদ্যালয়ের পাবলিক বিস্তৃত ছাত্রসমাজ অনেককে বাস্তব সমাজ সম্পর্কে গভীর ধারণা দেয়।,pro_public,RS
pro_public_aug_377,1839,পাবলিক বিশ্ববিদ্যালয়ের ঐতিহ্য ও ইতিহাস বহু শিক্ষার্থীর কাছে অনুপ্রেরণার উৎস।,বিশ্ববিদ্যালয়ের পাবলিক ঐতিহ্য ও ইতিহাস বহু শিক্ষার্থীর কাছে অনুপ্রেরণার উৎস।,pro_public,RS
pro_public_aug_378,1842,পাবলিক বিশ্ববিদ্যালয়ের কম tuition fee অনেক মেধাবী শিক্ষার্থীর জন্য উচ্চশিক্ষাকে সম্ভব করে তোলে।,বিশ্ববিদ্যালয়ের পাবলিক কম tuition fee অনেক মেধাবী শিক্ষার্থীর জন্য উচ্চশিক্ষাকে সম্ভব করে তোলে।,pro_public,RS
pro_public_aug_379,1845,দেশের অনেক শিক্ষার্থীর কাছে পাবলিক বিশ্ববিদ্যালয়ে ভর্তি হওয়া জীবন বদলে দেওয়ার মতো ঘটনা।,শিক্ষার্থীর অনেক দেশের কাছে পাবলিক বিশ্ববিদ্যালয়ে ভর্তি হওয়া জীবন বদলে দেওয়ার মতো ঘটনা।,pro_public,RS
pro_public_aug_380,1848,পাবলিক বিশ্ববিদ্যালয়ের বহু শিক্ষক গবেষণা ও একাডেমিক নেতৃত্বে গুরুত্বপূর্ণ অবদান রাখেন।,বিশ্ববিদ্যালয়ের পাবলিক বহু শিক্ষক গবেষণা ও একাডেমিক নেতৃত্বে গুরুত্বপূর্ণ অবদান রাখেন।,pro_public,RS
pro_public_aug_381,1851,পাবলিক বিশ্ববিদ্যালয় এখনো দেশের উচ্চশিক্ষার মানদণ্ড নির্ধারণে বড় ভূমিকা রাখে।,বিশ্ববিদ্যালয় পাবলিক এখনো দেশের উচ্চশিক্ষার মানদণ্ড নির্ধারণে বড় ভূমিকা রাখে।,pro_public,RS
pro_public_aug_382,1854,পাবলিক বিশ্ববিদ্যালয়ের বৈচিত্র্যময় পরিবেশ অনেক সময় চিন্তাভাবনাকে আরও পরিণত করে।,বিশ্ববিদ্যালয়ের পাবলিক বৈচিত্র্যময় পরিবেশ অনেক সময় চিন্তাভাবনাকে আরও পরিণত করে।,pro_public,RS
pro_public_aug_383,1857,পাবলিক বিশ্ববিদ্যালয়ের ভর্তির সুযোগ সামাজিক ও অর্থনৈতিকভাবে অনেক শিক্ষার্থীর জন্য turning point হতে পারে।,বিশ্ববিদ্যালয়ের পাবলিক ভর্তির সুযোগ সামাজিক ও অর্থনৈতিকভাবে অনেক শিক্ষার্থীর জন্য turning point হতে পারে।,pro_public,RS
pro_public_aug_384,1860,পাবলিক বিশ্ববিদ্যালয়ের শক্তিশালী প্রতিযোগিতামূলক পরিবেশ মেধাকে আরও ধারালো করে তুলতে পারে।,বিশ্ববিদ্যালয়ের পাবলিক শক্তিশালী প্রতিযোগিতামূলক পরিবেশ মেধাকে আরও ধারালো করে তুলতে পারে।,pro_public,RS
pro_public_aug_385,1863,শীর্ষস্থানীয় অনেক শিক্ষার্থী আজও প্রথম পছন্দ হিসেবে পাবলিক বিশ্ববিদ্যালয়কে রাখে।,শিক্ষার্থী অনেক শীর্ষস্থানীয় আজও প্রথম পছন্দ হিসেবে পাবলিক বিশ্ববিদ্যালয়কে রাখে।,pro_public,RS
pro_public_aug_386,1866,পাবলিক বিশ্ববিদ্যালয়ের দীর্ঘমেয়াদি একাডেমিক সংস্কৃতি অনেককে গবেষণায় আগ্রহী করে তোলে।,বিশ্ববিদ্যালয়ের পাবলিক দীর্ঘমেয়াদি একাডেমিক সংস্কৃতি অনেককে গবেষণায় আগ্রহী করে তোলে।,pro_public,RS
pro_public_aug_387,1869,পাবলিক বিশ্ববিদ্যালয়ের শিক্ষাব্যবস্থা কম খরচে বৃহৎ জনগোষ্ঠীকে উচ্চশিক্ষার সুযোগ দেয়।,বিশ্ববিদ্যালয়ের পাবলিক শিক্ষাব্যবস্থা কম খরচে বৃহৎ জনগোষ্ঠীকে উচ্চশিক্ষার সুযোগ দেয়।,pro_public,RS
pro_public_aug_388,1872,পাবলিক বিশ্ববিদ্যালয়ের বৃহৎ ক্যাম্পাসজীবন অনেকের ব্যক্তিত্ব ও নেতৃত্বের গুণ গড়ে তোলে।,বিশ্ববিদ্যালয়ের পাবলিক বৃহৎ ক্যাম্পাসজীবন অনেকের ব্যক্তিত্ব ও নেতৃত্বের গুণ গড়ে তোলে।,pro_public,RS
pro_public_aug_389,1875,পাবলিক বিশ্ববিদ্যালয়ে পড়ার সুযোগ এখনো বহু শিক্ষার্থীর কাছে আজীবনের অর্জন।,বিশ্ববিদ্যালয়ে পাবলিক পড়ার সুযোগ এখনো বহু শিক্ষার্থীর কাছে আজীবনের অর্জন।,pro_public,RS
pro_public_aug_390,1880,পাবলিক বিশ্ববিদ্যালয়ের ভর্তি পরীক্ষায় টিকে থাকা এখনো অসাধারণ প্রতিযোগিতামূলক সাফল্য হিসেবে দেখা হয়।,বিশ্ববিদ্যালয়ের পাবলিক ভর্তি পরীক্ষায় টিকে থাকা এখনো অসাধারণ প্রতিযোগিতামূলক সাফল্য হিসেবে দেখা হয়।,pro_public,RS
pro_public_aug_391,1883,পাবলিক বিশ্ববিদ্যালয়ে পড়ার সুযোগ অনেক পরিবারে গর্ব ও স্বীকৃতির বিষয় হয়ে থাকে।,বিশ্ববিদ্যালয়ে পাবলিক পড়ার সুযোগ অনেক পরিবারে গর্ব ও স্বীকৃতির বিষয় হয়ে থাকে।,pro_public,RS
pro_public_aug_392,1886,কম খরচে উচ্চশিক্ষা নিশ্চিত করার ক্ষেত্রে পাবলিক বিশ্ববিদ্যালয়ের ভূমিকা অত্যন্ত গুরুত্বপূর্ণ।,খরচে কম উচ্চশিক্ষা নিশ্চিত করার ক্ষেত্রে পাবলিক বিশ্ববিদ্যালয়ের ভূমিকা অত্যন্ত গুরুত্বপূর্ণ।,pro_public,RS
pro_public_aug_393,1889,"পাবলিক বিশ্ববিদ্যালয়ের ইতিহাস, ঐতিহ্য ও অবদান বহু শিক্ষার্থীকে অনুপ্রাণিত করে।","ঐতিহ্য ও অবদান বহু শিক্ষার্থীকে অনুপ্রাণিত করে। পাবলিক বিশ্ববিদ্যালয়ের ইতিহাস,",pro_public,RS
pro_public_aug_394,1892,পাবলিক বিশ্ববিদ্যালয়ের বড় ক্যাম্পাস ও বৈচিত্র্যময় ছাত্রসমাজ বাস্তব অভিজ্ঞতা বাড়ায়।,বিশ্ববিদ্যালয়ের পাবলিক বড় ক্যাম্পাস ও বৈচিত্র্যময় ছাত্রসমাজ বাস্তব অভিজ্ঞতা বাড়ায়।,pro_public,RS
pro_public_aug_395,1895,দেশের অসংখ্য শিক্ষার্থীর দীর্ঘদিনের স্বপ্ন থাকে একটি ভালো পাবলিক বিশ্ববিদ্যালয়ে ভর্তি হওয়া।,অসংখ্য দেশের শিক্ষার্থীর দীর্ঘদিনের স্বপ্ন থাকে একটি ভালো পাবলিক বিশ্ববিদ্যালয়ে ভর্তি হওয়া।,pro_public,RS
pro_public_aug_396,1898,পাবলিক বিশ্ববিদ্যালয়ের সাশ্রয়ী খরচ বহু মেধাবী শিক্ষার্থীর জন্য উচ্চশিক্ষার দরজা খুলে দেয়।,বিশ্ববিদ্যালয়ের পাবলিক সাশ্রয়ী খরচ বহু মেধাবী শিক্ষার্থীর জন্য উচ্চশিক্ষার দরজা খুলে দেয়।,pro_public,RS
pro_public_aug_397,1901,পাবলিক বিশ্ববিদ্যালয়ের প্রতিযোগিতামূলক পরিবেশ শিক্ষার্থীদের মানসিক দৃঢ়তা বাড়াতে সাহায্য করে।,বিশ্ববিদ্যালয়ের পাবলিক প্রতিযোগিতামূলক পরিবেশ শিক্ষার্থীদের মানসিক দৃঢ়তা বাড়াতে সাহায্য করে।,pro_public,RS
pro_public_aug_398,1904,পাবলিক বিশ্ববিদ্যালয় এখনো দেশের উচ্চশিক্ষার অন্যতম মানদণ্ড হিসেবে বিবেচিত হয়।,বিশ্ববিদ্যালয় পাবলিক এখনো দেশের উচ্চশিক্ষার অন্যতম মানদণ্ড হিসেবে বিবেচিত হয়।,pro_public,RS
pro_public_aug_399,1907,পাবলিক বিশ্ববিদ্যালয়ের alumni network অনেক সময় ভবিষ্যৎ সুযোগ তৈরিতে সহায়ক হয়।,বিশ্ববিদ্যালয়ের পাবলিক alumni network অনেক সময় ভবিষ্যৎ সুযোগ তৈরিতে সহায়ক হয়।,pro_public,RS
pro_public_aug_400,1910,পাবলিক বিশ্ববিদ্যালয়ে পড়ার সুযোগ পাওয়া বহু পরিবারের অর্থনৈতিক চাপও কমায়।,বিশ্ববিদ্যালয়ে পাবলিক পড়ার সুযোগ পাওয়া বহু পরিবারের অর্থনৈতিক চাপও কমায়।,pro_public,RS
pro_public_aug_401,1913,পাবলিক বিশ্ববিদ্যালয়ের বহু বিভাগ এখনও গবেষণা ও উচ্চশিক্ষার শক্ত ভিত্তি তৈরি করে।,বিশ্ববিদ্যালয়ের পাবলিক বহু বিভাগ এখনও গবেষণা ও উচ্চশিক্ষার শক্ত ভিত্তি তৈরি করে।,pro_public,RS
pro_public_aug_402,1916,পাবলিক বিশ্ববিদ্যালয়ে বিভিন্ন আর্থসামাজিক পটভূমির শিক্ষার্থীরা একসাথে শেখার সুযোগ পায়।,বিশ্ববিদ্যালয়ে পাবলিক বিভিন্ন আর্থসামাজিক পটভূমির শিক্ষার্থীরা একসাথে শেখার সুযোগ পায়।,pro_public,RS
pro_public_aug_403,1919,পাবলিক বিশ্ববিদ্যালয়ের সীমিত সিট ও তীব্র প্রতিযোগিতা তার মূল্যকে আরও বাড়িয়ে তোলে।,বিশ্ববিদ্যালয়ের পাবলিক সীমিত সিট ও তীব্র প্রতিযোগিতা তার মূল্যকে আরও বাড়িয়ে তোলে।,pro_public,RS
pro_public_aug_404,1922,দেশের বহু কৃতী শিক্ষার্থীর কাছে প্রথম পছন্দ এখনো একটি শীর্ষ পাবলিক বিশ্ববিদ্যালয়।,বহু দেশের কৃতী শিক্ষার্থীর কাছে প্রথম পছন্দ এখনো একটি শীর্ষ পাবলিক বিশ্ববিদ্যালয়।,pro_public,RS
pro_public_aug_405,1925,পাবলিক বিশ্ববিদ্যালয়ের ক্যাম্পাসজীবন অনেক শিক্ষার্থীকে সামাজিক বাস্তবতা বুঝতে সাহায্য করে।,বিশ্ববিদ্যালয়ের পাবলিক ক্যাম্পাসজীবন অনেক শিক্ষার্থীকে সামাজিক বাস্তবতা বুঝতে সাহায্য করে।,pro_public,RS
pro_public_aug_406,1930,পাবলিক বিশ্ববিদ্যালয়ে ভর্তি হওয়া এখনো বহু শিক্ষার্থীর কাছে বড় স্বপ্নপূরণের সমান।,বিশ্ববিদ্যালয়ে পাবলিক ভর্তি হওয়া এখনো বহু শিক্ষার্থীর কাছে বড় স্বপ্নপূরণের সমান।,pro_public,RS
pro_public_aug_407,1933,পাবলিক বিশ্ববিদ্যালয়ের সাশ্রয়ী খরচ শিক্ষাকে অনেকের নাগালের মধ্যে রাখে।,বিশ্ববিদ্যালয়ের পাবলিক সাশ্রয়ী খরচ শিক্ষাকে অনেকের নাগালের মধ্যে রাখে।,pro_public,RS
pro_public_aug_408,1936,পাবলিক বিশ্ববিদ্যালয়ের একাডেমিক পরিবেশ অনেক শিক্ষার্থীকে চিন্তা ও বিশ্লেষণে পরিণত করে।,বিশ্ববিদ্যালয়ের পাবলিক একাডেমিক পরিবেশ অনেক শিক্ষার্থীকে চিন্তা ও বিশ্লেষণে পরিণত করে।,pro_public,RS
pro_public_aug_409,1939,পাবলিক বিশ্ববিদ্যালয়ের ভর্তির সুযোগ সমাজের বহু শিক্ষার্থীর জন্য upward mobility তৈরি করে।,বিশ্ববিদ্যালয়ের পাবলিক ভর্তির সুযোগ সমাজের বহু শিক্ষার্থীর জন্য upward mobility তৈরি করে।,pro_public,RS
pro_public_aug_410,1942,দেশের বহু শীর্ষ পরীক্ষার্থী এখনও পাবলিক বিশ্ববিদ্যালয়কেই প্রথম লক্ষ্য হিসেবে ধরে।,বহু দেশের শীর্ষ পরীক্ষার্থী এখনও পাবলিক বিশ্ববিদ্যালয়কেই প্রথম লক্ষ্য হিসেবে ধরে।,pro_public,RS
pro_public_aug_411,1945,পাবলিক বিশ্ববিদ্যালয়ের ডিগ্রির প্রতি এখনো অনেক পরিবার ও প্রতিষ্ঠানের আলাদা আস্থা রয়েছে।,বিশ্ববিদ্যালয়ের পাবলিক ডিগ্রির প্রতি এখনো অনেক পরিবার ও প্রতিষ্ঠানের আলাদা আস্থা রয়েছে।,pro_public,RS
pro_public_aug_412,1948,পাবলিক বিশ্ববিদ্যালয় কম খরচে মানসম্মত উচ্চশিক্ষার অন্যতম বড় মাধ্যম।,বিশ্ববিদ্যালয় পাবলিক কম খরচে মানসম্মত উচ্চশিক্ষার অন্যতম বড় মাধ্যম।,pro_public,RS
pro_public_aug_413,1951,পাবলিক বিশ্ববিদ্যালয়ের বৈচিত্র্যময় ছাত্রসমাজ সামাজিক ও সাংস্কৃতিক বোঝাপড়া বাড়ায়।,বিশ্ববিদ্যালয়ের পাবলিক বৈচিত্র্যময় ছাত্রসমাজ সামাজিক ও সাংস্কৃতিক বোঝাপড়া বাড়ায়।,pro_public,RS
pro_public_aug_414,1954,পাবলিক বিশ্ববিদ্যালয়ের তীব্র প্রতিযোগিতা অনেক শিক্ষার্থীকে আরও মনোযোগী করে তোলে।,বিশ্ববিদ্যালয়ের পাবলিক তীব্র প্রতিযোগিতা অনেক শিক্ষার্থীকে আরও মনোযোগী করে তোলে।,pro_public,RS
pro_public_aug_415,1957,পাবলিক বিশ্ববিদ্যালয়ের দীর্ঘ ঐতিহ্য অনেকের কাছে একাডেমিক মর্যাদার প্রতীক।,বিশ্ববিদ্যালয়ের পাবলিক দীর্ঘ ঐতিহ্য অনেকের কাছে একাডেমিক মর্যাদার প্রতীক।,pro_public,RS
pro_public_aug_416,1960,পাবলিক বিশ্ববিদ্যালয়ে টিকে থাকা ও পড়া অনেক সময় শিক্ষার্থীর অধ্যবসায়েরও প্রমাণ দেয়।,বিশ্ববিদ্যালয়ে পাবলিক টিকে থাকা ও পড়া অনেক সময় শিক্ষার্থীর অধ্যবসায়েরও প্রমাণ দেয়।,pro_public,RS
pro_public_aug_417,1963,"পাবলিক বিশ্ববিদ্যালয়ের গবেষণা, বিতর্ক ও বুদ্ধিবৃত্তিক চর্চা অনেক শিক্ষার্থীকে বিস্তৃতভাবে গড়ে তোলে।","বিতর্ক ও বুদ্ধিবৃত্তিক চর্চা অনেক শিক্ষার্থীকে বিস্তৃতভাবে গড়ে তোলে। পাবলিক বিশ্ববিদ্যালয়ের গবেষণা,",pro_public,RS
pro_public_aug_418,1966,পাবলিক বিশ্ববিদ্যালয়ে ভর্তি হওয়া বহু শিক্ষার্থীর কাছে সামাজিক স্বীকৃতির বড় ধাপ।,বিশ্ববিদ্যালয়ে পাবলিক ভর্তি হওয়া বহু শিক্ষার্থীর কাছে সামাজিক স্বীকৃতির বড় ধাপ।,pro_public,RS
pro_public_aug_419,1969,পাবলিক বিশ্ববিদ্যালয়ের ভর্তি প্রক্রিয়া এখনো মেধাভিত্তিক বাছাইয়ের গুরুত্বপূর্ণ উদাহরণ হিসেবে বিবেচিত হয়।,বিশ্ববিদ্যালয়ের পাবলিক ভর্তি প্রক্রিয়া এখনো মেধাভিত্তিক বাছাইয়ের গুরুত্বপূর্ণ উদাহরণ হিসেবে বিবেচিত হয়।,pro_public,RS
pro_public_aug_420,1972,পাবলিক বিশ্ববিদ্যালয়ের বড় নেটওয়ার্ক অনেক সময় শিক্ষার্থীদের ভবিষ্যৎ একাডেমিক ও পেশাগত সুযোগে সহায়ক হয়।,বিশ্ববিদ্যালয়ের পাবলিক বড় নেটওয়ার্ক অনেক সময় শিক্ষার্থীদের ভবিষ্যৎ একাডেমিক ও পেশাগত সুযোগে সহায়ক হয়।,pro_public,RS
pro_public_aug_421,1975,পাবলিক বিশ্ববিদ্যালয় এখনও বহু মেধাবী শিক্ষার্থীর কাছে সবচেয়ে কাঙ্ক্ষিত গন্তব্যগুলোর একটি।,বিশ্ববিদ্যালয় পাবলিক এখনও বহু মেধাবী শিক্ষার্থীর কাছে সবচেয়ে কাঙ্ক্ষিত গন্তব্যগুলোর একটি।,pro_public,RS
pro_public_aug_422,1980,পাবলিক বিশ্ববিদ্যালয়ের ভর্তি প্রতিযোগিতা এখনও দেশের সবচেয়ে সম্মানজনক একাডেমিক চ্যালেঞ্জগুলোর একটি।,বিশ্ববিদ্যালয়ের পাবলিক ভর্তি প্রতিযোগিতা এখনও দেশের সবচেয়ে সম্মানজনক একাডেমিক চ্যালেঞ্জগুলোর একটি।,pro_public,RS
pro_public_aug_423,1983,পাবলিক বিশ্ববিদ্যালয়ে সুযোগ পাওয়া অনেক শিক্ষার্থীর জন্য মেধা ও অধ্যবসায়ের বড় স্বীকৃতি।,বিশ্ববিদ্যালয়ে পাবলিক সুযোগ পাওয়া অনেক শিক্ষার্থীর জন্য মেধা ও অধ্যবসায়ের বড় স্বীকৃতি।,pro_public,RS
pro_public_aug_424,1986,পাবলিক বিশ্ববিদ্যালয় তুলনামূলক কম খরচে উচ্চশিক্ষা পাওয়ার সুযোগ তৈরি করে।,বিশ্ববিদ্যালয় পাবলিক তুলনামূলক কম খরচে উচ্চশিক্ষা পাওয়ার সুযোগ তৈরি করে।,pro_public,RS
pro_public_aug_425,1989,পাবলিক বিশ্ববিদ্যালয়ের বিস্তৃত ক্যাম্পাসজীবন শিক্ষার্থীদের চিন্তাভাবনাকে আরও পরিণত করে।,বিশ্ববিদ্যালয়ের পাবলিক বিস্তৃত ক্যাম্পাসজীবন শিক্ষার্থীদের চিন্তাভাবনাকে আরও পরিণত করে।,pro_public,RS
pro_public_aug_426,1992,পাবলিক বিশ্ববিদ্যালয়ের সীমিত সিটে সুযোগ পাওয়া এখনো বহু শিক্ষার্থীর দীর্ঘ লড়াইয়ের ফল।,বিশ্ববিদ্যালয়ের পাবলিক সীমিত সিটে সুযোগ পাওয়া এখনো বহু শিক্ষার্থীর দীর্ঘ লড়াইয়ের ফল।,pro_public,RS
pro_public_aug_427,1995,পাবলিক বিশ্ববিদ্যালয়ের ঐতিহ্য ও একাডেমিক মর্যাদা এখনো অনেকের কাছে বিশেষ আকর্ষণ।,বিশ্ববিদ্যালয়ের পাবলিক ঐতিহ্য ও একাডেমিক মর্যাদা এখনো অনেকের কাছে বিশেষ আকর্ষণ।,pro_public,RS
pro_public_aug_428,1998,পাবলিক বিশ্ববিদ্যালয়ে ভিন্ন অঞ্চল ও শ্রেণির শিক্ষার্থীরা একসাথে শেখার সুযোগ পায়।,বিশ্ববিদ্যালয়ে পাবলিক ভিন্ন অঞ্চল ও শ্রেণির শিক্ষার্থীরা একসাথে শেখার সুযোগ পায়।,pro_public,RS
pro_public_aug_429,2001,পাবলিক বিশ্ববিদ্যালয়ের একাডেমিক পরিবেশ বহু শিক্ষার্থীকে গবেষণা ও উচ্চশিক্ষার দিকে আগ্রহী করে।,বিশ্ববিদ্যালয়ের পাবলিক একাডেমিক পরিবেশ বহু শিক্ষার্থীকে গবেষণা ও উচ্চশিক্ষার দিকে আগ্রহী করে।,pro_public,RS
pro_public_aug_430,2004,পাবলিক বিশ্ববিদ্যালয় বহু মেধাবী শিক্ষার্থীর জন্য অর্থনৈতিকভাবে সবচেয়ে বাস্তবসম্মত পথ।,বিশ্ববিদ্যালয় পাবলিক বহু মেধাবী শিক্ষার্থীর জন্য অর্থনৈতিকভাবে সবচেয়ে বাস্তবসম্মত পথ।,pro_public,RS
pro_public_aug_431,2007,পাবলিক বিশ্ববিদ্যালয়ের কঠিন ভর্তি প্রক্রিয়া এখনো মেধার বড় পরীক্ষাগুলোর একটি হিসেবে বিবেচিত হয়।,বিশ্ববিদ্যালয়ের পাবলিক কঠিন ভর্তি প্রক্রিয়া এখনো মেধার বড় পরীক্ষাগুলোর একটি হিসেবে বিবেচিত হয়।,pro_public,RS
pro_public_aug_432,2010,পাবলিক বিশ্ববিদ্যালয়ের ডিগ্রির ওপর এখনো সমাজের বহু মানুষের আলাদা আস্থা রয়েছে।,বিশ্ববিদ্যালয়ের পাবলিক ডিগ্রির ওপর এখনো সমাজের বহু মানুষের আলাদা আস্থা রয়েছে।,pro_public,RS
pro_public_aug_433,2013,পাবলিক বিশ্ববিদ্যালয় দেশের উচ্চশিক্ষার মানদণ্ড গঠনে দীর্ঘদিন ধরে গুরুত্বপূর্ণ ভূমিকা রাখছে।,বিশ্ববিদ্যালয় পাবলিক দেশের উচ্চশিক্ষার মানদণ্ড গঠনে দীর্ঘদিন ধরে গুরুত্বপূর্ণ ভূমিকা রাখছে।,pro_public,RS
pro_public_aug_434,2016,পাবলিক বিশ্ববিদ্যালয়ে পড়ার সুযোগ এখনো বহু পরিবারের কাছে স্বপ্নপূরণের সমান।,বিশ্ববিদ্যালয়ে পাবলিক পড়ার সুযোগ এখনো বহু পরিবারের কাছে স্বপ্নপূরণের সমান।,pro_public,RS
pro_public_aug_435,2019,পাবলিক বিশ্ববিদ্যালয়ের alumni network অনেক সময় ভবিষ্যৎ একাডেমিক ও পেশাগত সুযোগে সহায়ক হয়।,বিশ্ববিদ্যালয়ের পাবলিক alumni network অনেক সময় ভবিষ্যৎ একাডেমিক ও পেশাগত সুযোগে সহায়ক হয়।,pro_public,RS
pro_public_aug_436,2022,"পাবলিক বিশ্ববিদ্যালয়ের ক্যাম্পাসজীবন অনেককে নেতৃত্ব, বিতর্ক ও সামাজিক বাস্তবতা সম্পর্কে শিখতে সাহায্য করে।","বিতর্ক ও সামাজিক বাস্তবতা সম্পর্কে শিখতে সাহায্য করে। পাবলিক বিশ্ববিদ্যালয়ের ক্যাম্পাসজীবন অনেককে নেতৃত্ব,",pro_public,RS
pro_public_aug_437,2025,শীর্ষস্থানীয় বহু শিক্ষার্থীর প্রথম লক্ষ্য এখনো একটি শক্তিশালী পাবলিক বিশ্ববিদ্যালয়।,বহু শীর্ষস্থানীয় শিক্ষার্থীর প্রথম লক্ষ্য এখনো একটি শক্তিশালী পাবলিক বিশ্ববিদ্যালয়।,pro_public,RS
pro_public_aug_438,2030,পাবলিক বিশ্ববিদ্যালয়ে ভর্তি হওয়া এখনো দেশের সবচেয়ে মর্যাদাপূর্ণ একাডেমিক সাফল্যগুলোর একটি হিসেবে দেখা হয়।,বিশ্ববিদ্যালয়ে পাবলিক ভর্তি হওয়া এখনো দেশের সবচেয়ে মর্যাদাপূর্ণ একাডেমিক সাফল্যগুলোর একটি হিসেবে দেখা হয়।,pro_public,RS
pro_public_aug_439,2033,পাবলিক বিশ্ববিদ্যালয়ের কম খরচের শিক্ষা বহু পরিবারের জন্য আশীর্বাদস্বরূপ।,বিশ্ববিদ্যালয়ের পাবলিক কম খরচের শিক্ষা বহু পরিবারের জন্য আশীর্বাদস্বরূপ।,pro_public,RS
pro_public_aug_440,2036,পাবলিক বিশ্ববিদ্যালয়ের দীর্ঘদিনের একাডেমিক ঐতিহ্য এখনো বহু শিক্ষার্থীকে অনুপ্রাণিত করে।,বিশ্ববিদ্যালয়ের পাবলিক দীর্ঘদিনের একাডেমিক ঐতিহ্য এখনো বহু শিক্ষার্থীকে অনুপ্রাণিত করে।,pro_public,RS
pro_public_aug_441,2039,পাবলিক বিশ্ববিদ্যালয় আর্থিক সীমাবদ্ধতা থাকা শিক্ষার্থীদেরও উচ্চশিক্ষার সুযোগ দেয়।,বিশ্ববিদ্যালয় পাবলিক আর্থিক সীমাবদ্ধতা থাকা শিক্ষার্থীদেরও উচ্চশিক্ষার সুযোগ দেয়।,pro_public,RS
pro_public_aug_442,2042,পাবলিক বিশ্ববিদ্যালয়ের বৈচিত্র্যময় ছাত্রসমাজ অনেককে সমাজ ও বাস্তবতা সম্পর্কে নতুনভাবে ভাবতে শেখায়।,বিশ্ববিদ্যালয়ের পাবলিক বৈচিত্র্যময় ছাত্রসমাজ অনেককে সমাজ ও বাস্তবতা সম্পর্কে নতুনভাবে ভাবতে শেখায়।,pro_public,RS
pro_public_aug_443,2045,পাবলিক বিশ্ববিদ্যালয়ের সীমিত সিটে জায়গা পাওয়া এখনো অসাধারণ প্রতিযোগিতামূলক অর্জন।,বিশ্ববিদ্যালয়ের পাবলিক সীমিত সিটে জায়গা পাওয়া এখনো অসাধারণ প্রতিযোগিতামূলক অর্জন।,pro_public,RS
pro_public_aug_444,2048,পাবলিক বিশ্ববিদ্যালয়ের মেধাভিত্তিক ভর্তি প্রক্রিয়া এখনো অনেকের কাছে সবচেয়ে গ্রহণযোগ্য।,বিশ্ববিদ্যালয়ের পাবলিক মেধাভিত্তিক ভর্তি প্রক্রিয়া এখনো অনেকের কাছে সবচেয়ে গ্রহণযোগ্য।,pro_public,RS
pro_public_aug_445,2051,পাবলিক বিশ্ববিদ্যালয়ের শিক্ষাব্যবস্থা সামাজিক ও অর্থনৈতিক গতিশীলতা তৈরি করতে বড় ভূমিকা রাখে।,বিশ্ববিদ্যালয়ের পাবলিক শিক্ষাব্যবস্থা সামাজিক ও অর্থনৈতিক গতিশীলতা তৈরি করতে বড় ভূমিকা রাখে।,pro_public,RS
pro_public_aug_446,2054,পাবলিক বিশ্ববিদ্যালয়ে ভর্তি হওয়া অনেক পরিবারের কাছে সম্মান ও স্বপ্নপূরণের প্রতীক।,বিশ্ববিদ্যালয়ে পাবলিক ভর্তি হওয়া অনেক পরিবারের কাছে সম্মান ও স্বপ্নপূরণের প্রতীক।,pro_public,RS
pro_public_aug_447,2057,পাবলিক বিশ্ববিদ্যালয়ের বিস্তৃত একাডেমিক পরিবেশ শিক্ষার্থীদের নানা দিক থেকে পরিণত করে।,বিশ্ববিদ্যালয়ের পাবলিক বিস্তৃত একাডেমিক পরিবেশ শিক্ষার্থীদের নানা দিক থেকে পরিণত করে।,pro_public,RS
pro_public_aug_448,2060,পাবলিক বিশ্ববিদ্যালয়ের শক্তিশালী alumni network ভবিষ্যৎ সুযোগ তৈরিতে সহায়ক হতে পারে।,বিশ্ববিদ্যালয়ের পাবলিক শক্তিশালী alumni network ভবিষ্যৎ সুযোগ তৈরিতে সহায়ক হতে পারে।,pro_public,RS
pro_public_aug_449,2063,পাবলিক বিশ্ববিদ্যালয়ের ডিগ্রি এখনো অনেক নিয়োগদাতা ও পরিবারের কাছে বিশ্বাসযোগ্যতার প্রতীক।,বিশ্ববিদ্যালয়ের পাবলিক ডিগ্রি এখনো অনেক নিয়োগদাতা ও পরিবারের কাছে বিশ্বাসযোগ্যতার প্রতীক।,pro_public,RS
pro_public_aug_450,2066,পাবলিক বিশ্ববিদ্যালয় এখনো বহু কৃতী শিক্ষার্থীর প্রথম পছন্দ হয়ে আছে।,বিশ্ববিদ্যালয় পাবলিক এখনো বহু কৃতী শিক্ষার্থীর প্রথম পছন্দ হয়ে আছে।,pro_public,RS
pro_public_aug_451,2069,"পাবলিক বিশ্ববিদ্যালয়ের গবেষণা, বিতর্ক ও সাংস্কৃতিক পরিবেশ শিক্ষার্থীদের দৃষ্টিভঙ্গি প্রসারিত করে।","বিতর্ক ও সাংস্কৃতিক পরিবেশ শিক্ষার্থীদের দৃষ্টিভঙ্গি প্রসারিত করে। পাবলিক বিশ্ববিদ্যালয়ের গবেষণা,",pro_public,RS
pro_public_aug_452,2072,পাবলিক বিশ্ববিদ্যালয়ের কঠিন ভর্তি লড়াই তাকে এখনও বিশেষ মর্যাদার জায়গায় রেখেছে।,বিশ্ববিদ্যালয়ের পাবলিক কঠিন ভর্তি লড়াই তাকে এখনও বিশেষ মর্যাদার জায়গায় রেখেছে।,pro_public,RS
pro_public_aug_453,2075,পাবলিক বিশ্ববিদ্যালয়ের বড় পরিসরের পরিবেশ অনেককে নেতৃত্ব ও সামাজিক বোধ তৈরি করতে সাহায্য করে।,বিশ্ববিদ্যালয়ের পাবলিক বড় পরিসরের পরিবেশ অনেককে নেতৃত্ব ও সামাজিক বোধ তৈরি করতে সাহায্য করে।,pro_public,RS
pro_public_aug_454,2080,পাবলিক বিশ্ববিদ্যালয়ে ভর্তি হওয়া এখনও দেশের সবচেয়ে কাঙ্ক্ষিত একাডেমিক অর্জনগুলোর একটি হিসেবে ধরা হয়।,বিশ্ববিদ্যালয়ে পাবলিক ভর্তি হওয়া এখনও দেশের সবচেয়ে কাঙ্ক্ষিত একাডেমিক অর্জনগুলোর একটি হিসেবে ধরা হয়।,pro_public,RS
pro_public_aug_455,2083,পাবলিক বিশ্ববিদ্যালয় কম খরচে উচ্চশিক্ষা পাওয়ার সবচেয়ে গুরুত্বপূর্ণ পথগুলোর একটি।,বিশ্ববিদ্যালয় পাবলিক কম খরচে উচ্চশিক্ষা পাওয়ার সবচেয়ে গুরুত্বপূর্ণ পথগুলোর একটি।,pro_public,RS
pro_public_aug_456,2086,"পাবলিক বিশ্ববিদ্যালয়ের ইতিহাস, সংস্কৃতি ও একাডেমিক মর্যাদা এখনো অনেক শিক্ষার্থীকে আকৃষ্ট করে।","সংস্কৃতি ও একাডেমিক মর্যাদা এখনো অনেক শিক্ষার্থীকে আকৃষ্ট করে। পাবলিক বিশ্ববিদ্যালয়ের ইতিহাস,",pro_public,RS
pro_public_aug_457,2089,পাবলিক বিশ্ববিদ্যালয়ের প্রতিযোগিতামূলক পরিবেশ শিক্ষার্থীদের মেধা ও মানসিক দৃঢ়তা বাড়াতে পারে।,বিশ্ববিদ্যালয়ের পাবলিক প্রতিযোগিতামূলক পরিবেশ শিক্ষার্থীদের মেধা ও মানসিক দৃঢ়তা বাড়াতে পারে।,pro_public,RS
pro_public_aug_458,2092,পাবলিক বিশ্ববিদ্যালয়ে ভর্তি হওয়া বহু পরিবারের কাছে সামাজিক স্বীকৃতি ও গর্বের বিষয়।,বিশ্ববিদ্যালয়ে পাবলিক ভর্তি হওয়া বহু পরিবারের কাছে সামাজিক স্বীকৃতি ও গর্বের বিষয়।,pro_public,RS
pro_public_aug_459,2095,পাবলিক বিশ্ববিদ্যালয়ের বড় ক্যাম্পাস এবং ভিন্নমুখী ছাত্রসমাজ ব্যক্তিত্ব গঠনে ইতিবাচক প্রভাব ফেলে।,বিশ্ববিদ্যালয়ের পাবলিক বড় ক্যাম্পাস এবং ভিন্নমুখী ছাত্রসমাজ ব্যক্তিত্ব গঠনে ইতিবাচক প্রভাব ফেলে।,pro_public,RS
pro_public_aug_460,2098,পাবলিক বিশ্ববিদ্যালয়ের ডিগ্রি এখনো বহু মানুষের কাছে নির্ভরযোগ্যতার প্রতীক।,বিশ্ববিদ্যালয়ের পাবলিক ডিগ্রি এখনো বহু মানুষের কাছে নির্ভরযোগ্যতার প্রতীক।,pro_public,RS
pro_public_aug_461,2101,পাবলিক বিশ্ববিদ্যালয় বহু মেধাবী কিন্তু আর্থিকভাবে সীমিত শিক্ষার্থীর জন্য বড় ভরসা।,বিশ্ববিদ্যালয় পাবলিক বহু মেধাবী কিন্তু আর্থিকভাবে সীমিত শিক্ষার্থীর জন্য বড় ভরসা।,pro_public,RS
pro_public_aug_462,2104,পাবলিক বিশ্ববিদ্যালয়ের alumni network ভবিষ্যৎ একাডেমিক ও পেশাগত সুযোগে সহায়ক হতে পারে।,বিশ্ববিদ্যালয়ের পাবলিক alumni network ভবিষ্যৎ একাডেমিক ও পেশাগত সুযোগে সহায়ক হতে পারে।,pro_public,RS
pro_public_aug_463,2107,পাবলিক বিশ্ববিদ্যালয়ের সিটসংখ্যা সীমিত হওয়ায় সেখানে সুযোগ পাওয়া এখনো বিশেষ অর্জন হিসেবে দেখা হয়।,বিশ্ববিদ্যালয়ের পাবলিক সিটসংখ্যা সীমিত হওয়ায় সেখানে সুযোগ পাওয়া এখনো বিশেষ অর্জন হিসেবে দেখা হয়।,pro_public,RS
pro_public_aug_464,2110,পাবলিক বিশ্ববিদ্যালয়ের সাংস্কৃতিক ও বুদ্ধিবৃত্তিক পরিবেশ শিক্ষার্থীদের দৃষ্টিভঙ্গি বিস্তৃত করে।,বিশ্ববিদ্যালয়ের পাবলিক সাংস্কৃতিক ও বুদ্ধিবৃত্তিক পরিবেশ শিক্ষার্থীদের দৃষ্টিভঙ্গি বিস্তৃত করে।,pro_public,RS
pro_public_aug_465,2113,দেশের বহু কৃতী শিক্ষার্থীর কাছে প্রথম লক্ষ্য এখনো একটি ভালো পাবলিক বিশ্ববিদ্যালয়।,বহু দেশের কৃতী শিক্ষার্থীর কাছে প্রথম লক্ষ্য এখনো একটি ভালো পাবলিক বিশ্ববিদ্যালয়।,pro_public,RS
pro_public_aug_466,2116,পাবলিক বিশ্ববিদ্যালয়ের ভর্তি লড়াই এখনও সবচেয়ে কঠিন ও মর্যাদাপূর্ণ প্রতিযোগিতাগুলোর একটি।,বিশ্ববিদ্যালয়ের পাবলিক ভর্তি লড়াই এখনও সবচেয়ে কঠিন ও মর্যাদাপূর্ণ প্রতিযোগিতাগুলোর একটি।,pro_public,RS
pro_public_aug_467,2119,পাবলিক বিশ্ববিদ্যালয় দেশের উচ্চশিক্ষার ভিত্তিকে দীর্ঘদিন ধরে শক্তিশালী করেছে।,বিশ্ববিদ্যালয় পাবলিক দেশের উচ্চশিক্ষার ভিত্তিকে দীর্ঘদিন ধরে শক্তিশালী করেছে।,pro_public,RS
pro_public_aug_468,2122,পাবলিক বিশ্ববিদ্যালয়ের পরিবেশ অনেক শিক্ষার্থীকে নেতৃত্ব ও সামাজিক দায়িত্ববোধ শেখায়।,বিশ্ববিদ্যালয়ের পাবলিক পরিবেশ অনেক শিক্ষার্থীকে নেতৃত্ব ও সামাজিক দায়িত্ববোধ শেখায়।,pro_public,RS
pro_public_aug_469,2125,পাবলিক বিশ্ববিদ্যালয়ে পড়ার সুযোগ এখনও বহু শিক্ষার্থীর জীবনে বড় turning point হয়ে দাঁড়ায়।,বিশ্ববিদ্যালয়ে পাবলিক পড়ার সুযোগ এখনও বহু শিক্ষার্থীর জীবনে বড় turning point হয়ে দাঁড়ায়।,pro_public,RS
pro_public_aug_470,2130,পাবলিক বিশ্ববিদ্যালয়ের ভর্তি যাত্রা এখনো দেশের সবচেয়ে কঠিন মেধা যাচাইগুলোর একটি হিসেবে বিবেচিত হয়।,বিশ্ববিদ্যালয়ের পাবলিক ভর্তি যাত্রা এখনো দেশের সবচেয়ে কঠিন মেধা যাচাইগুলোর একটি হিসেবে বিবেচিত হয়।,pro_public,RS
pro_public_aug_471,2133,পাবলিক বিশ্ববিদ্যালয় সীমিত খরচে উচ্চশিক্ষা নিশ্চিত করে অনেক পরিবারকে স্বস্তি দেয়।,বিশ্ববিদ্যালয় পাবলিক সীমিত খরচে উচ্চশিক্ষা নিশ্চিত করে অনেক পরিবারকে স্বস্তি দেয়।,pro_public,RS
pro_public_aug_472,2136,পাবলিক বিশ্ববিদ্যালয়ের দীর্ঘ ইতিহাস অনেক শিক্ষার্থীর কাছে আলাদা একাডেমিক মর্যাদা বহন করে।,বিশ্ববিদ্যালয়ের পাবলিক দীর্ঘ ইতিহাস অনেক শিক্ষার্থীর কাছে আলাদা একাডেমিক মর্যাদা বহন করে।,pro_public,RS
pro_public_aug_473,2139,পাবলিক বিশ্ববিদ্যালয়ের প্রতিযোগিতামূলক পরিবেশ অনেক শিক্ষার্থীকে কঠিন পরিশ্রমে অভ্যস্ত করে তোলে।,বিশ্ববিদ্যালয়ের পাবলিক প্রতিযোগিতামূলক পরিবেশ অনেক শিক্ষার্থীকে কঠিন পরিশ্রমে অভ্যস্ত করে তোলে।,pro_public,RS
pro_public_aug_474,2142,পাবলিক বিশ্ববিদ্যালয়ের আসনসংখ্যা সীমিত হলেও তার সামাজিক গুরুত্ব এখনো খুবই বেশি।,বিশ্ববিদ্যালয়ের পাবলিক আসনসংখ্যা সীমিত হলেও তার সামাজিক গুরুত্ব এখনো খুবই বেশি।,pro_public,RS
pro_public_aug_475,2145,পাবলিক বিশ্ববিদ্যালয়ে পড়ার সুযোগ অনেক শিক্ষার্থীর জীবনে সামাজিক স্বীকৃতির বড় ধাপ হয়ে দাঁড়ায়।,বিশ্ববিদ্যালয়ে পাবলিক পড়ার সুযোগ অনেক শিক্ষার্থীর জীবনে সামাজিক স্বীকৃতির বড় ধাপ হয়ে দাঁড়ায়।,pro_public,RS
pro_public_aug_476,2148,পাবলিক বিশ্ববিদ্যালয়ের বিস্তৃত সামাজিক ও সাংস্কৃতিক পরিবেশ ব্যক্তিত্ব গঠনে সহায়ক হয়।,বিশ্ববিদ্যালয়ের পাবলিক বিস্তৃত সামাজিক ও সাংস্কৃতিক পরিবেশ ব্যক্তিত্ব গঠনে সহায়ক হয়।,pro_public,RS
pro_public_aug_477,2151,অসংখ্য শিক্ষার্থীর জন্য একটি পাবলিক বিশ্ববিদ্যালয়ে ভর্তি হওয়া মানে দীর্ঘদিনের স্বপ্ন পূরণ হওয়া।,শিক্ষার্থীর অসংখ্য জন্য একটি পাবলিক বিশ্ববিদ্যালয়ে ভর্তি হওয়া মানে দীর্ঘদিনের স্বপ্ন পূরণ হওয়া।,pro_public,RS
pro_public_aug_478,2154,পাবলিক বিশ্ববিদ্যালয়ের ডিগ্রির ওপর বহু মানুষের আস্থা এখনো দৃশ্যমানভাবে শক্তিশালী।,বিশ্ববিদ্যালয়ের পাবলিক ডিগ্রির ওপর বহু মানুষের আস্থা এখনো দৃশ্যমানভাবে শক্তিশালী।,pro_public,RS
pro_public_aug_479,2157,পাবলিক বিশ্ববিদ্যালয়ের alumni network ভবিষ্যৎ একাডেমিক ও পেশাগত সংযোগ তৈরিতে গুরুত্বপূর্ণ ভূমিকা রাখতে পারে।,বিশ্ববিদ্যালয়ের পাবলিক alumni network ভবিষ্যৎ একাডেমিক ও পেশাগত সংযোগ তৈরিতে গুরুত্বপূর্ণ ভূমিকা রাখতে পারে।,pro_public,RS
pro_public_aug_480,2160,পাবলিক বিশ্ববিদ্যালয়ের ভর্তি পরীক্ষা এখনো অনেকের কাছে সবচেয়ে শক্তিশালী মেধা প্রতিযোগিতা।,বিশ্ববিদ্যালয়ের পাবলিক ভর্তি পরীক্ষা এখনো অনেকের কাছে সবচেয়ে শক্তিশালী মেধা প্রতিযোগিতা।,pro_public,RS
pro_public_aug_481,2163,পাবলিক বিশ্ববিদ্যালয়ের একাডেমিক ও বুদ্ধিবৃত্তিক চর্চা অনেক শিক্ষার্থীকে বিস্তৃতভাবে ভাবতে শেখায়।,বিশ্ববিদ্যালয়ের পাবলিক একাডেমিক ও বুদ্ধিবৃত্তিক চর্চা অনেক শিক্ষার্থীকে বিস্তৃতভাবে ভাবতে শেখায়।,pro_public,RS
pro_public_aug_482,2166,পাবলিক বিশ্ববিদ্যালয়ে সুযোগ পাওয়া অনেকের কাছে আজীবনের স্মরণীয় অর্জন হয়ে থাকে।,বিশ্ববিদ্যালয়ে পাবলিক সুযোগ পাওয়া অনেকের কাছে আজীবনের স্মরণীয় অর্জন হয়ে থাকে।,pro_public,RS
pro_public_aug_483,2169,দেশের বহু মেধাবী শিক্ষার্থীর কাছে প্রথম পছন্দ এখনো একটি ভালো পাবলিক বিশ্ববিদ্যালয়।,বহু দেশের মেধাবী শিক্ষার্থীর কাছে প্রথম পছন্দ এখনো একটি ভালো পাবলিক বিশ্ববিদ্যালয়।,pro_public,RS
pro_public_aug_484,2172,পাবলিক বিশ্ববিদ্যালয়ের বড় ও বৈচিত্র্যময় পরিবেশ শিক্ষার্থীদের সামাজিক বাস্তবতা বুঝতে সাহায্য করে।,বিশ্ববিদ্যালয়ের পাবলিক বড় ও বৈচিত্র্যময় পরিবেশ শিক্ষার্থীদের সামাজিক বাস্তবতা বুঝতে সাহায্য করে।,pro_public,RS
pro_public_aug_485,2175,পাবলিক বিশ্ববিদ্যালয় বহু শিক্ষার্থীর জন্য কম খরচে উচ্চমানের শিক্ষা পাওয়ার বড় দরজা।,বিশ্ববিদ্যালয় পাবলিক বহু শিক্ষার্থীর জন্য কম খরচে উচ্চমানের শিক্ষা পাওয়ার বড় দরজা।,pro_public,RS
pro_public_aug_486,2180,পাবলিক বিশ্ববিদ্যালয়ের ভর্তি পরীক্ষায় টিকে থাকা এখনো দেশের অন্যতম বড় একাডেমিক অর্জন হিসেবে ধরা হয়।,বিশ্ববিদ্যালয়ের পাবলিক ভর্তি পরীক্ষায় টিকে থাকা এখনো দেশের অন্যতম বড় একাডেমিক অর্জন হিসেবে ধরা হয়।,pro_public,RS
pro_public_aug_487,2183,পাবলিক বিশ্ববিদ্যালয় কম খরচে উচ্চশিক্ষা নিশ্চিত করার ক্ষেত্রে গুরুত্বপূর্ণ ভূমিকা পালন করে।,বিশ্ববিদ্যালয় পাবলিক কম খরচে উচ্চশিক্ষা নিশ্চিত করার ক্ষেত্রে গুরুত্বপূর্ণ ভূমিকা পালন করে।,pro_public,RS
pro_public_aug_488,2186,পাবলিক বিশ্ববিদ্যালয়ের দীর্ঘ একাডেমিক ঐতিহ্য এখনো বহু শিক্ষার্থীর কাছে বিশেষ আকর্ষণ তৈরি করে।,বিশ্ববিদ্যালয়ের পাবলিক দীর্ঘ একাডেমিক ঐতিহ্য এখনো বহু শিক্ষার্থীর কাছে বিশেষ আকর্ষণ তৈরি করে।,pro_public,RS
pro_public_aug_489,2189,পাবলিক বিশ্ববিদ্যালয়ের প্রতিযোগিতামূলক পরিবেশ অনেককে কঠোর পরিশ্রমে অভ্যস্ত করে তোলে।,বিশ্ববিদ্যালয়ের পাবলিক প্রতিযোগিতামূলক পরিবেশ অনেককে কঠোর পরিশ্রমে অভ্যস্ত করে তোলে।,pro_public,RS
pro_public_aug_490,2192,পাবলিক বিশ্ববিদ্যালয়ে ভর্তি হওয়া এখনও অসংখ্য শিক্ষার্থীর দীর্ঘদিনের স্বপ্ন।,বিশ্ববিদ্যালয়ে পাবলিক ভর্তি হওয়া এখনও অসংখ্য শিক্ষার্থীর দীর্ঘদিনের স্বপ্ন।,pro_public,RS
pro_public_aug_491,2195,পাবলিক বিশ্ববিদ্যালয়ের ডিগ্রির ওপর এখনো বহু পরিবার ও প্রতিষ্ঠানের আলাদা আস্থা রয়েছে।,বিশ্ববিদ্যালয়ের পাবলিক ডিগ্রির ওপর এখনো বহু পরিবার ও প্রতিষ্ঠানের আলাদা আস্থা রয়েছে।,pro_public,RS
pro_public_aug_492,2198,পাবলিক বিশ্ববিদ্যালয়ের বড় ও বৈচিত্র্যময় ক্যাম্পাসজীবন শিক্ষার্থীদের সামাজিক বোধ গড়ে তোলে।,বিশ্ববিদ্যালয়ের পাবলিক বড় ও বৈচিত্র্যময় ক্যাম্পাসজীবন শিক্ষার্থীদের সামাজিক বোধ গড়ে তোলে।,pro_public,RS
pro_public_aug_493,2201,পাবলিক বিশ্ববিদ্যালয় বহু মেধাবী শিক্ষার্থীর জন্য অর্থনৈতিকভাবে সবচেয়ে কার্যকর উচ্চশিক্ষার পথ।,বিশ্ববিদ্যালয় পাবলিক বহু মেধাবী শিক্ষার্থীর জন্য অর্থনৈতিকভাবে সবচেয়ে কার্যকর উচ্চশিক্ষার পথ।,pro_public,RS
pro_public_aug_494,2204,পাবলিক বিশ্ববিদ্যালয়ের alumni network অনেক সময় ভবিষ্যৎ সুযোগ তৈরিতে মূল্যবান ভূমিকা রাখে।,বিশ্ববিদ্যালয়ের পাবলিক alumni network অনেক সময় ভবিষ্যৎ সুযোগ তৈরিতে মূল্যবান ভূমিকা রাখে।,pro_public,RS
pro_public_aug_495,2207,পাবলিক বিশ্ববিদ্যালয়ে সুযোগ পাওয়া বহু শিক্ষার্থীর জীবনে মর্যাদা ও আত্মবিশ্বাসের বড় উৎস।,বিশ্ববিদ্যালয়ে পাবলিক সুযোগ পাওয়া বহু শিক্ষার্থীর জীবনে মর্যাদা ও আত্মবিশ্বাসের বড় উৎস।,pro_public,RS
pro_public_aug_496,2210,পাবলিক বিশ্ববিদ্যালয়ের সীমিত সিট তার প্রতিযোগিতাকে আরও বেশি মর্যাদাপূর্ণ করে তুলেছে।,বিশ্ববিদ্যালয়ের পাবলিক সীমিত সিট তার প্রতিযোগিতাকে আরও বেশি মর্যাদাপূর্ণ করে তুলেছে।,pro_public,RS
pro_public_aug_497,2213,পাবলিক বিশ্ববিদ্যালয় দেশের উচ্চশিক্ষা কাঠামোর ভিত্তিকে দীর্ঘদিন ধরে শক্তিশালী করেছে।,বিশ্ববিদ্যালয় পাবলিক দেশের উচ্চশিক্ষা কাঠামোর ভিত্তিকে দীর্ঘদিন ধরে শক্তিশালী করেছে।,pro_public,RS
pro_public_aug_498,2219,পাবলিক বিশ্ববিদ্যালয়ের সাংস্কৃতিক ও বুদ্ধিবৃত্তিক পরিবেশ শিক্ষার্থীদের চিন্তাকে বিস্তৃত করে।,বিশ্ববিদ্যালয়ের পাবলিক সাংস্কৃতিক ও বুদ্ধিবৃত্তিক পরিবেশ শিক্ষার্থীদের চিন্তাকে বিস্তৃত করে।,pro_public,RS
pro_public_aug_499,2222,পাবলিক বিশ্ববিদ্যালয়ে ভর্তি হওয়া বহু পরিবারের কাছে গর্বের একটি উপলক্ষ।,বিশ্ববিদ্যালয়ে পাবলিক ভর্তি হওয়া বহু পরিবারের কাছে গর্বের একটি উপলক্ষ।,pro_public,RS
pro_public_aug_500,2225,পাবলিক বিশ্ববিদ্যালয়ের সুযোগ অনেক শিক্ষার্থীর জীবনে বড় পরিবর্তনের সূচনা করে।,বিশ্ববিদ্যালয়ের পাবলিক সুযোগ অনেক শিক্ষার্থীর জীবনে বড় পরিবর্তনের সূচনা করে।,pro_public,RS
pro_public_aug_501,2230,পাবলিক বিশ্ববিদ্যালয়ে ভর্তি হওয়া এখনও বহু শিক্ষার্থীর কাছে বড় একাডেমিক স্বীকৃতি হিসেবে বিবেচিত হয়।,বিশ্ববিদ্যালয়ে পাবলিক ভর্তি হওয়া এখনও বহু শিক্ষার্থীর কাছে বড় একাডেমিক স্বীকৃতি হিসেবে বিবেচিত হয়।,pro_public,RS
pro_public_aug_502,2233,পাবলিক বিশ্ববিদ্যালয় কম খরচে মানসম্মত উচ্চশিক্ষা পাওয়ার সুযোগ তৈরি করে।,বিশ্ববিদ্যালয় পাবলিক কম খরচে মানসম্মত উচ্চশিক্ষা পাওয়ার সুযোগ তৈরি করে।,pro_public,RS
pro_public_aug_503,2236,পাবলিক বিশ্ববিদ্যালয়ের দীর্ঘদিনের একাডেমিক ঐতিহ্য এখনো অনেককে অনুপ্রাণিত করে।,বিশ্ববিদ্যালয়ের পাবলিক দীর্ঘদিনের একাডেমিক ঐতিহ্য এখনো অনেককে অনুপ্রাণিত করে।,pro_public,RS
pro_public_aug_504,2239,পাবলিক বিশ্ববিদ্যালয়ের প্রতিযোগিতামূলক পরিবেশ অনেক শিক্ষার্থীকে কঠোর পরিশ্রমে অভ্যস্ত করে তোলে।,বিশ্ববিদ্যালয়ের পাবলিক প্রতিযোগিতামূলক পরিবেশ অনেক শিক্ষার্থীকে কঠোর পরিশ্রমে অভ্যস্ত করে তোলে।,pro_public,RS
pro_public_aug_505,2242,পাবলিক বিশ্ববিদ্যালয়ে পড়ার সুযোগ এখনও বহু পরিবারের কাছে স্বপ্নপূরণের মতো অনুভূতি তৈরি করে।,বিশ্ববিদ্যালয়ে পাবলিক পড়ার সুযোগ এখনও বহু পরিবারের কাছে স্বপ্নপূরণের মতো অনুভূতি তৈরি করে।,pro_public,RS
pro_public_aug_506,2245,পাবলিক বিশ্ববিদ্যালয় আর্থিকভাবে সীমিত শিক্ষার্থীদের জন্য বড় ভরসার জায়গা।,বিশ্ববিদ্যালয় পাবলিক আর্থিকভাবে সীমিত শিক্ষার্থীদের জন্য বড় ভরসার জায়গা।,pro_public,RS
pro_public_aug_507,2248,পাবলিক বিশ্ববিদ্যালয়ের বৈচিত্র্যময় ছাত্রসমাজ অনেককে সমাজ সম্পর্কে বিস্তৃতভাবে ভাবতে শেখায়।,বিশ্ববিদ্যালয়ের পাবলিক বৈচিত্র্যময় ছাত্রসমাজ অনেককে সমাজ সম্পর্কে বিস্তৃতভাবে ভাবতে শেখায়।,pro_public,RS
pro_public_aug_508,2251,পাবলিক বিশ্ববিদ্যালয়ের ডিগ্রির প্রতি এখনও অনেক পরিবার ও নিয়োগদাতার আস্থা রয়েছে।,বিশ্ববিদ্যালয়ের পাবলিক ডিগ্রির প্রতি এখনও অনেক পরিবার ও নিয়োগদাতার আস্থা রয়েছে।,pro_public,RS
pro_public_aug_509,2254,পাবলিক বিশ্ববিদ্যালয়ের alumni network অনেক সময় ভবিষ্যৎ সুযোগ পাওয়ায় সহায়ক হয়।,বিশ্ববিদ্যালয়ের পাবলিক alumni network অনেক সময় ভবিষ্যৎ সুযোগ পাওয়ায় সহায়ক হয়।,pro_public,RS
pro_public_aug_510,2257,পাবলিক বিশ্ববিদ্যালয়ে সুযোগ পাওয়া এখনো বহু শিক্ষার্থীর কাছে মর্যাদার বিষয়।,বিশ্ববিদ্যালয়ে পাবলিক সুযোগ পাওয়া এখনো বহু শিক্ষার্থীর কাছে মর্যাদার বিষয়।,pro_public,RS
pro_public_aug_511,2260,পাবলিক বিশ্ববিদ্যালয় দেশের উচ্চশিক্ষার ভিত্তিকে শক্তিশালী রাখতে গুরুত্বপূর্ণ ভূমিকা পালন করে।,বিশ্ববিদ্যালয় পাবলিক দেশের উচ্চশিক্ষার ভিত্তিকে শক্তিশালী রাখতে গুরুত্বপূর্ণ ভূমিকা পালন করে।,pro_public,RS
pro_public_aug_512,2263,দেশের বহু কৃতী শিক্ষার্থীর প্রথম লক্ষ্য এখনও একটি শক্তিশালী পাবলিক বিশ্ববিদ্যালয়।,বহু দেশের কৃতী শিক্ষার্থীর প্রথম লক্ষ্য এখনও একটি শক্তিশালী পাবলিক বিশ্ববিদ্যালয়।,pro_public,RS
pro_public_aug_513,2266,"পাবলিক বিশ্ববিদ্যালয়ের সাংস্কৃতিক, একাডেমিক ও সামাজিক পরিবেশ অনেক শিক্ষার্থীকে পরিণত করে তোলে।","একাডেমিক ও সামাজিক পরিবেশ অনেক শিক্ষার্থীকে পরিণত করে তোলে। পাবলিক বিশ্ববিদ্যালয়ের সাংস্কৃতিক,",pro_public,RS
pro_public_aug_514,2269,পাবলিক বিশ্ববিদ্যালয়ের সীমিত সিট ও কঠিন ভর্তি লড়াই তার মর্যাদাকে আরও বাড়িয়ে দেয়।,বিশ্ববিদ্যালয়ের পাবলিক সীমিত সিট ও কঠিন ভর্তি লড়াই তার মর্যাদাকে আরও বাড়িয়ে দেয়।,pro_public,RS
pro_public_aug_515,2272,পাবলিক বিশ্ববিদ্যালয়ে ভর্তি অনেক শিক্ষার্থীর জীবনে বড় পরিবর্তনের সূচনা করতে পারে।,বিশ্ববিদ্যালয়ে পাবলিক ভর্তি অনেক শিক্ষার্থীর জীবনে বড় পরিবর্তনের সূচনা করতে পারে।,pro_public,RS
pro_public_aug_516,2275,পাবলিক বিশ্ববিদ্যালয় এখনও বহু পরিবারের কাছে গর্বের প্রতীক হিসেবে বিবেচিত হয়।,বিশ্ববিদ্যালয় পাবলিক এখনও বহু পরিবারের কাছে গর্বের প্রতীক হিসেবে বিবেচিত হয়।,pro_public,RS
pro_public_aug_517,2280,পাবলিক বিশ্ববিদ্যালয়ে ভর্তি হওয়া এখনো অনেকের কাছে কঠিন প্রতিযোগিতা পেরোনোর বড় স্বীকৃতি।,বিশ্ববিদ্যালয়ে পাবলিক ভর্তি হওয়া এখনো অনেকের কাছে কঠিন প্রতিযোগিতা পেরোনোর বড় স্বীকৃতি।,pro_public,RS
pro_public_aug_518,2283,পাবলিক বিশ্ববিদ্যালয়ের স্বল্প খরচে শিক্ষা বহু পরিবারের জন্য উচ্চশিক্ষাকে সম্ভব করে তোলে।,বিশ্ববিদ্যালয়ের পাবলিক স্বল্প খরচে শিক্ষা বহু পরিবারের জন্য উচ্চশিক্ষাকে সম্ভব করে তোলে।,pro_public,RS
pro_public_aug_519,2286,পাবলিক বিশ্ববিদ্যালয়ের ঐতিহ্য ও একাডেমিক পরিবেশ এখনও বহু শিক্ষার্থীর কাছে অনুপ্রেরণার উৎস।,বিশ্ববিদ্যালয়ের পাবলিক ঐতিহ্য ও একাডেমিক পরিবেশ এখনও বহু শিক্ষার্থীর কাছে অনুপ্রেরণার উৎস।,pro_public,RS
pro_public_aug_520,2292,পাবলিক বিশ্ববিদ্যালয় বহু মেধাবী শিক্ষার্থীর জন্য কম খরচে শক্ত ভিত্তি তৈরি করে।,বিশ্ববিদ্যালয় পাবলিক বহু মেধাবী শিক্ষার্থীর জন্য কম খরচে শক্ত ভিত্তি তৈরি করে।,pro_public,RS
pro_public_aug_521,2295,পাবলিক বিশ্ববিদ্যালয়ে সুযোগ পাওয়া এখনও বহু পরিবারের কাছে মর্যাদার বিষয়।,বিশ্ববিদ্যালয়ে পাবলিক সুযোগ পাওয়া এখনও বহু পরিবারের কাছে মর্যাদার বিষয়।,pro_public,RS
pro_public_aug_522,2298,পাবলিক বিশ্ববিদ্যালয়ের বৈচিত্র্যময় ক্যাম্পাসজীবন শিক্ষার্থীদের সামাজিক বোঝাপড়া বাড়ায়।,বিশ্ববিদ্যালয়ের পাবলিক বৈচিত্র্যময় ক্যাম্পাসজীবন শিক্ষার্থীদের সামাজিক বোঝাপড়া বাড়ায়।,pro_public,RS
pro_public_aug_523,2301,পাবলিক বিশ্ববিদ্যালয়ের ডিগ্রি এখনো অনেকের কাছে বিশ্বাসযোগ্যতার প্রতীক।,বিশ্ববিদ্যালয়ের পাবলিক ডিগ্রি এখনো অনেকের কাছে বিশ্বাসযোগ্যতার প্রতীক।,pro_public,RS
pro_public_aug_524,2304,পাবলিক বিশ্ববিদ্যালয়ের alumni network অনেক সময় ভবিষ্যৎ সুযোগ তৈরিতে সাহায্য করে।,বিশ্ববিদ্যালয়ের পাবলিক alumni network অনেক সময় ভবিষ্যৎ সুযোগ তৈরিতে সাহায্য করে।,pro_public,RS
pro_public_aug_525,2307,দেশের বহু কৃতী শিক্ষার্থী এখনো প্রথম পছন্দ হিসেবে একটি ভালো পাবলিক বিশ্ববিদ্যালয়কেই দেখে।,বহু দেশের কৃতী শিক্ষার্থী এখনো প্রথম পছন্দ হিসেবে একটি ভালো পাবলিক বিশ্ববিদ্যালয়কেই দেখে।,pro_public,RS
pro_public_aug_526,2310,পাবলিক বিশ্ববিদ্যালয়ের বুদ্ধিবৃত্তিক ও সাংস্কৃতিক চর্চা অনেক শিক্ষার্থীকে নতুনভাবে ভাবতে শেখায়।,বিশ্ববিদ্যালয়ের পাবলিক বুদ্ধিবৃত্তিক ও সাংস্কৃতিক চর্চা অনেক শিক্ষার্থীকে নতুনভাবে ভাবতে শেখায়।,pro_public,RS
pro_public_aug_527,2313,পাবলিক বিশ্ববিদ্যালয়ের সীমিত সিট তার প্রতিযোগিতাকে আরও মূল্যবান করে তোলে।,বিশ্ববিদ্যালয়ের পাবলিক সীমিত সিট তার প্রতিযোগিতাকে আরও মূল্যবান করে তোলে।,pro_public,RS
pro_public_aug_528,2316,পাবলিক বিশ্ববিদ্যালয় দেশের উচ্চশিক্ষা ব্যবস্থার একটি শক্ত ভিত্তি হিসেবে কাজ করে।,বিশ্ববিদ্যালয় পাবলিক দেশের উচ্চশিক্ষা ব্যবস্থার একটি শক্ত ভিত্তি হিসেবে কাজ করে।,pro_public,RS
pro_public_aug_529,2319,পাবলিক বিশ্ববিদ্যালয়ে পড়ার সুযোগ অনেক শিক্ষার্থীর জীবনে বড় পরিবর্তনের সূচনা করে।,বিশ্ববিদ্যালয়ে পাবলিক পড়ার সুযোগ অনেক শিক্ষার্থীর জীবনে বড় পরিবর্তনের সূচনা করে।,pro_public,RS
pro_public_aug_530,2322,পাবলিক বিশ্ববিদ্যালয় এখনও বহু পরিবারের কাছে গর্বের একটি নাম।,বিশ্ববিদ্যালয় পাবলিক এখনও বহু পরিবারের কাছে গর্বের একটি নাম।,pro_public,RS
pro_public_aug_531,2325,পাবলিক বিশ্ববিদ্যালয় কম খরচে মানসম্মত উচ্চশিক্ষার বড় একটি সুযোগ তৈরি করে।,বিশ্ববিদ্যালয় পাবলিক কম খরচে মানসম্মত উচ্চশিক্ষার বড় একটি সুযোগ তৈরি করে।,pro_public,RS
pro_public_aug_532,2330,পাবলিক বিশ্ববিদ্যালয়ে ভর্তি হওয়া এখনও কঠিন মেধা প্রতিযোগিতা পেরোনোর বড় স্বীকৃতি।,বিশ্ববিদ্যালয়ে পাবলিক ভর্তি হওয়া এখনও কঠিন মেধা প্রতিযোগিতা পেরোনোর বড় স্বীকৃতি।,pro_public,RS
pro_public_aug_533,2333,পাবলিক বিশ্ববিদ্যালয়ের সাশ্রয়ী শিক্ষা বহু পরিবারের জন্য উচ্চশিক্ষার দরজা খুলে দেয়।,বিশ্ববিদ্যালয়ের পাবলিক সাশ্রয়ী শিক্ষা বহু পরিবারের জন্য উচ্চশিক্ষার দরজা খুলে দেয়।,pro_public,RS
pro_public_aug_534,2336,"পাবলিক বিশ্ববিদ্যালয়ের ঐতিহ্য, ক্যাম্পাসজীবন ও একাডেমিক সংস্কৃতি অনেককে অনুপ্রাণিত করে।","ক্যাম্পাসজীবন ও একাডেমিক সংস্কৃতি অনেককে অনুপ্রাণিত করে। পাবলিক বিশ্ববিদ্যালয়ের ঐতিহ্য,",pro_public,RS
pro_public_aug_535,2339,পাবলিক বিশ্ববিদ্যালয়ের প্রতিযোগিতামূলক পরিবেশ অনেক শিক্ষার্থীকে পরিশ্রমী ও স্থিতিশীল করে তোলে।,বিশ্ববিদ্যালয়ের পাবলিক প্রতিযোগিতামূলক পরিবেশ অনেক শিক্ষার্থীকে পরিশ্রমী ও স্থিতিশীল করে তোলে।,pro_public,RS
pro_public_aug_536,2342,পাবলিক বিশ্ববিদ্যালয় বহু মেধাবী শিক্ষার্থীর জন্য কম খরচে শক্তিশালী শিক্ষার ভিত্তি তৈরি করে।,বিশ্ববিদ্যালয় পাবলিক বহু মেধাবী শিক্ষার্থীর জন্য কম খরচে শক্তিশালী শিক্ষার ভিত্তি তৈরি করে।,pro_public,RS
pro_public_aug_537,2345,পাবলিক বিশ্ববিদ্যালয়ের ডিগ্রির প্রতি এখনও সমাজের অনেক অংশের আলাদা আস্থা রয়েছে।,বিশ্ববিদ্যালয়ের পাবলিক ডিগ্রির প্রতি এখনও সমাজের অনেক অংশের আলাদা আস্থা রয়েছে।,pro_public,RS
pro_public_aug_538,2348,পাবলিক বিশ্ববিদ্যালয়ের বৈচিত্র্যময় ক্যাম্পাসজীবন সামাজিক বাস্তবতা বোঝার সুযোগ দেয়।,বিশ্ববিদ্যালয়ের পাবলিক বৈচিত্র্যময় ক্যাম্পাসজীবন সামাজিক বাস্তবতা বোঝার সুযোগ দেয়।,pro_public,RS
pro_public_aug_539,2351,দেশের বহু কৃতী শিক্ষার্থী এখনও প্রথম পছন্দ হিসেবে একটি ভালো পাবলিক বিশ্ববিদ্যালয়কে দেখে।,বহু দেশের কৃতী শিক্ষার্থী এখনও প্রথম পছন্দ হিসেবে একটি ভালো পাবলিক বিশ্ববিদ্যালয়কে দেখে।,pro_public,RS
pro_public_aug_540,2354,পাবলিক বিশ্ববিদ্যালয়ের alumni network ভবিষ্যতের একাডেমিক ও পেশাগত সুযোগে সহায়ক হতে পারে।,বিশ্ববিদ্যালয়ের পাবলিক alumni network ভবিষ্যতের একাডেমিক ও পেশাগত সুযোগে সহায়ক হতে পারে।,pro_public,RS
pro_public_aug_541,2357,পাবলিক বিশ্ববিদ্যালয়ের সীমিত সিট তার মর্যাদা ও প্রতিযোগিতার মান দুটোই বাড়িয়ে দেয়।,বিশ্ববিদ্যালয়ের পাবলিক সীমিত সিট তার মর্যাদা ও প্রতিযোগিতার মান দুটোই বাড়িয়ে দেয়।,pro_public,RS
pro_public_aug_542,2360,পাবলিক বিশ্ববিদ্যালয়ের সাংস্কৃতিক ও বুদ্ধিবৃত্তিক চর্চা অনেক শিক্ষার্থীকে বিস্তৃতভাবে ভাবতে শেখায়।,বিশ্ববিদ্যালয়ের পাবলিক সাংস্কৃতিক ও বুদ্ধিবৃত্তিক চর্চা অনেক শিক্ষার্থীকে বিস্তৃতভাবে ভাবতে শেখায়।,pro_public,RS
pro_public_aug_543,2363,পাবলিক বিশ্ববিদ্যালয় দেশের উচ্চশিক্ষা কাঠামোর একটি গুরুত্বপূর্ণ ভিত্তি হিসেবে কাজ করে।,বিশ্ববিদ্যালয় পাবলিক দেশের উচ্চশিক্ষা কাঠামোর একটি গুরুত্বপূর্ণ ভিত্তি হিসেবে কাজ করে।,pro_public,RS
pro_public_aug_544,2366,পাবলিক বিশ্ববিদ্যালয়ে ভর্তি হওয়া এখনও বহু পরিবারের কাছে গর্ব ও সম্মানের বিষয়।,বিশ্ববিদ্যালয়ে পাবলিক ভর্তি হওয়া এখনও বহু পরিবারের কাছে গর্ব ও সম্মানের বিষয়।,pro_public,RS
pro_public_aug_545,2369,পাবলিক বিশ্ববিদ্যালয়ের সুযোগ অনেক শিক্ষার্থীর জীবনে বড় পরিবর্তনের সূচনা করতে পারে।,বিশ্ববিদ্যালয়ের পাবলিক সুযোগ অনেক শিক্ষার্থীর জীবনে বড় পরিবর্তনের সূচনা করতে পারে।,pro_public,RS
pro_public_aug_546,2372,পাবলিক বিশ্ববিদ্যালয় কম খরচে মানসম্মত উচ্চশিক্ষা পাওয়ার একটি বড় সুযোগ।,বিশ্ববিদ্যালয় পাবলিক কম খরচে মানসম্মত উচ্চশিক্ষা পাওয়ার একটি বড় সুযোগ।,pro_public,RS
pro_public_aug_547,2375,পাবলিক বিশ্ববিদ্যালয় এখনও বহু শিক্ষার্থীর কাছে মর্যাদাপূর্ণ গন্তব্য হিসেবে বিবেচিত হয়।,বিশ্ববিদ্যালয় পাবলিক এখনও বহু শিক্ষার্থীর কাছে মর্যাদাপূর্ণ গন্তব্য হিসেবে বিবেচিত হয়।,pro_public,RS
pro_public_aug_548,2380,পাবলিক বিশ্ববিদ্যালয়ে ভর্তি হওয়া এখনও বড় মেধা প্রতিযোগিতা জয়ের স্বীকৃতি হিসেবে দেখা হয়।,বিশ্ববিদ্যালয়ে পাবলিক ভর্তি হওয়া এখনও বড় মেধা প্রতিযোগিতা জয়ের স্বীকৃতি হিসেবে দেখা হয়।,pro_public,RS
pro_public_aug_549,2383,পাবলিক বিশ্ববিদ্যালয়ের কম খরচের শিক্ষা বহু শিক্ষার্থীর জন্য উচ্চশিক্ষাকে বাস্তবসম্মত করে তোলে।,বিশ্ববিদ্যালয়ের পাবলিক কম খরচের শিক্ষা বহু শিক্ষার্থীর জন্য উচ্চশিক্ষাকে বাস্তবসম্মত করে তোলে।,pro_public,RS
pro_public_aug_550,2386,পাবলিক বিশ্ববিদ্যালয়ের ঐতিহ্য ও একাডেমিক পরিবেশ এখনো বহু শিক্ষার্থীর কাছে অনুপ্রেরণার উৎস।,বিশ্ববিদ্যালয়ের পাবলিক ঐতিহ্য ও একাডেমিক পরিবেশ এখনো বহু শিক্ষার্থীর কাছে অনুপ্রেরণার উৎস।,pro_public,RS
pro_public_aug_551,2389,পাবলিক বিশ্ববিদ্যালয়ের প্রতিযোগিতামূলক পরিবেশ অনেককে আরও পরিশ্রমী ও স্থির করে তোলে।,বিশ্ববিদ্যালয়ের পাবলিক প্রতিযোগিতামূলক পরিবেশ অনেককে আরও পরিশ্রমী ও স্থির করে তোলে।,pro_public,RS
pro_public_aug_552,2392,পাবলিক বিশ্ববিদ্যালয় বহু মেধাবী শিক্ষার্থীর জন্য কম খরচে মানসম্মত ভিত্তি গড়ে দেয়।,বিশ্ববিদ্যালয় পাবলিক বহু মেধাবী শিক্ষার্থীর জন্য কম খরচে মানসম্মত ভিত্তি গড়ে দেয়।,pro_public,RS
pro_public_aug_553,2395,পাবলিক বিশ্ববিদ্যালয়ের ডিগ্রির ওপর এখনো সমাজের বহু অংশের আলাদা আস্থা রয়েছে।,বিশ্ববিদ্যালয়ের পাবলিক ডিগ্রির ওপর এখনো সমাজের বহু অংশের আলাদা আস্থা রয়েছে।,pro_public,RS
pro_public_aug_554,2398,পাবলিক বিশ্ববিদ্যালয়ের বৈচিত্র্যময় ছাত্রসমাজ বাস্তব জীবন সম্পর্কে বিস্তৃত ধারণা দেয়।,বিশ্ববিদ্যালয়ের পাবলিক বৈচিত্র্যময় ছাত্রসমাজ বাস্তব জীবন সম্পর্কে বিস্তৃত ধারণা দেয়।,pro_public,RS
pro_public_aug_555,2401,দেশের বহু কৃতী শিক্ষার্থীর প্রথম পছন্দ এখনো একটি শক্তিশালী পাবলিক বিশ্ববিদ্যালয়।,বহু দেশের কৃতী শিক্ষার্থীর প্রথম পছন্দ এখনো একটি শক্তিশালী পাবলিক বিশ্ববিদ্যালয়।,pro_public,RS
pro_public_aug_556,2404,পাবলিক বিশ্ববিদ্যালয়ের alumni network ভবিষ্যৎ সুযোগ তৈরিতে অনেক সময় সহায়ক হয়।,বিশ্ববিদ্যালয়ের পাবলিক alumni network ভবিষ্যৎ সুযোগ তৈরিতে অনেক সময় সহায়ক হয়।,pro_public,RS
pro_public_aug_557,2407,পাবলিক বিশ্ববিদ্যালয়ের সীমিত সিট তার মর্যাদা ও প্রতিযোগিতা দুটোই বাড়িয়ে দেয়।,বিশ্ববিদ্যালয়ের পাবলিক সীমিত সিট তার মর্যাদা ও প্রতিযোগিতা দুটোই বাড়িয়ে দেয়।,pro_public,RS
pro_public_aug_558,2410,পাবলিক বিশ্ববিদ্যালয়ের সাংস্কৃতিক ও বুদ্ধিবৃত্তিক পরিবেশ শিক্ষার্থীদের ভাবনার দিগন্ত প্রসারিত করে।,বিশ্ববিদ্যালয়ের পাবলিক সাংস্কৃতিক ও বুদ্ধিবৃত্তিক পরিবেশ শিক্ষার্থীদের ভাবনার দিগন্ত প্রসারিত করে।,pro_public,RS
pro_public_aug_559,2416,পাবলিক বিশ্ববিদ্যালয়ে ভর্তি হওয়া এখনও বহু পরিবারের কাছে গর্বের বিষয়।,বিশ্ববিদ্যালয়ে পাবলিক ভর্তি হওয়া এখনও বহু পরিবারের কাছে গর্বের বিষয়।,pro_public,RS
pro_public_aug_560,2419,পাবলিক বিশ্ববিদ্যালয়ের সুযোগ অনেক শিক্ষার্থীর জীবনে বড় পরিবর্তনের শুরু হতে পারে।,বিশ্ববিদ্যালয়ের পাবলিক সুযোগ অনেক শিক্ষার্থীর জীবনে বড় পরিবর্তনের শুরু হতে পারে।,pro_public,RS
pro_public_aug_561,2422,পাবলিক বিশ্ববিদ্যালয় এখনও বহু শিক্ষার্থীর কাছে মর্যাদাপূর্ণ গন্তব্য।,বিশ্ববিদ্যালয় পাবলিক এখনও বহু শিক্ষার্থীর কাছে মর্যাদাপূর্ণ গন্তব্য।,pro_public,RS
pro_public_aug_562,2425,পাবলিক বিশ্ববিদ্যালয়ের বিস্তৃত পরিসর বিভিন্ন পটভূমির শিক্ষার্থীদের একসাথে শেখার সুযোগ দেয়।,বিশ্ববিদ্যালয়ের পাবলিক বিস্তৃত পরিসর বিভিন্ন পটভূমির শিক্ষার্থীদের একসাথে শেখার সুযোগ দেয়।,pro_public,RS
pro_public_aug_563,2430,পাবলিক বিশ্ববিদ্যালয়ে ভর্তি হওয়া এখনও কঠিন প্রতিযোগিতা পেরোনোর বড় স্বীকৃতি হিসেবে ধরা হয়।,বিশ্ববিদ্যালয়ে পাবলিক ভর্তি হওয়া এখনও কঠিন প্রতিযোগিতা পেরোনোর বড় স্বীকৃতি হিসেবে ধরা হয়।,pro_public,RS
pro_public_aug_564,2433,পাবলিক বিশ্ববিদ্যালয়ের কম খরচের শিক্ষা বহু শিক্ষার্থীর জন্য উচ্চশিক্ষাকে নাগালের মধ্যে আনে।,বিশ্ববিদ্যালয়ের পাবলিক কম খরচের শিক্ষা বহু শিক্ষার্থীর জন্য উচ্চশিক্ষাকে নাগালের মধ্যে আনে।,pro_public,RS
pro_public_aug_565,2436,"পাবলিক বিশ্ববিদ্যালয়ের ইতিহাস, ঐতিহ্য ও একাডেমিক পরিবেশ এখনো অনেকে বিশেষভাবে মূল্যায়ন করে।","ঐতিহ্য ও একাডেমিক পরিবেশ এখনো অনেকে বিশেষভাবে মূল্যায়ন করে। পাবলিক বিশ্ববিদ্যালয়ের ইতিহাস,",pro_public,RS
pro_public_aug_566,2439,পাবলিক বিশ্ববিদ্যালয়ের প্রতিযোগিতামূলক পরিবেশ অনেককে শৃঙ্খলিত ও পরিশ্রমী করে তোলে।,বিশ্ববিদ্যালয়ের পাবলিক প্রতিযোগিতামূলক পরিবেশ অনেককে শৃঙ্খলিত ও পরিশ্রমী করে তোলে।,pro_public,RS
pro_public_aug_567,2442,পাবলিক বিশ্ববিদ্যালয় বহু শিক্ষার্থীর জন্য সাশ্রয়ী কিন্তু শক্তিশালী একাডেমিক ভিত্তি দেয়।,বিশ্ববিদ্যালয় পাবলিক বহু শিক্ষার্থীর জন্য সাশ্রয়ী কিন্তু শক্তিশালী একাডেমিক ভিত্তি দেয়।,pro_public,RS
pro_public_aug_568,2445,পাবলিক বিশ্ববিদ্যালয়ের ডিগ্রি এখনো বহু পরিবার ও প্রতিষ্ঠানের কাছে আস্থার প্রতীক।,বিশ্ববিদ্যালয়ের পাবলিক ডিগ্রি এখনো বহু পরিবার ও প্রতিষ্ঠানের কাছে আস্থার প্রতীক।,pro_public,RS
pro_public_aug_569,2448,পাবলিক বিশ্ববিদ্যালয়ের বহুমাত্রিক ক্যাম্পাসজীবন বাস্তব সমাজ সম্পর্কে গভীর ধারণা দেয়।,বিশ্ববিদ্যালয়ের পাবলিক বহুমাত্রিক ক্যাম্পাসজীবন বাস্তব সমাজ সম্পর্কে গভীর ধারণা দেয়।,pro_public,RS
pro_public_aug_570,2451,দেশের বহু কৃতী শিক্ষার্থীর লক্ষ্য এখনও একটি শীর্ষ পাবলিক বিশ্ববিদ্যালয়।,বহু দেশের কৃতী শিক্ষার্থীর লক্ষ্য এখনও একটি শীর্ষ পাবলিক বিশ্ববিদ্যালয়।,pro_public,RS
pro_public_aug_571,2454,পাবলিক বিশ্ববিদ্যালয়ের alumni connection ভবিষ্যৎ সুযোগ পেতে সহায়ক হতে পারে।,বিশ্ববিদ্যালয়ের পাবলিক alumni connection ভবিষ্যৎ সুযোগ পেতে সহায়ক হতে পারে।,pro_public,RS
pro_public_aug_572,2457,পাবলিক বিশ্ববিদ্যালয়ের সীমিত আসন তার প্রতিযোগিতাকে আরও মর্যাদাপূর্ণ করে তোলে।,বিশ্ববিদ্যালয়ের পাবলিক সীমিত আসন তার প্রতিযোগিতাকে আরও মর্যাদাপূর্ণ করে তোলে।,pro_public,RS
pro_public_aug_573,2460,পাবলিক বিশ্ববিদ্যালয়ের বুদ্ধিবৃত্তিক ও সাংস্কৃতিক পরিবেশ অনেক শিক্ষার্থীকে বিস্তৃতভাবে গড়ে তোলে।,বিশ্ববিদ্যালয়ের পাবলিক বুদ্ধিবৃত্তিক ও সাংস্কৃতিক পরিবেশ অনেক শিক্ষার্থীকে বিস্তৃতভাবে গড়ে তোলে।,pro_public,RS
pro_public_aug_574,2463,পাবলিক বিশ্ববিদ্যালয় দেশের উচ্চশিক্ষা ব্যবস্থার একটি নির্ভরযোগ্য ভিত্তি।,বিশ্ববিদ্যালয় পাবলিক দেশের উচ্চশিক্ষা ব্যবস্থার একটি নির্ভরযোগ্য ভিত্তি।,pro_public,RS
pro_public_aug_575,2466,পাবলিক বিশ্ববিদ্যালয়ে ভর্তি হওয়া এখনও বহু পরিবারের কাছে বড় গর্বের বিষয়।,বিশ্ববিদ্যালয়ে পাবলিক ভর্তি হওয়া এখনও বহু পরিবারের কাছে বড় গর্বের বিষয়।,pro_public,RS
pro_public_aug_576,2469,পাবলিক বিশ্ববিদ্যালয়ের সুযোগ অনেক শিক্ষার্থীর জীবনের মোড় ঘুরিয়ে দিতে পারে।,বিশ্ববিদ্যালয়ের পাবলিক সুযোগ অনেক শিক্ষার্থীর জীবনের মোড় ঘুরিয়ে দিতে পারে।,pro_public,RS
pro_public_aug_577,2472,পাবলিক বিশ্ববিদ্যালয় এখনও বহু শিক্ষার্থীর কাছে মর্যাদাপূর্ণ গন্তব্য হিসেবে থাকে।,বিশ্ববিদ্যালয় পাবলিক এখনও বহু শিক্ষার্থীর কাছে মর্যাদাপূর্ণ গন্তব্য হিসেবে থাকে।,pro_public,RS
pro_public_aug_578,2475,পাবলিক বিশ্ববিদ্যালয়ের বড় পরিসর ভিন্ন পটভূমির শিক্ষার্থীদের একসাথে বেড়ে উঠতে সাহায্য করে।,বিশ্ববিদ্যালয়ের পাবলিক বড় পরিসর ভিন্ন পটভূমির শিক্ষার্থীদের একসাথে বেড়ে উঠতে সাহায্য করে।,pro_public,RS
pro_public_aug_579,2480,পাবলিক বিশ্ববিদ্যালয়ে ভর্তি হওয়া এখনও কঠিন মেধা প্রতিযোগিতায় সফল হওয়ার প্রতীক হিসেবে দেখা হয়।,বিশ্ববিদ্যালয়ে পাবলিক ভর্তি হওয়া এখনও কঠিন মেধা প্রতিযোগিতায় সফল হওয়ার প্রতীক হিসেবে দেখা হয়।,pro_public,RS
pro_public_aug_580,2483,পাবলিক বিশ্ববিদ্যালয়ের সাশ্রয়ী শিক্ষা বহু শিক্ষার্থীর জন্য উচ্চশিক্ষাকে বাস্তবসম্মত করে তোলে।,বিশ্ববিদ্যালয়ের পাবলিক সাশ্রয়ী শিক্ষা বহু শিক্ষার্থীর জন্য উচ্চশিক্ষাকে বাস্তবসম্মত করে তোলে।,pro_public,RS
pro_public_aug_581,2489,পাবলিক বিশ্ববিদ্যালয়ের প্রতিযোগিতামূলক পরিবেশ অনেককে শৃঙ্খলিত ও অধ্যবসায়ী করে তোলে।,বিশ্ববিদ্যালয়ের পাবলিক প্রতিযোগিতামূলক পরিবেশ অনেককে শৃঙ্খলিত ও অধ্যবসায়ী করে তোলে।,pro_public,RS
pro_public_aug_582,2492,পাবলিক বিশ্ববিদ্যালয় বহু মেধাবী শিক্ষার্থীর জন্য কম খরচে শক্তিশালী একাডেমিক ভিত্তি দেয়।,বিশ্ববিদ্যালয় পাবলিক বহু মেধাবী শিক্ষার্থীর জন্য কম খরচে শক্তিশালী একাডেমিক ভিত্তি দেয়।,pro_public,RS
pro_public_aug_583,2498,পাবলিক বিশ্ববিদ্যালয়ের বৈচিত্র্যময় ছাত্রসমাজ বাস্তব সমাজ সম্পর্কে বিস্তৃত ধারণা দেয়।,বিশ্ববিদ্যালয়ের পাবলিক বৈচিত্র্যময় ছাত্রসমাজ বাস্তব সমাজ সম্পর্কে বিস্তৃত ধারণা দেয়।,pro_public,RS
pro_public_aug_584,2501,দেশের বহু কৃতী শিক্ষার্থীর কাছে এখনো প্রথম লক্ষ্য একটি শক্তিশালী পাবলিক বিশ্ববিদ্যালয়।,বহু দেশের কৃতী শিক্ষার্থীর কাছে এখনো প্রথম লক্ষ্য একটি শক্তিশালী পাবলিক বিশ্ববিদ্যালয়।,pro_public,RS
pro_public_aug_585,2507,পাবলিক বিশ্ববিদ্যালয়ের সীমিত আসন তার প্রতিযোগিতা ও মর্যাদা দুটোই বাড়িয়ে দেয়।,বিশ্ববিদ্যালয়ের পাবলিক সীমিত আসন তার প্রতিযোগিতা ও মর্যাদা দুটোই বাড়িয়ে দেয়।,pro_public,RS
pro_public_aug_586,2510,পাবলিক বিশ্ববিদ্যালয়ের সাংস্কৃতিক ও বুদ্ধিবৃত্তিক পরিবেশ অনেক শিক্ষার্থীকে বিস্তৃতভাবে ভাবতে শেখায়।,বিশ্ববিদ্যালয়ের পাবলিক সাংস্কৃতিক ও বুদ্ধিবৃত্তিক পরিবেশ অনেক শিক্ষার্থীকে বিস্তৃতভাবে ভাবতে শেখায়।,pro_public,RS
pro_public_aug_587,2513,পাবলিক বিশ্ববিদ্যালয় দেশের উচ্চশিক্ষা ব্যবস্থার গুরুত্বপূর্ণ ভিত্তিগুলোর একটি।,বিশ্ববিদ্যালয় পাবলিক দেশের উচ্চশিক্ষা ব্যবস্থার গুরুত্বপূর্ণ ভিত্তিগুলোর একটি।,pro_public,RS
