Bangla_Translation,Label
পুরো পডকাস্টটি এখানে দেখুন 👇,neutral
কথা হচ্ছে আপনারা কেন পাবলিকে পড়লেন? প্রাইভেটে পড়তেন🤣🤣😂।,neutral
পাবলিক বিশ্ববিদ্যালয় শুধু মেধাবী শিক্ষার্থীদের জন্য,pro_public
"যদি আপনার পর্যাপ্ত টাকা থাকে এবং নিয়মিত পড়াশোনা চালিয়ে যেতে পারেন, তাহলে টপ লেভেলের প্রাইভেট বিশ্ববিদ্যালয়ে যাওয়ার পরামর্শ দিচ্ছি। যদি না থাকে, তাহলে ভর্তি পরীক্ষার সময় সর্বোচ্চ চেষ্টা করুন এবং পাবলিক বিশ্ববিদ্যালয়ের লক্ষ্য রাখুন। সামগ্রিকভাবে, সত্যি যে প্রাইভেট বিশ্ববিদ্যালয়গুলো ক্রমাগত উন্নতি করছে, যখন অনেক পাবলিক বিশ্ববিদ্যালয় নতুন কিছু introducing করছে না।",pro_private
খারাপ লেকচার,neutral
ন্যাশনাল আর কম টাকার প্রাইভেট এই দুইটার মধ্যে কোনটাই BBA ভালো হবে,neutral
প্রাইভেটে তারাই পড়ে যারা অ্যাডমিশনে ব্যর্থ — এটাই সত্য।,pro_public
বুয়েটে পড়লে কি চাকরি কনফার্ম,neutral
"আমার দেখা স্কুল, কলেজের টপ স্টুডেন্টরা পাবলিকে চান্স না পেয়ে প্রাইভেটে পড়ছে আর মিডিয়াম এমনকি লো ক্যাটাগরি স্টুডেন্টও একটা পাবলিকে চান্স পেয়ে গেছে। স্টুডেন্ট কেমন এটা একটা পরীক্ষা দিয়ে জাজ করা যায় না। আর আজকাল পাবলিক ভার্সিটিগুলো পড়াশোনার চেয়ে পলিটিক্সকে বেশি প্রায়রিটি দেয়। টিচার নিয়োগ দেয় পলিটিক্যাল ব্যাকগ্রাউন্ড দেখে।",pro_private
"পাবলিক-প্রাইভেট বিতর্ক থেকে বেরিয়ে আসার সময় এসেছে। গুণগত শিক্ষা ও দক্ষতা বৃদ্ধি যেখান থেকে হবে সেখানেই আমি যাব। সেটা পাবলিক হলে পাবলিকে প্রাইভেট হলে প্রাইভেটে। বেশিরভাগ মানুষ পাবলিক বিশ্ববিদ্যালয় চয়েস করে যার প্রধান দুটি কারণ হলো পাবলিকের মূল্যায়ন বেশি এবং সেখানে খরচ কম। সব প্রাইভেট ইউনিভার্সিটি কিন্তু কিছু না কিছু মুনাফা অর্জন করতে চায়। তাই বলে যে তারা গুণগত শিক্ষা দেয় না বা প্রাইভেটে পড়লে আপনি কিছু করতে পারবেন না নট দ্যাট। বেশ কিছু প্রাইভেট ইউনিভার্সিটি কিন্তু শিক্ষাঙ্গনে বেশ ভালো অবদান রাখছে। এটা আপনার উপর ডিপেন্ড করে আপনি কি রকম দৃষ্টিভঙ্গি রাখেন। অনেকে বরাবরই পাবলিককে প্রাধান্য দেন আর প্রাইভেটকে একদম গোনার মধ্যে রাখেন না আবার অনেকে পাবলিক পছন্দ করেন না, অনেকে প্রাইভেট পছন্দ করেন এরকমও আছে। সবাই বিভিন্ন ক্রাইটেরিয়া ও অ্যাঙ্গেল থেকে চিন্তা করে।",neutral
"ভাই প্রাইভেট বিশ্ববিদ্যালয়ে পড়ার টাকা নাই,,, আমাদের মতো গরিব মানুষদের জন্য,, পাবলিক বিশ্ববিদ্যালয়ই ঠিক আছে,,, 😢😢😢",pro_public
"প্রাইভেটের যদি পাবলিকিয়ানরা পড়তো, তাহলে বুঝতো আমাদের লাইফটা কত ইজি হওয়া আছে",pro_private
ইউনিভার্সিটি মানুষকে বড় ছোট করে দিতে পারে? স্টুডেন্ট লাইফের পরে সবাই সমান। যার যার যোগ্যতা দক্ষতা দিয়ে চলতে হয়।,neutral
পাবলিক ভার্সিটি বাথরুম>>>>>>>>>>প্রাইভেট ভার্সিটি,pro_private
"ওয়ার্ল্ডের টপ কান্ট্রিগুলো এত ভালো ডেভেলপমেন্ট করার রিজন হচ্ছে তারা প্রাইভেট বা পাবলিক ইউনিভার্সিটি মতো লেইম টপিক নিয়ে মাতামাতি করে না..হ্যায় প্রাইভেটে তারাই পড়তে পারবে যাদের টাকা আছে..পাবলিক প্রায় ফ্রি..কিন্তু প্রাইভেটেও এত কম পেরা না ভাই...ডিউ'র পরীক্ষায় আবার 94% স্টুডেন্টস ফেইল করেছে...আপনাদের কাছে কি মনে হয় ওদের টিচাররা সব খাতা চেক করে?? অবশ্যই না..ধরেন সিট 100, পরীক্ষা দিলো 1000..আপনার কি মনে হয় ওরা ওই 1000 পেপার্স দেখবে? পাবলিকে পড়তে গেলে, মেধা+লাক দুইটাই থাকা লাগে...যাদের টাকা আছে তারা প্রাইভেটে পড়বে..এমন না যে দেশের ভালো ভালো সেক্টরে জাস্ট পাবলিকের স্টুডেন্টসরাই রাজত্ব করছে!! আপনারা যদি এখনো প্রাইভেট অ্যান্ড পাবলিক নিয়ে পড়ে থাকেন তাহলে আর কি হবে!! কিন্তু আপনাদের ওই সেইম পারসন যারা কেউ টাকা দিয়ে দেশের বাহিরে পড়তে গেলে বাহোবা দেন..তাহলে ডিফারেন্সটা কোথায়?? একজন স্টুডেন্টের পাবলিক থেকে গ্রাজুয়েট কমপ্লিট করে বের হতে প্রায় 5-6 বছর লেগে যায়..যেখানে আপনি 4 বছরেই প্রাইভেট থেকে গ্রাজুয়েশন করতে পারছেন!! আমি বলছি না যে পাবলিক খারাপ কিন্তু সব দিকই আপনাদের দেখতে হবে",pro_private
ভাই ওইযে বললেন রিস্ক নিতে পছন্দ করে। আমার মনে হয় এটা ফ্যামিলির ফিন্যানশিয়াল কন্ডিশনের উপরই পুরোদমে ডিপেন্ডেন্ট। আমি ১৯২১ সালে প্রতিষ্ঠিত হওয়া একটা বিশ্ববিদ্যালয়ে পড়ছি। আমারও ট্র্যাডিশনাল ফিল্ডের বাইরে অন্যদিকে ক্যারিয়ার গড়ার ইচ্ছা আছে হয়তো আমি এ রিস্কটা নিতে পারবো না কারণ আমার ওইরকম সাপোর্ট নেই।,neutral
শেষ পর্যন্ত প্রাইভেট পাবলিকের চেয়ে ভালো... 🙂🙂🙂,pro_private
"এক ভাই লিখেছেন সরকারি বিশ্ববিদ্যালয় না টেকলে পরে প্রাইভেটে যায় ঠিক বলছ ভাই তুমি একটা বড় ধরনের গাধা। আমার এক ছাত্র রাজশাহী, সিলেট কৃষি, জগন্নাথ, মাওলানা ভাসানী, চুয়েট, কুয়েট পরে সব বাদ দিয়া শেষে ঢাবিতে ভর্তি হয় এক বছর ভাবিত পরে পরের বছর ২৪ সালে আইইউটিতে মেকানিক্যালে ভর্তি হয়। আপনি এখন বলেন এই ছাত্রটি খারাপ? বহু ছাত্র ছাত্রী ঢাবি, রাজশাহী, চিটাগাং বাদ দিয়া প্রাইভেটে ভর্তি হয়েছে। তারা তোমার মতো বোকা না।",pro_private
আমার মনে হয় এটা ডিপেন্ড করে ফিন্যানশিয়াল সিচুয়েশনের উপর। মিডল ক্লাস ফ্যামিলির সব স্টুডেন্টস প্রাইভেট ইউনিভার্সিটিতে পড়তে পারে না তাই তাদের মেইন টার্গেট থাকে পাবলিক ইউনিভার্সিটি।,neutral
"পাবলিক পাবলিক হয় যাদের মেধা আছে তারাই পাবলিকে পড়ে,, আর অনেক পুলাপান পাবলিকে চান্স না পেলে পরে যাদের টাকা আছে তারা প্রাইভেটে ভর্তি হয়,,, আমার দেখা অনেক খারাপ ছাত্র বাবার টাকা আছে তারা প্রাইভেটে ভর্তি হয়েছে",pro_public
আপনি কোথায় পড়েন??? বুয়েট না টপ মেডিকেল??,neutral
@amazingkidszone230 মনে হয় অক্সফোর্ডে,neutral
"ফ্রিতে সবাই পড়তে চায়, তাই যায়। এখন ফ্রিতে যেমন লটারিতেও মানুষ নাম দেয় তেমন করে ভর্তি পরীক্ষা নামক জুয়া খেলায়ও নাম দেয়। এক জায়গায় ভর্তি হওয়া আর না হওয়া ওই কিছুদিন পর্যন্ত থাকে। এট দ্যা এন্ড, লক্ষ্য তো পেশায় যাওয়া কোন বিশ্ববিদ্যালয় স্কুল কলেজে পড়সি ওই সার্টিফিকেট অব্দি নাম থাকে।",neutral
ডিউতে চান্স পেয়েও পড়ছি না বিকজ অফ সাবজেক্ট লল😂,neutral
"সিকেআরইউইটি, সাস্ট, মিস্ট বাদ দিয়া তাইলে হুদাই মেবি ব্র্যাকে ভর্তি হইসি ভালো সাবজেক্টের আশায়",neutral
ফালতু কথা।,neutral
নাহ..,neutral
ব্রাদার এটা বাংলাদেশ। তোমার এই কথার ভ্যালু কেউ বুঝবে না। তারা অলওয়েজ পাবলিককেই বেস্ট ভাববে স্পেশালি গার্ডিয়ানরা,neutral
@IstiakUtshow-b2s ঠিক। কিন্তু 2-3 প্রজন্ম পর গার্ডিয়ানদের এই মেন্টালিটি দূর হয়ে যাবে। মিলিয়ে নিও।,neutral
পাবলিকে পড়তে হলে তো আগে চান্স পাওয়া লাগবে আপু,neutral
আমি গরিব 😭😭 প্লিজ আমাকে পাবলিক দেও 😭😭,pro_public
হুম 😅,neutral
তোমার স্বপ্নে,neutral
আপনার কথাগুলো শুনে অনেক ভালো লাগল।,neutral
"নট রিয়েলি। শেষ পর্যন্ত, পাবলিকের স্টুডেন্টরাই প্রাইভেটের টিচার হয়। আর পাবলিকে পড়তে অ্যাডমিশন দেওয়া লাগে। যেটা প্রাইভেটে দেওয়া লাগে না। আর দিলেও পাবলিকের মতো এতো হার্ড না",pro_public
@TahmidTahmid-pz9nw আপনাকে এটা কে বলেছে প্রাইভেটে অ্যাডমিশন পরীক্ষা দেওয়া লাগে না? এ গ্রেড প্রাইভেট ইউনিভার্সিটিতে পড়তে গেলে আপনাকে অবশ্যই অ্যাডমিশন পরীক্ষা দেওয়া লাগবে,pro_private
"আমার দেখা অনেক স্টুডেন্ট যারা প্রাইমারি, হাই স্কুল লেভেলে ক্লাস টপার ছিল...তারা কোনো কারণে পাবলিকে টিকে নি বা টিকলেও মনমতো সাবজেক্ট পায়নি এখন প্রাইভেটে পড়ছে। আবার সেইম ক্লাসের মিড লেভেলের স্টুডেন্ট ডিএমসি তে বা অন্যান্য পাবলিক ইউনিভার্সিটিতে চান্স পেয়েছে এবং পড়ছে। জাস্ট কলেজ লাইফের দুইটা বছরের পড়াশোনা বা অ্যাডমিশনে চান্স পাওয়া দিয়ে আপনি একজন স্টুডেন্টকে ভালো বা খারাপ স্টুডেন্ট ট্যাগ দিয়ে দিলেন.... সামান্য অ্যাডমিশন দিয়ে যদি একজন স্টুডেন্টের পূর্বের এডুকেশন কোয়ালিফিকেশন সব মিথ্যা হয়ে যায়,, তাহলে শুনে রাখুন ইউনিভার্সিটিরও 4 বছর পর জব সেক্টরে তার পজিশনের উপর ভার্সিটির 4 বছরের সবকিছু মিথ্যা হয়ে যাবে।",pro_private
পাবলিকে ট্রাই করে না টিকলে তবেই অনেকে বাধ্য হয়ে প্রাইভেটে যায়! আর এটাই বাস্তব!,pro_public
খানকির পোলা তোরা স্পুন ফিড করিস প্রাইভেটে?,pro_public
পাবলিকের স্টুডেন্ট ওই স্টুডেন্ট আবার প্রাইভেটে টিচার হয়। তাহলে প্রাইভেটে লেভেল আসলেই বোঝা যায়,pro_public
ভাই আপনার সাথে একমত হতে পারলাম না। পাবলিকের পোলাপান গদ বাধা ওই টুকুর মধ্যেই ঘুরে না। প্রাইভেটের স্টুডেন্টরা তো ম্যাক্সিমাম বিদেশ চলে যায়। কিন্তু পাবলিকের পোলাপান এ রিস্ক নিতে পারে এবং নেয়। বাংলাদেশের সব বড় বড় জায়গা বলেন কিংবা ব্যবসা দেখবেন তারা এক সময় পাবলিকেই পড়ত। আরেকটা পয়েন্ট পাবলিকে পড়লে যে একটা নেটওয়ার্ক তৈরি হয় সেটা অন্য কোথাও সম্ভব না।,pro_public
প্রাইভেট থেকে পাবলিক বিশ্ববিদ্যালয় সেরা যেকোনো দিক থেকে ১০০%,pro_public
"আসলে, আমার মনে হয় ট্যালেন্ট একটা গ্রেট ভার্চু। পাবলিক বা প্রাইভেটের মধ্যে কোনো ডিফারেন্স নেই।",neutral
ভাইয়া পাবলিক আর প্রাইভেট কি একসাথে 2টাই পড়া যাবে...,neutral
"যে ভালো স্টুডেন্ট, সে পাবলিক প্রাইভেট দুইটাতেই ভালো রেজাল্ট করে দেখাতে পারে। সো এগুলা ম্যাটার করে না তার জন্যে। আর যারা আজেবাজে স্টুডেন্ট, ওরা দুনিয়ার যেই ইউনিতেই যাক না কেন, বাঁশ খাবেই।",neutral
মাইগ্গা মোমিত,neutral
আইইউটিয়ান হিসেবে দেখছি,neutral
২ জন পাবলিকের ছাত্র প্রাইভেট নিয়ে কথা বলে😅। প্রাইভেটের একজনকে তার সুযোগ সুবিধা ও সমস্যা জিজ্ঞেস করেন। আপনি প্রাইভেটে শিক্ষক হতে পারেন তাই বলে ছাত্রদের তো বুঝতে পারবেন না। আর সবাই ব্র্যাকে পড়ে না। ব্র্যাকের সবই ধরা যায় বড়লোক। তবে বাকিগুলো কী তাই?,pro_private
পাবলিক ইজ পাবলিক,pro_public
জয় ভাই প্রাইভেটের টিচার সে তো প্রাইভেট ইউনিভার্সিটি নিয়ে বলবেই,neutral
"আমার মনে হয় প্রাইভেট ইউনিভার্সিটিগুলো স্টুডেন্টদের তাদের মেজরের বাইরে বিভিন্ন ডিপার্টমেন্ট থেকে কোর্স চুজ করার সুযোগ দেয়। এটা একটা ফ্যাক্টর যা ডে 1 থেকে স্টুডেন্টদের পার্সপেক্টিভ ব্রডেন করে তাদের পথ নেভিগেট করতে এবং অপরচুনিটি এক্সপ্লোর করতে। তবে, পাবলিক ইউনিভার্সিটির স্টুডেন্টরা রিগোরাস সিলেকশন প্রসেসের মাধ্যমে সিলেক্টেড হয়, যা ইনহেরেন্টলি এক ব্রাঞ্চ অফ স্টুডেন্টসকে পুল করে যারা যেকোনো সাপোর্ট সিস্টেমে তাদের স্কিল নারচার করতে পারে। প্রাইভেটে অ্যানথ্রোপোলজি, সোসিওলজির মতো আনকনভেনশনাল সাবজেক্টস পড়া কেউ র‍্যাশনালি ইনফর্মড চয়েস করে প্যাশন থেকে, এবং 3.5 বছরের আউটপুট লাইকলি মাচ হায়ার দ্যান পাবলিকে লটারি অফ লাক দিয়ে ইমপোজড কেউ।",pro_private
পাবলিক বিশ্ববিদ্যালয় শিক্ষার্থীরা যে পরিমাণ কষ্ট এবং মেধার প্রতিযোগিতায় থাকে মনে হয় না প্রাইভেটে তার 5% সম্ভব। মেধার বিকাশ অথবা জ্ঞান প্রতিযোগিতায় প্রকাশ পায় এবং তা পরবর্তীতে ভবিষ্যতে দেখা যায় অবশ্যই সবাই স্মার্ট নয় সেটা পাবলিক হোক কিংবা প্রাইভেট।,pro_public
পাবলিক বেস্ট,pro_public
"হ্যায় আর ওই কম্পিটিশন পার করে কি হয়েছে, আবরার ফাহাদ ভাইয়াও চান্স পেয়ে বুয়েটে ঢুকেছিল ওনাকে যারা মারছে তারাও চান্স পেয়ে ঢুকেছিল...ওয়ান গট কিল্ড অ্যান্ড দ্য অদার্স বিকেম কিলার্স। ডিউতে তো বললাম ও না লীগের পোলাপান যারা সবাই চান্স পেয়েই তো ঢুকেছে, চান্স পাইলেই কি লাইফে সব অ্যাচিভ করে ফেলসে? এই বাংলাদেশে মানুষের পাবলিক ফেটিশটা যতদিন যাবে না পাবলিকেরই নাম নষ্ট হবে, পলিটিক্স খুনাখুনি মেয়েদেরকে হ্যারাস করা র‍্যাগিং এগুলা সব কিছু ইগনোর করা হয় জাস্ট এই বলে যে আরে চান্স পেয়ে দেখান, ওরা তো পাবলিকে পড়ে ভালো স্টুডেন্ট, ভালো স্টুডেন্ট আর ভালো মানুষের মধ্যে ডিফারেন্স আছে এটা যতদিন বুঝবে না ততদিন পাবলিকেরই কোয়ালিটি ড্রপ করবে কজ তারা এভরি অদার প্রবলেম ইগনোর করে জাস্ট ফোকাসিং কতো ট্যালেন্টেড মানুষ ঢুকসে অ্যাডমিশন টেস্টে।",pro_private
"পাবলিক বিশ্ববিদ্যালয়ে যারা গ্রাজুয়েশন করে তারা সবাইই সেলফ স্টাডি করেই কিন্তু গ্রাজুয়েট হয়। এদিকে প্রাইভেটে সেই স্কুল, কলেজের মতো টিচারের গাইডলাইনেই তারা কিন্তু গ্রাজুয়েট হয়। এখানে আসলে ওদের এটাই বুঝার সুযোগই থাকে না। কিন্তু এটা আবার ঠিক ওরা তাড়াতাড়ি বের হতে পারে। যেটা পাবলিকে সম্ভব না।",pro_public
পাবলিক তো পাবলিকে যতই টক শো করেন। একটা কম্পিটিশন পার করে চান্স পাওয়ার মতো বিরাট ব্যাপার কখনোই পাবেন না।,pro_public
আগে চান্স পেয়ে দেখান,pro_public
"ইয়াহ বাট রিমাইন্ড দ্য ওয়ার্ড ""অনেকে"" সবাই না, অনেক প্রাইভেট ইউনিভার্সিটির সাবজেক্ট টপ পাবলিক ইউনিভার্সিটিগুলোর থেকে ভালো... তখন অনেকেই এগুলোয়ে ডাইরেক্ট ভর্তি হয়... অ্যাজ অ্যান এক্সাম্পল, আমি 23-24 সেশনে আইইউবিতে ইইই নিয়ে ভর্তি হইসি কোনো অ্যাডমিশন দেই নাই।",pro_private
চান্স পাইবা না তাই,pro_public
@ShawmikCanArt8 ভাই ইইইতে পার আওয়ার সেমিস্টার ফি কতো এবং এখানে কি 2026 এ আইইবি মেম্বারশিপ আছে?? আর এখানে কি ডিপ্লোমা হোল্ডার অ্যালাও করে,neutral
@ShawmikCanArt8 তা ঠিক অনেকেই সরাসরি প্রাইভেটে ভর্তি হয়! পাবলিকে অ্যাডমিশন দেয় না!,pro_private
"বস! বাধ্য হয়ে সবাই জাতীয়তে যায়, প্রাইভেটে না 😆",pro_public
দূর বোদাই আমি পাবলিকে বায়োলজি রিলেটেড সাবজেক্ট পাইয়া প্রাইভেটে অ্যাডমিশন নিছি,pro_private
@Rmfreefire150 বড়লোকস বাট.... 😂,neutral
@Rmfreefire150 কোন ডিপার্টমেন্টে পাবলিকে পেয়েছিলেন,neutral
ঠিক,neutral
সত্যি,neutral
"কে বলল?? সাবজেক্ট ম্যাটার ব্রো,, টাকা ম্যাটার না,,, সাবজেক্ট প্রাইভেটে ইজিলি পাওয়া যায়,, কে যাবে পাবলিকে সাবজেক্ট কি না কি পাই,,",pro_private
"দিনশেষে সবাই এই সমাজেই বাস করে, এখানেই থাকতে হবে। কজন পারে তার পাশের মানুষের কথাকে তাচ্ছিল্য করতে? এইযে আপনি, আরও অনেকে বাস্তব, রিয়েলিটি হেনাতেনা বলে প্রাইভেটকে সেকেন্ড হ্যান্ড হিসেবে রিপ্রেজেন্ট করতে চান, অনেকে চায় না, কিন্তু কথার ধরনে তাই বুঝায়। অথচ পড়ার পরুক নাহ, ওহ এক্সাম দিয়েছে, চান্সে হয়েছে, মাশাল্লাহ, কোন সাবজেক্ট, অহ বাহ, এও বেশি বলে ফেললাম বাট এভাবে আলোচনা করতে পারে না। কে কই পড়ল দেখে সে পড়ে থাকে অথচ ভাই তুই পড়া গিলে গিলে পাবলিকে গেলি ফাইন, বিসিএস দিলি অকে, ভুরি হলো, মাথা টাক হলো, মোস্ট অফ দ্য স্টুডেন্ট যারা এতদূর অব্দি যায় তারা সেই সময়ে আত্মীয় হেনাতেনা সম্পর্ক থিকা দূরে যায়,, এরপর ডিসি হয়ে আসে, তার মহান আম্মা সিরিয়ালে কল করা শুরু করে গ্রামে, আর সব ভুলে গিয়ে সবাই সেই ডিসি প্লাস তার ফুল ফ্যামিলির সাথে পেয়ার শুরু করে দেয়। একচুয়ালি বাংলাদেশ বা সমাজে এসবের হাইপ বিকজ মুখে বলতে সুবিধা, সফটওয়্যার ইঞ্জিনিয়ার, সিএসই, এমবিএ, আর্কিটেকচার, ফার্মেসি... এগুলা বলতে পারে নাহ, উচ্চারণে সমস্যা। ডাক্তার, বিসিএস ক্যাডার, সরকারি চাকরি করে এগুলা বলতে আরাম পায়, উচ্চারণেও সুবিধা। বড় সুবিধা হলো সরকারি চাকরি বা যেগুলো বললাম এগুলো বলার পর কোনো গ্রামের চাচাই আর জিজ্ঞেস করে না যে কোন পদে। ডিউতে বললেই আর সাবজেক্ট জিগায় নাহ, ছোট করছি না কিন্তু ইহাই সত্যি সাইন্স থেকে যেই জিপিএ লাগে তার কম অন্য গ্রুপে। সিস্টেম নিজেই গ্রুপে গ্রুপে বড় ছোট করায়া রাখছে, আর তা ছড়ায় পরতেছে সমাজের মাধ্যমে। অনেকে কেবল কম জিপিএ দিয়ে ভালো পজিশন যাবে ভেবেই গ্রুপ বদলে যায় কমার্সে! কিন্তু এটা কি তুচ্ছ গ্রুপ! এমনেই চলতেছে",neutral
কথাটা ভুল আবার কিছুটা ঠিক। প্রাইভেটে কয়েকটাই অ্যাডমিশন টেস্ট আছে যেটা অনেক হার্ড আইটার ডিউর থেকেও টাফ। ফর এক্সাম্পল ব্র্যাক। ব্র্যাক যেই মিডিয়ামে পড়ুক না কেনো এক্সাম অ্যান্ড ভাইভা ইংলিশে হয় এবং যেগুলাই এক্সাম হয় সেগুলা অনেক স্টুডেন্ট ট্রাই করে এবং অনেক হার্ড তো টিকা,pro_private
পার্থক্যটা শুধু টাকার।,neutral
"এখন সিচুয়েশন অনেক আলাদা। এখন সাবজেক্ট অনেক ডিপেন্ড করে। যেমন আমি নিজে কুয়েট লেদার, রু ম্যাথ, জিএসটি টপ সাবজেক্ট সেরে আস্টতে অ্যাডমিট হইসি। আবার অনেকের বাসা ঢাকা থাকলে বাইরের ইউনিভার্সিটিতে যেতে চায় না",neutral
@Thedarkestknight_2 গুড ডিসিশন ব্রাদার ❤,neutral
@Thedarkestknight_2 পাবলিকে চান্স পাইনি 😂😂😂,neutral
@Thedarkestknight_2 আস্ট সিএসই কোস্ট কেমন ব্রো ওর এনএসইউ সিএসই বেস্ট,neutral
তুমি তোমার ব্রেইন ফেলে দিয়েছো,neutral
"😂লেইম মার্কা কথা বলেন না, আইসিপিসি - বুয়েট অ্যান্ড সাস্টকে হারিয়েছে। ওয়ার্ল্ড ফাইনালিস্ট। রোভার - এভরি ইউনিকে হারিয়েছে। ডুবুরি - নো কম্পিটিশন ইন বাংলাদেশ। উই আর ইমপ্রুভিং ইন এভরি সেক্টরস। আওয়ার অ্যালামনাই - ইফ বুয়েট হ্যাজ 6 পিপল ইন অ্যা কোম্পানি উই হ্যাভ 3,4 দেয়ার। আওয়ার নেটওয়ার্ক - 0। দ্যাটস দ্যা ওনলি ইস্যু। ল্যাব ফ্যাসিলিটিজ - বেটার ইন সাম অ্যাসপেক্টস। ক্লাসরুম ফ্যাসিলিটিজ অ্যান্ড আদার ক্যাম্পাস ফ্যাসিলিটিজ - টপ নোচ। রিসেন্টলি ব্র্যাক স্কুল অফ ইঞ্জিনিয়ারিং কোলাবরেশন উইথ বিএসআরএম অ্যান্ড চেইঞ্জ দ্যা নেম বিএসআরএম স্কুল অফ ইঞ্জিনিয়ারিং। সাউন্ডস ওয়ার্ড বাট ওকে। আওয়ার সিলেকশন প্রসেস ফর সিএসই ইজ ওয়ে হার্ডার দ্যান সাম পাবলিক ইউনি",pro_private
ওন ডুয়েট আইইউপিসি 2 ডেইজ অ্যাগো,pro_private
@yt_MIHAT সো হোয়াট। এভরিওয়ান ডু নট হ্যাভ দ্যা ক্যাপাবিলিটি টু গেট অ্যাডমিটেড ইন অ্যা প্রাইভেট ইউনি???,neutral
মতামতের জন্য ধন্যবাদ,neutral
"রিসার্চ, গবেষণা ও উচ্চশিক্ষায় প্রাইভেট এগিয়ে",pro_private
😂 আপনি সেরা ভাই। অনেক দিন পর প্রাণ খুলে হাসলাম🤣🤣,neutral
ভাইয়া আইইউটি লেভেল তো বুয়েট কোয়ালিটির কারণ এটা ইন্টারন্যাশনাল ভার্সিটি। বাকি প্রাইভেটের সাথে আইইউটি কম্পেয়ার করা ঠিক না,neutral
কথা সত্তি ভাই এরা এনএসইউ আর ব্র্যাকের আইডিয়া নিয়া কথা বলছে,neutral
@lightlife8030 হুম। সবাই তো এনএসইউ আর ব্র্যাকে পড়ে না। বেশিরভাগ প্রাইভেটের স্টুডেন্টরা এন্ট্রি লেভেলের গুলোতে পড়ে যেখানের টিচাররা হলো পাবলিকের লাস্টের দিকের ছেলেপেলে। কারণ ভালো গুলো তো বেশিরভাগ জব অ্যান্ড অ্যাব্রোড যায়।,pro_public
পাবলিকের স্টুডেন্ট ওই স্টুডেন্ট আবার প্রাইভেটে টিচার হয়। তাহলে প্রাইভেটে লেভেল আসলেই বোঝা যায় 😂😂,pro_public
@AnikPaul-l5m পাবলিকের স্টুডেন্টও পাবলিকের টিচার হয়,neutral
🤣🤣এইসব ডায়ালগ আমিও এক কালে দিতাম..এখন পাবলিক আর জিএসটি'র ফালতু ভার্সিটি রেখে আইইউবি সিএসইতে আসছি ব্রুহ,pro_private
@tanzirshadhin5386 সেইম আমিও আইইউবি সিএসই 😊,neutral
@tanzirshadhin5386 চান্স পাইনি 😂😂😂,neutral
@tanzirshadhin5386 জিএসটি'র কোনটায় পড়তেন?,neutral
মোদনা হালা😂 ভাই তুই এখনো চাচাতো ভাইয়ে আছিস 😂,neutral
ভাই আমি নিজে ডিউ রিজেক্ট করেছি খোঁজ নিয়ে দেখো টপ সাবজেক্ট ছিল আমার ডিউতে,pro_private
আমি নিজের ঢাবি রেখে ব্র্যাকে ভর্তি হয়েছি। পাবলিকে পড়াশোনা হয় যা হয় তা রাজনীতি। আর বস্তির পোলাপান পাবলিকে পড়ে। পাবলিক বিশ্ববিদ্যালয়ের পরিবেশ জঘন্য। টয়লেটের অবস্থা ল্যাব জঘন্যতম,pro_private
@ahosunhabibahosunhabib4162 ঢাবিতে কি সাবজেক্ট পাইছিলেন,neutral
@ahosunhabibahosunhabib4162 বস্তির পোলাপান পাবলিকে পড়ে মানে??? বাপের টাকায় ফুটানি আমরা মাড়াইনা বুঝনাই,pro_public
আসলে প্রাইভেটে টাইম ম্যানেজমেন্টটা ভালো.. এনভায়রনমেন্ট ভালো.. ইভেন কিছু ক্ষেত্রে পড়ার কোয়ালিটিটাও বেশ ভালো.. সো জাস্ট ফর মানি প্রাইভেটকে ছোটো করা ইজন্ট ওকে.. পড়ার মানের উপরেই আসলে যেকোনো ইনস্টিটিউট ভালো না মন্দো ডিপেন্ড করে.. আমি পাবলিকেরই স্টুডেন্ট কিন্তু আই প্রেফার প্রাইভেট ইউনিভার্সিটি ইফ ইউ হ্যাভ এনাফ মানি টু গেট ইনটু দ্যাট..,pro_private
সত্যি বললে সবারই গায়ে লাগবে🤣,neutral
"প্রাইভেট আসলেই ভালো.. একটা এডুকেশন ফ্রেন্ডলি এনভায়রনমেন্ট প্রোভাইড করে.. নো পলিটিক্স নো কেয়োস নো কনফ্লিক্ট ইভেন 0% র‍্যাগিং.. সেশন জটও নেই.. দুইদিন পর পর মারামারি করে ক্লাস বন্ধ হল বন্ধ এসবও নাই... ক্যাম্পাস লাইফ ইজ ওনলি ফর ইন্টারঅ্যাকশন, এডুকেশন অ্যান্ড বিল্ডিং স্কিলস.. ইভেন আমার তো মনে হয় এ গ্রেড প্রাইভেট ইউনিভার্সিটিগুলো ইন্টারন্যাশনাল মানের এনভায়রনমেন্ট প্রোভাইড করে",pro_private
ভাই আপনার কথার সাথে এক মত হতে পারলাম না... আমি আগেই বলি নাই প্রাইভেটের সাপোর্ট করতাছি না বা পাবলিককে নিচু করতাছি না... সিম্পল কোশ্চন আনএমপ্লয়মেন্ট রেট কতো এটা জানেন? মেধার বিকাশ হলে এতো আনএমপ্লয়মেন্ট হতো না... প্রাইভেটের চেয়ে পাবলিকে বেশি..,pro_private
@samitalhalut1521 হেল নো 👎🏻 পাবলিকে আনএমপ্লয়মেন্ট রেট কম আর যারা কারেন্টলি বেকার ওনারা টিউশনি করে ভালোই ইনকাম করে,pro_public
"@samitalhalut1521 বিকজ যারা প্রাইভেটে পড়ে তাদের ফ্যামিলি বেশিরভাগ বড়লোক, চাকরি না পাইলে বিজনেস (স্টার্ট-আপ) করে, পাবলিকের স্টুডেন্টরা করে না, সুযোগ নাই। আপনি নিজে এটা জেনেও ফালতু কথা বললেন 🥱🥱",pro_private
কোন দিক দিয়ে বেস্ট ভাই,neutral
শুধু চান্স পাওয়া পর্যন্ত বেস্ট কিন্তু অন্য সব দিকের কথা চিন্তা করলে প্রাইভেটে ভালো।,pro_private
"এটা অবভিয়াসলি ট্রু, প্রাইভেটে পড়তেছে যারা মোর অর লেস পাবলিকে ফেইলিওর, কিন্তু প্রাইভেটে যারা টপার লেভেল সিজি নিয়ে বের হয়; 4 বছর পর ওই পাবলিক প্রাইভেটের ডিফারেন্সটা থাকে না, পাবলিকিয়ানরা একটা জায়গা অবভিয়াসলি বুস্টআপ পায় সেটা গভর্নমেন্ট এক্সামে, কারণ এই প্লেসগুলা এখনো পাবলিক ইউনি অবসেসড",pro_private
@__a-yn9ny নট ট্রু। পার ইয়ার প্রাইভেট থেকে ভালো অ্যামাউন্ট অফ স্টুডেন্ট বিসিএস হইসে,pro_private
"হ্যায় আর ওই কম্পিটিশন পার করে কি হয়েছে, আবরার ফাহাদ ভাইয়াও চান্স পেয়ে বুয়েটে ঢুকেছিল ওনাকে যারা মারছে তারাও চান্স পেয়ে ঢুকেছিল... ওয়ান গট কিল্ড অ্যান্ড দ্য অদার্স বিকেম কিলার্স। ডিউতে তো বললাম ও না লীগের পোলাপান যারা সবাই চান্স পেয়েই তো ঢুকেছে, চান্স পাইলেই কি লাইফে সব অ্যাচিভ করে ফেলসে? এই বাংলাদেশে মানুষের পাবলিক ফেটিশটা যতদিন যাবে না পাবলিকেরই নাম নষ্ট হবে, পলিটিক্স খুনাখুনি মেয়েদেরকে হ্যারাস করা র‍্যাগিং এগুলা সব কিছু ইগনোর করা হয় জাস্ট এই বলে যে আরে চান্স পেয়ে দেখান, ওরা তো পাবলিকে পড়ে ভালো স্টুডেন্ট, ভালো স্টুডেন্ট আর ভালো মানুষের মধ্যে ডিফারেন্স আছে এটা যতদিন বুঝবে না ততদিন পাবলিকেরই কোয়ালিটি ড্রপ করবে কজ তারা এভরি অদার প্রবলেম ইগনোর করে জাস্ট ফোকাসিং কতো ট্যালেন্টেড মানুষ ঢুকসে অ্যাডমিশন টেস্টে।",pro_private
তোমার মাইরে বাপ পাবলিক পড়ে কোন বাল ফালাইবা 😂😂 দেখা যাইবো নাই 😂😂😂 লাস্টে করবা মুদি গিরি 😂 খানকিরপোলা,pro_private
আলসো পাবলিক ইজ অলমোস্ট ফ্রি,pro_public
"কম্পিটিশন বেশি বিকজ খরচ কম, এই জন্য। যেমন পাবলিক স্কুল আর কলেজে থাকে। তারা যোগ্যতা বেশি রাখে যেনো স্টুডেন্ট অটোম্যাটিক ভালো রেজাল্ট করে, ভার্সিটির পড়ানো না লাগে। প্রাইভেটের পড়ানো, সিস্টেম সব চাকরির জন্য একজন স্টুডেন্টকে রেডি করে দেই। বিটিডব্লিউ যে যেখানেই পড়ুক, মানুষ হওয়াই বড় কথা",neutral
ব্রো যদি চান্স পাওয়াই একমাত্র গোল হয় তাহলে পাবলিকের স্টুডেন্টরা ওয়ে বেটার। কিন্তু পরে গিয়া তো সবাই বেকার 🤣😂,neutral
বস্তিরা পড়ে পাবলিকে 😂,pro_private
"@Kausidragneel হা, দেশের সব সাকসেসফুল মানুষ বস্তি। তুমি ই কুল অ্যাফ 👌",pro_public
@Kausidragneel চান্স পাওয়া জ কি কষ্টের একটা মিড লেভেলের স্টুডেন্টের না পেলে বুঝা মুশকিল।,neutral
"জু'তে ফিজিক্স আর রু'তে ম্যাটেরিয়াল সায়েন্স ছেড়ে ব্র্যাকে সিএসসি'তে ভর্তি হইসি কজ ফিন্যানশিয়ালি মাই ফাদার ক্যান সাপোর্ট মি ভাই, যাদের মাথায় ঘিলু আছে বেপারটা বুঝবে ইজিলি",pro_private
ভাই ওরা নিজেই তো পাবলিকের স্টুডেন্ট 🙂,neutral
সেইম স্টুপিড লজিক 😂 তুমি চান্স পেয়ে কোন বালদা চিরসো? আনএমপ্লয়মেন্ট রেট দেখো ইউনিভার্সিটি স্ট্যাটিস্টিক্স এর,pro_public
@smartboy4491 ভাই কি আমাকে বললেন?,neutral
ভাই তুমি তো বিরাট বড় বালদা চিরসো 😂,neutral
@khairulanowar8810 ভাই কি আমাকে বললেন?,neutral
ভাই বিডিতে টোটাল পাবলিক সিট অ্যারাউন্ড 60/70k। স্টুডেন্ট 20 লাখ 😞 সো সবাই পড়ে চান্স পাবে এটা তো পসিবল না। আমি অ্যাডমিশনে জার্নিতে আছি দোয়া করবেন যেনো একটা সিট দখল করতে পারি 😢,neutral
চান্স পাইয়া বাল ফালাইয়া উল্টায় দিসে 😂😂 হোস্টেলের টয়লেট মারকা ডাল ভাত খাইয়া থাক সালা ফকিন্নির পোলাপান,pro_private
@WhoImI1 নিউ সিজন ওল্ড ক্লাউন,neutral
😂পাবলিকের প্রাইভেট ইউনিভার্সিটির এনভায়রনমেন্ট দেখো... পাবলিক মানেই 🤮🤢,pro_private
"প্রাইভেট ইউনিভার্সিটির এডুকেশন সিস্টেম, টাস্কস, এনভায়রনমেন্ট এভরিথিং ইজ বেটার টু। আলসো দ্য গ্রাজুয়েশন টাইম ইজ আপটু",pro_private
3 নাম্বারটা সুন্দর ছিল,neutral
অ্যাজ অ্যা স্টুডেন্ট অফ প্রাইভেট ইউনিভার্সিটি দিস ইজ দ্যা মোস্ট রাইট এক্সপ্ল্যানেশন আই হ্যাভ ফাউন্ড অন ইন্টারনেট 🥰🥰🥰,pro_private
জয় ভাইকে অনেক দিন পরে দেখলাম।,neutral
"আসলে পাবলিক ইউনিভার্সিটি স্টুডেন্টদের আসলে ন্যারো পাথ নেওয়াটা আসলে স্বাভাবিক। বেশিরভাগ পাবলিক ইউনিভার্সিটির স্টুডেন্টদের ফিন্যানশিয়াল দিকটা ভালো হয় না। অর অ্যাট লিস্ট ভালো হলেও এনভায়রনমেন্ট অনুযায়ী তাদের দেশে থাকার বেবস্থা করতে হয়। মা বাবার আশা থাকে যে ছেলেমেয়ে ভালো সরকারি চাকরি করবে। আসলে টাকা ফ্যাক্টর না, রেসপেক্ট অর সম্মানটা আসলে ফ্যাক্টর। সরকারি চাকরিজীবীদের পাওয়ার, রেসপেক্টটাই আসলে চায় সবাই। আর আমি এই চাওয়াকে ডিলুজনাল মনে করি না অর আরো অনেক মা বাবা এগুলা হয়তো পাত্তা দেয় না কিন্তু স্টুডেন্টের এনভায়রনমেন্ট অনুযায়ী তাকে দেশেই থাকতে হয়। আমার আব্বু একজন পাবলিক ইউনিভার্সিটির প্রফেসর (আমি ওনাকে অনেক মান্না করি আর আমার ইন্সপিরেশন)। তিনি পড়াশোনা শেষ করে বিসিএসের জন্য চেষ্টা করতে থাকেন আর বিসিএসে মেবি টিকেও ছিলেন। তবে আরো অনেক ধাপ আছে যেগুলো হয়তো পার করা কঠিন। পরে আব্বু টিচার হওয়ার পর আর বিসিএস দেন নি। আব্বুর বিদেশে যাওয়ার সুযোগ থাকলেও আব্বু যেতেন না কারণ আব্বু গ্রামের ছেলে আর তাকে দেশেই থাকতে হবে",neutral
জয় ভাইয়ের জন্য ভিডিওটা দেখলাম ❤,neutral
ভাই ওইযে বললেন রিস্ক নিতে পছন্দ করে। আমার মনে হয় এটা ফ্যামিলির ফিন্যানশিয়াল কন্ডিশনের উপরই পুরোদমে ডিপেন্ডেন্ট। আমি ১৯২১ সালে প্রতিষ্ঠিত হওয়া একটা বিশ্ববিদ্যালয়ে পড়ছি। আমারও ট্র্যাডিশনাল ফিল্ডের বাইরে অন্যদিকে ক্যারিয়ার গড়ার ইচ্ছা আছে হয়তো আমি এ রিস্কটা নিতে পারবো না কারণ আমার ওইরকম সাপোর্ট নেই।,neutral
ড্রিম বুয়েট 😔,pro_public
❤❤❤❤❤,neutral
"প্রবলেম ইজ আমাদের পাশের দেশ ইন্ডিয়াতে আইআইটি থেকে স্টাডি করে মানুষ ডিফারেন্ট পাথে যাচ্ছে, এক্সপ্লোর করতেছে। যতো বিগ বিজনেস আসে তাদের ফাউন্ডার দেখবেন আইআইটিয়ান। আমাদের দেশে ন্যারো পাথ ফলো করতে চায়, বিসিএস দিবো গভর্নমেন্ট জব, পাওয়ার ব্লা ব্লা। ভাই তুমি বুয়েটিয়ান তোমার ব্রেইন আছে, কোনো ইউনিক কিছু বিল্ড করো। দেশকে ইন্টারন্যাশনালি রিপ্রেজেন্ট করো। বিগ বিজনেস ক্রিয়েট করো। দেশকে যাতে ভালো কিছু দেওয়া যায় ওটার জন্য একটু ট্রাই করো। এই বিসিএস দিয়ে জব তো কেউ না কেউ নিবেই।",neutral
এইদিক থেকে আমার মনে হয় প্রাইভেট ইউনিভার্সিটি স্টুডেন্টস দিন দিন এগিয়ে যাচ্ছে... তারা রিস্ক নিচ্ছে.. বাইরে যাচ্ছে... ব্র্যাক থেকে পড়ে নাসাতে গেছে.. মিস্ট থেকে পড়ে আমেরিকান এয়ার ইঞ্জিনিয়ার হচ্ছে.. পাবলিক থেকে যে হয় না তা বলছি না.. কিন্তু পাবলিক থেকে বের হয়ে স্টুডেন্টরা কেবল সরকারি চাকরি করতে চায়... বিদেশেও সরকারি চাকরি করতে চায়...,pro_private
"@MG-pd4fo মিস্ট পাবলিক ভাই। মিস্ট, বিইউপির অধীনে একটা সরকারি প্রতিষ্ঠান। প্রতি বছর সরকার ৯৯ কোটি টাকা দেয়। এটা মিলিটারির অধীনে হলেও এটা সরকারি। সামনে এটা মাস্ট নামে পরিচিতি পাবে এবং বিইউপি থেকে বের হবে। আর বিইউপি বানানই হয়েছিল মিস্টের জন্য। কিন্তু এখানে ৩ থেকে ৩.৪৫ লক্ষ টাকা ৪ বছরে খরচ হয়। কারণ পরিষ্কার পরিছন্ন পরিবেশ, আর সাবজেক্টগুলো অনেক ভালো। আর মিস্টে এমন সাবজেক্ট আছে যেগুলো বুয়েটেও নাই এবং ডিউতেও নাই।",pro_public
টেল মি ইউ স্টাডি অ্যাট ডিউ উইদাউট টেলিং মি ইউ স্টাডি অ্যাট ডিউ। দিস কমেন্টার: আমি ১৯২১ সালে প্রতিষ্ঠিত হওয়া একটি বিশ্ববিদ্যালয়ে পড়ছি।,neutral
ওয়েল সেইড ভাই 😅,neutral
ইয়াহ। দ্যাটস কল্ড ফ্রিডম অফ ফেইলিওর। নট এভরিওয়ান ক্যান অ্যাফোর্ড দিস থিং… 😅,neutral
কোন ক্লাসে,neutral
@towfiqahmed960 এইচএসসি ২৬,neutral
ভাই ফার্মেসির জন্য লো কস্টের ইউনিভার্সিটি কোনটা,neutral
হেডা বলসো,neutral
এটাই তো ঠিক আছে তারা দেশের বাইরে যাবে উন্নত লাইফ গড়বে। কি দরকার দেশে সরকারি চাকরি করে দুর্নীতি করা।,pro_private
বিসিএস করে সব দুর্নীতিবাজ হয়।,neutral
পাবলিক > প্রাইভেট কজ প্রাইভেটে টাকাওয়ালা গাধা গরুরা পড়ে আর পাবলিকে আমার মতো মেধাবিরা পড়ে 😎,pro_public
আর প্রাইভেটে যে তাড়াতাড়ি অনার্স শেষ হয়ে যায় ৪ বছরে আগেই একটা প্রাইভেট পড়ুয়া স্টুডেন্ট বের হয়ে যেতে পারে কিন্তু পাবলিক পারে না,pro_private
পাবলিককে আর কতো প্রোমোট করবেন পাবলিককে যত বেশি প্রোমোট করবেন ততো আপনাদের ব্যবসা ভালো,pro_private
5:03 রাশ রিয়েলিটি 😂😂,neutral
প্রাইভেট ইউনিতে লেকচারার কিভাবে হওয়া যায়?,neutral
2nd time কেন দিবে??? জিএসটি তো এখনো বাকি আছে,neutral
প্রাইভেট মেডিকেল নিয়ে বলেন,neutral
ভাই ঢাকার ভিতরে ইইই নিয়ে পড়ার জন্য বেস্ট বি র‍্যাঙ্কড ইউনিভার্সিটির মধ্যে কোনটা বেস্ট হবে? প্লিজ কারো জানা থাকলে বলবেন,neutral
রাইট ভাই,neutral
রাইট 💗,neutral
ফার্স্ট কমেন্ট,neutral
"ইউটিএসটি বেস্ট, লো কস্টে (5.5 লাখ)",neutral
ব্রো বিসিএস হবে যখন প্রাইভেটের আলারা বিদেশ যাবে এবং 7 লাখ পার মান্থ পাবে আর তুমি 40k পার মান্থ পাবে লল,pro_private
"@NafisShahriar-ec4oi ব্রো ইউ ক্যান অলসো গেট অ্যা স্কলারশিপ বাই রিডিং ইন পাবলিক বোথ দ্যা পাবলিক অ্যান্ড প্রাইভেট ক্যান গেট অ্যা স্কলারশিপ আই নো দ্যা রেট ইজ মোর ইন প্রাইভেট বাট মেনি পাবলিকিয়ানস আর অলসো গোয়িং অ্যাব্রোড, ইউ ক্যান চেক দ্যা ডেটা",neutral
@NafisShahriar-ec4oi ভাইয়া আপনার সাথে যোগাযোগ করতে চাই... প্রাইভেট ইউনিভার্সিটি থেকে কিভাবে অ্যাব্রোড যাবো তা নিয়ে,neutral
@NafisShahriar-ec4oi ব্রাদার প্লিজ রিপ্লাই,neutral
এভাবে কেউ কথা বলে.. যার যেখানে সুযোগ হয় সে সেখানেই পড়বে.. এমন কোনো প্রুভ আছে পাবলিকের সবাই জিনিয়াস আর প্রাইভেটের সবাই গাধা... এতো মেধাবী হলে এমনভাবে রিপ্লাই করে কেউ,neutral
"@AshaafrojaAsha নাহ আমি একটু সারকাস্টিক্যালি বললাম ডোন্ট মাইন্ড, হ্যাম প্রাইভেটে পড়েও অনেক ভালো করতেছে অনেক ভালো জায়গায় যাচ্ছে অ্যান্ড ইউ নো প্রাইভেটে জাস্ট বড়লোকরা পড়বে কোনো গরিবরা পড়ার সামর্থ্য নাই বিটিডব্লিউ জাইহোক 1st ট্রাই মানুষ পাবলিকে করে পরে না হলে যাদের টাকা আছে তারা প্রাইভেটে যায় আর টাকা না থাকলে ন্যাশনাল ইউনিভার্সিটিতে, আমারও অপশন ছিল যে পাবলিক না হলে এনএসইউ বা ব্র্যাকে যাবো ওই টাইপের ইউনিভার্সিটিগুলা ভালো কিন্তু নিচের দিকের প্রাইভেটগুলা ভালো না",neutral
সহমত ভাই 🤝😀,neutral
@SAGORB-g9s জি জি,neutral
ইয়াহ্... কিন্তু জাস্ট 40k ইনকামের জন্য মেধাবিরা জীবন জৌবন শেষ করে ক্যাডার হয় তারপর দেশে দুর্নীতি করে টাকা মেরে দেয়..,pro_private
"@Anikä_Oíshëë হুম এটা আসলেই ভালো না বিটিডব্লিউ বিসিএস পেতে হলে পাবলিকিয়ান এমন কোনো শর্ত নেই আই নো পাবলিকিয়ানরা বেশি বিসিএস পায় কিন্তু তাও পাবলিকিয়ানরা চাইলে স্কলারশিপ নিয়ে বাইরেও যেতে পারে অ্যান্ড আমারও কোনো দুর্নীতি করার ইচ্ছা নাই, আপনার যদি কাছে গুড অ্যামাউন্ট অফ মানি থাকে তেন প্রাইভেট একটা বেটার অপশন হবে যদি পাবলিকে না চান্স হয় আর পাবলিক চান্স হলে তো ভালোই আর প্রাইভেট এনএসইউ, ব্র্যাক, ডিআইউ বা আস্ট হলে পড়া যায় নিচের দিকের প্রাইভেটগুলা বেশি একটা ভালো না",neutral
"তোর মতো মেধাবিরাই দেশে দুর্নীতি করে টাকা আলাদা না কারণ তারা জীবনে টাকা দেখেছে। কিন্তু তোরা টাকা দেখোস নাই তাই বিসিএস হয়ে দুর্নীতি করোস। এটা পুরা বাংলাদেশ জানে সো জাস্ট শাট আপ অ্যান্ড ডোন্ট ডিসরেসপেক্ট পিপল। ফার্স্ট চেইঞ্জ ইওর মেন্টালিটি অ্যান্ড পার্সোনালিটি। স্টপ বিয়িং অ্যা ক্রিমিনাল ফার্স্ট, দেন ট্রাই বিয়িং অ্যা হিউম্যান। যদিও তোমার মনে হতে পারে যে ""না আমি ঘুষ খাবো না"" কিন্তু রিয়েলিটি হিটস ডিফারেন্ট অ্যান্ড আই'ভ সিন পিপল লাইক ইউ ডিস্ট্রয়িং দ্যা কান্ট্রি",pro_private
"তোমার মেধাবী বোঝা হয়ে গেছে কমেন্ট দেখে
তুমি যে কি রকম মেধাবী তা কমেন্ট দিয়ে প্রমাণ করে দিলে
NawarNabil",neutral
"বিসিএস করে দুর্নীতি করার ইচ্ছা আছে??
প্রাইভেট জব এখন আগের থেকে অনেক ভালো একানেও সম্মান আসে
NawarNabil",pro_private
"চান্স পাও আগে, তার পর প্রাইভেট প্রোমোট করো, পাবলিকে চান্স না পেয়ে পাবলিকের পেছনে লাগতে এসো না, কুক হয়ে যাবা",pro_public
@luffybae এনএসইউতে ইইই পড়তাসি তুই কের বাল দা ফালাইতাসোস বি সি 😂,neutral
@luffybae একদম ঠিক।,pro_public
পিএইচডি পাস,neutral
😊😊😊 লল,neutral
@ravion007 কিরে খানকিরপোলা,neutral
"(উত্তরা ইউনিভার্সিটি, বাংলাদেশ ইউনিভার্সিটি অফ বিজনেস অ্যান্ড টেকনোলজি, সাউথইস্ট ইউনিভার্সিটি, গ্রিন ইউনিভার্সিটি, ইন্টারন্যাশনাল ইসলামিক ইউনিভার্সিটি চিটাগাং) চেক করে দেখতে পারো 😊",neutral
ইউনিভার্সিটি অফ এশিয়া প্যাসিফিক,neutral
বাল চিরসো,neutral
@circle9790 ঠিক ভাই কি যে মনে করে ওয়ে,neutral
২৫% ছাড়ে রকমারি থেকে বই কিনতে এই লিংকে ক্লিক করুন,neutral
বুয়েটকে এভাবে খাইলেন 🤣🤣🤣🤣🤣🤣,neutral
ভাই সিভিলের জন্য কোনটা বেটার আস্ট নাকি আইইউবি,neutral
পাবলিক বা প্রাইভেট ম্যাটার করে না। কোয়ালিটিই মেইন ম্যাটার।,neutral
"প্রাইভেট বিশ্ববিদ্যালয় থেকে পাবলিক বিশ্ববিদ্যালয় সেরা ১০০% কারণ প্রতিযোগিতা দিয়ে আসতে হয় টাকা দিয়ে নয়,, যেকোনো দিক থেকে বিবেচনা করলে সেরা পাবলিক বিশ্ববিদ্যালয় সেরা",pro_public
নো ডাউট পাবলিক ইজ গ্রেটার দ্যান প্রাইভেট 😂😂,pro_public
ভাই আপনি যা বলছেন একদম ঠিক কিন্তু ডিউ'র র‍্যাংকিং আর যে উন্নতি হচ্ছে তা বললেন না এখন তো 500-600,neutral
আপনি একটা কথা একদম ট্রু বলেছেন যাদের নিজেদের অ্যাচিভমেন্ট নাই তারা নিজেদের ইনস্টিটিউশন নিয়ে ইউজলেস প্রাইডে ভুগে... আর অন্যদেরকে নেগলেক্ট আর ডিসরেস্পেক্ট করে... সত্যি কথা বলতে ইনস্টিটিউশন একটা জাস্ট ট্যাগ দেয় লাইফে একটা নিউ স্ফিয়ার পাস করার.. এর বেশি কিছু না... অ্যান ইন্ডিভিজুয়াল হ্যাজ টু ডু হিজ ওন বিজনেস টু ড্রাইভ হিজ ফরচুন টু দ্যা রিটেন ডিভাইন ফরচুন..,neutral
প্রাইভেট মার্কেটিং 😂😂,pro_public
কনটেন্ট ভালো কিন্তু মহা বিকট সাউন্ড,neutral
ভাইয়া আপনি কোথায় পড়েন??,neutral
তুমি আগে তোমার পাছা নাড়ানো অফ করো তারপর কথা বলো,neutral
আস্টের সিভিল ডিপার্টমেন্ট রিভিউ দেন,neutral
"আস্টে ফল সেমিস্টারে কেমন জিপিএ লাগে ভাইয়া? আই মিন শর্টলিস্টেড হইতে, জিপিএ'র উপর কতো মার্কস ভাইয়া?",neutral
কাগজ বিক্রি প্রাইভেটের কাজ।,pro_public
"সিদ্ধান্তহীনতায় ভুগছি 😑 আস্টের সিএসই নাকি সাউ'র ডিভিএম কোনটা টিউশন, জব ফেসিলিটিস সব দিক বিবেচনায় ভালো হবে?? হেল্প প্লিজ 🙏🙏",neutral
আসলে পাবলিক প্রাইভেট কিছু না ভাই 4 বছর পর সবাই সেম ভার্সিটি জাস্ট ট্যাগ। ভালো দুই জায়গাতেই করা পসিবল। তবে এটা ঠিক পাবলিকে চান্স পাওয়া একটা অ্যাচিভমেন্ট যা প্রাইভেটে পড়া না।,neutral
আস্টের সিএসই ডিপার্টমেন্ট নিয়ে রিভিউ দেন? (জব স্কোপ + অ্যালামনাই + কম্পিটিটিভ প্রোগ্রাম),neutral
ভাই আস্টে 1400 র‍্যাংকে কোন সাবজেক্ট আসতে পারে ওয়েটিং থেকে না আসবে না,neutral
ভাইয়া আমার আস্টে শর্টলিস্টে নাম আসে নি। আমি কি বিবিএ পড়তে পারবো আস্টে? নাকি বিবিএ পড়তে হলে শর্টলিস্টে নাম আসতে হবে? ব্যাপারটা একটু জানাবেন ভাইয়া।,neutral
আচ্ছা,neutral
নো প্রাইভেট বেটার,pro_private
"@JohnJMarino পাবলিকে পরিশ্রম করে চান্স পায়,, আর প্রাইভেট? 😂😂, টাকা দেয়, ভর্তি হয়, 😂😂, প্রাইভেটের মেয়েগুলাও.......... আস্তাগফিরুল্লাহ, 😅😊",pro_public
"পাবলিক কিছু দিক দিয়ে এগিয়ে। প্রাইভেটও কিছু দিক দিয়ে এগিয়ে। পাবলিকে প্রতিযোগিতার মাধ্যমে সেরা মেধাবীরা চান্স পায়। তার মানে এই না যে বাকি স্টুডেন্টরা মেধাবী না। পড়ালেখা প্রায় সবাই করে। চেষ্টা হবাই করে। কিন্তু চান্স সবাই পায় না। কারণ টোটাল স্টুডেন্টের তুলনায় পাবলিকে সিট আছে সর্বোচ্চ ৫%। তার মানে কি বাকি ৯৫% স্টুডেন্ট খারাপ? না। পাবলিক ভার্সিটির মধ্যে ডিউ'র আইবিএ এবং বুয়েট ছাড়া আর কোনো পাবলিক কোয়ালিটি এডুকেশন দিতে পারতেছে আমাকে দেখান। পাবলিকে সেশন জটে ভরা, পলিটিক্সে ভরা, নিয়মিত ক্লাস হয় না, র‍্যাগিং। ৪ বছরের কোর্স শেষ করতে ৬ বছর লাগে। অবকাঠামোগত সমস্যা। কয়েক মাস আগেও দেখলাম নিউজে ঢাবি ও ডিএমসি'র হলে ফাটল। দেওয়াল খসে স্টুডেন্টদের আহত করে। পাবলিক ভার্সিটিগুলাকে সরকার ২ ধাপে বাজেট দেয়। টিচারদের বেতনের জন্য একটা বাজেট থাকে। অবকাঠামোগত উন্নয়নের জন্য আরেকটা বাজেট থাকে। তারপরেও যদি এই বেহাল অবস্থা হয় 😂। অন্যদিকে প্রাইভেটগুলার মূল ফান্ডিং আসে স্টুডেন্টদের টাকা থেকে। সেখানে কোনো সেশন জট নাই, পলিটিক্স নাই, র‍্যাগিং নাই, অবকাঠামো উন্নত মানের, ল্যাব, রিসার্চ সবই উন্নত মানের। আবার তারা স্কলারশিপও অফার করে। এতো এতো সুযোগ। তো টাকা তো দিতেই হবে। তারপরেও ভালো ছাত্রদের জন্য ১০০% পর্যন্ত স্কলারশিপের অফার করে থাকে তারা। আর বর্তমানে তো প্রাইভেটগুলো র‍্যাংকিংয়েও অনেক এগিয়ে অনেক পাবলিকের চেয়ে। আরেকটা কথা পাবলিকে সিট আছে ৫%। তাহলে বাকি ৯৫% স্টুডেন্টদের জন্য অবশ্যই বিকল্প হিসেবে প্রাইভেট আছে। আল্লাহ যাকে সামর্থ্য দিছে সে প্রাইভেটে পড়বে। সিম্পল.. কথাবার্তা ভেবেচিন্তে বলবেন। আল্লাহ মুখ দিসে বলে বোকাসোদার মতো কথা বলবেন না",pro_private
ঠিক কিন্তু আমি পাবলিক অপছন্দ করি। পাবলিকে সবাই গরিব ছাত্রছাত্রী পড়ে।,pro_private
??!,neutral
প্রাইভেট ইউনিভার্সিটিতে। আস্টে,neutral
প্যাশন যেদিকে আসে... একটা ইঞ্জিনিয়ার আরেকটা ডাক্তার... 2টা সেইম কেমনে করেন? প্যাশন যেটা সেটাই আগান,neutral
ব্রো তুমি বাংলাদেশে থাকো এইদিকে জবেও ডিসক্রিমিনেশন আছে পাবলিক প্রাইভেট নিয়ে। আমি এমন এক জবে গেছি ক্লিয়ার রিকোয়ার্ড আছে পাবলিক ইউনিভার্সিটি হইলে সিজিপিএ 3 এ অ্যাপ্লাই করতে পারবো আর প্রাইভেট ইউনিভার্সিটি হইলে সিজিপিএ 3.50 লাগবো। একজন চু' থেকে পড়া আমার ইন্টারভিউ বোর্ডে আই সিজিপিএ 2.8 ছিল জব হয়েছে আরেকজন উলাব থেকে 3.8 ও জবটা পায় নাই 😅😅 তারপরও বলবা স্কিল সব ইউনিভার্সিটি ম্যাটার করে না,pro_public
টেক্সটাইল আসবে।,neutral
827 মেরিট মাইগ্রেশনে কোন সাবজেক্ট দিবে?,neutral
টেক্সটাইল থেকে মাইগ্রেশন করে কি সিভিল আসতে পারে,neutral
@nomanahamed2542 নাহ ভাইয়া পসিবিলিটি নাই বললেই চলে,neutral
আগে বিবিএ'র জন্য এক্সামে দেওয়া লাগতো না। এখন লাগে মেবি। তুমি এক কাজ করো আস্টের ওয়েবসাইটের নিচে কিছু নাম্বার আছে ওইখানে ফোন করো। ওদের কাছ থেকে রাইট ইনফরমেশন পাবা।,neutral
কনটেক বলতে তো মাথায় কিছু নেই মাথায় তো শুধু পায়খানা। খালিদ ফারহানের ২০২০ সালের ভিডিও নকল করতে খুব ভালই লাগে 🍼🍼🤣🤣🤣,neutral
তোর ভিডিওর সাউন্ড কোয়ালিটি দেখে মনে হচ্ছে তুই কতটা অদ্ভুত। মনে হচ্ছে কোহি মিল গেয়া সিনেমার জাদু বাংলাদেশে ল্যান্ড করেছে করেছে। 🪣🪣🤣🤣🤣,neutral
"ডিউ, আইইউটি, বুয়েট প্রিলিতে চান্স পেয়েও প্রাইভেটে যাচ্ছি 🐸 শুধু ভালো সাবজেক্টের আশায়... তো কি বলবেন?",pro_private
💝💝💝,neutral
ভায়োলেন্স সাউন্ড। রিমুভ এক্সট্রা সাউন্ড প্লিজ।,neutral
❤❤❤,neutral
রাইট,neutral
ট্রু ❤❤,neutral
❤❤❤,neutral
নিউকামার জাস্ট ট্রাইং হার্ড টু মেক সামথিং নিউ। লেটস গিভ হিম ফিডব্যাক রাদার দ্যান মেকিং ইট ফান!,neutral
"হার্ভার্ড ইউনিভার্সিটি, অক্সফোর্ড ইউনিভার্সিটিতে চান্স পেয়েও বাংলাদেশের প্রাইভেট ইউনিভার্সিটিতে যাচ্ছি শুধু বাপের টাকা উড়ানোর আশায়.... #অপ লেভেল ফাপরবাজি 😂😂😂😂",pro_public
@FAHAD-es3pe ওয়েল অ্যানসার্ড 😂,pro_public
@FAHAD-es3pe হার্ভার্ড ইউনিভার্সিটি যে একটা প্রাইভেট ইউনিভার্সিটি সেটা জানেন?,neutral
@FAHAD-es3pe 😂 এতো ব্রিলিয়ান্ট নাই বাংলাদেশে,neutral
রাইট ডিসিশন ব্রো....,neutral
বুয়েটে রিটেন দিছিলেন ভাই?,neutral
হোয়াট অ্যা লেইম জোক 😂😂,neutral
@rafiuljxr.3832 হোয়াট অ্যা লেইম কমেন্টস 😂,neutral
তো বলবো.. তুমি বোকাচোদা ফাপরবাজ,neutral
ওহ ফাক তাই নাকি 🫡🫡🫡,neutral
আমারও সেইম কোশ্চন।,neutral
সালা বাইনসোদা.. মোদি জি এমনি এমনি তোমাকে সুদেনি সালা,neutral
ফাকাফাকি কম করান 😂😂😂,neutral
থ্যাংকস বড়ভাই ❤️❤️,neutral
থ্যাংকস ফর ইওর অপিনিয়ন ❤️❤️। আই উইল ট্রাই টু ইমপ্রুভ মাই সাউন্ড কোয়ালিটি।,neutral
"এনএসইউ, ব্র্যাকইউ, আইইউবি, ইডব্লিউউ - অ্যাডমিশন প্রিপারেশনের ফ্রি মডেল টেস্ট, ফ্রি গাইডলাইন এবং আমাদের পেইড কোর্স সম্পর্কে বিস্তারিত জানতে এই ফর্মটি ফিলাপ করে ফেলুন",neutral
"বিটিডব্লিউ ভার্সিটি ইজ অ্যা স্ক্যাম! মোস্টলি সি ক্যাটাগরি প্রাইভেট ইউনিভার্সিটি। এটা নিয়ে একটা ভিডিও বানান, এটা জাস্ট একটা স্ক্যাম",pro_public
150 কোর্স না ভাই? 120-150 ক্রেডিট,neutral
পুরনো বই পড়া যায়?,neutral
প্রতি সেমিস্টারে কত টাকা লাগে,neutral
আমার গ্রাজুয়েশন শেষ করার পর এটা দেখছি 😂,neutral
প্রতি কোর্সের বইগুলো কি কিনতে হয় 😢,neutral
ইংলিশ কার্যক্রম টাকে নি?,neutral
তোর মতো সস্তা ইউটিউবারের ভাত নাই 😏,neutral
"বিবিএ ও প্রফেশনাল বিবিএ এর মধ্যে পার্থক্য কি? পাবলিক বিশ্ববিদ্যালয় যেমন ডিউ, সিউ, রু'তে ম্যানেজমেন্ট, একাউন্টিং, ফাইন্যান্স এসব বিষয় নিয়ে পড়া যায় কিন্তু প্রাইভেট বিশ্ববিদ্যালয়ে এমন নেই কেন? শুধু বিবিএ আছে এমন কেন? আবার পাবলিক বিশ্ববিদ্যালয় যেমন সাস্ট, এনএসটিউ, এমবিএসটিউ এসবেও শুধু বিবিএ আছে। অতএব, ডিউ বিবিএ (একাউন্টিং, ফাইন্যান্স, ম্যানেজমেন্ট), এর সাথে সাস্ট বিবিএ, এর সাথে প্রাইভেট বিশ্ববিদ্যালয় বিবিএ, এর পার্থক্য কি??? আর প্রফেশনাল বিবিএ এটি কি? এটি কোথায় করা যায়?",neutral
পাবলিক ইউনিভার্সিটিতে কি প্রতিদিন অ্যাটেন্ড থাকতে হয়,neutral
সাউথইস্টের টেক্সটাইল ইঞ্জিনিয়ারিং কেমন হবে?,neutral
কম টাকায় এলএলবি করা যায় কিছু ইউনিভার্সিটির নাম বলুন মোটামুটি ভালো মানের,neutral
ভাইয়া আপনি এতো সব ভিডিওতে সিরিয়াস মুডে কথা বলেন কেন?? হেসে তো কথা বলতে পারেন 😶,neutral
"আসসালামু আলাইকুম... বিশ্ববিদ্যালয়গুলোকে কিসের ভিত্তিতে বিভিন্ন গ্রেডে বা লেভেলে (এ, বি, সি, ডি) ভাগ করা হয়? এ, বি, সি, ডি গ্রেডের বিশ্ববিদ্যালয়গুলোর মধ্যে পার্থক্য কি... আর কিভাবে এই বিশ্ববিদ্যালয়গুলো আলাদা করা উচিত আর কিভাবে পছন্দক্রম সাজানো ভালো হবে?",neutral
ভাইয়া ইউনিভার্সিটির প্রফেসর হওয়ার রুলস নিয়ে একটা ভিডিও দেন। প্লিজ।,neutral
ভাইয়া ফার্মেসির জন্য কোন প্রাইভেট ইউনিভার্সিটি বেস্ট হবে?,neutral
ভিডিওটা অনেক দরকার ছিল। কারণ ইউনিভার্সিটি নিয়ে আমার কোনো আইডিয়াই ছিল না। থ্যাংকস অ্যা লট ভাই ❤,neutral
আচ্ছা ভাইয়া পাবলিক ভার্সিটিতে কি সব সাবজেক্ট ইংলিশে পড়তে হয়??,neutral
"ভাই, ট্যুরিজম অ্যান্ড হসপিটালিটি ম্যানেজমেন্ট এর জন্য কোন প্রাইভেট ইউনিভার্সিটি ভালো হবে?",neutral
",ll",neutral
🤣🤣🤣,neutral
সেইম টু মি,neutral
ইয়েস,neutral
জি ভাই,neutral
বাংলা বাদে সব সাবজেক্ট ইংলিশে।,neutral
ডিআইউ,neutral
ভাইয়া ড্যাফোডিল ইউনিভার্সিটি - সিএসই থেকে কি ইস্ট ওয়েস্ট ইউনিভার্সিটি সিএসই ভালো হবে?,neutral
"অসংখ্য ধন্যবাদ, ভাই। ভার্সিটি সম্পর্কিত বেশিরভাগ দিকনির্দেশনা এক ভিডিওতেই পেয়ে গেলাম।",neutral
ভাই প্রাইভেট ইউনিভার্সিটিতে কি অ্যাটেন্ডেন্সেস কি রকম পড়াশোনার পাশাপাশি কি জব বা বিজনেস করা যাবে কি,neutral
থ্যাংকস,neutral
একটা জিনিষ ক্লিয়ার হতে চাচ্ছি... আমি একটা প্রাইভেট ইউনিভার্সিটিতে যদি 1-2 ইয়ার পড়ার পরে অন্য একটা প্রাইভেট ইউনিভার্সিটিতে যেতে চাই... তো আমি যতটুকু শেষ করেছি এখন অন্য ইউনিভার্সিটি গিয়ে কি বাকি ইয়ার শেষ করতে পারবো নাকি আবার শুরু থেকে পড়তে হবে?,neutral
আশা করি এভাবে কোয়ালিটিফুল ভিডিও বানিয়ে আমাদের সহায়তা করবেন। ধন্যবাদ।,neutral
"আপনারা যারা স্প্রিং 2023 সেশনে নর্থ সাউথ বিশ্ববিদ্যালয়ে এডমিশন এক্সামের কথা ভাবছেন, তাদের জন্য এনএসইউ স্টুডেন্টদের একটি টীম - এনএসইউ ইনসাইডার্স কাজ করছে।",neutral
ভাইয়া আমি ডিপ্লোমা হোল্ডার সিভিলে বিএসসি করতে চাই ইভিনিং শিফট কোন ইউনিভার্সিটি ভালো হবে। যদি সরকারি চাকুরীজীবি হয়,neutral
ভাই প্রাইভেট ইউনিভার্সিটিতে এক্সাম কি ভাবে নেয় এবং এটার খাতা কিভাবে দেখে বললে একটু নিশ্চিত হতাম।,neutral
হ্যালো ভাইয়া... ঢাকায় কোন কোন প্রাইভেট ইউনিভার্সিটিতে গার্লসদের জন্য হোস্টেল আছে??? হিউম্যানিটিজ ব্যাকগ্রাউন্ডের কোন সাবজেক্টগুলো বেস্ট??,neutral
ভাইয়া আমি এসএইচআইএস সাবজেক্টটা নিয়ে পড়তে চাই। এখন প্রাইভেট ইউনিভার্সিটিতে নাকি সব ইংলিশ ভার্সনে পড়ানো হয় এক্সামও দিতে হয় নাকি ইংলিশে। এখন আমার কতটা ইংলিশ জানতে হবে ওই ভার্সিটিতে পড়ার জন্য,neutral
বালের ভিডিও,neutral
ডিউ রিলেটেড ইঞ্জিনিয়ারিং কলেজ পড়া ভালো না প্রাইভেট ইউনিভার্সিটি ভালো হবে,neutral
ল্যাব/সেশনাল সাবজেক্টে ফেল করলে প্রাইভেট ইউনিভার্সিটি তা কি ইয়ার ড্রপ হয়,neutral
4 মান্থ ইজ কল্ড ট্রাইমিস্টার নট সেমিস্টার,neutral
ভাইয়া ডিউ অ্যাফিলিয়েটেড 7 কলেজে কেমন কোর্স হয়ে থাকে। ইউনিভার্সিটির সাথে পার্থক্য কি?,neutral
"আটারলি বোগাস! অ্যাডমিশন টেস্ট কোশ্চেনস আর বিলো দ্যা মিনিমাম স্ট্যান্ডার্ড লেভেল! আর আপনি বলছেন এটা দ্যা মোস্ট এলিট ইউনিভার্সিটি ইন বাংলাদেশ? 🤣 ওহ মাই মাই, দেন হোয়াট ইজ বুয়েট ডুয়িং? মোয়িং দ্যা গ্রাস? গুড লর্ড! হাউ ডিড আই মিস দিস কমেডি! 🤮 আর আপনি বলছেন দ্যা লেকচার ম্যাটেরিয়ালস আর ডেলিভার্ড, ওয়ার্ল্ডওয়াইড? সিরিয়াসলি! মেট, আই স দ্যা ইইই কোশ্চেনস অফ দিস শিট ভার্সিটি, অ্যান্ড আই ওয়াজ লিটারেলি ডাইং আউট অফ লাফটার হাউ ক্যান দ্যা টিচার্স অ্যাভেইল দেম উইথ এইচএসসি লেভেল কোশ্চেনস 🤣🤣, অ্যান্ড অ্যাজ এক্সপেক্টেড, দেই কুডন্ট ম্যানেজ টু অ্যানসার দ্যাট এদার! দিস ইওর ওয়ার্ল্ড ওয়াইড ইউনিভার্সিটি? 🤣🤣 বেসিক্যালি ইউ গাইজ হায়ার দ্যা টিচার্স ফ্রম আওয়ার ইউনিভার্সিটি, অ্যাকচুয়ালি, এভরি প্রাইভেট ইউনিভার্সিটি হায়ার্স টিচার্স ফ্রম বুয়েট ইন টেকনিক্যাল সাবজেক্টস এক্সডি। অ্যান্ড ফর ইওর সিএসই কনসেনসাস, হোয়াট ওয়াজ দ্যা রেজাল্ট অফ আইসিপিসি অ্যাগেইন? :3 বুয়েট জাস্ট নেইল্ড ফ্রম দ্যা র‍্যাংকিং অফ 1st টু 40th! ডিউ অলসো ওয়াজ দেয়ার। বাট হোয়ার ইজ ইওর এনএসইউ অ্যান্ড আদার বুলশিটস। স্টপ ডিসিভিং দ্যা ইয়াংগার্স অ্যাসহোল।",pro_public
ভাইয়া প্রাইভেট ইউনিভার্সিটিতে ভালো রেজাল্ট করতে হলে কেমন স্টাডি করতে হবে???,neutral
হাই ভাইয়া। ভাইয়া একটা কোশ্চন। মিস্টে পিকনিকের দিকে সাবজেক্ট যেমন পিএমই'তে পড়া ভালো হবে নাকি এনএসইউতে??,neutral
আমার নামও উৎসো,neutral
ইডব্লিউউতে সিএসই বেটার ড্যাফো'র চেয়ে।,neutral
♥️♥️♥️,neutral
আপনার কোশ্চন বুঝি নাই,neutral
বানান ঠিক করলে অবশ্যই বিজনেস করা যাবে,neutral
"হ্যাঁ, পারবেন। শুরু থেকে পড়তে হয় না।",neutral
আবাল,neutral
@thisistheendingof ক*** পোলা তোর মা রে c****,neutral
কি ভাই পাসা চুলকায় তোমার? ইউনি ইনফরমেশন রিলেটেড ভিডিও বানাইসে কোথাও এসেই তো বলেন নাই প্রাইভেট ভালো পাবলিক খারাপ... নিজের পাবলিক ইউনিভার্সিটির প্রতিফলন তো নিজেই দিতেছো এতো বড় রচনা তা লিখে লল,neutral
ফর ইন্ডিয়ান এডুকেশন সিস্টেম অ্যান্ড ইন্ডিয়ান কলেজেস ইউ ক্যান গো থ্রু দ্যা ওয়েবসাইট https://apnacollege.net,neutral
হাই মেট!,neutral
@iamutsho হেল্লো,neutral
ফর ইন্ডিয়ান এডুকেশন সিস্টেম অ্যান্ড ইন্ডিয়ান কলেজেস ইউ ক্যান গো থ্রু দ্যা ওয়েবসাইট https://apnacollege.net,neutral
ভাইয়া এনএসইউতে কি অ্যাডমিশন ছাড়া অ্যাডমিট হওয়া যাবে ল'তে?,neutral
ভাইয়া ল' এর জন্য ড্যাফোডিল কেমন,neutral
"গুড কনটেন্ট, মাশাআল্লাহ 👍",neutral
ভাইয়া.... সিটি ইউনিভার্সিটি........ সিএসই এর জন্য কতোটুকু ভালো হবে.... কম বাজেটের মধ্যে.. একটু বলে দিলে ভাইয়া আমার জন্য ভালো হতো,neutral
অসাধারণ ❤️,neutral
কম খরচে এলএলবি করা যায় এমন একটি বিশ্ববিদ্যালয়ের নাম বলুন কে,neutral
এনএসইউ অ্যান্ড ব্র্যাক ইত্যাদি ইউনিভার্সিটির সিএসই এর অ্যাডমিশন এক্সাম নিয়ে একটা ভিডিও দেন ভাই,neutral
ভাইয়া হেল্প প্লিজ!! আমার বাজেট কম। আমি টেক্সটাইল নিয়ে পড়ার ইচ্ছা। টেক্সটাইল এর জন্য গ্রিন ইউনিভার্সিটি কেমন হবে?? গ্রিন ইউনিভার্সিটি থেকে টেক্সটাইল নিয়ে পড়ে গ্রাজুয়েট হওয়ার পর জব মার্কেটে এর কদর কেমন?,neutral
এখন নাকি সব ভার্সিটিতে ৬ মাসে ১ সেমিস্টার হবে?,neutral
আমি ২০১৬ এইচএসসি পাস করেছি প্রাইভেট বিশ্ববিদ্যালয়ে ভর্তি হতে পারবো,neutral
ভাইয়া এনএসইউতে সিভিল কেমন হবে? ভালো সিজিপিএ মেইনটেইন করা পসিবল?,neutral
বিবিএ করার জন্য প্রাইভেট ইউনিভার্সিটি কোনটা ভালো হবে ??,neutral
ভাইয়া বিসিএস এর জন্য বিবিএ ওর ইংলিশ ওর ইকোনমিক এর মধ্যে কোনটা ভালো হবে????,neutral
ভাইয়া মেকানিক্যাল এর জন্য কোন ইউনিভার্সিটি ভালো হবে ?,neutral
ভিয়া নরমাল প্রাইভেট ইউনিভার্সিটিতে সিএসইতে পড়ে কিভাবে ভালো করা যায় প্লিজ এটা নিয়ে একটা ভিডিও বানাবেন 🖤❤️,neutral
ধন্যবাদ,neutral
রিটেক নিলে কি ওই ক্রেডিট এর জন্য আবার ক্রেডিট ফি দিতে হয়???,neutral
ভাইয়া নর্থ সাউথ এর অ্যাডমিশন শুরু হবে কবে.. 🙄,neutral
থ্যাংক ইউ,neutral
ভাই অনার্স লেভেলের ইংলিশ রাইটিং কীভাবে ইমপ্রুভ করবো তার উপর একটা ভিডিও তৈরি করেন। এছাড়াও নর্থসাউথ ও ব্র্যাক বিশ্ববিদ্যালয়ের স্টুডেন্টদের মতো কীভাবে ইংরেজি স্পিকিং এ ভালো হতে পারি এর উপর ভিডিও তৈরি করেন 🙏😭,neutral
নোপ!,neutral
@iamutsho ভাইয়া ল' এর জন্য এনএসইউ অ্যান্ড আইইউবি অ্যাডমিশন এক্সামে কি কি সাবজেক্ট আসবে?,neutral
জাযাকাল্লাহু খাইরান! ♥️ প্লিজ কিপ মি ইন ইওর প্রেয়ার্স! ♥️✨,neutral
থ্যাংকস অ্যা লট! ❤️ হ্যাপি রমজান মুবারক! ✨,neutral
ফর ইন্ডিয়ান এডুকেশন সিস্টেম অ্যান্ড ইন্ডিয়ান কলেজেস ইউ ক্যান গো থ্রু দ্যা ওয়েবসাইট https://apnacollege.net,neutral
লেটস সি কি হয়... আমার ইউনিভার্সিটি এখনো কোনো অফিসিয়াল নোটিস দেয় নি.....,neutral
না,neutral
ফর ইন্ডিয়ান এডুকেশন সিস্টেম অ্যান্ড ইন্ডিয়ান কলেজেস ইউ ক্যান গো থ্রু দ্যা ওয়েবসাইট https://apnacollege.net,neutral
আস্ট,neutral
@iamutsho থ্যাংকস ভাইয়া,neutral
বুয়েট,neutral
"ইন শা আল্লাহ, এই টপিকে ভিডিও আসবে সুন!",neutral
@iamutsho থ্যাংকস ভিয়া ❤️🖤😊,neutral
✨❤️,neutral
হ্যা 🤐,neutral
নেক্সট অ্যাডমিশন রমজানের পরে মেবি,neutral
ইটস অ্যা প্লেজার! ✨✨,neutral
আইইএলটিএস এর জন্য প্রিপারেশন নিলে এবং ভালো স্কোর করার ট্রাই করলে ইংলিশ কমিউনিকেশনের ওভারঅল সব গুলো সেগমেন্টই কাজে আসবে বলে আমার মনে হয়!,neutral
টেক লাভ উৎসো ❤️,neutral
আপনি সব কিছু ভালোভাবে ক্লিয়ার করেন ❤️❤️,neutral
ভাইয়া অনেক হেল্পফুল ভিডিও 🥰🥰,neutral
ইউএপি'র বি.ফার্ম'র অ্যাডমিশন কেমন?,neutral
ভাইয়া ইইই এর জন্য কোন প্রাইভেট ভার্সিটি ভালো হবে??,neutral
ভাই এনএসইউতে ভর্তি পরীক্ষা সম্পর্কে বলেন,neutral
ভাইয়া এনএসইউতে অ্যাডমিশন নিতে চাই কিন্তু এনএসইউতে ভাইয়া যে ভাইভা এক্সাম নেই ওটা কিভাবে নেই। আমি ইংলিশে একটু উইক। আপনি ভাইয়া এনএসইউ রিটেন আর ভাইভা এক্সাম নিয়ে একটা ভিডিও করেন,neutral
"ভাইয়া এনএসইউ, ব্র্যাক ইত্যাদিতে অ্যাডমিশন প্রসেস নিয়ে কাইন্ডলি তাড়াতাড়ি একটা ভিডিও দিলে খুশি হবো।",neutral
"এই ভিডিওতে অনিচ্ছাকৃতভাবে একটি খুবই ভুল তথ্য দেওয়া হয়েছে। এটা স্লিপ অফ টাং ছিলো! আমি অত্যন্ত দুঃখিত। আমি এর সংশোধনী এখানে দিয়ে দিচ্ছি! ভিডিওতে বলা হয়েছে, আপনাকে ব্যাচেলরের চার বছরে '120-150 টি কোর্স' করতে হতে পারে। এটা আসলে '120-150 ক্রেডিট' হবে। 'ক্রেডিট' এর পরিবর্তে 'কোর্স' বলাটা একটা স্লিপ অফ টাং ছিলো। ব্যাচেলরের চার বছরে আপনাকে রাফলি ৩৫ থেকে ৫০ টি কোর্স করতে হতে পারে। এবং এর জন্য ৩৫-৫০ টি আলাদা আলাদা বই পড়তে হতে পারে।",neutral
ভাইয়া এনএসইউতে অ্যাডমিশন নেওয়ার প্রসেস নিয়ে ভিডিও মেক করেন,neutral
ভিয়া গ্রেড পয়েন্ট 8 কম হলে কি এনএসইউ অ্যাডমিশনের জন্য অ্যাপ্লাই করা যাবে...! আমি এবার এইচএসসি এক্সাম দিয়াছি.. এখনো রেজাল্ট আসে নাই বিটিডব্লিউ জাস্ট ইনফরমেশন নেওয়ার জন্য বলছি আর বিবিএ এর জন্য এনএসইউ'র পর আপনার মতে আর কোন কোন প্রাইভেট ইউনিভার্সিটি ভালো হবে..!,neutral
"120-150 কোর্স বলা হয়েছে, এটা ক্রেডিট হবে",neutral
"ভাইয়া আপনার সাজেশন মতো ব্র্যাক ইউনিভার্সিটিতে সিএসই ডিপার্টমেন্টে ভর্তি হয়েছি। তো ভাইয়া আপনি আগের ভিডিওতে স্টুডেন্টদের সেলফ ফাইন্যান্সিয়াল সাপোর্ট নিয়ে ভিডিও বানাবেন বলছিলেন। হেল্প হতো খুব। এখন বিগিনার হিসেবে কি কি স্কিল ডেভেলপমেন্ট করা উচিত? এখন কি ফারহান ভাইয়ের একাডেমি থেকে ডিজিটাল মার্কেটিং শিখা ঠিক হবে? নাকি অন্য কিছু? আমাদের পাইথন দিয়ে শুরু করে অনেকে নিজে নিজে প্রথম থেকে সি, সি++ শিখতে বলছে আপনার মতামত কি? প্রথম থেকে কিভাবে পড়লে সিজি ভালো রাখা যাবে, প্রোগ্রামিং বা ক্লাব অ্যাক্টিভিটির পাশাপাশি?",neutral
ভাইয়া সিভিল এর জন্য টপ 3-4 টা ইউনিভার্সিটি সিলেক্ট করে দিবেন.. অবশ্যই জানো আইইবি অ্যাক্রেডিটেড হয়... রিসেন্ট 🙄🙄🙄,neutral
ভাই নর্থ সাউথ ইউনিভার্সিটি এলএলবি টোটালি অ্যামাউন্ট কতো লাগবে,neutral
ভাইয়া আপনার ভিডিওর অপেক্ষায় থাকি আপনার কথা বলা আর বুঝানোর স্টাইল অন্য ইউটিউবার থেকে অনেক আলাদা।,neutral
ভাইয়া নর্থ সাউথ সিএসই এর জন্য কেমন? শুনছি... সিজিপিএ তোলা খুব টাফ... জব মার্কেটে এটার প্রভাব কেমন পড়বে? আর 960000 টাকার বাহিরে কি কোনো কস্ট আছে?,neutral
থ্যাংকস অ্যা লট! ♥️♥️✨✨,neutral
থ্যাংকস অ্যা লট ফর দ্যা কমপ্লিমেন্ট! ♥️✨✨,neutral
থ্যাংকস অ্যা লট ভাইয়া ❤️✨,neutral
বেশ ভালো,neutral
@iamutsho অ্যাডমিশন টেস্টের কোশ্চেন ডিফিকাল্টির কথা বলছি,neutral
আস্ট এনএসইউ ব্র্যাকইউ,neutral
@iamutsho থ্যাংকস 😊,neutral
এনএসইউতে ভর্তি পরীক্ষা অনেক সহজ... কিন্তু ইংলিশটা একটু ভালো মতো দেখেন,neutral
"ইন শা আল্লাহ, এনএসইউ'র অ্যাডমিশন টেস্ট নিয়ে একটা সেপারেট ভিডিও আপলোড করবো! ♥️✨✨",neutral
🥰,neutral
"ইন শা আল্লাহ, ভাইয়া... ভিডিও আসবে ♥️✨✨",neutral
ভাই বিবিএ ডিপার্টমেন্টে তো 40 থেকে 42 টা কোর্স করতে হয় 4 বছরে,neutral
আমি এটা শুনে প্রথমে ঘাবড়ে গেছিলাম,neutral
ভাইয়া ডে প্রোগ্রাম বলতে কি বোঝায় প্লিজ এক্সপ্লেইন 🙏,neutral
ইন শা আল্লাহ,neutral
টোটাল গ্রেড পয়েন্ট 8.00 এর নিচে থাকলে এনএসইউতে অ্যাপ্লাই করা যাবে না ভাইয়া......,neutral
"থ্যাংকস অ্যা লট, ইউ সেইভড মি! ♥️♥️✨✨",neutral
"কংগ্রাচুলেশনস, ভাইয়া! ✨✨ বেস্ট উইশেস ফর ইওর নিউ জার্নি! ♥️♥️ ১। সেলফ ফাইন্যান্স নিয়ে ভিডিওটা খুব সম্ভবত আগামী সপ্তাহে আসতে যাচ্ছে! আমি খুব চেষ্টা করবো, আগামী সপ্তাহেই ভিডিওটা দিতে, ইন শা আল্লাহ। ২। বিগিনার হিসেবে যেসব স্কিল ডেভলপ করা যেতে পারে, তা নিয়েও ফাইন্যান্স এর ভিডিওটাতে কথা হবে, ইন শা আল্লাহ। ৩। ডিজিটাল মার্কেটিং ফিল্ডে স্কিল ডেভেলপ করতে চাইলে ফারহান ভাইয়ের একাডেমি ওয়ান অফ দ্যা বেস্ট অপশন হতে পারে। ৪। পাইথন থেকে শুরু করে সি++ পর্যন্ত ভালোভাবে রপ্ত করার পরামর্শটা খুবই কাজের! এটা করতে পারলে প্রোগ্রামিং এর বেইজ অনেক স্ট্রং হবে, ইন শা আল্লাহ। ৫। আপনার সর্বশেষ কোয়েশ্চনটা নিয়ে একটা সেপারেট ভিডিও দিবো, ইন শা আল্লাহ।",neutral
"এনএসইউ, আইইউবিএটি, আস্ট, ইউএপি",neutral
@nhsejan3816 ডেট এক্সপায়ার্ড হয়েছে শুনলাম... রিনিউ হচ্ছে.... 🙄🙄,neutral
সব চার্জেস সহ অ্যারাউন্ড 10.20 লাখ,neutral
"থ্যাংকস অ্যা লট ভাইয়া, ফর সাচ অ্যান ইন্সপায়ারিং কমপ্লিমেন্ট! ♥️✨✨",neutral
"নর্থ সাউথে সিএসই বেশ ভালো। পড়াশোনা না করলে এখানে সিজি তোলা বেশ টাফ। জব মার্কেটে প্রভাব খুব ভালো। 9.60 লাখ টিউশন ফি + (9.5K * 12 = যেটা হয়, এটা 4 বছরে আদার্স যা যা সার্ভিসেস আছে সবগুলোর টোটাল চার্জ)",neutral
ওয়া আলাইকুম আসসালাম,neutral
ইনশাআল্লাহ,neutral
৩:৪০,neutral
এই লোকটি এখনো কেন প্রাসঙ্গিক? কনোরকে কোচিং এবং খাবিবের বিরুদ্ধে লড়াইয়ের তার কী অর্জন? আমি আশা করি খামজাত তাকে রিটায়ার করবে,neutral
ভাইয়া প্লিজ আমার মেসেজের রিপ্লাই দিন..আমি এইচএসসি ২৫ ব্যাচের একজন স্টুডেন্ট..মেডিকেল প্রিপ নিয়েছিলাম তা হয়নি..আস্তে আস্তে এভাবে কোনো পাবলিক ইউনিভার্সিটিতেই চান্স পাইনি..এখন ফ্যামিলি প্রাইভেট ইউনিভার্সিটিতে ভর্তি করতে রাজি না..আমাকে বলে যে হলে প্রাইভেট মেডিকেলে ভর্তি হও..এখন কী করা উচিত আমার ভাইয়া একটু বলেন প্লিজ,neutral
"ভাইয়া আসসালামুআলাইকুম...
ভাইয়া আমি খুব সমস্যায় আছি
আমি এইচএসসি-২৫ ব্যাচের স্টুডেন্ট
মিডল ক্লাস ফ্যামিলিতে বেলং করি...

এখন ভাইয়া এবার আমার কোনো না কোনো কারণে চান্সটা হাতে পেয়েও মিস গিয়েছে
এই অবস্থায় ভাইয়া

এখন আমি সেকেন্ড টাইম প্রিপারেশন নিয়ে
নিজের স্বপ্নটা পূরণ করতে চাই কিন্তু ফ্যামিলি চিন্তা করছে ১ বছর গ্যাপ পড়বে... সবাই আগাই চলে যাবে আমি পিছে পড়ে থাকবো
তো ওরা আমাকে প্রাইভেটে পড়ানোর জন্য জোর করছে বলছে
প্রাইভেটে পড়ে সেকেন্ড টাইম প্রিপারেশন নাও
ফ্যামিলিকে অনেকবার বুঝিয়েছি... কিন্তু ওরা বুঝতে চাচ্ছে না.. ওরা শুধু চিন্তা করছে লাইফ থেকে ১ বছর এমনি এমনি চলে যাবে
যদি সেকেন্ড টাইম চান্স না হয় তখন কী হবে এগুলো নিয়ে.. এখন ভাইয়া আমি কী করবো বুঝতে পারছি না...
হেল্পলেস হয়ে যাচ্ছি..",pro_public
"গ্রিন ইউনিভার্সিটি কেমন?
আমি সিএসই নিয়ে পড়তে চাই🥺",neutral
"স্যার, আমি জিএসটি'তে চান্স পাই নি😢😢😢😢 আমার হাসব্যান্ড আমাকে ন্যাশনালেও ফর্ম উঠাতে দেয় নি...এখন আমি কী করবো😢😢😢😢",neutral
"জাতীয় বিশ্ববিদ্যালয়ের ডিগ্রি (পাস) কোর্সে, প্রফেশনাল কোর্সের ভর্তি হওয়া ভালো",neutral
ভাইয়া ডিআইইউ কেমন হবে,neutral
"কোর্স কারিকুলাম ডিপার্টমেন্ট অফ ম্যানেজমেন্ট স্টাডিজ
বেগম রোকেয়া বিশ্ববিদ্যালয়, রংপুর
(সব বিষয় ফুল ইংলিশ ভার্সন)
প্রিন্সিপলস অফ ম্যানেজমেন্ট
ইন্ট্রোডাকশন টু বিজনেস
প্রিন্সিপলস অফ মার্কেটিং
প্রিন্সিপলস অফ অ্যাকাউন্টিং
মাইক্রোইকনোমিক্স
বিজনেস কমিউনিকেশন
বাংলাদেশ স্টাডিজ
প্রিন্সিপলস অফ ফাইন্যান্স
ম্যাক্রোইকনোমিক্স
বিজনেস ম্যাথমেটিক্স
ভাইভা-ভোস
লিগ্যাল অ্যাসপেক্টস অফ বিজনেস (ল) বিজনেস এনভায়রনমেন্ট
বিজনেস স্ট্যাটিসটিক্স
কম্পিউটার ইন বিজনেস
জেনারেল সায়েন্স অ্যান্ড এনভায়রনমেন্ট
হিউম্যান রিসোর্স ম্যানেজমেন্ট
ম্যানেজেরিয়াল ফাইন্যান্স
ব্যাংক ম্যানেজমেন্ট
ইন্সুরেন্স অ্যান্ড রিস্ক ম্যানেজমেন্ট
মার্কেটিং ম্যানেজমেন্ট
অ্যাডভান্সড স্ট্যাটিসটিক্স
ভাইভা-ভোস
ম্যানেজেরিয়াল অ্যাকাউন্টিং
এন্টারপ্রেনারশিপ ডেভেলপমেন্ট অ্যান্ড এসএমই ম্যানেজমেন্ট
নলেজ ম্যানেজমেন্ট
বিজনেস এথিক্স
ট্যুরিজম অ্যান্ড হসপিটালিটি ম্যানেজমেন্ট
ম্যানেজমেন্ট প্র্যাক্টিসেস ইন বাংলাদেশ
ম্যানেজমেন্ট ইনফরমেশন সিস্টেমস
অর্গানাইজেশনাল বিহেভিয়ার
বাংলাদেশ ইকনোমি
অপারেশন্স ম্যানেজমেন্ট
ইনকাম ট্যাক্স ইন বাংলাদেশ
এগ্রিবিজনেস ম্যানেজমেন্ট
ভাইভা-ভোস
ম্যানেজমেন্ট থটস
প্রোজেক্ট ম্যানেজমেন্ট
ক্যারিয়ার ম্যানেজমেন্ট
ই-বিজনেস
ইনভেস্টমেন্ট অ্যানালাইসিস অ্যান্ড পোর্টফোলিও ম্যানেজমেন্ট
অর্গানাইজেশনাল ডেভেলপমেন্ট
ইন্ডাস্ট্রিয়াল এক্সপ্লোরেশন
স্ট্র্যাটেজিক ম্যানেজমেন্ট
সাপ্লাই চেইন ম্যানেজমেন্ট
ইন্ডাস্ট্রিয়াল রিলেশন
ইন্টারন্যাশনাল বিজনেস
ইন্টার্নশিপ ইন ব্যাংক (তিন মাস)
রিসার্চ মেথোডোলজি
ভাইভা-ভোস (ডিফেন্স ইন্টার্ন রিপোর্ট পেপার)",neutral
❤️❤️,neutral
"ঢাকায় ফ্যাসিলিটিজ বেশি, এনএসইউ, ব্র্যাক, ইস্ট ওয়েস্ট, আইআইউবি টপ মোস্ট ইউনিভার্সিটি‼️",pro_private
ভাইয়া এই কোর্স কি এখন কিনে পড়া যাবে? নাকি জাস্ট বই পড়বো,neutral
ভাইয়া বইয়ের প্রাইস?,neutral
"ভাইয়া যারা ইংরেজি খুব কম পারে, ওদের জন্য কী ভর্তি হওয়া উচিত প্রাইভেটে??",neutral
"১:৫০ ভাই ব্যাপারটা ইলজিক্যাল
এ বছর স্টুডেন্টস সংখ্যা < অন্যান্য বছর
কারণ ৪৮% ফেইল্ড
আর অনেকেই সেকেন্ড টাইমও নিবে",neutral
"এশিয়া ইউনিভার্সিটির বিষয়ে বলেন, অ্যালুমনি আছে?",neutral
বইটা পেতে চাই!??,neutral
ভাই রাজশাহী ইউনিভার্সিটির লাস্টের দিকের সাবজেক্টে যাওয়া ভালো হবে নাকি ব্র্যাকের সিএসই বেটার হবে? স্পেসিফিক সাবজেক্ট নিয়ে প্যাশন নাই কিন্তু বাইরে যাওয়া নিয়ে একটু ম্যাডনেস আছে,neutral
ভালো আমার ভাই পড়ছে,neutral
"আইআইউবি আগে ভালো ছিল, স্কিপ",neutral
"হ্যাঁ আমি নিজেও এখনো ইংরেজিতে অনেক দুর্বল।
আমিও তো প্রাইভেটে পড়তেছি।",neutral
"ভাইয়া, এমবিএ'তে ভর্তি হতে চাই, কেমনে প্রিপারেশন নিবো?",neutral
রাজশাহীর অধিভুক্ত প্রাইভেট ইউনিভার্সিটির রংপুর ইঞ্জিনিয়ারিং প্রাইভেট ইউনিভার্সিটিতে কি পড়া ভালো হবে?,neutral
"ন্যাশনাল ইউনিভার্সিটির অধীনে যত সরকারি কলেজ আছে
সেগুলোতে কেমন হবে।",neutral
হিউম্যানিটির জন্য কোনো কোর্স আছে ভাইয়া,neutral
বাল মাকনা,neutral
"ভাইয়া, এনএসইউ'র সামার ২০২৬ এর জন্য কোন কোর্সটা করবো??",neutral
ভাইয়া চট্টগ্রামের মধ্যে ফার্মেসির জন্য কোন প্রাইভেট ভার্সিটি ভালো হবে?? প্লিজ একটু বলেন,neutral
"আমি এখন ইস্ট ওয়েস্টে আছি... জেনেটিক ইঞ্জিনিয়ারিং অ্যান্ড বায়োটেকনোলজি ডিপার্টমেন্টে...যদিও আমি জাহাঙ্গীরনগরে চান্স পাইছিলাম...আমার বায়োকেমিস্ট্রি সাবজেক্ট আসছে...কিন্তু আমি যাই নাই...আমার বাসার সামনে ইস্ট ওয়েস্ট...একটা ভালো সাবজেক্ট পাইছি এখানে...তার উপর শুনলাম আমার এক ফ্রেন্ড নাকি জেইউ'তে ফার্মেসিতে চান্স পাইছে...ওর সাথে কথা বলে দেখলাম..ওদের এতো সেশন জট লাগে রে...ও এখনো অনেক পিছিয়ে আছে..আর আমি ২য় বর্ষে উঠে গেলাম.... প্রাইভেট ভার্সিটিতে মারাত্তক প্রেসার! আমার একদম পাগলের মতো অবস্থা... মোটামুটি যা দেখলাম ইস্ট ওয়েস্টে.. ম্যাক্সিমাম স্টুডেন্ট সারাদিন খালি কুইজ, মিড, অ্যাসাইনমেন্ট, গ্রুপ ওয়ার্ক, প্রেজেন্টেশন, স্পট অ্যাসেসমেন্ট, ভাইভা...(আরো কতো কি!) এসব নিয়ে দৌড়ি দৌড়ি করে....

একদিন এক সিনিয়র আপু বললেন ""আগে যদি জানতাম তাহলে পাবলিকেই পড়তাম। অন্তত এখানে আসিয়া বাস খাইতাম নাহ"".. ওই আপু তো ঢাবিতে চান্স পাইছিলো ইকনোমিক্সে..কিন্তু এখন ইস্ট ওয়েস্টে পড়ে...

যে যাই বলুক... প্রাইভেটের পড়ার প্রেসার...যারা পাইছেন তারাই জানে কি ভয়ানক!",pro_public
সাউথইস্ট কেমন ভাইয়া?,neutral
ভাইয়া আর্টস থেকে কোন ইউনিভার্সিটি বেস্ট হবে?,neutral
প্রাইভেট ইউনিভার্সিটিতে ভর্তি হতেও পরীক্ষা দেওয়া লাগে?,neutral
ড্যাফোডিল কেমন?,neutral
৩:৫১ 😂,neutral
ভাই রে যদি টাকাই না থাকে কেমনে পড়ুম প্রাইভেটে?,neutral
"আমার দরকার বইটা।
কিভাবে পাওয়া যাবে।",neutral
"ভাই, ডিসকাউন্টের জন্য কোড কি অ্যাভেইলেবল আছে?",neutral
প্রাইভেটে কয়েক বছর পরে জাতীয় বিশ্ববিদ্যালয়ে পড়া যাবে নাকি??,neutral
"বুঝতে পারছি না, খারাপ করুক যাই করুক, পাবলিকের সিট সংখ্যা তো কমে নাই আগের মতোই আছে। তাহলে আগের তুলনায় এবার প্রাইভেট বেশি হবে কেমনে?",neutral
এগ্রিকালচার সাবজেক্টের জন্য আইইউবিএটি ইউনিভার্সিটি কেমন হবে?,neutral
মিড লেভেল প্রাইভেট ইউনিভার্সিটি কেমন?,neutral
কোন ব্যাচে আপনি,neutral
এইচএসসি ২০২৩,neutral
হ্যাঁ,neutral
"ইস্ট ওয়েস্ট ইউনিভার্সিটি এডমিশন কোর্স ডিসকাউন্ট কোড - রিভাইভ৪০
ব্র্যাক ইউনিভার্সিটি এডমিশন কোর্স ডিসকাউন্ট কোড - রিভাইভ৪০
আমাদের বই সম্পর্কিত আপডেট জানতে বা বই কিনতে ভিজিট করুন:
https://www.facebook.com/qnapublication?mibextid=ZbWKwL
যে কোনো প্রয়োজনে মেসেজ (হোয়াটসঅ্যাপ) অথবা কল করুন আমাদের এই নাম্বারে
+৮৮০ ১৭৮৭-৮৫২৯৮৯।",neutral
কম্পিটিশন বেশি ভাই প্রতি বছর বাড়তেছে তেলাপোকার মতোন...প্রচুর...ইভেন জিএসটি'তেও হার্ড কোশ্চেন করতেছে জাস্ট কম্পিটিশনের জন্য,neutral
সিভাসু নিয়ে একটা বানান না ভাইয়া..প্লিজ,neutral
"এই বইয়ে জাস্ট ম্যাথ আর ইংলিশ আছে। বাকি ফিজিক্স, কেমিস্ট্রি, বায়োলজি নেই..
বইয়ের কভারে দিয়ে রেখেছে ফিজিক্স, কেমিস্ট্রি, বায়োলজি, ম্যাথ, ইংলিশ।",neutral
"ভাইয়া আমি কিছু ইনফরমেশন জানতে চাই, প্রাইভেট ইউনিভার্সিটিতে কি রেগুলার ক্লাস করতে হবে, কারণ আমি জব করতে চাই পাশাপাশি প্রাইভেট ইউনিভার্সিটিতে পড়তে চাই",neutral
আনাস ভাই কমার্সদের নিয়েও কিছু বলেন ভাই। আপনি এ তো আসেন।,neutral
"অনার্স শেষ হয়ে যাবে পরের বছরে, আমিও প্রাইভেট বিশ্ববিদ্যালয়ে পড়তেছি, অনেক কিছু শিখেছি আর জানতে পেরেছি। ভাইয়ার কথাগুলো একদম সঠিক।",pro_private
ভাইয়া ৭ কলেজ নিয়ে কিছু বলবেন দয়া করে,neutral
আমার ৩৩৩০০ আমার কি কোনো মেডিকেল আসবে। আসলেও কোনগুলো আসবে?,neutral
আনাস ভাই আসলেই বেস্টটটট,neutral
"ভাইয়া প্লিজ একটা রিয়েল কথা বলবেন

চাকরির ক্ষেত্রে কি পাবলিক থেকে পড়া একটা ক্যান্ডিডেটকে বেশি গুরুত্ব দেওয়া হয় প্রাইভেট থেকে পড়া একজনের তুলনায়?",neutral
ভাইয়া আমি ঢাকা থাকি ফ্যামিলিও ঢাকার বাইরে যেতে দিবে না তাছাড়া আমিও মনে করছি ঢাকা থাকলে কিছু একটা হবে আমার কি জিএসটি অ্যাপ্লাই করা উচিত হবে,neutral
আরে ভাইয়া মা বাপকে কেমনে বুঝাই😅,neutral
"আনাস ভাই শেরা।❤❤❤
লাভ ফ্রম কুমিল্লা।❤❤❤",neutral
জাহাঙ্গীরনগর ছেড়ে এনএসইউ 🥹,pro_private
ছোট ভাইরা আইআইউবিতে আসিশ না। পাবলিকের থেকেও বেশি প্রেসার। মইরা কাইত হয়া থাকবি 😂,neutral
আপনি যেটা বলছেন ফাঁকিবাজ। ফাঁকিবাজরা এনএসইউ পড়ার যোগ্য না। এত সহজ না।,pro_private
"চট্টগ্রামের ইউএসটিসি এবং আইআইইউসিতে বায়োলজি টাইপ সাবজেক্ট পড়লে কেমন হবে? যেমন ফার্মেসি, বায়োকেমিস্ট্রি, মাইক্রোবায়োলজি? এগুলো পড়ার পর কি জব পাবো? প্রাইভেট বলে কি সমস্যা ফেস করবো জবের ক্ষেত্রে? চট্টগ্রামের সিনিয়ররা সাজেশন দেন প্লিজ।",neutral
বিদেশে পড়তে যাও। একটি বেটার অপশন!,neutral
"শোয়া আর কত দেহুম, প্রাইভেটের মূল্য দেহাইয়া আর কত ব্যবসা করবি",pro_public
"পোলাপান বড় ভাই হিসেবে কইতাসি ভাই,
হীর কথা শুন ভাই,
নাইলে মরদা জে খাইবি রে বাবা,
রিয়েলিটি কইতাসে কিন্তু পুরাদা,
আমিও ২ বছর আগে কইছিলাম কি ভুগি চুগি মারাইতাসি,
এখন বুঝতাসে রিয়েলিটি জিনিসটা কি,",pro_public
"এই প্ল্যাটফর্মটা কখনো পছন্দ করি নাই, কিন্তু এই লোকটা যা বলেছে লেজিট",neutral
প্রাইভেট ভার্সিটি অনেক প্রেসার দেই...টাইম মতো সব পড়া শেষ করাই...আর আপনি ডেইলি ক্লাসে প্রেজেন্ট না থাকলে ঝামেলা হবে..আপনার মার্কস কমবে..সিজি ডাউন হবে..আর ফ্যাকাল্টি এগুলো খুব ভালোভাবে নোটিস করে...আর যদি ৩ দিনের বেশি ক্লাস মিস করেন তাহলে আপনাকে মেবি অ্যাপ্লিকেশন করতে হবে ফাইনাল এক্সামে বসার জন্য,pro_public
কোন প্রাইভেট বিশ্ববিদ্যালয়ে পড়ছেন আপু?,neutral
আইআইউবি,neutral
ভাইয়া একটু ইনবক্সে আসতে পারবেন?,neutral
কোন বিশ্ববিদ্যালয়ে পড়ছেন আপু?,neutral
মা বাবা বোঝে কিন্তু টাকা নাই 😢,neutral
টাকা আছে কিন্তু প্রাইভেটকে মূল্য দেই না.. প্রাইভেট থেকে ফার্মেসি পড়ে নাকি চাকরি পাওয়া যায় না 😂😅,pro_public
🤣🤣🤣🤣,neutral
"আপু, কেউ জানে না এই চট্টগ্রাম বেইজড ইউনিভার্সিটিগুলোর কথা কিছু চাটগাইয়া ছাড়া। সবাই ঢাকার পিছনেই ঘুরে যেন চট্টগ্রামে পড়লে তার কোনো ফিউচারই নাই। আমিও কিউরিয়াস ফার্মেসি, বায়োকেম ইত্যাদি নিয়ে, কিন্তু এনাফ রিভিউ পাই না। যদি প্রাইভেট ইউনিভার্সিটি নিয়ে জিজ্ঞেস করি তারা জাস্ট ব্র্যাক, এনএসইউ সাজেস্ট করে",neutral
চট্টগ্রামের ইউনিভার্সিটিগুলো আন্ডাররেটেড বলবো আমি।,neutral
আইআইইউসিতে বিএসসি মাইক্রোবায়োলজি এবং বিএসসি বায়োকেমিস্ট্রি প্রোগ্রাম নাই। কিন্তু ফার্মেসি আছে এবং আমি যা ইন্টারনেটে দেখছি ভালোই আছে ফার্মেসি।,neutral
থাটস রাইট ❤,neutral
রিকোয়ারমেন্ট ওয়ান:- পাবলিক প্রেফার্ড সাবজেক্ট না পাওয়া এবং বাপের একটু টাকা থাকা,neutral
"একজন এনএসইউয়ার হিসেবে ফ্রিডম আছে কিন্তু টিকে থাকা ইজি না। ভালো সিজি ক্যারি করার জন্য না, জাস্ট পাস করার জন্যই অনেক হার্ড ওয়ার্ক করতে হয়। লাইফ হেল হয়ে যাচ্ছে। আমার মতে পাবলিকেই ফ্রিডম বেশি আর অনেক্ক্ক ইজি গোয়িং",pro_public
প্রাইভেট বিশ্ববিদ্যালয়ে ইঞ্জিনিয়ারিং না যাওয়াই ভালো,pro_public
প্রাইভেট ইউনিভার্সিটিতে কত.. পয়েন্ট লাগে..??~,neutral
নর্দার্ন কেমন?,neutral
টাকা নাই,neutral
এনএসইউ বেস্ট.. আই স্টাডি ইন এনএসইউ.. সিএসই ডিপার্টমেন্ট,pro_private
"প্রমোশনাল ভিডিও বানাইছেন ভাইয়া ঠিক আছে। এখানে আমাদের অনেক ছোট ভাই বোনের। বাবা মায়ের দীর্ঘ কষ্টের টাকা নিয়ে অনেক স্বপ্ন নিয়ে এরা প্রাইভেটে ভর্তি হবে। তাই কয়েকটা তিক্ত কথা বলি। আমি ইস্ট ওয়েস্টে ছিলাম। আমার বিবিএ কমপ্লিট করতে ৬ বছর লাগছে। না না কোনো সেশন জট না। রিটেক আর ফেল। ধরে নেন আমি খারাপ স্টুডেন্ট। আমার পরিচিত কয়েকজনের উদাহরণ দেই। আমার রুমমেট ছোট ভাই ২ সেমেস্টার পড়ার পর হতাশ হয়ে রিএডমিশন দিয়ে খুলনা ইউনিভার্সিটিতে চলে গেল। আমার ফ্রেন্ড ২ বছর পড়ার পর আইআইউবিতে চলে গেল। এক বড় ভাই প্রায় ২ বছর পর ইউল্যাবে চলে গেল। এরকম অনেকেই ছিল যারা লক্ষ লক্ষ টাকা খরচ করেও গ্রেডের মাইরপ্যাচে পরে ইস্ট ওয়েস্ট ছাড়তে বাধ্য হইছে। তাই বলব আপনি যদি আসলেই ভালো স্টুডেন্ট হন তবেই। এনএসইউ, ব্র্যাক, ইস্ট ওয়েস্টে ভর্তি হবেন। সিজিপিএ না থাকলে ভার্সিটির নাম দিয়ে চাকরি পাবেন না। সব রিক্রুটার এসবের ভ্যালু বোঝে না। অনেকে বায়াসডও থাকে। ধন্যবাদ সবাইকে।",pro_public
ভাই ঢাবি না হলে বিদেশে চলে যাবো 🥹,pro_public
এই জন্যই এই প্ল্যাটফর্মটা এত ভালো লাগে। এই প্ল্যাটফর্ম শুধু কোনটা চলবে সেটা নিয়েই কথা বলে না। যেটা পড়া প্রয়োজন সেটা নিয়েও কথা বলে। ধন্যবাদ আনাস ভাই।,neutral
"মেডিকেল ফাইনাল ইয়ারে পড়ি এগুলো গন্ডি পার করা শেষ... তারপরেও ভালো লাগে ❤️
ডিএমসি-কে ৭৮",neutral
"সিটি ইউনিভার্সিটি/বিইউবিটি পড়লে কেমন হবে? 🫠 লাইফে হিউম্যানিটিজ সাবজেক্টের উপর পড়ে কিছু করা যাবে?
আর মার্চ/এপ্রিলের পরে কি সিটি/বিইউবিটি ইউনিভার্সিটিতে ভর্তি হওয়া যাবে?",neutral
বোকাচুদা বালের মোটিভেশন দেস।,neutral
ভাইয়া আপনাদের জেএনইউ'র জন্য কমার্স ইউনিট স্পেশাল কোনো ব্যাচ হবে?,neutral
ভাইয়া আমি আপনার সাথে কিভাবে যোগাযোগ করবো,neutral
ন্যাশনাল ইউনিভার্সিটি নিয়ে কিছু বলেন!,neutral
স্টাডি অ্যাব্রড নিয়ে ভিডিও চাই,neutral
"আমি সবসময় প্রাইভেটের কথা বলি। আমি কোনো পাবলিক বিশ্ববিদ্যালয়কে জীবনেও প্রমোট করি না।
টাকা থাকলে প্রাইভেটে যাও।",pro_private
"স্যার, বাংলাদেশ থেকে কলকাতা ইউনিভার্সিটিতে চান্স পাওয়ার গাইডলাইন দেন।",neutral
ভাইয়া চট্টগ্রামের মধ্যে প্রাইভেট ইউনিভার্সিটি নিয়ে ভিডিও বানান প্লিজ 🙏,neutral
ভাইয়া কিছু কথা জিগ্গেস করার ছিল অ্যাজ এন এনএসইউ অ্যাসপায়ারেন্ট। কাইন্ডলি যদি একটু রেসপন্স করতেন,neutral
কিন্তু পাবলিকে তো চান্স পাওয়াই অনেক্ক্ক টাফ মানে ২৪ এর পর এ অনেক্ক্ক টাফ হয়ে গেছে,neutral
তোমার জন্য এনএসইউও টাফ,pro_private
কেন?,neutral
আস্ট?,neutral
এনএসইউতে মিনিমাম ৮,neutral
এডমিশন কি হার্ড হয়?,neutral
"হ্যাঁ, একটু হার্ড, ব্র্যাকে ইজি আছে, আর আপনার এইচএসসি রেজাল্ট খারাপ হলে আইআইউবি বেস্ট",pro_private
প্রিপারেশন কিভাবে নিয়েছেন? একটু জানাবেন?,neutral
"এটা ট্রু। আমি এক ইউনিভার্সিটিতে ভর্তি হলাম, সিএস ডিপার্টমেন্টে। হাই হাই কি সর্বনাশ। মেয়েরা প্রফেসরদের সাথে প্রস্টিটিউশন করে গ্রেডস লাগায় এবং ছেলেরা প্রফেসরদের সাথে গাঁজা খায় আর টাকা লাগায় সিজিপিএ আপ করে। আর প্রফেসরগুলাও কি ফালতু। টপ টপ ইউনিভার্সিটি থেকে পাসআউটস যেই হোক তারা ফুল অফ শিট। অন্তত যদি বাস দিয়ে থাকে, পাবলিক ইউনিভার্সিটি থেকে বাস খাও কারণ এটা একটি গভর্নমেন্ট ফান্ডেড ইনস্টিটিউশন কিন্তু প্রাইভেট ইউনিভার্সিটিতে বস্তা বস্তা টাকাও দিবো আবার বাসও নাও। এটা টোটালি একটা ফালতু। দ্যাটস হোয়াই ইভেন ইফ ইউ হ্যাভ মানি গো ফর পাবলিক।",pro_public
কোন ভার্সিটি। নামটা বলেন।,neutral
আরো ভার্সিটি আছে,neutral
"শুধু ঢাবি, শুধু তোমাকে সঙ্গের মতো",pro_public
😂,neutral
এভয়েড ন্যাশনাল,pro_public
কেন,neutral
"অনেক কারণ আছে, পড়ালেখার ফ্লো হারাবেন না, কারণ ২ মাস পর পর পরীক্ষা থাকে।",pro_public
"বুয়েটে চান্স পেয়ে এসব বলেন, ভর্তি হওয়ার দরকার নাই জাস্ট চান্সটা পাইছেন মাদার ফাকার",neutral
বয়কট ইন্ডিয়া কোথায়?🤣,neutral
আইআইইউসি বেস্ট,pro_private
ভাই এনএসইউ'র কাট মার্ক কত?,neutral
আপনাদের কোর্স কেনা হয়েছে..করতেছি ও..কিন্তু অ্যাপের ডেভেলপমেন্টের খুব প্রয়োজন..অ্যাপ কিছুক্ষণ পর পর ক্র্যাশ করে.. আরো বহুত বাগস আছে..এগুলো প্লিজ ফিক্স করেন।,neutral
"এবার বলেন, প্রাইভেট বাদ দিয়ে পাবলিকে পড়বো কেনো?",neutral
স্যালুট,neutral
এনএসইউতে ৮ না থাকলে এক্সামে দেওয়া যায় না 😛,neutral
কুপন কই?,neutral
"টোটাল নাম্বার অফ পাবলিক অ্যান্ড প্রাইভেট ইনস্টিটিউশনস রিমেইন দ্যা সেম অ্যাজ বিফোর রাইট? সো দিস ইজন্ট লাইক 'অনেকেই এই বছর পাবলিকে পাবেনা'। দ্যা বার উইল বি লো। উইল বি হ্যাভিং লেস টাইম ফর এনি ""এডমিশন এরা কামব্যাক"" দ্যাটস অল",neutral
"আমি ব্যাচ ২৫ এবং রিসেন্টলি ড্যাফোডিলে অ্যাডমিশন নিয়েছি সোফটওয়্যার ইঞ্জিনিয়ারিং ডিপার্টমেন্টে। অনেস্টলি, পাবলিকে পরীক্ষা দিলে জীবনেও চান্স হইতো না (আই নো মাই পড়ালেখার অবস্থা)। কেউ যদি ট্রুলি বুঝতে পারে যে পাবলিকে পরীক্ষা দিলে হবেই না অথবা পছন্দের সাবজেক্ট আসবে না তাহলে ভাই গো ফর প্রাইভেট অ্যান্ড ডোন্ট ওয়েস্ট ইওর টাইম সিটিং ফর ডিফারেন্ট এডমিশন টেস্টস (ইফ ইউ হ্যাভ দ্যা অ্যাফোর্ডেবিলিটি)। ট্রাস্ট মি, ইউ উন্ট রিগ্রেট ইট। জাস্ট ফলো ইওর অ্যাকচুয়াল ইনস্টিংক্ট।",pro_private
প্রাইভেটে কি বিভাগ চেঞ্জ করে পরীক্ষা দেওয়া যায় নাকি যে যে গ্রুপ সেই অনুযায়ী পরীক্ষা দিতে হয়,neutral
৩:৪৯ 😂😂,neutral
"আমার এক্সপিরিয়েন্সে প্রাইভেটে মিনিমাম ৪ বছর ১২-১৭ লাখ টিউশন ফি + ৩/৪ লাখ রেন্ট+ফুড + অন্যান্য খরচ।
এর থেকে হায়ার স্টাডি ফের বেটার",neutral
"যারা ঢাকার ইউনিভার্সিটি ছেড়ে ঢাকার বাইরে কিছুতে সেটল হওয়ার চয়েস রিগ্রেট করতেছে

ঢাকা তোমাকে জব দিবে না। তুমি কখনো জব ক্র্যাক করার অ্যাপ্রোচ নিবে না জাস্ট কারণ তুমি অফিসের কাছাকাছি থাকো। তুমি কুইজ আর অ্যাসাইনমেন্টস আর টিউশন নিয়ে ব্যস্ত থাকবে।

যদিও তুমি ঢাকার গ্র্যাডuates থেকে ১-১.৫ বছর পরে গ্র্যাজুয়েট হও। এটা তেমন ক্ষতি করবে না যেমন সিনিয়ররা সাজেস্ট করে। ইটস দ্যা ব্রুটাল ট্রুথ। থিংক রেশনালি। মিনিমাম ৩ ইয়ার্স অফ সার্ভিস ইজ রিকোয়ার্ড টু গেট এ প্রোমোশন। সো আফটার হিয়ারিং দিস ডু ইউ থিংক দ্যাট ১-১.৫ ক্যান কজ মাচ ড্যামেজ?

টিউশন ইজ গ্রেট ইন ঢাকা। ইউ ক্যান আর্ন ৭কে-১২কে অ্যাট দ্যা এক্সপেন্স অফ ৫ আওয়ার্স (ইনক্লুডিং জার্নি) থ্রি ডেইস পার উইক। বাট দিস উইল হার্ম ইওর জিপিএ হোইচ ক্যান কজ অ্যান ইনক্রিজ অফ টিউশন ফিস স্পেন্ড অ্যাব্রোড ইফ ইউ ওয়ান্ট টু গো ফর এ মাস্টার্স",neutral
সবার টাকা থাকে না ভাই,neutral
ঢাকাই আর্থকুয়েক হবে,neutral
ভাই অ্যাব্রোড স্টাডি'র সম্পর্কে কিছু বলেন বা ভিডিও আনেন,neutral
"বাসা ঢাকায়, সাস্টে এসে ভুল করলাম?",neutral
এইচএসসি ক্যালকুলেটর নিয়ে একটা ভিডিও চাই ডিটেইল্ড। ৯৯১ এক্স অথবা ৯৯১ সিডব্লিউ,neutral
সিলেটি: এতো পাবলিক প্রাইভেট করে লাভ কি। এইচএসসি পরেই তো বিদেশ চলে যাবো।,neutral
যাদের বাপের অবৈধ টাকা আছে এদের জন্য প্রাইভেট ভার্সিটি পড়া কোনো ব্যাপার না 😢,pro_public
আনাস ভাই জোস,neutral
মানুষকে গর্ব করে বলার জন্য🫠,neutral
"প্রাইভেটে পড়ার ইনাফ টাকা না থাকলে
পাবলিসিয়ান ট্যাগ পাওয়ার জন্য? আই গেস",neutral
😂 হাসাইলি ভাই,neutral
১০ লাখ টাকা বাঁচানোর জন্য,neutral
"'এমই৫' কুপন এপ্লাই করলে ৩৫% ডিসকাউন্ট পেয়ে যাবে।

⭕কুপন: এমই৫
কুপন যেভাবে এপ্লাই করবা: https://drive.google.com/file/d/136Avp1gzmdIUbUSrqmcb5Tq6Q7TenvzL/view?usp=drivesdk

যে কোনো কোর্সে এনরোলমেন্ট টিউটোরিয়াল -
https://drive.google.com/file/d/1G27HW0egw-hFED5KS_ubgg4b6ackfgCP/view?usp=drivesdk",neutral
আমিও ভর্তি হইছি ড্যাফোডিলে,neutral
কোন ডিপার্টমেন্ট?,neutral
"ভাই ডিআইইউ'র সোফটওয়্যার ইঞ্জিনিয়ারিং কেমন? আর পড়ার প্রেসার কেমন, সিজি তোলা কি অনেক হার্ড, (আমিও ২৫ ব্যাচ, পাবলিকে পাইতেছি না, তাই ডিআইইউতে ভর্তি হতে চাইছি)",neutral
"রেন্ট ফুড এসব বাদ দেন, প্রাইভেটে পড়লে কি আপনি প্রতিদিন চাইনিজ, জাপানিজ খাবেন? ৫ স্টার হোটেলে থাকবেন? আর পাবলিকে পড়লে কি আপনি বস্তিতে থাকবেন? না খেয়ে থাকবেন? আর আপনি কোন প্রাইভেট ইউনিভার্সিটিতে দেখেছেন অ্যাভারেজ কোর্স ফি ১২-১৭ লাখ বলে দিলেন? জট্টো সব",neutral
অ্যাভারেজ কেমন লাগে ভাই?,neutral
এনএসইউতে ফার্মেসি ১৮ লাখ,neutral
কোন প্রাইভেটে পড়েন ভাই?,neutral
এইরকম একটা মিথ্যা বলে গেলো হালা 😂,neutral
বাইরে পড়ালেখায় যোগাযোগ করুন? ধানমন্ডি ঢাকা,neutral
এগ্রিড,neutral
নো,neutral
"ভিডিও দেওয়ার কি আসে ভাই।
৯৯১ইএক্স আর পাওয়া যায় না। প্রোডাকশন অফ। যেগুলা মার্কেটে আছে, সব ইদার ফেক অথবা ২x ৩x প্রাইসে সেল করতেছে।
৯৯১সিডব্লিউ এ অ্যাভেইলেবল আছে মার্কেটে। বাই দ্যাট। (আনলেস ইউ ওয়ানা স্পেন্ড ৪০০০+ অন এ ২৫০০ টাকা ক্যালকুলেটর জাস্ট টু বাই ৯৯১ইএক্স)",neutral
ফেক। কিন্তু ইউজ করতে এক্স ইজি কিন্তু সিডব্লিউ পাওয়ারফুল বেশি। তাই কনফিউজড,neutral
ইউএসএস ভাই :),neutral
"সিলেটিদের পাবলিক ইউনিগুলায় বেশি পরীক্ষা দিতেই দেখা যায় না, মানে কুন লেভেলের কনজারভেটিভ এরা... যতটুকু জানলাম ফ্রেন্ডদের কাছ থেকে ওইখানে মেয়েদের তো পাবলিক অথবা বাইরের জেলায় যাওয়াই ব্যান, মানে মেয়েকে লন্ডন পাঠাতে পারে কিন্তু নিজ দেশের অন্য জেলায় পাঠাতে কি যে সমস্যা, পুরা বাংলাদেশ থেকেই বিচিন্ন, এরাই দিন শেষে ভালোই শান্তিতে আসে.. কনু গঞ্জুম নাই😅",neutral
😂 লন্ডন আর বাংলাদেশে কি এক হলো 😂 একান্নে এনিটাইম কলাফেরা করা যায়.. উইদাউট এনি রিস্ক.. বাংলাদেশেই দিন বেলায় মানুষ সেইফ না.. রাতের কথা তো বাদই দিলাম 😂,neutral
"বেস্ট ডিসিশন, দেশে স্কলিং ভাইয়া",neutral
ইউকে ভিসা ফেল করেছে.. আগের দিন নাই 😓 সিলেটি অল ব্যান ইন ইউকে 🤣 ভোগা মারা সারা,neutral
"আর ভাই?!!
তোমার টাকা নাই বইলা যাদের আছে তাদের সবারই কি অবৈধ টাকা নাকি? আজব...",neutral
স্যাডলি দেশের এই মিডল ক্লাস মাইন্ডসেট,neutral
সরি ডিয়ার আমি এটা মানতে পারলাম না.. বাবার হালাল টাকাও থাকতে পারে.. আবার অনেকে স্কলারশিপ + টিউশন করেও চালায় পড়াশোনা।,neutral
"বড়লোক = ব্যাড মেন্টালিটি অফ না করলে নিজে জীবনেও ওই লেভেলে যেতে পারবেন না।
ইয়েস, অ্যা লট অফ রিচ পিপল হ্যাভ ইলিগাল মানি। বাট সবাই না।",neutral
যেমন মন মানসিকতা। তেমনি আবালের মতো কথাবার্তা। একটু ম্যাচিউর হও অনেক বড় হয়েছ,neutral
"খারাপ ভাষায়ই বলি, নিজে গরিব দেখে অন্যের বাবার হালাল ইনকাম দেখলে হারাম মনে হয়?😂",neutral
গ্রেপস আর সোর,neutral
বোকাচোদার মতো কথা বললেন একটা। এই লজিকে তাহলে যারাই প্রাইভেটে পড়ে সবার বাপের অবৈধ টাকা। ৪ বছরে ১৫ লাখ টাকা দিতে অবৈধ টাকা হওয়া লাগে? রিয়েলিটিতে আসেন,neutral
"আরে বেডা বাদ দেন এই কথা বলেন না। যারা ডিনাই করে অর দোজ হু আর গেটিং ট্রিগার্ড, দেই ডোন্ট ওয়ান্ট টু অ্যাডমিট দ্যাট।",neutral
অনাদার গরিব,neutral
তোর মতো আবালের কমেন্ট দেখলে জানি না কেন এতো রাগ হয় 🤬😡😡,neutral
"যারা নিজেরা জীবনে কিছু করতে পারে নাই, টাকা নেই, তাদের এমনই মনে হয়।",neutral
"এটা কেমন কথা বললেন?🫠 আমার বাবা পরিশ্রম করে টাকা ইনকাম করে আমাকে প্রাইভেট ইউনিভার্সিটিতে পড়াচ্ছেন.....আমার বাবা একজন ওয়েল এডুকেটেড পার্সন..ইউনি হালাল ওয়েতে ইনকাম করেন..মেইনলি আমার আব্বুর স্কিল আছে....তাই নিজেই অনেক স্ট্রাগল করে বিজনেস করতেছেন...কতো মানুষকে জব দিয়েছেন...😅..ইভেন এখনো যতটুকু পারে মানুষকে হেল্প করে যাচ্ছেন...

আর আপনি কি বললেন জাদের বাপের অবৈধ টাকা আছে?🥹

আমার একটাই প্রশ্ন... সবার বাবার কি অবৈধ টাকা থাকে?🥹",neutral
সালা ফকির,neutral
তোর যোগ্যতা নাই,neutral
তুই গরিব বলে কি সবাই গরিব হালা😅,neutral
বোকাচোদা অবৈধ টাকা থাকলেই প্রাইভেটে পড়ে?,neutral
"ভাইয়া সামনে এডমিশনস, কিন্তু আর্থকুয়েকে পুরা প্যানিকড হয়ে গেছি। খালি মনে হয় সব কাপে😟। ফোকাস করতে পারি না। ভিডিও দেন ভাইয়া",neutral
"ঢাকা পরিবেশ দূষণ ও সেরা, ভূমিকম্প",neutral
ডিআইইউ কেমন?,neutral
ভাই কেউ আমাকে এই বইয়ের পিডিএফ দিবেন আমি বিকাশ করে দিব,neutral
এসএসসি - এইচএসসি এ প্লাস থাকলে কি প্রাইভেটে স্কলারশিপ পসিবল?,neutral
বাংলাদেশের প্রাইভেটে পড়ার থেকে বিদেশে পড়া ভালো,neutral
ডিআইইউ কেমন,neutral
ভাইয়া কমার্সের এক্সাম ডেটগুলা নিয়ে একটা ভিডিও চাই।,neutral
"টায়ার এ, বি, সি ক্যাটাগরি অনুযায়ী প্রাইভেট ভার্সিটিগুলো আলাদা করে কোনটা কোন দিক দিয়ে কেমন এটা নিয়ে একটা ভিডিও দেন",neutral
ভাই প্রাইভেট ইউনিভার্সিটিতে ইঞ্জিনিয়ারিং পড়তে কত পয়েন্ট এইচএসসি'তে লাগে,neutral
ইঞ্জিনিয়ারিং প্রাইভেট ইউনিভার্সিটি নিয়ে ভিডিও দেন ভাই,neutral
আইইউবিএটি নিয়ে একটা ভিডিও বানালে ভালো হতো,neutral
ভাই আমি প্রাইভেট ইউনিভার্সিটি পড়লে কি কি অপশন আমার হাতে থাকবে,neutral
"ঢাবিতে কমন পাওয়ার গোপন ট্রিক্স মাত্র মোট ৪১.৭৫ পেয়েই চান্স: https://youtu.be/qFukI3sO8lo?si=jwbhV-4R7EX_fmw3
গতবার টোটাল ৪১.২৫ পেয়ে ঢাবিতে যেভাবে চান্স পেলো আর আমি ৪৭ পেয়েই ভালো সাবজেক্ট পেলাম: https://youtu.be/OQ2wbCjpxlQ?si=4aak1F52C4jFfvNq",neutral
আই গেভ আপ।,neutral
😢😢😢😢 জীবনে কিছুই পাইলাম না,neutral
😁,neutral
আপনি কি ছোটো বাবু নাকি। এসব বিষয়ে আবার কি ভিডিও দিবে,neutral
মাগি তেও শেরা,neutral
তোর জন্য গেরাইম্মা মাগি আছে...চিল,neutral
হো ভাই 😁,neutral
টাকা তেও শেরা😬,neutral
আপনি তাহলে ভিলেজ বইসা থাকেন,neutral
দিনশেষে কাজের জন্য ঢাকাতেই আসা লাগবে,neutral
"ইউ আর জাস্ট অ্যান অ্যাভারেজ ইডিয়ট।
উই নো ঢাকা ইজ পলিউটেড (ওল্ড ঢাকা) বাট হাউ ক্যান ইউ মেনশন আর্থকুয়েক?",neutral
ইয়েস অনলি ফর শিটস লাইক ইউ,neutral
কাজের সন্ধানে তো এই ঢাকাতেই আসতে হবে একসময় 😂,neutral
ভাই এই কনজার্ভের জন্য আপনি জীবনে কিছু করতে পারবেন না,neutral
ইয়েস পসিবল টিউশন ফি ওয়েভার উইল বি গিভেন কাইন্ডলি চেক দেয়ার অফিসিয়াল ওয়েবসাইট ফর ফারদার ডিটেইলস,neutral
"🤣🤣বিদেশে থাকা খাওয়া মাসেই মিনিমাম ২ লাখ, আর স্কলারশিপ না পেলে মিনিমাম ৩০ লাখ পার ইয়ার 😂",neutral
মান্থলি ইনকামও সেই রকম মান্থলি ইনকামে ৩ লাখ+। বাংলাদেশে থাকলে ইউনিতে পড়া অবস্থায় কই টাকা ইনকাম করবেন। আচ্ছারা গ্র্যাজুয়েশন কমপ্লিট করে ৩০ হাজারের জবও তো পাবেন না।,neutral
বিদেশে আপনার বাড়ি কি কালারের??,neutral
"আপনি যেটা বলেছেন সেটা কয়েকটা স্পেসিফিক কান্ট্রিতে টিউশন ফি অনেক বেশি হয়..কিন্তু, আরো অনেক ভালো ভালো দেশ আছে যেখানে টিউশন ফি অনেক কম",neutral
"না জেনে বাল পাকনামি না করলে হয় না, ভাই?",neutral
ভাইটি বাইরে গিয়ে পড়া বাদ দিয়ে জব করতে চাইছে,neutral
ধন বলেছেন ভাই সেই হয়েছে,neutral
কোন দেশে যাবেন? আর কিছু টাকা? আমেরিকা ১০ হাজার ডলার = ১২ লাখ বিডিটি মানে আমরা যেই টাকা দিয়ে এখানে পড়া শেষ করবো ওই টাকাই ইউএসএ'তে জাস্ট গিয়ে বাসা/থাকা/২/৪ মাস চলতে পারবেন রিয়েলিটিতে আসেন,neutral
শুধু এক্সপেন্স তাই তো বললেন। ইনকামটা বলেন। একবার ইউএসএ'র একটা ডিগ্রি নিতে পারলে এবং স্কিল থাকলে মাসে ৭ লাখ+ কোনো বিষয়ই না। আর ইউএসএ অনেক ভাবে ফুল রাইড স্কলারশিপ পাওয়া যায় যেটা বাংলাদেশের পাবলিকে চান্স পাওয়া থেকে ইজি।,neutral
ডিড ইউ হিয়ার অ্যাবাউট দ্যা ইনফ্লেশন রেট আউট দেয়ার!,neutral
"কই যাবেন আপনি আর কিছু টাকা বাড়িয়ে, মাল্টা?😂",neutral
উগান্ডা যাবে ভাইটি,neutral
এতো সহজ? আপনি পড়ে আসেন বাইরে থেকে। সবাই আপনার মতো মাল্টিট্যালেন্টেড না। সবচেয়ে বড় কথা এই বয়সে পরিপক্বতা থাকে না। অনেক কিছু বোঝার বিষয় থাকে এজন্য মাস্টার্সে যাওয়ার পরামর্শই দেয় সবাই।,neutral
"সো দেন হোয়াট স্কিলস আর ইমপোর্ট্যান্ট ফর স্টাডিং অ্যাব্রোড লাইক কুকিং, হাউসহোল্ড স্টাফ, ইভেন ওয়ার্কিং ইন দ্যা রেস্টুরেন্টস উইড বিগেট কোয়াইট লাইক ৩০০০ ইউরোস/মান্থ! ইটস লাইক বেসিক স্কিলস ফর এ হিউম্যান!",neutral
যার যখন ইচ্ছা যেইখানে যাওয়ার অধিকার আছে কোনো বাঁধা-বিপত্তি ছাড়াই। বাংলাদেশে জন্ম নেওয়াই কি পাপ যে অনার্স শেষ করার আগে বিদেশে যাওয়া যাবে না? এখন তো স্কুলিং ভিসাতেও মানুষ বিদেশে চলে যাচ্ছে। আপনার এতো সমস্যা কিসের?,neutral
মাস্টার্সে গেলে লেট হয়ে যাবে। একজন ব্যাচেলর স্টুডেন্ট লাইফ যেই পরিমাণ স্ট্রাগল করে তার মধ্যে সে বিদেশের পরিস্থিতি ফুল বুঝতে পারে। যেটা মাস্টার্সের স্টুডেন্ট পারেনা।,neutral
"না ভাই, বিদেশে পার ইয়ার ৩০ লাখ লাগে, ৪ বছরে কোটির উপর লাগে",neutral
উচ্চ শিক্ষার ইংলিশ বল তো। বস্তি 😂,neutral
"ভাই সত্যি বুঝেন? আর কিছু টাকা মানে কত বাড়াতে হবে জানেন? প্রথমে যেতেই আপনার ১০ লাখ টাকা খরচ করতে হবে এই টাকা বিদেশে গিয়ে না যাওয়ার শুরুতেই দিতে হয় যখন তোমার পরিবার মধ্যবিত্ত হবে এই টাকা ঋণ করে দিবে যখন তুমি বিদেশ যাবা তুমি প্রেশারেই থাকবা যে আমাকে দেশে টাকা পাঠিয়ে এটা সুদ করতে হবে, তারপর গিয়েই চাকরি পেয়ে যাবা এর নিশ্চয়তা নাই ২-৩ মাস লেগে যায় এতোদিন বাপের টাতেই চলতে হয় আর মেইন কথা যেই টাকা ইনকাম করবা সেই টাকায় নিজের খাওয়া দাওয়া শেষে জমিয়ে ভার্সিটি ফি দিতেই সম্পূর্ণ টাকা দেওয়াও কষ্টকর বাড়ি পাঠানো তো দূরের কথা সব শেষ এতো চাপ নিতে নিতে তোমার সিজিপিএ আসবে ২.৫ সমথিং যা দিয়ে কোনো জব পাবা না এবং জীবনটা হুদাই শেষ করবা। এই কথা মানায় যাদের টাকা আছে মধ্যবিত্ত পরিবারের সন্তানও যদি দেশের একটা প্রাইভেটে পড়ে এই টাকা তার পরিবার দিতে পারবে বলা যায় না হয় একটু খরচ হবে তাও শেষ হয়ে যাবে না পরিবারটা",neutral
ট্রু,neutral
অ্যাব্রোডে পড়তে এখন স্কলারশিপ ছাড়া ৫০ লাখ থেকে ১ কোটি টাকা লাগে সব মিলায় বাংলাদেশের প্রাইভেট ইউনিতে তো ৫০ লাখ লাগে তাই না একটু বাড়ায় অ্যাব্রোড গেলেই হয়,neutral
বাংলাদেশের প্রাইভেটে ম্যাক্স ১৩-১৪ লাখ লাগে নট ৫০ লাখ,neutral
ঠিক বলেছেন❤❤❤❤,neutral
কোনো নলেজ নাই কিছু নাই পার্সে একটা বলে দিছে বোকাচুদা,neutral
বোকাচুদা কতো প্রকার বিদেশ মুখের কথা কিছু টাকা বাড়াই এই কিছু টাকা কিছু না অনেক,neutral
তুই কিসে পরিস?,neutral
১০০% রাইট 🎉🎉,neutral
হ্যাঁ ভাই ঠিক বলেছেন,neutral
কস্ট কেমন পড়বে ভাই?,neutral
আবাল নাকি কোন দিক দিয়ে মিনিমাম ১ কোটি চলে যাবে,neutral
আবাল না জেনে কথা বলিস না,neutral
😂,neutral
কিছু টাকা বাড়াই ভাই কইলেন তা কি? কিছু?,neutral
হোয়াট অ্যাবাউট আইইএলটিএস স্কোর?,neutral
বোকাচোদা কাম ব্যাক টু রিয়েলিটি,neutral
ঢাবি কে সি* দার ক্ষমতা না থাকলেই। মানুষ এগুলাই বলে,neutral
হ্যাঁ ভাই গিয়ে ইতালি সৌদিতে গিয়ে বিদেশিদের টয়লেট মাজেন সেগুলাতে অনেক সম্মান,neutral
"আরে ঠিকই বলেছে যদিও ইউএসএ, অস্ট্রেলিয়াতে টিউশন ফি বছরে প্রায় ২০ লাখ। কিন্তু অন্যান্য দেশ যেমন ইউকে, ইউরোপের অন্যান্য কান্ট্রি জার্মানি, ইতালিতে টিউশন ফি কম। আচ্ছারাও পার্ট টাইম ওয়ার্ক করলেও ৮০ পার্সেন্ট টিউশন ফি তুলা যায় ইউকে'তে। আর যারা টাকার কথা বলতেছেন। প্রাইভেটে পড়ে তো মাসে ৩০ হাজার বেতনের চাকরিও পাবেন না। কিন্তু অ্যাব্রোডে যেকোনো কাজ করলেও মাসে ২ লাখ+ ইনকাম হবে। বিদেশ বিদেশে ব্রো",neutral
আপনি কোন দেশে আছেন ব্রো? কোন দেশ কম খরচ সাপেক্ষে বেস্ট হবে বর্তমানে? আমি এইচএসসি ২৫ জিপিএ:৪.০০,neutral
যদি আপনি ৮০% তুলতে পারেন দেন আপনি লিগ্যাল পারমিটের বাইরে কাজ করবেন,neutral
রাইট,neutral
কিছু টাকা বাড়ায় মানে বুঝেন? বাংলাদেশে হায়েস্ট ১২ লাখের মধ্যে পড়া যায় আর অস্ট্রেলিয়াতে ৩০% স্কলারশিপেও ১ কোটির লাগে,neutral
"এগুলা কোই থেকে পান? ১ কোটি? লিটারেলি?
ইনস্টিটিউশনে শিফট করলে ৪০-৪৫কে অস্ট্রেলিয়ান ডলারে আইটি'র সাবজেক্ট নিয়ে পড়া যায়। ইউনিতে ওইটা ৭৪-৮০ অস্ট্রেলিয়ান ডলার। লেভেল ২ ইউনিভার্সিটি। ১ অস্ট্রেলিয়ান ডলার = ৭৯ টাকা অ্যাপ্রোক্সিমেটলি

ম্যাক্সিমাম স্টুডেন্ট ইনস্টিটিউশনেই শিফট করে",neutral
"ছোটভাই কি গাঁজা খাও। অস্ট্রেলিয়া, কানাডা, আমেরিকার একেকটা অ্যাভারেজ বিশ্ববিদ্যালয়ে পড়তে বছরে লাগে বাংলা টাকায় ৫০ লাখের উপরে।",neutral
"টায়ার এ: এনএসইউ, ব্র্যাক, আইইউবি, ডিআইইউ, আস্ট, ইউআইইউ, ইস্ট ওয়েস্ট।
টায়ার বি: ইউএপি, ইউল্যাব, আইআইইউসি, এসইউ, জিইউবি, আইইউবিএটি, বিইউবিটি।",neutral
"টাকা ভাই, টাকা বেশি ১৫-২০ লাখ হলে এ ক্যাটাগরি পড়ো",neutral
"৪.০ থাকলেই মোটামুটি পড়তে পারবা সব জায়গায় ব্রো।
কিন্তু ফিজিক্স অ্যান্ড ম্যাথে এ প্লাস রাখতে ট্রাই করো, নাহলে সাবজেক্ট দেয় না",neutral
আস্ট থেকে পড়েন। বেটার দ্যান অনাদার,pro_private
আস্ট ইজ সিক্রুয়েট স্ট্যান্ডার্ড ভার্সিটি। এখানে চান্স পাওয়া ডিফিকাল্ট দ্যান এনি আদার প্রাইভেট ইউনি।,neutral
আইইউবিএটি একটি জঘন্য ভার্সিটি। নোংরামিতে সেরা,pro_public
টু রিয়েল,neutral
"এটা বি ক্যাটাগরি ইউনিভার্সিটি।

এরা এনএসইউ, ব্র্যাক, আইআইউবি, ইস্ট ওয়েস্ট, আস্ট, আইইউবি ছাড়া কথা বলবে না",pro_private
"সিটি ইউনিভার্সিটি/বিইউবিটি পড়লে কেমন হবে? 🫠 লাইফে হিউম্যানিটিজ সাবজেক্টের উপর পড়ে কিছু করা যাবে?
আর মার্চ/এপ্রিলের পরে কি সিটি/বিইউবিটি ইউনিভার্সিটিতে ভর্তি হওয়া যাবে?",neutral
এনএসইউ ব্র্যাক ইস্ট ওয়েস্ট,pro_private
হোয়াই আর ইউ গিভিং আপ??,neutral
হোয়াই? ইউ ক্যান ডু ইট কাম অন ব্রো,neutral
"পাইলাম না ❌
অ্যাচিভ করতে পারলাম না ✅",neutral
"ঢাবিতে কমন পাওয়ার গোপন ট্রিক্স মাত্র মোট ৪১.৭৫ পেয়েই চান্স: https://youtu.be/qFukI3sO8lo?si=jwbhV-4R7EX_fmw3
গতবার টোটাল ৪১.২৫ পেয়ে ঢাবিতে যেভাবে চান্স পেলো আর আমি ৪৭ পেয়েই ভালো সাবজেক্ট পেলাম: https://youtu.be/OQ2wbCjpxlQ?si=4aak1F52C4jFfvNq",neutral
😅,neutral
বেঁচে থাকতে অক্সিজেনে যথেষ্ট,neutral
শুকরিয়া আদায় করো।😢😢,neutral
হাউ ক্যান ইউ টক দিস টাইপস অফ এল থিংস!,neutral
ভাই পড়ালেখা বেশি করার দরকার নাই আইইএলটিএস করো বিদেশ রোনা দেও...,neutral
"কাম অন ইউ ডিডন্ট ইভেন ওয়ান্ট টু এ পাবলিক ইউনিভার্সিটি ইন বাংলাদেশ।
পাবলিক বিশ্ববিদ্যালয়ে মেধাবী পড়ে ইউ
কান্ট ডিনাই দ্যাট।",pro_public
❤,neutral
লেটস স্টপ শুগারকোটিং অ্যান্ড বি রিয়েলিস্টিক।,neutral
চাই সব ছেলেদের তোমার মতো স্মার্ট হতে দেখতে......গড ব্লেস কিড!,neutral
"আর এখানে হাইস্কুল ড্রপআউট হওয়ার পরেও মাসে ১০ হাজার ডলার ইউএসডি ইনকাম করছে। আর তোমরা বাংলাদেশের টপ ইউনিভার্সিটি নিয়ে লড়াই করতেছো? বাংলাদেশে?? যেখানে এয়ার কোয়ালিটি অন্য যেকোনো জায়গার থেকে খারাপ, পলিটিক্স কিছুই না শুধু একটি সার্কাস, আবর্জনা সর্বত্র, বিদ্যুৎ এখন আর একটা পরী কাহিনী। আর তোমরা বাংলাদেশের টপ ১০ ইউনির জন্য লড়াই করতেছো? আই মিন সিরিয়াসলি গাইস।",neutral
"আনিকা তাবাসসুম বেস্ট
সে স্কলারশিপ নিয়ে একটা ভালো টিউটোরিয়াল শুরু করতেছে।❤",neutral
ভাইয়া তুমি বেছে বেছে একদম খাঁটি কথাগুলোই বলো। এজন্য তোমার ভিডিও এত ভালো লাগে ❤,neutral
"আই স্টাডি ইন আহসানউল্লাহ ইউনিভার্সিটি অফ সায়েন্স অ্যান্ড টেকনোলজি
এখানে কোনোভাবেই মনে হয় না আমি একটা প্রাইভেট ইউনিভার্সিটিতে আছি বরং এখানের একাডেমিক্স কিছু পাবলিক ইউনিভার্সিটির থেকে ভালো মনে হয়। কিন্তু হ্যাঁ কিছু প্রাইভেট আছে যাদের ইনটেনশন শুধু প্রফিট করা তাই এটা উভয় দিকেই যায়।
লাস্টলি এটা শুধু ম্যাটার করে তুমি কতোটা অপরচুনিটি গ্র্যাব করো।",neutral
আগে ইংলিশ শিখেন ভাই।,neutral
আর্টস ডিপার্টমেন্টে জে কি মেধাবী আছে জানা আছে,neutral
ডিপার্টমেন্ট দিয়ে কাউকে জাজ করা উচিত না প্রত্যেকটা ডিপার্টমেন্টেরই ভ্যালু আছে ভাই পড়ালেখাকে ক্লাসিফাইড করে ফেলেন না,neutral
মেধাটা ধুইয়া দুইবেলা করে পানি খান😂😂। ২১ লাখ বেকারের দেশে ভার্সিটি চোদায়🤣,pro_public
"রেপিস্ট আর গাঁজাখোররাও পড়ে
এদিকে ঢাকাই এসে খবর নেন। ডিউ ছেড়ে অনেকে ব্র্যাক, এনএসইউতে চলে যায়",neutral
আগে ইংলিশ শিখেন ভাই,neutral
আগে ইংলিশ শিখেন ভাই,neutral
"এলাকার গেওয়া আর ছাপরিরাও পড়ে, টাকা যাদের নাই তারাও পড়ে",neutral
"আংকেল, আপনি কোন ফিল্ডে ওয়ার্ক করেন?",neutral
স্পিটিং ফ্যাক্টস👍,neutral
ভাইয়া আস্টে এডমিশন কবে?,neutral
বাংলাদেশে প্রাইভেট বিশ্ববিদ্যালয়ের সংখ্যা কত,neutral
আমি জানতে চাই কোন বিশ্ববিদ্যালয়ে পরিবেশ সচেতনতা বেশি,neutral
প্রাইভেট বিশ্ববিদ্যালয়ের শিক্ষার্থীরা ক্যারিয়ার কাউন্সেলিং ও প্লেসমেন্ট সেল পায়,pro_private
পাবলিক ইউনিভার্সিটির শিক্ষকরা দেশের সেরা পণ্ডিত,pro_public
আমি জানতে চাই কোন বিশ্ববিদ্যালয়ে খরচ কম,neutral
প্রাইভেট বিশ্ববিদ্যালয়ের শিক্ষার্থীদের চাকরির হার কত,neutral
প্রাইভেট বিশ্ববিদ্যালয়ের শিক্ষার্থীরা global exposure ও international internship পায়,pro_private
পাবলিক বিশ্ববিদ্যালয়ের শিক্ষার্থীরা রাজনীতিতে সময় নষ্ট করে,pro_private
"পাবলিক বিশ্ববিদ্যালয়ের ডিগ্রি বিদেশে স্বীকৃতি পায়, প্রাইভেটের নয়",pro_public
পাবলিক বিশ্ববিদ্যালয়ের শিক্ষার্থীরা sports এ অবহেলিত,pro_private
পাবলিক বিশ্ববিদ্যালয়ের alumni network কতটা শক্তিশালী,neutral
বুয়েটের সিভিল ইঞ্জিনিয়াররা দেশের অবকাঠামো উন্নয়নে কাজ করে,pro_public
আমি জানতে চাই কোন বিশ্ববিদ্যালয়ে আধুনিক সুবিধা বেশি,neutral
বাকৃবির কৃষি গবেষণা দেশের খাদ্য নিরাপত্তায় সাহায্য করে,pro_public
প্রাইভেট বিশ্ববিদ্যালয়ের শিক্ষার্থীরা flexible class schedule পায়,pro_private
আমি জানতে চাই কোন বিশ্ববিদ্যালয়ে বিদেশি শিক্ষক বেশি,neutral
প্রাইভেট বিশ্ববিদ্যালয়ে ragging ও bullying এর অবস্থা কেমন,neutral
প্রাইভেট বিশ্ববিদ্যালয়ে সেশনজট আছে কিনা,neutral
প্রাইভেট বিশ্ববিদ্যালয়ের শিক্ষার্থীরা আধুনিক ল্যাব ও যন্ত্রপাতি ব্যবহার করে,pro_private
পাবলিক বিশ্ববিদ্যালয়ের শিক্ষার্থীরা research এ সাপোর্ট কম পায়,pro_private
ঢাবির চারুকলা অনুষদের শিক্ষার্থীরা দেশের শিল্পচর্চায় নেতৃত্ব দেয়,pro_public
প্রাইভেট বিশ্ববিদ্যালয়ের শিক্ষার্থীরা চাকরির বাজারে দ্রুত যোগদান করে,pro_private
পাবলিক বিশ্ববিদ্যালয়ে কৃষি শিক্ষার অবস্থা কেমন,neutral
প্রাইভেট বিশ্ববিদ্যালয়ে কৃষি শিক্ষার অবস্থা কেমন,neutral
ব্র্যাক বিশ্ববিদ্যালয়ের শিক্ষার্থীরা আন্তর্জাতিক প্রতিযোগিতায় সফল,pro_private
খুবির শিক্ষার্থীরা দক্ষিণ-পশ্চিমাঞ্চলের উন্নয়নে কাজ করে,pro_public
আমি জানতে চাই কোন বিশ্ববিদ্যালয়ে শিক্ষার্থীদের তৃপ্তির হার বেশি,neutral
প্রাইভেট বিশ্ববিদ্যালয়ে residential facility এর অবস্থা কেমন,neutral
পাবলিক বিশ্ববিদ্যালয়ের শিক্ষার্থীরা শুধু academic knowledge পায়,pro_private
প্রাইভেট বিশ্ববিদ্যালয়ের alumni network কতটা শক্তিশালী,neutral
প্রাইভেট বিশ্ববিদ্যালয়ের সার্টিফিকেটের বাজার মূল্য কম,pro_public
প্রাইভেট বিশ্ববিদ্যালয়ের শিক্ষার্থীরা research ও publication এ encouragement পায়,pro_private
বুয়েটের স্নাতকরা বিশ্বের যেকোনো প্রতিষ্ঠানে কাজ করতে পারে,pro_public
শাহজালাল বিজ্ঞান ও প্রযুক্তি বিশ্ববিদ্যালয়ের সিএসই অনেক শক্তিশালী,pro_public
আমি জানতে চাই কোন বিশ্ববিদ্যালয়ে ক্যাম্পাস লাইফ ভালো,neutral
প্রাইভেট বিশ্ববিদ্যালয়ের শিক্ষার্থীরা বিদেশে উচ্চশিক্ষায় সফল,pro_private
প্রাইভেট বিশ্ববিদ্যালয়ে ভর্তি হলে টাকা দিয়ে পাস করা যায়,pro_public
খুবির শিক্ষার্থীরা সোলার এনার্জি ও নবায়নযোগ্য জ্বালানি গবেষণায় অগ্রণী,pro_public
পাবলিক বিশ্ববিদ্যালয়ের শিক্ষার্থীরা দেশপ্রেমে উদ্বুদ্ধ হয়,pro_public
পাবলিক বিশ্ববিদ্যালয়ের শিক্ষার্থীরা দেশের স্বাধীনতা ও সার্বভৌমত্ব রক্ষায় সচেতন,pro_public
বুয়েটের শিক্ষার্থীরা দেশের সবচেয়ে বড় স্টার্টআপ গড়ে তোলে,pro_public
পাবলিক বিশ্ববিদ্যালয়ের শিক্ষার্থীরা দেশের সবচেয়ে বড় বিজ্ঞান মেলায় অংশ নেয়,pro_public
প্রাইভেট বিশ্ববিদ্যালয়ে শিক্ষার্থীদের আত্মহত্যার হার কত,neutral
রাবির ইংরেজি বিভাগের শিক্ষার্থীরা ভাষায় অত্যন্ত দক্ষ,pro_public
প্রাইভেট বিশ্ববিদ্যালয়ের শিক্ষার্থীরা কোনো জাতীয় প্রতিযোগিতায় সফল হয় না,pro_public
চবির মেরিন সায়েন্স বিভাগের গবেষণা সমুদ্র সম্পদ আহরণে সাহায্য করে,pro_public
পাবলিক বিশ্ববিদ্যালয়ের শিক্ষার্থীরা কোন কোন সেক্টরে কাজ করে,neutral
প্রাইভেট বিশ্ববিদ্যালয়ের পরীক্ষা পদ্ধতি কেমন,neutral
পাবলিক বিশ্ববিদ্যালয়ে ছাত্ররাজনীতির কারণে পড়াশোনা বন্ধ থাকে,pro_private
পাবলিক বিশ্ববিদ্যালয়ের হল ও আবাসন সুবিধা কেমন,neutral
প্রাইভেট বিশ্ববিদ্যালয়ের শিক্ষার্থীরা part-time job ও internship করতে পারে,pro_private
প্রাইভেট বিশ্ববিদ্যালয়ের শিক্ষার্থীরা আন্তর্জাতিক সেমিনার ও ওয়ার্কশপে অংশ নেয়,pro_private
আমি জানতে চাই কোন বিশ্ববিদ্যালয়ে আন্তর্জাতিক স্বীকৃতি বেশি,neutral
সUSTর শিক্ষার্থীরা সিলেটের উন্নয়নে গুরুত্বপূর্ণ ভূমিকা রাখে,pro_public
পাবলিক বিশ্ববিদ্যালয়ে scholarship ও stipend এর সুযোগ কত,neutral
আমি জানতে চাই কোন বিশ্ববিদ্যালয়ে আন্তর্জাতিক যোগাযোগ বেশি,neutral
পাবলিক বিশ্ববিদ্যালয়ের শিক্ষার্থীরা দেশের সবচেয়ে বড় চলচ্চিত্র নির্মাতা,pro_public
"প্রাইভেট বিশ্ববিদ্যালয়ের শিক্ষার্থীরা শুধু সিলেবাস পড়ে, বাইরের জ্ঞান রাখে না",pro_public
প্রাইভেট বিশ্ববিদ্যালয়ের শিক্ষার্থীরা skill development ও vocational training পায়,pro_private
পাবলিক বিশ্ববিদ্যালয়ের পরীক্ষায় নকল করা প্রায় অসম্ভব,pro_public
প্রাইভেট বিশ্ববিদ্যালয়ে হল ও আবাসন সুবিধা আছে কিনা,neutral
প্রাইভেট বিশ্ববিদ্যালয়ে ভর্তি হলে কোনো প্রতিযোগিতামূলক পরিবেশ পাওয়া যায় না,pro_public
"আমার বড় ভাই জাহাঙ্গীরনগরে পড়ে, তার জ্ঞানের গভীরতা দেখে অবাক হই",pro_public
পাবলিক বিশ্ববিদ্যালয়ের শিক্ষার্থীরা শুধু day program এ পড়তে পারে,pro_private
পাবলিক বিশ্ববিদ্যালয়ের শিক্ষার্থীরা cultural activity তে অংশ নেয় না,pro_private
ঢাবির ছাত্ররা দেশের প্রতিটি গুরুত্বপূর্ণ পদে আছেন,pro_public
পাবলিক বিশ্ববিদ্যালয়ের হলগুলো বন্ধুত্ব ও ভ্রাতৃত্ব শেখায়,pro_public
প্রাইভেট বিশ্ববিদ্যালয়ে সমাজবিজ্ঞান শিক্ষার অবস্থা কেমন,neutral
প্রাইভেট বিশ্ববিদ্যালয়ের শিক্ষার্থীরা সমাজের সমস্যা নিয়ে ভাবে না,pro_public
প্রাইভেট বিশ্ববিদ্যালয়ের শিক্ষার্থীরা working student হিসেবে পড়াশোনা শেষ করে,pro_private
প্রাইভেট বিশ্ববিদ্যালয়ের শিক্ষকরা বিদেশি বিশ্ববিদ্যালয় থেকে আসেন,pro_private
পাবলিক বিশ্ববিদ্যালয়ের শিক্ষার্থীরা কমিউনিকেশন ও প্রেজেন্টেশনে দুর্বল,pro_private
আমি জানতে চাই কোন বিশ্ববিদ্যালয়ে শিক্ষার্থী-শিক্ষক অনুপাত ভালো,neutral
পাবলিক বিশ্ববিদ্যালয়ের শিক্ষার্থীরা শুধু theoretical degree পায়,pro_private
"পাবলিক বিশ্ববিদ্যালয়ের শিক্ষার্থীরা চাকরি প্রত্যাশী, উদ্যোক্তা হয় না",pro_private
পাবলিক বিশ্ববিদ্যালয়ে শিক্ষার্থীদের ড্রপআউট রেট কত,neutral
পাবলিক বিশ্ববিদ্যালয়ের শিক্ষার্থীরা দেশের সবচেয়ে বড় বিতর্ক প্রতিযোগিতায় সেরা,pro_public
রাবির শিক্ষার্থীরা উত্তরাঞ্চলের শিক্ষা ও সংস্কৃতির কেন্দ্রবিন্দু,pro_public
ঢাবির ইতিহাস বিভাগের শিক্ষার্থীরা দেশের ইতিহাস চর্চায় নেতৃত্ব দেয়,pro_public
পাবলিক বিশ্ববিদ্যালয়ে ragging ও bullying এর অবস্থা কেমন,neutral
পাবলিক বিশ্ববিদ্যালয়ের শিক্ষার্থীরা ডিজিটাল শিক্ষার সুবিধা কম পায়,pro_private
প্রাইভেট বিশ্ববিদ্যালয়ের শিক্ষার্থীরা আলumni নেটওয়ার্কের সুবিধা পায়,pro_private
পাবলিক ইউনিভার্সিটিতে পড়লে জীবনের সবচেয়ে সুন্দর সময় কাটে,pro_public
ইউল্যাবের মিডিয়া বিভাগের শিক্ষার্থীরা গণমাধ্যমে অনেক সফল,pro_private
পাবলিক বিশ্ববিদ্যালয়ের শিক্ষার্থীরা দেশের সবচেয়ে বড় ক্রীড়া প্রতিযোগিতায় চ্যাম্পিয়ন হয়,pro_public
পাবলিক বিশ্ববিদ্যালয়ের শিক্ষার্থীরা সেশনজটে পড়ে বছরের পর বছর লাগায়,pro_private
পাবলিক বিশ্ববিদ্যালয়ের শিক্ষার্থীরা চাকরির বাজারে পিছিয়ে থাকে,pro_private
বাকৃবির শিক্ষার্থীরা কৃষকদের জন্য নতুন প্রযুক্তি উদ্ভাবন করে,pro_public
পাবলিক বিশ্ববিদ্যালয়ের গবেষণার সুযোগ অনেক বেশি,pro_public
"প্রাইভেট বিশ্ববিদ্যালয়ের টিউশন ফি অসহনীয়, সাধারণ মানুষের নাগালের বাইরে",pro_public
প্রাইভেট বিশ্ববিদ্যালয়ের শিক্ষার্থীরা professional certification ও license পায়,pro_private
আমি নর্থ সাউথে পড়ে বিদেশি মানের শিক্ষা পাচ্ছি,pro_private
প্রাইভেট বিশ্ববিদ্যালয়ের শিক্ষার্থীরা পাশ্চাত্য সংস্কৃতিতে আচ্ছন্ন,pro_public
আমি জানতে চাই কোন বিশ্ববিদ্যালয়ের ডিগ্রির বাজার মূল্য বেশি,neutral
পাবলিক বিশ্ববিদ্যালয়ের ডিগ্রি নিয়ে চাকরির বাজারে প্রাধান্য পাওয়া যায়,pro_public
খুলনা বিশ্ববিদ্যালয়ের পরিবেশ পড়াশোনার জন্য অত্যন্ত উপযুক্ত,pro_public
পাবলিক বিশ্ববিদ্যালয়ের শিক্ষার্থীরা scholarship সুবিধা কম পায়,pro_private
পাবলিক বিশ্ববিদ্যালয়ের শিক্ষার্থীরা বাংলা মাধ্যমে পড়ায় বিদেশে অসুবিধা হয়,pro_private
প্রাইভেট বিশ্ববিদ্যালয়ে পরীক্ষা নিয়ন্ত্রণের অবস্থা কেমন,neutral
পাবলিক বিশ্ববিদ্যালয়ের শিক্ষার্থীরা দেশের সংস্কৃতি ও ঐতিহ্য ধরে রাখে,pro_public
পাবলিক বিশ্ববিদ্যালয়ের পরীক্ষা পদ্ধতি কেমন,neutral
খুবির শিক্ষার্থীরা মংলা বন্দর ও শিপইয়ার্ডে কাজ করে দেশের উন্নয়নে,pro_public
পাবলিক বিশ্ববিদ্যালয়ের শিক্ষকরা বিদেশ থেকে পিএইচডি করে আসেন,pro_public
পাবলিক বিশ্ববিদ্যালয়ের শিক্ষার্থীরা fixed schedule এ আটকে থাকে,pro_private
প্রাইভেট বিশ্ববিদ্যালয়ে সামাজিক সেবামূলক কাজের অবস্থা কেমন,neutral
পাবলিক বিশ্ববিদ্যালয়ের শিক্ষার্থীদের চাকরির হার কত,neutral
প্রাইভেট বিশ্ববিদ্যালয়ের শিক্ষার্থীরা প্রজেক্ট ও অ্যাসাইনমেন্টে বেশি শেখে,pro_private
ঢাকা বিশ্ববিদ্যালয়ের ছাত্ররা দেশের ভবিষ্যৎ নেতৃত্ব দেয়,pro_public
পাবলিক বিশ্ববিদ্যালয়ের শিক্ষার্থীরা পড়াশোনার চাপে job করতে পারে না,pro_private
ঢাবির শিক্ষার্থীরা দেশের সবচেয়ে বড় সাহিত্যিক ও লেখক,pro_public
প্রাইভেট বিশ্ববিদ্যালয়ের শিক্ষার্থীরা আধুনিক লাইব্রেরি ও অনলাইন রিসোর্স পায়,pro_private
প্রাইভেট বিশ্ববিদ্যালয়ে সাংস্কৃতিক অনুষ্ঠানের অবস্থা কেমন,neutral
প্রাইভেট বিশ্ববিদ্যালয়ের শিক্ষার্থীরা সাংবাদিকতা ও গণমাধ্যমে তেমন সফল নয়,pro_public
আমি জানতে চাই কোন বিশ্ববিদ্যালয়ে চিকিৎসা শিক্ষা ভালো,neutral
আমি জানতে চাই কোন বিশ্ববিদ্যালয়ে মানবিক শিক্ষা ভালো,neutral
ইউল্যাবের ব্যবসায় শিক্ষা অনেক বাস্তবসম্মত,pro_private
প্রাইভেট বিশ্ববিদ্যালয়ের শিক্ষার্থীরা ইংরেজি মাধ্যমে পড়ায় বিদেশে সুবিধা পায়,pro_private
প্রাইভেট বিশ্ববিদ্যালয়ে transport সুবিধার অবস্থা কেমন,neutral
পাবলিক বিশ্ববিদ্যালয়ের শিক্ষার্থীরা domestic exposure এ সীমাবদ্ধ,pro_private
পাবলিক বিশ্ববিদ্যালয়ের টিউশন ফি কত,neutral
পাবলিক বিশ্ববিদ্যালয়ের শিক্ষার্থীরা বিভিন্ন আন্দোলনে নেতৃত্ব দেয়,pro_public
প্রাইভেট বিশ্ববিদ্যালয়ের শিক্ষার্থীরা cultural event ও club activity তে অংশ নেয়,pro_private
প্রাইভেট বিশ্ববিদ্যালয়ের শিক্ষার্থীরা evening ও weekend program এ পড়তে পারে,pro_private
পাবলিক বিশ্ববিদ্যালয়ের শিক্ষার্থীরা academic event এ যেতে পারে না,pro_private
"পাবলিক বিশ্ববিদ্যালয়ের শিক্ষার্থীরা বছরে একবার পরীক্ষা দেয়, মূল্যায়ন কম",pro_private
প্রাইভেট বিশ্ববিদ্যালয়ে আইটি ও কম্পিউটার সায়েন্সের অবস্থা কেমন,neutral
প্রাইভেট বিশ্ববিদ্যালয়গুলো শুধু টাকা উপার্জনের কারখানা,pro_public
প্রাইভেট বিশ্ববিদ্যালয়ের শিক্ষার্থীরা কমিউনিকেশন স্কিলে অনেক এগিয়ে,pro_private
পাবলিক বিশ্ববিদ্যালয়ের শিক্ষার্থীরা professional certification এর সুযোগ কম পায়,pro_private
প্রাইভেট বিশ্ববিদ্যালয়ে শিক্ষার্থীদের ড্রপআউট রেট কত,neutral
পাবলিক বিশ্ববিদ্যালয়ের শিক্ষার্থীরা শিক্ষকের দেখা পায় না,pro_private
এআইইউবির সিএসই বিভাগের ল্যাব অনেক আধুনিক,pro_private
প্রাইভেট বিশ্ববিদ্যালয়ের শিক্ষার্থীরা industry expert এর guest lecture শোনে,pro_private
প্রাইভেট বিশ্ববিদ্যালয়ের শিক্ষার্থীরা মাল্টিন্যাশনাল কোম্পানিতে চাকরি পায়,pro_private
প্রাইভেট বিশ্ববিদ্যালয়ে e-learning সুবিধার অবস্থা কেমন,neutral
প্রাইভেট বিশ্ববিদ্যালয়ে শিক্ষক নিয়োগের প্রক্রিয়া কেমন,neutral
পাবলিক বিশ্ববিদ্যালয়ের শিক্ষার্থীরা alumni সাপোর্ট পায় না,pro_private
প্রাইভেট বিশ্ববিদ্যালয়ের শিক্ষার্থীরা mental health ও counseling সাপোর্ট পায়,pro_private
প্রাইভেট বিশ্ববিদ্যালয়ের শিক্ষার্থীরা scholarship ও financial aid পায়,pro_private
"প্রাইভেট বিশ্ববিদ্যালয়গুলো শুধু ব্যবসা করে, শিক্ষা দেয় না",pro_public
"প্রাইভেট বিশ্ববিদ্যালয়ে সেশনজট নেই, নির্দিষ্ট সময়ে ডিগ্রি শেষ হয়",pro_private
পাবলিক বিশ্ববিদ্যালয়ের শিক্ষকরা পুরনো সিলেবাস পড়ান,pro_private
পাবলিক বিশ্ববিদ্যালয়ের শিক্ষার্থীরা mental health issue নিয়ে একা থাকে,pro_private
পাবলিক বিশ্ববিদ্যালয়ের শিক্ষার্থীরা বিদেশে ভর্তি পরীক্ষায় পাস করে না,pro_private
পাবলিক বিশ্ববিদ্যালয়ের সেশনজট কতটা গুরুতর,neutral
আমি জানতে চাই কোন বিশ্ববিদ্যালয়ে খেলাধুলার সুযোগ বেশি,neutral
ব্র্যাক বিশ্ববিদ্যালয়ের শিক্ষার্থীরা উদ্যোক্তা হিসেবে অনেক সফল,pro_private
প্রাইভেট বিশ্ববিদ্যালয়ের শিক্ষার্থীরা দেশের সমস্যা নিয়ে কোনো আন্দোলন করে না,pro_public
প্রাইভেট বিশ্ববিদ্যালয়ে ভর্তি হলে টাকার বিনিময়ে সব পাওয়া যায়,pro_public
প্রাইভেট বিশ্ববিদ্যালয়ের শিক্ষার্থীরা যুক্তি ও বিতর্কে দুর্বল,pro_public
আমি জানতে চাই কোন বিশ্ববিদ্যালয়ে শিক্ষার্থীদের অধিকার বেশি,neutral
পাবলিক বিশ্ববিদ্যালয়ে ভর্তি হতে বছরের পর বছর কোচিং করতে হয়,pro_private
প্রাইভেট বিশ্ববিদ্যালয়ের শিক্ষার্থীরা বিদেশে উচ্চশিক্ষায় কতটা সফল,neutral
প্রাইভেট বিশ্ববিদ্যালয়ের শিক্ষার্থীরা entrepreneurship ও innovation hub পায়,pro_private
প্রাইভেট বিশ্ববিদ্যালয়ে foreign collaboration এর অবস্থা কেমন,neutral
পাবলিক বিশ্ববিদ্যালয়ে আইন শিক্ষার অবস্থা কেমন,neutral
পাবলিক বিশ্ববিদ্যালয়ের শিক্ষার্থীরা বিদেশে উচ্চশিক্ষায় কতটা সফল,neutral
প্রাইভেট বিশ্ববিদ্যালয়ের ডিগ্রি নিয়ে ব্যাংক ও সরকারি চাকরি পাওয়া কঠিন,pro_public
প্রাইভেট বিশ্ববিদ্যালয়ের শিক্ষার্থীরা foreign university transfer এর সুযোগ পায়,pro_private
পাবলিক বিশ্ববিদ্যালয়ের শিক্ষার্থীরা দেশের সবচেয়ে বড় সাংবাদিকতা প্রতিযোগিতায় সফল,pro_public
পাবলিক বিশ্ববিদ্যালয়ের শিক্ষকদের গবেষণার অবস্থা কেমন,neutral
পাবলিক বিশ্ববিদ্যালয়ের শিক্ষার্থীরা নতুন কিছু উদ্ভাবনের সুযোগ পায় না,pro_private
পাবলিক বিশ্ববিদ্যালয়ে ভর্তি হতে প্রকৃত মেধা লাগে,pro_public
প্রাইভেট বিশ্ববিদ্যালয়ের শিক্ষার্থীরা রাজনীতি ও সামাজিক কাজে অংশ নেয় না,pro_public
পাবলিক বিশ্ববিদ্যালয়ের লাইব্রেরি ও ল্যাবের সুবিধা অনেক বেশি,pro_public
প্রাইভেট বিশ্ববিদ্যালয়ের শিক্ষার্থীরা বিদেশি শিক্ষকের কাছ থেকে শেখে,pro_private
আমি জানতে চাই কোন বিশ্ববিদ্যালয়ে শিক্ষার্থীদের মানসিক চাপ কম,neutral
আমি জানতে চাই কোন বিশ্ববিদ্যালয়ে মিডিয়া ও সাংবাদিকতা শিক্ষা ভালো,neutral
প্রাইভেট বিশ্ববিদ্যালয়ের শিক্ষার্থীরা co-curricular ও extracurricular এ সক্রিয়,pro_private
ঢাবির আইন বিভাগের স্নাতকরা দেশের সেরা আইনজীবী,pro_public
প্রাইভেট বিশ্ববিদ্যালয়ের শিক্ষার্থীরা নতুন কিছু উদ্ভাবন করে না,pro_public
আমি জানতে চাই কোন বিশ্ববিদ্যালয়ের শিক্ষার মান বেশি,neutral
প্রাইভেট বিশ্ববিদ্যালয়ে আইন শিক্ষার অবস্থা কেমন,neutral
প্রাইভেট বিশ্ববিদ্যালয়ে কোনো ছাত্র রাজনীতি করতে পারে না,pro_public
প্রাইভেট বিশ্ববিদ্যালয়ের শিক্ষার্থীরা প্রযুক্তি ও উদ্ভাবনে পিছিয়ে,pro_public
প্রাইভেট বিশ্ববিদ্যালয়ে ব্যবসায় শিক্ষার অবস্থা কেমন,neutral
প্রাইভেট বিশ্ববিদ্যালয়ের শিক্ষার্থীরা শিক্ষকের সাথে সরাসরি আলোচনা করতে পারে,pro_private
"প্রাইভেট বিশ্ববিদ্যালয়গুলো শিক্ষার্থীদের চাপ দেয় না, ফলে শেখে না",pro_public
আমি জানতে চাই কোন বিশ্ববিদ্যালয়ে খাবার ও ক্যাফেটেরিয়ার মান ভালো,neutral
"পাবলিক বিশ্ববিদ্যালয়ের শিক্ষার্থীরা তাত্ত্বিক জ্ঞান বেশি, ব্যবহারিক কম",pro_private
পাবলিক ও প্রাইভেট বিশ্ববিদ্যালয় উভয়েরই সুবিধা ও অসুবিধা আছে,neutral
"পাবলিক বিশ্ববিদ্যালয়ের শিক্ষার মান অনেক উঁচু, এতে কোনো সন্দেহ নেই",pro_public
প্রাইভেট বিশ্ববিদ্যালয়ে নারী শিক্ষার্থীদের নিরাপত্তা কেমন,neutral
আমি জানতে চাই কোন বিশ্ববিদ্যালয়ে প্রশাসনিক দক্ষতা বেশি,neutral
"প্রাইভেট বিশ্ববিদ্যালয়ের শিক্ষার মান এখন অনেক উন্নত, পাবলিকের চেয়ে কম নয়",pro_private
প্রাইভেট বিশ্ববিদ্যালয়ে সংগীত ও নাট্যকলা শিক্ষার অবস্থা কেমন,neutral
পাবলিক বিশ্ববিদ্যালয়ে সমাজবিজ্ঞান শিক্ষার অবস্থা কেমন,neutral
পাবলিক বিশ্ববিদ্যালয়ের শিক্ষার্থীরা শুধু রাজনীতিতে সক্রিয়,pro_private
প্রাইভেট বিশ্ববিদ্যালয়ের শিক্ষার্থীরা শিল্প-সাহিত্য-সংস্কৃতিতে অংশ নেয় না,pro_public
জাবির প্রাকৃতিক সৌন্দর্য পড়াশোনার মনোযোগ বাড়ায়,pro_public
পাবলিক বিশ্ববিদ্যালয়ের শিক্ষার্থীরা বিভিন্ন ক্লাব ও সংগঠনে সক্রিয়,pro_public
প্রাইভেট বিশ্ববিদ্যালয়ের শিক্ষার্থীরা ইন্ডাস্ট্রি ভিজিট ও ফিল্ড ট্রিপে যায়,pro_private
আমি জানতে চাই কোন বিশ্ববিদ্যালয়ে উদ্যোক্তা হওয়ার সুযোগ বেশি,neutral
বাংলাদেশে পাবলিক বিশ্ববিদ্যালয়ের সংখ্যা কত,neutral
আমি জানতে চাই কোন বিশ্ববিদ্যালয়ে বিজ্ঞান ও প্রযুক্তি শিক্ষা ভালো,neutral
চট্টগ্রাম বিশ্ববিদ্যালয়ের ইতিহাস ও ঐতিহ্য অনন্য,pro_public
আমি জানতে চাই কোন বিশ্ববিদ্যালয়ে শিক্ষার্থীদের অভিভাবকদের সন্তুষ্টি বেশি,neutral
পাবলিক বিশ্ববিদ্যালয়ে নারী শিক্ষার্থীদের নিরাপত্তা কেমন,neutral
রাবির শিক্ষার্থীরা দেশের সবচেয়ে সচেতন ও সক্রিয়,pro_public
পাবলিক বিশ্ববিদ্যালয়ের ল্যাব ও লাইব্রেরির অবস্থা কেমন,neutral
"বুয়েটের ইঞ্জিনিয়াররা দেশের সেরা, প্রাইভেটের কেউ কাছে আসতে পারে না",pro_public
প্রাইভেট বিশ্ববিদ্যালয়ের শিক্ষার্থীরা নতুন প্রযুক্তি ও সফটওয়্যার শেখে,pro_private
প্রাইভেট বিশ্ববিদ্যালয়ের শিক্ষকরা অধিকাংশই পাবলিকের রিজেক্ট,pro_public
আমি জানতে চাই পাবলিক বিশ্ববিদ্যালয়ের ভর্তি পরীক্ষা কতটা কঠিন,neutral
প্রাইভেট বিশ্ববিদ্যালয়ের শিক্ষার্থীরা online learning ও MOOC সুবিধা পায়,pro_private
পাবলিক ও প্রাইভেট বিশ্ববিদ্যালয়ের তুলনামূলক আলোচনা চাই,neutral
পাবলিক বিশ্ববিদ্যালয়ে শিক্ষার্থীদের আত্মহত্যার হার কত,neutral
প্রাইভেট বিশ্ববিদ্যালয়ের শিক্ষার্থীরা সেমিস্টার সিস্টেমে নিয়মিত মূল্যায়িত হয়,pro_private
"প্রাইভেট বিশ্ববিদ্যালয়ের শিক্ষার্থীরা শুধু ক্লাস ও বাড়ি, এর বেশি কিছু নয়",pro_public
"পাবলিক বিশ্ববিদ্যালয়ে এক ক্লাসে শতাধিক শিক্ষার্থী, শিক্ষক মনোযোগ দিতে পারে না",pro_private
প্রাইভেট বিশ্ববিদ্যালয়ের শিক্ষার্থীরা নতুন ব্যবসা ও স্টার্টআপ গড়ে,pro_private
আমি জানতে চাই কোন বিশ্ববিদ্যালয়ে শিক্ষার্থীদের স্বাস্থ্য সুবিধা বেশি,neutral
রাজশাহী বিশ্ববিদ্যালয়ের ক্যাম্পাস জীবন অসাধারণ,pro_public
পাবলিক বিশ্ববিদ্যালয়ের শিক্ষার্থীরা দেশের প্রতিটি গুরুত্বপূর্ণ সectorে নেতৃত্ব দেয়,pro_public
পাবলিক বিশ্ববিদ্যালয়ে সামাজিক সেবামূলক কাজের অবস্থা কেমন,neutral
পাবলিক বিশ্ববিদ্যালয়ের ডিগ্রি নিয়ে সরকারি চাকরি পাওয়া সহজ,pro_public
প্রাইভেট বিশ্ববিদ্যালয়ের শিক্ষার্থীরা বিদেশে উচ্চশিক্ষায় সফল হয় না,pro_public
পাবলিক বিশ্ববিদ্যালয়ে foreign collaboration এর অবস্থা কেমন,neutral
প্রাইভেট বিশ্ববিদ্যালয়ের শিক্ষার্থীরা soft skill ও leadership training পায়,pro_private
পাবলিক বিশ্ববিদ্যালয়ের ছাত্র সংসদ নির্বাচন গণতন্ত্রের চর্চা করে,pro_public
পাবলিক বিশ্ববিদ্যালয়ের শিক্ষার্থীরা প্রযুক্তি ও আধুনিক জ্ঞানে পিছিয়ে,pro_private
আমি জানতে চাই কোন বিশ্ববিদ্যালয়ে ডিজিটাল শিক্ষার সুবিধা বেশি,neutral
পাবলিক বিশ্ববিদ্যালয়ের ছাত্ররাজনীতি কতটা স্বাস্থ্যকর,neutral
পাবলিক বিশ্ববিদ্যালয়ের শিক্ষার্থীরা চাকরির জন্য নিজেই খোঁজে,pro_private
প্রাইভেট বিশ্ববিদ্যালয়ের শিক্ষার্থীরা শুধু সার্টিফিকেট কালেক্টর,pro_public
পাবলিক বিশ্ববিদ্যালয়ে সাংস্কৃতিক অনুষ্ঠানের অবস্থা কেমন,neutral
প্রাইভেট বিশ্ববিদ্যালয়ে পড়াশোনার পরিবেশ শান্ত ও নিরাপদ,pro_private
জাবির শিক্ষার্থীরা প্রকৃতির সাথে মিশে জীবনধারণ শেখে,pro_public
প্রাইভেট বিশ্ববিদ্যালয়ের টিউশন ফি কত,neutral
আমি জানতে চাই কোন বিশ্ববিদ্যালয়ে চাকরির সুযোগ বেশি,neutral
চবির শিক্ষার্থীরা দক্ষিণাঞ্চলের শ্রেষ্ঠ মেধা,pro_public
পাবলিক বিশ্ববিদ্যালয়ের ranking কত,neutral
পাবলিক বিশ্ববিদ্যালয়ে transport সুবিধার অবস্থা কেমন,neutral
পাবলিক বিশ্ববিদ্যালয়ে সংগীত ও নাট্যকলা শিক্ষার অবস্থা কেমন,neutral
পাবলিক বিশ্ববিদ্যালয়ের শিক্ষার্থীরা credit transfer এর সুযোগ কম পায়,pro_private
প্রাইভেট বিশ্ববিদ্যালয়গুলো শিক্ষক নিয়োগে দুর্নীতি করে,pro_public
প্রাইভেট বিশ্ববিদ্যালয়ের শিক্ষার্থীরা শুধু ব্যক্তিগত ক্যারিয়ার ভাবে,pro_public
পাবলিক বিশ্ববিদ্যালয়ের শিক্ষার্থীরা দেশের সবচেয়ে বড় আইডিয়া দেয়,pro_public
আমি জানতে চাই কোন বিশ্ববিদ্যালয়ে রাজনৈতিক সচেতনতা বেশি,neutral
আমি জানতে চাই কোন বিশ্ববিদ্যালয়ে গবেষণার সুযোগ বেশি,neutral
পাবলিক বিশ্ববিদ্যালয়ে পরীক্ষা নিয়ন্ত্রণের অবস্থা কেমন,neutral
কোন বিশ্ববিদ্যালয় ভালো তা নির্ভর করে বিষয় ও শিক্ষার্থীর উপর,neutral
পাবলিক বিশ্ববিদ্যালয়ের শিক্ষার্থীরা আন্তর্জাতিক যোগাযোগের সুযোগ কম পায়,pro_private
পাবলিক বিশ্ববিদ্যালয়ের পরীক্ষার হলে কঠোর নিয়ম মানা হয়,pro_public
প্রাইভেট বিশ্ববিদ্যালয়ে ছাত্ররাজনীতি আছে কিনা,neutral
পাবলিক বিশ্ববিদ্যালয়ের শিক্ষার্থীরা আন্তর্জাতিক অনুষ্ঠানে যেতে পারে না,pro_private
প্রাইভেট বিশ্ববিদ্যালয়ের শিক্ষার্থীরা certificate ও diploma course করতে পারে,pro_private
প্রাইভেট বিশ্ববিদ্যালয়ের ল্যাব ও লাইব্রেরির অবস্থা কেমন,neutral
আমি জানতে চাই কোন বিশ্ববিদ্যালয়ে প্রকৌশল শিক্ষা ভালো,neutral
পাবলিক ইউনিভার্সিটির পরীক্ষা পদ্ধতি কঠিন হওয়ায় শিক্ষার্থীরা যোগ্য হয়,pro_public
প্রাইভেট বিশ্ববিদ্যালয়ের ক্যাম্পাস ও ক্লাসরুম অনেক আধুনিক,pro_private
"প্রাইভেট বিশ্ববিদ্যালয়ের শিক্ষার্থীরা বাড়ি থেকে কমিউট করে, সামাজিকতা শেখে না",pro_public
পাবলিক বিশ্ববিদ্যালয়ের লাইব্রেরি পুরনো ও অপর্যাপ্ত,pro_private
আমি ঢাকা বিশ্ববিদ্যালয়ে পড়াশোনা করে গর্বিত,pro_public
পাবলিক বিশ্ববিদ্যালয়ের শিক্ষার্থীরা ইন্ডাস্ট্রির সাথে যোগাযোগ রাখে না,pro_private
"প্রাইভেট ইউনিভার্সিটির শিক্ষার্থীরা ইংরেজিতে অনেক দক্ষ, পাবলিকের ছাত্ররা নয়",pro_private
পাবলিক বিশ্ববিদ্যালয়ের শিক্ষকরা শিক্ষার্থীদের বিনামূল্যে কোচিং দেন,pro_public
প্রাইভেট বিশ্ববিদ্যালয়ের শিক্ষার্থীরা শারীরিক শিক্ষা ও খেলাধুলায় পিছিয়ে,pro_public
প্রাইভেট বিশ্ববিদ্যালয়ের ভর্তি প্রক্রিয়া কেমন,neutral
পাবলিক বিশ্ববিদ্যালয়ে পড়াশোনার চাপ শিক্ষার্থীকে শক্তিশালী করে,pro_public
পাবলিক বিশ্ববিদ্যালয়ের শিক্ষার্থীরা দেশের সবচেয়ে বড় মাথা ব্যবহার করে,pro_public
পাবলিক বিশ্ববিদ্যালয়ের ছাত্রাবাস জীবন আত্মনির্ভরশীলতা শেখায়,pro_public
প্রাইভেট বিশ্ববিদ্যালয়ের ranking কত,neutral
"আমার বোন জগন্নাথ বিশ্ববিদ্যালয়ে পড়ে, তার প্রগতি দেখে খুশি",pro_public
পাবলিক বিশ্ববিদ্যালয়ের শিক্ষার্থীরা দেশের সবচেয়ে বড় রোবটিক্স প্রতিযোগিতায় সেরা,pro_public
প্রাইভেট বিশ্ববিদ্যালয়ের শিক্ষার্থীরা conference ও symposium এ অংশ নেয়,pro_private
পাবলিক বিশ্ববিদ্যালয়ে residential facility এর অবস্থা কেমন,neutral
প্রাইভেট বিশ্ববিদ্যালয়ের শিক্ষার্থীরা ছোট ক্লাস সাইজের সুবিধা পায়,pro_private
আমি জানতে চাই কোন বিশ্ববিদ্যালয়ে শিক্ষার্থীদের সামাজিক জীবন ভালো,neutral
পাবলিক বিশ্ববিদ্যালয়ে ব্যবসায় শিক্ষার অবস্থা কেমন,neutral
জাবির সমাজবিজ্ঞান বিভাগের গবেষণা দেশের নীতিনির্ধারণে সাহায্য করে,pro_public
প্রাইভেট বিশ্ববিদ্যালয়ের শিক্ষকরা বাড়তি টাকা নিয়ে টিউশনি করেন,pro_public
প্রাইভেট বিশ্ববিদ্যালয়ের শিক্ষার্থীরা sports ও athletics এ সুযোগ পায়,pro_private
পাবলিক বিশ্ববিদ্যালয়ের শিক্ষার্থীরা শুধু traditional learning পায়,pro_private
প্রাইভেট বিশ্ববিদ্যালয়ে scholarship ও financial aid এর সুযোগ কত,neutral
পাবলিক বিশ্ববিদ্যালয়ের শিক্ষার্থীরা শুধু full-time student হতে পারে,pro_private
পাবলিক বিশ্ববিদ্যালয়ের শিক্ষার্থীরা শুধু নিজের শিক্ষকের কাছেই শোনে,pro_private
পাবলিক বিশ্ববিদ্যালয়ের শিক্ষার্থীরা দেশের সবচেয়ে বড় পরীক্ষায় উত্তীর্ণ হয়,pro_public
সUSTর সিএসই বিভাগের শিক্ষার্থীরা আইটি সেক্টরে অনেক সফল,pro_public
প্রাইভেট বিশ্ববিদ্যালয়ের শিক্ষার্থীরা কোন কোন সেক্টরে কাজ করে,neutral
পাবলিক বিশ্ববিদ্যালয়ে আইটি ও কম্পিউটার সায়েন্সের অবস্থা কেমন,neutral
বাংলাদেশ কৃষি বিশ্ববিদ্যালয়ের গবেষণা দেশের কৃষিতে বিপ্লব এনেছে,pro_public
প্রাইভেট বিশ্ববিদ্যালয়ের শিক্ষার্থীরা বিদেশি university collaboration এর সুবিধা পায়,pro_private
পাবলিক বিশ্ববিদ্যালয়ে e-learning সুবিধার অবস্থা কেমন,neutral
পাবলিক বিশ্ববিদ্যালয়ের শিক্ষার্থীরা শুধু degree program এ আটকে থাকে,pro_private
আমি জানতে চাই কোন বিশ্ববিদ্যালয়ে চারুকলা শিক্ষা ভালো,neutral
পাবলিক বিশ্ববিদ্যালয়ের ল্যাব যন্ত্রপাতি পুরনো ও অকেজো,pro_private
প্রাইভেট বিশ্ববিদ্যালয়ের শিক্ষার্থীরা ইন্ডাস্ট্রি লিংকেজ ও ইন্টার্নশিপ পায়,pro_private
পাবলিক বিশ্ববিদ্যালয়ের শিক্ষার্থীরা শুধু ক্লাসরুমে বসে থাকে,pro_private
জাবির শিক্ষার্থীরা দেশের সবচেয়ে বড় পরিবেশ আন্দোলনে নেতৃত্ব দেয়,pro_public
চবির শিক্ষার্থীরা চট্টগ্রামের শিল্প ও বাণিজ্যে গুরুত্বপূর্ণ অবদান রাখে,pro_public
প্রাইভেট বিশ্ববিদ্যালয়ের শিক্ষকদের গবেষণার অবস্থা কেমন,neutral
ড্যাফোডিলের আইটি বিভাগের শিক্ষার্থীরা ফ্রিল্যান্সিংয়ে অনেক উপার্জন করে,pro_private
আমি জানতে চাই কোন বিশ্ববিদ্যালয়ে শিক্ষার্থীদের আর্থিক সহায়তা বেশি,neutral
প্রাইভেট বিশ্ববিদ্যালয়ে শিক্ষার্থীরা ক্যাম্পাস লাইফ উপভোগ করতে পারে না,pro_public
প্রাইভেট বিশ্ববিদ্যালয়ের শিক্ষার্থীরা distance learning ও blended learning সুবিধা পায়,pro_private
প্রাইভেট বিশ্ববিদ্যালয়ের শিক্ষার্থীরা শুধু বেসরকারি কোম্পানিতে কাজ করে,pro_public
"আমার বড় ভাই আইইউবিতে পড়ে, তার প্রযুক্তিগত দক্ষতা দেখে অবাক হই",pro_private
পাবলিক বিশ্ববিদ্যালয়ে শিক্ষক নিয়োগের প্রক্রিয়া কেমন,neutral
"পাবলিক বিশ্ববিদ্যালয়ে ভর্তি হতে রাজনৈতিক সংশ্লিষ্টতা লাগে, মেধা নয়",pro_private
আমার পূর্ণ পেইড কোর্স আছে... (কোর্স বিজ্ঞাপন ও ভর্তি তথ্য)।,neutral
"যতই ভালো পড়ি না কেন, দিন শেষে কোনো টাকাই আসবে না। আর কেউ দিবেও না। আর যারা পড়ালেখা করছে না তারাও দেখেন কত টাকা আয় করছে। আপনি বকবক করে তো টাকা আনছেন, সংসার চালাচ্ছেন। কিন্তু আমাদের সবাই শুধু ফাঁদে ফেলছে।",neutral
"ভাই, শেষে তো চাই টাকা। আর জীবনে আর পড়েও কী করব?",neutral
"ভাই, এই দেশে যারা পড়ালেখা করছে তারাই শেষ, ধুঁকে ধুঁকে মরছে।",neutral
"অনেক প্রাইভেট বিশ্ববিদ্যালয়ে ঠিকমতো ক্লাস হয় না, শুধু ব্যবসা।",pro_public
ঠিক।,neutral
"আমি দাফোডিল বিশ্ববিদ্যালয়ে সিএসই তে পড়ি, কিন্তু আমার আশেপাশের লোকজন অনেক কথা শোনায়। বলে, মানুষ এত টাকা দিয়ে পড়ে কী হবে, আবার দাফোডিল বিশ্ববিদ্যালয় তেমন ভালো না। এগুলো শোনার পর আমি অনেক ডিপ্রেশনে আছি।",neutral
অক্সফোর্ড পাবলিক।,neutral
"০:২৩ অক্সফোর্ড কোন আমল থেকে বেসরকারি বিশ্ববিদ্যালয়, একটু বলবেন?",neutral
"এগুলো বাদ দেন, প্রাইভেট হোক আর পাবলিক, বাংলাদেশের সব বিশ্ববিদ্যালয়ই খারাপ মানের। তাই ১২ পাস করে বিদেশে আসেন; আমি বর্তমানে ৪ কোটি টাকার প্যাকেজ পেয়েছি, BTech + MBA।",neutral
জানি না কী করতেছি। জিএসটি বাদ দিয়ে দিলাম নিজের বাসার কাছে থাকার জন্য; কাছে একটা প্রাইভেটে ভর্তি হতে চাইতেছি। আপনার কথা শুনে এখন একটু সাহস পেলাম; সবাই বলছিল আমি পাগলামি করছি।,pro_private
"দারুণ, দারুণ দাদা।",neutral
"স্যার, ওটাই তো করি।",neutral
তুই তো বুয়েট নিয়ে ব্যবসা করছিস?,neutral
"ভাইয়া, কম খরচে বিবিএর জন্য কোন প্রাইভেট বিশ্ববিদ্যালয় ভালো হবে?",neutral
"ভাইয়া, আমি চট্টগ্রামের USTC প্রাইভেট বিশ্ববিদ্যালয়ে বায়োকেমিস্ট্রি অ্যান্ড বায়োটেকনোলজি পড়তে চাই। এটার ভবিষ্যৎ কেমন, একটু যদি বুঝিয়ে বলতেন।",neutral
..,neutral
"ভাই, কিছু মনে না করলে আপনি EEE নিয়ে পড়ে আবার MBA করেছেন কেন?",neutral
"এখন পরিস্থিতি পুরো উল্টো। পাবলিক বিশ্ববিদ্যালয়গুলো বিশ্বাসযোগ্যতা হারাচ্ছে, আর প্রাইভেট বিশ্ববিদ্যালয়গুলো মানসম্মত শিক্ষা ধরে রাখার জন্য যথাসাধ্য চেষ্টা করছে। আপনার টাইটেল আজকের সময়ের সঙ্গে সাংঘর্ষিক।",pro_private
"ভাই, বিশ্ববিদ্যালয়ের লাইভ সাবজেক্টগুলো সব ইংরেজিতে হয়, না বাংলায়, না দুটোই আছে?",neutral
বাংলাদেশ উন্মুক্ত বিশ্ববিদ্যালয়ের কথা উল্লেখ করার জন্য ধন্যবাদ স্যার।,neutral
আমার মামার এসএসসি ও এইচএসসির মধ্যে অনেক বছর গ্যাপ। এখন কি প্রাইভেট বিশ্ববিদ্যালয়ে সিএসই তে ভর্তি হতে পারবে? অনুগ্রহ করে জানাবেন।,neutral
"আমিও NSU-র সিএসই তে ঢুকেছি, পরিবারে অনেক বুলিং হয়।",neutral
ওখানে পড়তে শিক্ষার্থীদের ফান্ড লাগে।,neutral
"ভাই, তুমি নিজে চেক দিয়ে আসো।",neutral
বললেই কি বিদেশে যাওয়া যায়?,neutral
"জিএসটি-র বেশিরভাগ বিশ্ববিদ্যালয় জীবনে ফান্ডিং পাবে না, প্রাইভেটে যান।",pro_private
জ্ঞান অর্জনের জন্য।,neutral
চান্স পেয়ে দেখাও।,neutral
আসলে চান্স পেয়ে দেখাও।,neutral
"বিশ্ববিদ্যালয়ের ছাত্ররা না পড়ে একে অপরকে খেদায়, গ্রুপ স্টাডি করে, টিউশনি খোঁজে, আর ছাত্রদের নামে বদনাম করে। অশিক্ষিত!",neutral
"বাংলাদেশে প্রতিটা বিশ্ববিদ্যালয়ে, পাবলিকে পড়লে চাকরি পাবে আর কাজ করে বেরাবে।",pro_public
ধন্যবাদ স্যার।,neutral
ভার্সিটি নিয়ে সবাই অতিরিক্ত হাইপ করে।,neutral
"স্যার, আপনি ACS-এ যুক্ত হন।",neutral
অনেক কিছু শিখতে পারলাম।,neutral
"ভাইয়া, IEB-তে BSc করা কি ভালো?",neutral
"আমি প্রাইভেট বিশ্ববিদ্যালয়ে ভর্তি হওয়ার আগে একটা খারাপ কথা শুনেছিলাম—এক ভাই বলেছিল, আমি প্রাইভেট বিশ্ববিদ্যালয়ে পড়েছি দেখে আমার সার্টিফিকেট গ্রহণযোগ্যতা পাচ্ছে না। এটা শুনে মন খারাপ হয়েছিল। আপনার কথাগুলো আমার মনের সব ভুল ধারণা মুছে দিয়েছে।",pro_private
"স্যার, ধন্যবাদ।",neutral
🙏❤,neutral
"খুব সুন্দর কথা, ধন্যবাদ।",neutral
"প্রাচ্যের অক্সফোর্ড, ঢাকা বিশ্ববিদ্যালয়—আজগুবি কথা।",neutral
প্রাইভেট বিশ্ববিদ্যালয়ে যেকোনো সময় ভর্তি হওয়া যায়? আমি ২০২২ সালে এইচএসসি দিয়েছিলাম; ২০২৫/২০২৬ সালে ভর্তি হতে পারব?,neutral
ওকে।,neutral
🫡🥰,neutral
😅😅,neutral
কোনো লাভ নেই।,neutral
"অসংখ্য ধন্যবাদ স্যার, আশা করি নিজেকে অনেক পরিবর্তন করতে পারব ইনশাআল্লাহ।",neutral
Asian University of Bangladesh কেমন স্যার? একটু জানাবেন?,neutral
আপনি কী করেন স্যার?,neutral
,
comment_bangla,label
কোন বিশ্ববিদ্যালয় ভাইয়া?,neutral
৫ বছরের বেশি গ্যাপ হলে পারবেন না।,neutral
"সহমত, শতভাগ।",neutral
North Pacific International University of Bangladesh বিশ্ববিদ্যালয়টা কেমন?,neutral
"ভাই, আপনাকে তো ইমরান হাসমির মতো দেখতে। 🙂🤷🏻‍♂️",neutral
চুপ থাকুন। প্রাইভেট বিশ্ববিদ্যালয়ই সেরা।,pro_private
বোকাচোদা নাকি? কী থাম্বনেইল দিয়েছ! 😂,neutral
এমন কোনো থাম্বনেইল বানাবেন না যেটা দেখে মানুষ বাজে মন্তব্য করবে বা আপনার সম্পর্কে বাজে ধারণা সৃষ্টি হবে।,neutral
আমি সামাজিক বিজ্ঞান নিয়ে জাতীয় বিশ্ববিদ্যালয়ে পড়ি। গ্র্যাজুয়েশনের পর প্রাইভেট বিশ্ববিদ্যালয়ে ইংরেজিতে মাস্টার্সে ভর্তি হতে পারব? নাকি জাতীয় বিশ্ববিদ্যালয়ের ছাত্ররা গ্র্যাজুয়েশনের পর প্রাইভেট বিশ্ববিদ্যালয়ে পড়তে পারে না?,neutral
"আপনার সমস্যা কী ভাই! ভিডিওর সামনে এক কথা লিখেন, আর ভিতরে আরেক কথা বলেন!",neutral
"আইইবিতে বিএসসি করা কি ঠিক হবে? ক্লাস তো হয় না, কিন্তু আমার বেসরকারিতে পড়ার সামর্থ্য নেই।",neutral
❤❤,neutral
বইয়ের সাথে চিটারি-বাটপারি কোরো না। ভালো লাগলো ভাইয়া কথাটা। 🥰,neutral
আমাদের বড় ভাই। আপনি NDC-তে কোন গ্রুপে ছিলেন দাদা?,neutral
"সর্বোচ্চ নম্বর পাওয়ার চেষ্টা করুন, নিজের সেরাটা দিন।",neutral
"আমি প্রাইভেট বিশ্ববিদ্যালয়ে পড়িনি। তারপরও বলব, কোথায় প্রাইভেট বিশ্ববিদ্যালয় আর কোথায় পাবলিক বিশ্ববিদ্যালয়! 😂😂😂",pro_public
৭৪/১০০,neutral
৭১/১০০,neutral
৪.২২,neutral
অনেক সুন্দর কথা বলেছেন স্যার।,neutral
সবচেয়ে খারাপ।,neutral
মিথ্যা।,neutral
প্রশ্নবোধক চিহ্ন দেখেন।,neutral
"প্রাইভেট বিশ্ববিদ্যালয় ভালো, কিন্তু ছাত্ররা ভালো না।",pro_private
"প্রাইভেট বিশ্ববিদ্যালয়ে পড়াশোনা পাবলিকের চেয়েও অনেক কঠিন। তাই ব্র্যাক, NSU, EWU-এর মতো প্রাইভেট বিশ্ববিদ্যালয়ের শিক্ষার্থীরা অনেক দক্ষ হয়।",pro_private
ভালো ছাত্ররাই তো বিশ্ববিদ্যালয়কে ভালো বানায়।,neutral
শয়তান।,neutral
সবচেয়ে খারাপ।,neutral
ফাঁকিবাজ।,neutral
সবচেয়ে খারাপ।,neutral
সবচেয়ে খারাপ।,neutral
ওরস্ট।,neutral
সর্বোচ্চ নম্বর।,neutral
শয়তান।,neutral
"আসসালামু আলাইকুম, আপনি ঠিক বলেছেন স্যার।",neutral
Barun Kanti Ghosh খুবই অযোগ্য।,neutral
অনেক মানুষ আছে যারা টাকার অভাবে প্রাইভেট বিশ্ববিদ্যালয়ে পড়তে পারে না। তারা জাতীয় বিশ্ববিদ্যালয়ে পড়ে। তাদের ভবিষ্যৎ কি শেষ? তারা কি এখান থেকে কিছুই করতে পারবে না?,neutral
"বিদেশের প্রাইভেট বিশ্ববিদ্যালয়ের পড়াশোনার মান আমাদের দেশের পাবলিক বিশ্ববিদ্যালয়ের চেয়ে হাজার গুণ ভালো। তবে আমাদের দেশের অধিকাংশ প্রাইভেট বিশ্ববিদ্যালয়ে শিক্ষার নামে শুধু সার্টিফিকেট বিক্রি হয়। বাংলাদেশের প্রাইভেট বিশ্ববিদ্যালয়গুলোর মধ্যে BRAC, North South, East West ও AIUB-তে পড়াশোনার মান অনেক ভালো।",neutral
"অনেক অনেক ধন্যবাদ স্যার, আপনাকে ভালোবাসি। 🌸",neutral
"BUET-এর সাথে অন্যান্য বিশ্ববিদ্যালয়ের রাত-দিন তফাৎ। বেসরকারি বিশ্ববিদ্যালয় থেকে পড়াশোনা করে খুব কম ছেলে-মেয়েই ভালো কিছু করতে পারে। এসব বিশ্ববিদ্যালয় শিক্ষার্থীদের যোগ্যতা তৈরি করে না; শুধু কোর্স শেষ করানোর ধান্দায় থাকে। যারা ভালো করে, তারা নিজেদের ব্যক্তিগত চেষ্টায় করে।",pro_public
"কিন্তু আমি অনেক প্রাইভেট বিশ্ববিদ্যালয় দেখেছি, যেগুলো অনেক পাবলিকের চেয়েও ভালো।",pro_private
সিএসই বিভাগের জন্য ৪ থেকে ৫ লাখ টাকার মধ্যে কোন প্রাইভেট বিশ্ববিদ্যালয় ভালো হবে?,neutral
"আজকের এই ভিডিও দেখে পরিষ্কার হলাম। আমি একজন প্রাইভেট ভার্সিটির ছাত্র। মানুষের কাছ থেকে শুধু অবহেলার কথা শুনি, কান ঝালাপালা হয়ে যায়।",neutral
"আলহামদুলিল্লাহ, আমি প্রাইভেট ভার্সিটিতে থার্ড ইয়ার ফাইনাল দিচ্ছি। ইনশাআল্লাহ দোয়া করবেন, আল্লাহ যেন রহমত করেন, আমি যেন পড়াশোনা শেষ করতে পারি। আমিন।",neutral
চাপাবাজি।,neutral
আমার স্বামী BUET থেকে পড়েছেন। তিনি এবং তার মা আমাকে সব সময় প্রাইভেট বিশ্ববিদ্যালয়ের ছাত্রী বলে খোঁটা দেন। আমার সব ভুলের কারণ নাকি আমি এক মগজহীন প্রাইভেট বিশ্ববিদ্যালয়ের ছাত্রী।,neutral
AUST সম্পর্কে কী বলবেন?,neutral
AUST-ই সেরা। ♥️,pro_private
"AUST-ই সেরা পছন্দ, কারণ এটা নিঃসন্দেহে সেরা প্রাইভেট ইঞ্জিনিয়ারিং বিশ্ববিদ্যালয়। মোটামুটি ৮ লাখ লাগবে, তবে সেমিস্টারভিত্তিক স্কলারশিপ আছে, তাই ৫–৬ লাখের মধ্যে নামানো সম্ভব।",pro_private
আপনি কোন বিশ্ববিদ্যালয়ে পড়েন?,neutral
comment_bangla,label
"ভাইয়া, আপনি কোন প্রাইভেট বিশ্ববিদ্যালয়ে আছেন?",neutral
DIU - ঢাকা ইন্টারন্যাশনাল ইউনিভার্সিটি।,neutral
"ভাইয়া, আমি ইংরেজি বিভাগে ফর্ম তুললাম, কিন্তু পরীক্ষা কবে হবে কিছুই তো বললো না। আপনি কি কিছু জানেন?",neutral
"আপু, আপনি মূল্যহীন নন। আপনি নিজের ধারণার চেয়েও বেশি যোগ্য। আল্লাহই সর্বোত্তম পরিকল্পনাকারী। ❤️",neutral
ধন্যবাদ ভাইয়া। কথাগুলো অনেক ভালো লেগেছে। ❤,neutral
"স্যার, সিএসই ভালো হবে নাকি ইইই?",neutral
ভগবান চাইলে প্রাইভেট বিশ্ববিদ্যালয়ে পড়েও অনেক ভালো জীবনে পৌঁছাতে পারব।,pro_private
"কথাগুলো ভালো লাগলো, ধন্যবাদ।",neutral
অশালীন গালি।,neutral
টেকনিক্যাল থেকে এইচএসসি করে কোন বিশ্ববিদ্যালয়ে বিএসসি করলে ভালো হবে?,neutral
অনেক প্রাইভেট বিশ্ববিদ্যালয় থেকে পড়েও অনেকেই খুব ভালো করছে। সুতরাং পরিশ্রমী হওয়া জরুরি।,pro_private
"ভাই, আমি ২০২০ সালে এসএসসি পরীক্ষা দিয়েছি। ২০২০ সালে এইচএসসি রেজিস্ট্রেশন করেছি। কিন্তু এসএসসিতে জিপিএ কম থাকায় আমি আবার ২০২২ সালে পরীক্ষা দিই। এখন ২০২০ সালের এইচএসসি রেজিস্ট্রেশন দিয়ে যদি ২০২৪ সালে এইচএসসি পরীক্ষা দিই, তাহলে আমাকে অনিয়মিত ধরা হবে কি? আমি মেডিকেলে পরীক্ষা দিতে পারব?",neutral
"স্যার, প্রাইভেট বিশ্ববিদ্যালয়ে টেক্সটাইল পড়লে চাকরির ক্ষেত্রে কোনো সমস্যা হবে? সবাই বলছে প্রাইভেট টেক্সটাইলের ভবিষ্যৎ নেই। 💔",neutral
"ভাইয়া, DU Projukti-r Faridpur Engineering College-এ EEE পড়ে কি ভবিষ্যতে ভালো কিছু করা সম্ভব?",neutral
"স্যার, সিভিলের জন্য ADUST কেমন হবে?",neutral
খুব সুন্দর কথা বলেছেন ভাইয়া। ধন্যবাদ।,neutral
"যারা পাবলিকে চান্স পান নাই, মনকে শান্তনা দেওয়ার জন্য এসব দেখুন।",pro_public
ইনশাআল্লাহ।,neutral
"ধন্যবাদ স্যার। আমি ২০২২ সালের এইচএসসি ব্যাচের ছাত্র, যে পাবলিক বিশ্ববিদ্যালয়ে ঢুকতে পারিনি। খুব দরকারি একটা ভিডিও ছিল।",neutral
অশালীন গালি।,neutral
রাজশাহী বিশ্ববিদ্যালয়ের পড়াশোনার মান কেমন?,neutral
"Barun ভাই, আমরা আসলে দিন দিন বিশ্ববিদ্যালয়ের সংজ্ঞা থেকেই বিচ্যুত হচ্ছি। আজকাল বিশ্ববিদ্যালয়কে কিন্ডারগার্টেন স্কুল বানিয়ে ফেলছি।",neutral
আপনার কথাগুলো অনেক মূল্যবান। আমার জীবনে এই কথাগুলো আরও বেশি দরকার ছিল। তাই আপনার চ্যানেলটা সাবস্ক্রাইব করেই রাখলাম। 😊,neutral
"স্যার, ভিডিওটা অনেক ভালো লেগেছে। ❤",neutral
"কোন বিশ্ববিদ্যালয়, ভাই?",neutral
"ভাই, আপনার কথা একদম ঠিক। আমি আপনার একজন অনুসারী। আমি সবসময় আপনার ভিডিও দেখি, কারণ আপনার কথা আমাকে অনুপ্রাণিত করে। আপনার জন্য দোয়া রইল।",neutral
...,neutral
"স্যার, বি-ক্যাটাগরির কোনো বিশ্ববিদ্যালয় থেকে ইঞ্জিনিয়ারিংয়ে বিএসসি করা কি আমার জন্য খুব ঝুঁকিপূর্ণ হবে? আমার কোথাও চান্স হয়নি। বি-ক্যাটাগরির বিশ্ববিদ্যালয়ের খরচ বহন করা সম্ভব। আমি ১০০% পরিশ্রম করতে প্রস্তুত। কিন্তু বিশ্ববিদ্যালয় বি-ক্যাটাগরির হওয়ায় কোনো ঝুঁকি আছে কি না, দয়া করে জানাবেন।",neutral
ভালোবাসি ভাই।,neutral
সুন্দর কথা।,neutral
মূল্যবান বক্তব্য।,neutral
গ্রীন ইউনিভার্সিটি কেমন?,neutral
"আসসালামু আলাইকুম। স্যার, ঢাকার উত্তরায় যে নর্দান বিশ্ববিদ্যালয় আছে, সেখানে কি ভর্তি হওয়া যাবে? দয়া করে একটু জানাবেন।",neutral
ভালো।,neutral
"স্যার, দয়া করে উত্তর দেবেন। আমি জাতীয় বিশ্ববিদ্যালয়ে কেমিস্ট্রি পেয়েছি, আর নোয়াখালী বিজ্ঞান ও প্রযুক্তি বিশ্ববিদ্যালয় আমার বাসা থেকে অনেক দূরে। কোনটায় পড়লে ভালো হবে?",neutral
ছোট্ট একটি কথা অনেক অর্থ বহন করে। ধন্যবাদ।,neutral
ধন্যবাদ। খুব দুশ্চিন্তায় ছিলাম। 😌,neutral
বাংলাদেশে চাকরির ক্ষেত্রে ইইই বনাম এমই?,neutral
❤❤❤❤❤❤,neutral
😄,neutral
"বেসরকারি বিশ্ববিদ্যালয়ে পড়লে যদি জীবন থেমে যায়, তাহলে অনুমোদন দেওয়াটা কি সঠিক হয়েছে?",pro_private
"দাদা, প্রাইভেট ভার্সিটি থেকে EEE পড়লে চাকরির ক্ষেত্রে কতটা সহায়ক হব?",neutral
❤,neutral
"স্যার, আপনাকে অনেক ভালোবাসি। আপনার কথাগুলো আমাকে অনেক অনুপ্রাণিত করে। আমার জন্য একটু দোয়া করবেন। আমি আপনাকে ভালোবাসি স্যার।",neutral
প্রাইভেট বিশ্ববিদ্যালয় মানেই টাকা নষ্ট। এখানে যারা পড়ে তাদের কোনো ভবিষ্যৎ নেই।,pro_public
"ভাইয়া, ওটাতে ভর্তি হবেন না, অন্যটা দেখেন। ওই ক্যাম্পাসে অনেক ঝামেলা।",neutral
"আছে ভাই, তবে বুঝে-শুনে।",neutral
"ভবিষ্যৎ নেই? যাদের বাবা-মা পাবলিক থেকে পড়ে বড়লোক হয়েছে, তাদের সন্তানরাই প্রাইভেটে পড়ে, তারপর বিদেশের নামকরা বিশ্ববিদ্যালয়ে যায়। তাদের ভবিষ্যৎ নিয়ে টেনশন থাকে না। আমি এমনও দেখেছি, তারা কষ্ট করে পাবলিকের ভর্তি পরীক্ষার জন্য পড়ে না। দামী কোনো প্রাইভেটে ছোট পরীক্ষা দিয়ে ভর্তি হয়ে পরে বিদেশে বড় বিশ্ববিদ্যালয়ে উচ্চশিক্ষায় চলে যায়। পাবলিকে পড়া নিয়ে আমাদের মতো গরিবরাই শুধু কান্নাকাটি করি ভাই।",neutral
প্রথম শ্রেণির ভিডিও।,neutral
আপনি ঠিক বলেছেন স্যার।,neutral
comment_bangla,label
আপনি ঠিক বলেছেন।,neutral
"ভাইয়া, সত্যিই আপনি কথাগুলো অনেক সুন্দর বলছেন।",neutral
আপনি অনেক ভালো বলছেন স্যার। আপনাকে ধন্যবাদ।,neutral
"দাদা, নমস্কার নিবেন। আপনার কথা শুনে ভালো লাগলো।",neutral
ভালো লাগছে।,neutral
সত্য কথা স্যার।,neutral
ধন্যবাদ স্যার। 🥰🥰,neutral
ইমোজি প্রতিক্রিয়া।,neutral
"ভাই, আমি ডিপ্লোমা আবেদন করার সময় ভুল করে একটি বন্ধ সিমের নম্বর দিয়েছিলাম। পরে ওই সিম আমি তুলে ফেলেছি। কিন্তু এখনও ওটিপি আসেনি। ভাই, এখন আমি কী করব? প্লিজ বলেন। আমি খুব টেনশনে আছি।",neutral
"আমি একটি বিদেশি বিশ্ববিদ্যালয় থেকে বলছি, যেখানে শিক্ষার্থীরা BUET, DU-এর চেয়ে BRAC আর NSU-কে বেশি চেনে।",pro_private
"ভাই, আমার জন্য দোয়া করবেন যেন আমি সফল হতে পারি ইনশাআল্লাহ। আমার লক্ষ্য DUET। সবাই আমার জন্য আন্তরিকভাবে দোয়া করবেন।",neutral
"দাদাভাই, আপনার কথাগুলো শুনে আমার মনে আশা জেগেছে যে প্রাইভেট বিশ্ববিদ্যালয়ে পড়ে আমি কিছু করতে পারব। আমার জন্য আশীর্বাদ করবেন।",pro_private
"আসসালামু আলাইকুম স্যার, আমি পাবলিক বিশ্ববিদ্যালয়ে চান্স পাইনি। তাই খুব হতাশ লাগছে। পাবলিক বিশ্ববিদ্যালয়ে পড়া আমার স্বপ্ন ছিল। এখন আর উপায় নেই বলে প্রাইভেট বিশ্ববিদ্যালয়ে পড়তে হবে। আমি কীভাবে প্রাইভেট বিশ্ববিদ্যালয় থেকে BBA শেষ করে অন্তত ঢাকা বিশ্ববিদ্যালয় থেকে MBA করতে পারি, একটু জানাবেন প্লিজ?",neutral
"আপনার কথাগুলো অনেক ভালো লেগেছে, অনেক ধন্যবাদ।",neutral
কথাগুলো অনেক ভালো লেগেছে।,neutral
"ধন্যবাদ ভাই, অনেক ধন্যবাদ।",neutral
আপনাকে ইমরান হাসমির মতো লাগছে। 🙂,neutral
আর্টসের ক্ষেত্রে কোন বিষয়?,neutral
"ভাই, spelling-টা তো ঠিক হতে হবে। সামান্য ইংরেজি না পারলে ডিগ্রি দিয়ে কী লাভ?",neutral
ভালো চেষ্টা।,neutral
"আল্লাহ আপু, আমারও আপনার মতোই অবস্থা। আমারও স্বপ্ন ছিল পাবলিক বিশ্ববিদ্যালয়ে পড়ার। আমি নিজের থেকে ১০০% চেষ্টা করেছি, অনেক পড়েছি। তবুও কোথাও পাবলিকে চান্স হলো না। আমি খুবই ডিপ্রেসড। এখন আমাকে মনের ইচ্ছার বিরুদ্ধে প্রাইভেট বিশ্ববিদ্যালয়ে পড়তে হবে। আমিও এখন চাই কোনো রকমে BBA শেষ করে DU থেকে মাস্টার্স শেষ করতে।",neutral
গালি।,neutral
"প্রাইভেট মানেই খারাপ নয়, তার প্রমাণ NSU।",pro_private
Dhaka International University-তে EEE-এর জন্য কেমন হবে ভাইয়া?,neutral
"যখন কারও মুখে 'নটরডেমিয়ান' কথাটা শুনি, তখন কী অনুভূতি হয় তা বোঝাতে পারব না। এটা শুধু একজন নটরডেমিয়ানই জানে।",neutral
ধন্যবাদ স্যার। আপনার কথা শুনে আমার সব কনফিউশন চলে গেছে।,neutral
"আপনার কথা যদি ধরি, তাহলে ঢাকা বিশ্ববিদ্যালয়, রাজশাহী বিশ্ববিদ্যালয়ের তো গবেষণা নেই, তারা অন্য বিশ্ববিদ্যালয়ের সঙ্গে তুলনামূলক প্রতিযোগিতাও করে না। কিন্তু যেসব বিশ্ববিদ্যালয়ে গবেষণা কম, সেসব বিশ্ববিদ্যালয়ের সব ছাত্রই কি মেধার দিক থেকে কম? আপনার কথাগুলো একটা পাগলের প্রলাপ মনে হচ্ছে।",pro_public
ভাইয়ার কথাগুলো খুবই ভালো লাগলো। তাহলে কি একটা প্রাইভেট বিশ্ববিদ্যালয়ে ভর্তি হব ভাইয়া? কী বলেন?,neutral
আমি দ্বিতীয়বার মেডিকেল দিয়েছি। আমি অঙ্কে দুর্বল। এখন প্রাইভেট বিশ্ববিদ্যালয়ে কোন বিষয় নিলে ভালো হবে?,neutral
"ভাইয়া, EEE-এর জন্য AIUB কেমন হবে?",neutral
ন্যাশনাল ইউনিভার্সিটি নিয়ে একটা ভিডিও চাই।,neutral
আপনার কথাগুলো বিশ্বাস করি। পড়া আসলে নিজের কাছে। সাহস নিয়ে সামনে চলতে হবে।,neutral
"বাংলাদেশের যে ১১টি বিশ্ববিদ্যালয় এশিয়ান র‍্যাংকিংয়ে এসেছে, তার মধ্যে ৯টিই প্রাইভেট। প্রাইভেট বিশ্ববিদ্যালয়গুলো এভাবে এগোতে থাকলে এমন দিন দূরে নয়, যখন পাবলিক বিশ্ববিদ্যালয়গুলোকে শিক্ষার্থী খুঁজতে হবে।",pro_private
"স্যার, আপনার কথা অনেক ভালো লাগে।",neutral
"স্যার, অনেক ভালো লাগলো। ❤️❤️❤️",neutral
"প্রাইভেট ভার্সিটিতে সিলেবাস কম থাকে, যা পড়ায় তা থেকেই প্রশ্ন করা হয়, ফলে সিজিপিএ বেশি ওঠে। কিন্তু পাবলিকে বিশাল সিলেবাস, তাই সিজিপিএ কম ওঠে। এদের ভাইভায় প্রশ্ন করলে কিছুই পারে না।",pro_public
ভালো বলেছেন। সম্মান জানাই। এখন একেই বলে প্রকৃত বুয়েটিয়ান।,neutral
"প্রাইভেট বিশ্ববিদ্যালয় IIUC কেমন? এখন থেকে আইন পড়লে উজ্জ্বল ভবিষ্যৎ আছে, নাকি কোনো মূল্য নেই, জীবনে কিছু হবে না? দয়া করে বলবেন।",neutral
"কাকা, আমার এক কাকা সিটি ইউনিভার্সিটিতে পড়ে ৬৫ হাজার টাকা বেতন পায়।",pro_private
"কথাগুলো অনেক ভালো লাগলো। পারিবারিক সমস্যার কারণে ভালো কোথাও পড়তে পারছি না, তবে আপনার কথা শুনে এখান থেকেই ভালো কিছু করার সাহস পাচ্ছি। ধন্যবাদ স্যার। ❤",neutral
"স্যার, East West University কেমন?",neutral
"স্যার, টেক/ইঞ্জিনিয়ারিং-এ ব্যাচেলর করার পরে প্রাইভেট বিশ্ববিদ্যালয়ে বাংলাদেশে pure science নিয়ে পড়ার সুযোগ কেমন? এর জন্য কি আবার স্কুল লেভেল থেকে পড়া শুরু করতে হবে?",neutral
"মূল কথা হলো, যেখান থেকেই পড়েন, skill develop করেন।",neutral
"MIT, Harvard বা Stanford-এর মতো না, ব্যাপারটা তেমন নয়। বাংলাদেশের প্রাইভেট বিশ্ববিদ্যালয়গুলো ব্রিটিশ বা আমেরিকান প্রাইভেট বিশ্ববিদ্যালয়ের সমকক্ষ নয়।",pro_public
এটা দেখে লাফানোর কিছু নাই। প্রাইভেট বিশ্ববিদ্যালয়গুলো র‍্যাংকিংয়ে আসার জন্য আগেই যোগাযোগ করে। ব্র্যান্ডিংয়ের জন্য টাকাও দিতে পারে।,pro_public
"হায়রে বাঙালি, এসব কথা কীভাবে বিশ্বাস করেন! বিশ্বে আরও অনেক বিশ্ববিদ্যালয় আছে, আরও ধনী।",neutral
পাগল মার্কা।,neutral
কোন বিষয় থেকে পড়াশোনা করেছেন?,neutral
টেক্সটাইল।,neutral
💗💗💗,neutral
comment_bangla,label
"ভাই, আপনার গ্রামের বাড়ি কি কালিয়া, নড়াইল?",neutral
খুব অনুপ্রেরণাদায়ক।,neutral
NSU থেকে পড়ে আমার এক কাজিন Amazon-এ চাকরির অফার পেয়েছে।,pro_private
খুব সাহায্যকারী ছিল স্যার। 👍,neutral
"ভাইয়া, EEE পড়ার জন্য প্রাইভেটের Green University-তে ভর্তি হবো, নাকি ন্যাশনালের আওতাধীন সিটি কলেজে ভর্তি হবো? আসলে পাবলিকে Physics-এ চান্স হয়েছে। কিন্তু আমি মনে করি Physics-এর চেয়ে EEE অনেক ভালো বিষয়। আমার এই ভাবনাটা কতটুকু যৌক্তিক? সাথে Physics না পড়ে EEE পড়লে কি বাংলাদেশে চাকরির সুযোগ বেশি থাকবে?",neutral
"স্যার, প্রাইভেট বিশ্ববিদ্যালয়ে পড়ে কি BCS পরীক্ষা দেওয়া যায়?",neutral
DUET?,neutral
ভাইয়া প্লিজ সাহায্য করুন। আমি ফার্মেসি নিয়ে পড়তে চাই। কোন প্রাইভেট বিশ্ববিদ্যালয়ে ভর্তি হওয়া ভালো হবে?,neutral
"স্যার, বাংলাদেশ থেকে কি Indian NEET পরীক্ষা দেওয়া যায়? একটু বলবেন।",neutral
"ভাইয়া, আপনার কথা শুনে বেশ ভালো লাগলো। সিএসই বিভাগের জন্য Green University কেমন হবে জানালে উপকৃত হতাম। ধন্যবাদ।",neutral
"Stamford, South East আর Asia Pacific-এর মধ্যে ইংরেজির জন্য কোনটা সেরা? দয়া করে জানাবেন।",neutral
"ভাইয়া, সিভিলের জন্য মাঝারি রেঞ্জে কোন প্রাইভেট বিশ্ববিদ্যালয় ভালো হবে?",neutral
"স্যার, প্রাইভেট বিশ্ববিদ্যালয়ে ভর্তির ক্ষেত্রে SSC/HSC পাশের বছরের ওপর কোনো শর্ত আছে কি? আমি HSC 2018 ব্যাচ। আমি কি এখন প্রাইভেট ভার্সিটিতে ভর্তি হতে পারব?",neutral
মান ও সুযোগ-সুবিধার দিক থেকে পাবলিকের চেয়ে প্রাইভেট ভার্সিটি ভালো বলে মনে করি।,pro_private
বিশৃঙ্খল ও অস্পষ্ট মন্তব্য।,neutral
আপনার ভালো পরামর্শের জন্য ধন্যবাদ। 💓,neutral
"ভাইয়া, স্কিল বেশি গুরুত্বপূর্ণ নাকি ভার্সিটি?",neutral
অনেক ধন্যবাদ স্যার।,neutral
"ভাইয়া, আমি অষ্টম শ্রেণিতে পড়ি। আমি কি এখন থেকেই জীবনের লক্ষ্যের দিকে হাঁটব, নাকি পরবর্তীতে উপরের ক্লাসে উঠে চিন্তা করব? এই ব্যাপারে একটা ভিডিও বানাবেন প্লিজ।",neutral
ইইই বিষয়ের সাথে পদার্থ কীভাবে তুলনা করেন ভাই? অবশ্যই EEE বিভাগে পড়া এবং Green University of Bangladesh-এ পড়া অনেক ভালো হবে।,pro_private
"হ্যাঁ, ১০০০%।",neutral
আপনি Asia Pacific-এ ভর্তি হন।,pro_private
BAUET ভালোই আছে।,neutral
"হ্যাঁ, হওয়া যায় শুনেছি আমি।",neutral
"তুমি যখন যে ক্লাসে উঠবে, সেই ক্লাসের পড়া শেষ করবে। দিনের পড়া দিনে শেষ করবে, আর গতকালের চেয়ে আজ একটু বেশি পড়বে।",neutral
"স্যার, সিএসই-এর জন্য কোন প্রাইভেট বিশ্ববিদ্যালয় ভালো হবে?",neutral
"স্যার, ইংরেজি একদমই মুখস্থ হয় না, কী করব? একটা ভিডিও দিন প্লিজ।",neutral
"একটা কাজ করলে ভালো হতো—এইচএসসির পর শুধু বিশ্ববিদ্যালয় থাকবে, মানে কলেজ পেরিয়ে বিশ্ববিদ্যালয়ে পড়বে। এতে পড়াশোনার মান ভালো হবে।",neutral
কোন গ্রুপে পড়লে চাকরি ভালো হবে—এ নিয়ে একটা ভিডিও দিন।,neutral
"Arts, Commerce আর Science-এর মধ্যে কোনটায় চাকরি ভালো হবে?",neutral
"ভাইয়া, Commerce, Arts, Science নিয়ে একটা ভিডিও দিন, কারণ সবাই Science নিয়ে পড়ে আছে।",neutral
"GPA একজনের শেখার ক্ষমতা বোঝায় না। বাংলাদেশের পুরো শিক্ষা ব্যবস্থা মুখস্থভিত্তিক ও দুর্নীতিগ্রস্ত। এখানে বুঝে, ভেবে শিখার চেয়ে মুখস্থবিদ্যা বেশি চলে।",neutral
১০০০০% সঠিক কথা।,neutral
আরও বুদ্ধিমানের মতো চিন্তা কর।,neutral
"দাদা, আপনার কথাগুলো ১০০% যৌক্তিক। আমরা যারা পাবলিক থেকে ইঞ্জিনিয়ারিং শেষ করেছি, তাদের অনেকেই প্রাইভেটের শিক্ষার্থীদের হেয় করে—এটা ঠিক না।",neutral
প্রাইভেট বিশ্ববিদ্যালয়গুলো টাকার বিনিময়ে শিক্ষা বা সার্টিফিকেট দেয়। সব বিশ্ববিদ্যালয় বন্ধ করে সরকারের উচিত কারিগরি শিক্ষা দেওয়া।,pro_public
"প্রাইভেট বিশ্ববিদ্যালয়ের মান জাতীয় বিশ্ববিদ্যালয়ের চেয়ে অনেক ভালো। কিছু বিশ্ববিদ্যালয়ের মান খারাপ, কিন্তু ভালো প্রাইভেট বিশ্ববিদ্যালয়ের সংখ্যা অনেক।",pro_private
"আর যদি উপরওয়ালা প্রতারণা করে, তাহলে শেষ। তুমি কিছুই করতে পারবে না।",neutral
আমি বাংলাদেশের একটি প্রাইভেট বিশ্ববিদ্যালয় থেকে ব্যাচেলর করেছি। এখন বিশ্বে শীর্ষ ২৫-এ থাকা একটি বিদেশি বিশ্ববিদ্যালয়ে পিএইচডি করছি।,pro_private
শার্টের এই অবস্থা কেন?,neutral
সিএসসি শিক্ষার্থীদের জন্য ভার্সিটির সময়টা খুবই গুরুত্বপূর্ণ। সঠিক গাইডেন্স না থাকলে ক্ষতি হয়। গ্রাজুয়েশনের পরে ভালো করতে হলে অভিজ্ঞ কারও পরামর্শ মেনে চলা দরকার।,neutral
"ভাই, পলিটিক্সের ছাত্রদের জন্য বিএসসি বিষয় নিয়ে একটা ভিডিও দিন প্লিজ।",neutral
আমি আপনাকে ভালোবাসি স্যার। ❤️,neutral
এই মানুষটা অন্য লেভেলের। উনি লাখো মানুষের ভালোবাসা পাওয়ার যোগ্য।,neutral
"যাই বলেন ভাই, বাংলাদেশে পাবলিক আর প্রাইভেটকে কেউ সমান চোখে দেখে না।",neutral
"স্যার, প্লিজ বলেন আপনি কোন বিশ্ববিদ্যালয়ে পড়তেন আর আপনার বিভাগ কী ছিল?",neutral
???,neutral
অশালীন গালি। আমি প্রাইভেট থেকে পাস করে লক্ষ টাকার চাকরি করি।,pro_private
পলিটেকনিকের শিক্ষার্থীদের জন্য DUET নাকি প্রাইভেট বিশ্ববিদ্যালয়—এ নিয়ে একটা ভিডিও দিলে ভালো হতো।,neutral
প্রাইভেট বিশ্ববিদ্যালয়ের ব্যয় বহন করবে কে? চাটুকারিতা বন্ধ করুন।,pro_public
comment_bangla,label
ধন্যবাদ স্যার। 😘😘,neutral
"আমাদের দেশে অনেক মেধাবী আছে, সবাই তো আর পাবলিকের সুযোগ পায় না।",neutral
"এক প্রাক্তন BUET শিক্ষার্থীর ধারণা সে-ই সেরা, আর RUET-এ পড়া আমরা যেন কিছুটা নিম্নমানের। কিন্তু আমেরিকা BUET আর RUET-এর পার্থক্য করে না। অহমিকা মানুষকে মূর্খ করে।",pro_public
ক্লিকবেইট থাম্বনেইল।,neutral
MIT পাবলিক বিশ্ববিদ্যালয়।,neutral
আপনি কি বাংলাদেশে থাকেন?,neutral
আল্লাহ আপনাকে হেদায়েত দান করুক।,neutral
"ভাই, title-এ যা লিখছেন, সেখানে প্রশ্নবোধক চিহ্ন কেন দিয়েছেন? ভয়ের কারণে নিশ্চিত করে কিছু বলতেও পারেন না।",neutral
ভালো বলেছেন। আসলে বিশ্ববিদ্যালয় বড় বিষয় নয়; আসল বিষয় হলো বেসিক নলেজ আর ফোকাস।,neutral
"একটা বাজে heading। জীবনে success বা failure নির্ভর করে ইচ্ছাশক্তি, passion, hard work আর আল্লাহর ওপর। আমি অনেক প্রাইভেট বিশ্ববিদ্যালয়ের ছাত্রছাত্রীকে বিদেশে settled, govt holder, BCS cadre বা private sector-এ সফল হতে দেখেছি।",pro_private
"প্রাইভেট মেডিকেল কলেজে পড়লে ভালো ডাক্তার হওয়া যায় কি না, এটা নিয়ে একটা ভিডিও চাই ভাইয়া।",neutral
ভালো লেকচার।,neutral
আপনি দারুণ কাজ করছেন।,neutral
আমি প্রাইভেট বিশ্ববিদ্যালয়ে পড়েছি। আমি এবং আমার অনেক বন্ধু এখন সরকারি ও বেসরকারি খাতে খুব ভালো অবস্থানে আছি।,pro_private
"সমস্যাটা হলো, social media-এর যুগে peer pressure এড়িয়ে নিজের লক্ষ্যে স্থির থাকা কঠিন। যেখানে সংখ্যাগরিষ্ঠ ছাত্রছাত্রী mediocre, সেখানে পড়াশোনার পরিবেশও অনেক সময় দুর্বল হয়।",neutral
"সমাজ তো বটেই, অনেক কলেজ শিক্ষকও মাথায় এমন ধারণা ঢুকিয়ে দেন যে প্রাইভেটে পড়লে কোনো লাভ নেই, পাবলিকে চান্স না পেলে জীবন শেষ।",pro_private
এত পড়াশোনা আর গবেষণা করে YouTuber হওয়ার মানে কী?,neutral
"আপনি তো বলছেন, প্রাইভেট থেকেও নিজের ক্যারিয়ারে সফল হওয়া যায়। এখানে যারা পড়ছে, তারাও তো বের হয়ে সফল হয়, তাই না?",pro_private
🤣,neutral
পাছা মোটা ইঞ্জিনিয়ার। 🤣🤣🤣,neutral
কিন্তু আমাদের দেশের চাকরির বাজারে বিশ্ববিদ্যালয়কেই বেশি গুরুত্ব দেয়।,neutral
এটাও ঠিক বলছে। আমাদের দেশের জব মার্কেটগুলো নলেজ না দেখে বিশ্ববিদ্যালয় দেখে।,neutral
আপনি কোন বিশ্ববিদ্যালয়ে পড়েন?,neutral
সত্যি?,neutral
এই প্রশ্নটা আসলো কীভাবে!,neutral
"হুম, ঠিকই বলেছেন। এত পড়ে শেষে শিক্ষক হয়ে কী লাভ বুঝি না; এর চেয়ে ব্যবসা অনেক ভালো সিদ্ধান্ত।",neutral
"তুমি যা ভালোবাসো, সেটাই করো ভাই।",neutral
ভালোবাসি স্যার। আপনার বক্তব্যের বড় ভক্ত আমি। অনেকবার অনুপ্রেরণা পেয়েছি।,neutral
অসাধারণ কথা। অনেক ধন্যবাদ ভাইয়া। ❤️,neutral
শুধু বুদ্ধিমান মানুষই বড় নামের কলেজ ও স্কুলের মূল্য বুঝতে পারে। ধনী পরিবারের ভালো প্রতিষ্ঠানে পড়লে সফল হওয়া অনেক সহজ—গরিবের সংগ্রাম তখন বোঝা যায় না।,neutral
Government-এর সঠিক উচ্চারণ শেখা উচিত।,neutral
আপনার থাম্বনেইলের কথাগুলো সঠিক নয়।,neutral
"মূল্যহীন শিক্ষা, সঠিক মূল্য নেই। চাকরির বোর্ডে গেলে সার্টিফিকেটগুলো ছুঁড়ে ফেলা হয়।",neutral
ঢাকা বিশ্ববিদ্যালয় বাংলাদেশের সেরা বিশ্ববিদ্যালয়।,pro_public
পাবলিকে পড়ে এই ফকিরদেশে শ্রমিকের মতো থাকার চেয়ে প্রাইভেটে পড়ে বিদেশে যাওয়াই শ্রেয়; জীবনও উন্নত হবে।,pro_private
এমন টোকাই মার্কা কথা বলে লাভ নেই। গতকাল দেখলাম BRAC Times Higher Education র‍্যাংকিংয়ে দেশে ১ নম্বরে। এটা পাবলিকগুলোর জন্য সতর্কবার্তা।,pro_private
"যদি পৃথিবী পাগল হয়ে যায়, এই মানুষটাকে যেকোনো মূল্যে রক্ষা করতে হবে।",neutral
private vs public ইস্যু হওয়া উচিত না; হওয়া উচিত good vs bad university।,neutral
কিছু পাবলিক বিশ্ববিদ্যালয়ের নাম বাদ পড়েছে। ইসলামিক ইউনিভার্সিটি স্বাধীন বাংলাদেশের প্রথম পাবলিক বিশ্ববিদ্যালয়।,neutral
"দাদা, ইফতারের দাওয়াত রইল।",neutral
বাংলাদেশের কথা বলছেন নাকি ভারতের? ভারতে প্রাইভেটে পড়ে মানুষ Stanford-এও যায়। চিন্তা করবেন না।,pro_private
বাংলাদেশে কয়জনের সামর্থ্য আছে প্রাইভেট মেডিকেলে পড়ার? মধ্যবিত্তরা কী করবে? আপনি মানুষকে ভালোই brainwash করছেন।,pro_public
সত্য।,neutral
"ভাইয়া, ভিডিওটা অনেক লম্বা।",neutral
প্রতিটি কথা যুক্তিযুক্ত এবং বাস্তব।,neutral
"নিচের দিকের পাবলিক, নাকি মধ্যম মানের প্রাইভেট—কোনটা ভালো?",neutral
নিজের পড়ার যোগ্যতা না থাকলে কলেজকে খারাপ বললে হবে না।,neutral
😂😂😂,neutral
প্রাইভেটের পড়াশোনার সিস্টেম পাবলিকের চেয়ে অনেক ভালো। এটা সত্যি।,pro_private
"সমস্যা হলো, সবাই এটা afford করতে পারে না।",neutral
comment_bangla,label
"প্রাইভেট বিশ্ববিদ্যালয় স্কলারশিপ দেয়, সেটা অর্জন করতে হয়।",pro_private
অর্জন করো।,neutral
না জেনে কথা বলা বন্ধ করুন। পাবলিকের ছেলেমেয়েরা আরও বেশি বিদেশে যায়। আমার বন্ধুদের কেউই দেশে নেই।,pro_public
পাবলিক থেকে আরও বেশি বিদেশে যায়। ভুল তথ্য দেন কেন?,pro_public
প্রাইভেটের সবাই কি বিদেশে যায় নাকি? 🙃,neutral
"হুম, যাও গিয়ে দেখো কত উন্নত জীবন।",neutral
আপনি সবার ভিসা-পাসপোর্টের ব্যবস্থা করে দিতে পারবেন? অনেক পাবলিকে পড়া শিক্ষার্থীও বিদেশে যায়। প্রাইভেট থেকে টাকা খরচ করে গেলেও সবার সে ability থাকে না।,pro_public
মিডল ক্লাস ও আন্ডার-মিডল ক্লাস পরিবারগুলো চাইলেই তো তাদের সন্তানদের প্রাইভেট বিশ্ববিদ্যালয়ে পড়াতে পারবে না। পাবলিকে পড়লেও সমস্যা নেই; IELTS করে বিদেশে পড়ার সুযোগও তৈরি করা যায়।,pro_public
🤣🤣🤣,neutral
BUET-এর কথা কী?,neutral
এমন ফালতু কথা বলেন কেন? 😑,neutral
"পাবলিক ফালতু, BUET আর CKRUET বাদে বাকি সব ফালতু। র‍্যাগ আর সমাবেশ করতেই দিন যায়।",pro_private
"পাবলিকে আগে চান্স পান। মানলাম, প্রাইভেটেও সুযোগ আছে; তাই বলে সেটাকে পাবলিক বিশ্ববিদ্যালয়ের সঙ্গে তুলনা করতে আসা উচিত না।",pro_public
"নেগেটিভভাবে নিচ্ছেন কেন ভাইয়া? আমি শুধু বোঝাতে চেয়েছি, ডাক্তার ভালো হয় মেধা আর পরিশ্রম দিয়ে; মেডিকেল সরকারি না প্রাইভেট, সেটা matter করে না।",neutral
আমি দুইটি প্রাইভেট বিশ্ববিদ্যালয় থেকে দুইটি মাস্টার্স ডিগ্রি সম্পন্ন করেছি।,neutral
"এ ধরনের টোকাই মার্কা পোস্ট করে লাভ নেই। আমি ইংলিশ মিডিয়াম থেকে পড়ে প্রাইভেট বিশ্ববিদ্যালয় শেষ করে Standard Chartered Bank-এ চাকরি করছি। যার যোগ্যতা নেই, সে-ই এসবকে ফালতু বলে।",pro_private
"সব স্যার যদি আপনার মতো একটু ভাবতেন এই প্রাইভেট বিশ্ববিদ্যালয় নিয়ে, তাহলে অনেক ভালো হতো।",pro_private
"এমন একটা ভিডিও চাই, তবে ন্যাশনাল ইউনিভার্সিটি আর পলিটেকনিক ইনস্টিটিউট নিয়ে।",neutral
পাবলিক বিশ্ববিদ্যালয় একটা বস্তি... থুঃ।,pro_private
"কথা সঠিক, কিন্তু সমাজের কটু দৃষ্টিভঙ্গির সাথে এক্সট্রা একটা লড়াই করতে হয়, যেটা পাবলিক ভার্সিটির কাউকে করতে হয় না।",neutral
"ন্যাশনাল থেকে কি ভালো কিছু করা যায়, যদি ভালো করে পড়া হয়?",neutral
ন্যাশনাল নিয়ে কিছু বলুন।,neutral
উপরে কে বসে আছে ভাই? কত মজার! 🤣🤣🤣,neutral
বাংলাদেশের অশিক্ষিতদের বোঝানো যাবে না; তারা মনে করে পাবলিকে পড়লেই সেরা।,pro_private
"ভাইয়া, BUP কেমন? এই বিশ্ববিদ্যালয় কি পাবলিক?",neutral
ধন্যবাদ ভাইয়া।,neutral
"আমি একটা অখ্যাত প্রাইভেট বিশ্ববিদ্যালয়ের গ্র্যাজুয়েট। এখন প্রথম শ্রেণির সরকারি চাকরি করছি। আসল বিষয় হলো নিজের dedication আর success-এর hunger, বিশ্ববিদ্যালয়ের নাম না।",pro_private
আমি একটি প্রাইভেট বিশ্ববিদ্যালয়ে পড়ছি। আমি এটা নিয়ে গর্বিত।,pro_private
এখন passion আর dedication-ই আসল; private আর public বিশ্ববিদ্যালয়ের বিতর্কটা অনেকটাই পুরোনো।,neutral
সবাইকে বুড়ো আঙুল দেখিয়ে শিক্ষার্থীরা প্রাইভেটেই ভর্তি হবে এবং দেশের নাম উজ্জ্বল করবে—এটাই সত্যি।,pro_private
সব কথাতেই আল্লাহ!,neutral
"MIT, Harvard-এর মতো বিশ্ববিদ্যালয় বাংলাদেশের সস্তা প্রাইভেট বিশ্ববিদ্যালয়গুলোর মতো নয়। DU, BUET-এর মতো পাবলিক বিশ্ববিদ্যালয়গুলো স্বায়ত্তশাসিত, আর বাংলাদেশের গরিব শিক্ষার্থীদের জন্য সরকার পাবলিকে ফান্ড দেয়।",pro_public
এটা অভিভাবকদের জন্য recommend করা উচিত।,neutral
বিশ্ববিদ্যালয়ে পড়াশোনা ভুল; private বা public কোনোটাই আসলে matter করে না—সবাই brainwashed হয়ে যায়।,neutral
"হ্যালো ভাইয়া, আমি কি ২ বছরে law শেষ করতে পারব? আর ২ বছরে শেষ করতে কত টাকা লাগবে?",neutral
"ঠিক আছে, আমি করব।",neutral
"১০০% একমত। এখন অনেকে BRAC, NSU, EWU থেকে মানুষকে ভালো অবস্থানে যেতে দেখে তাদের view point বদলেছে।",pro_private
না।,neutral
কোন বিশ্ববিদ্যালয়ে পড়েন?,neutral
"Leading University। BBA, MBA।",neutral
কোথায় পড়েন?,neutral
"না স্যার, তারা student loan-এর burden বহন করে। তবে MIT বা Ivy League-এর জন্য loan নেওয়া সার্থক।",neutral
❤️❤️❤️❤️,neutral
"যেখানে টাকা নিয়ে শিক্ষা বিক্রি হয়, তার আবার মান কিসের?",pro_public
আপনি অনেক বিনয়ী। শুনে খুব ভালো লাগল।,neutral
বেশ বাস্তবসম্মত চমৎকার বক্তব্য।,neutral
বেশ বাস্তবসম্মত কথা।,neutral
বাংলাদেশের সব বিশ্ববিদ্যালয় বন্ধ করে দিয়ে সবাইকে টেকনিক্যাল শিক্ষা দেওয়া উচিত।,neutral
"অসাধারণ, একদম অসাধারণ কথাবার্তা। এত সুন্দরভাবে বিষয়টা সবার কাছে পরিষ্কার করার জন্য অনেক ধন্যবাদ।",neutral
"পাবলিক বিশ্ববিদ্যালয়গুলোর অবস্থা আরও খারাপ। সেশনজট, রাজনীতি—সবই আছে। চাকরির পড়ার সাথে বিশ্ববিদ্যালয়ের পড়ালেখারও মিল নেই।",pro_private
comment_bangla,label
"চাচা, আপন ভাইবোনই তো প্রতারণা করে, আর প্রাইভেট তো দূরের কথা।",neutral
বট।,neutral
"বিশ্ববিদ্যালয় মূলত মজার জন্য, শেখার জন্য নয়। তুমি চাইলে অনেক কিছু ফ্রিতেই শিখতে পারো।",neutral
🔥👌,neutral
জয় বাংলা।,neutral
"দারুণ চিন্তা, ধন্যবাদ।",neutral
"ভাইয়া, BBA-র জন্য Green University কেমন হবে? 😐",neutral
আপনার সঙ্গে আমি একমত—মেধা ও প্রচেষ্টাই একজন ছাত্রের ভালো ফল করার মূল চাবিকাঠি। ধন্যবাদ।,neutral
"কথাটা সত্যি—BUET মূল কারণ নয়, জানার ইচ্ছাই মূল ফ্যাক্টর। তবে আমাদের দেশে প্রাইভেট বিশ্ববিদ্যালয়গুলোতে শিক্ষার নামে রীতিমতো ব্যবসা চলছে।",neutral
"বাংলাদেশে শিক্ষা নিয়ে সব স্তরেই ব্যবসা চলছে। বিশাল টিউশন ফি, কিন্তু বেশিরভাগ কেন্দ্রের গুণগত মান ভালো নয়।",neutral
একটা প্রাইভেট ভার্সিটিতে ভর্তি হয়ে এখন টের পাচ্ছি কী পাচ্ছি আর কী দিচ্ছি।,neutral
মাদ্রাসাই বাংলাদেশের ভবিষ্যৎ। আমি আলেম হব।,neutral
"তাহলে বুঝি Microsoft, Bell বা top company-তে কাজ করা আমার বন্ধুরা তাদের জীবন নষ্ট করে ফেলেছে! 😅",neutral
আপনি ফ্রিতে চাকরি করবেন? ফ্রিতে পড়াবেন?,neutral
ফ্রিতে না থাকলে দেশের ৮০ শতাংশ আজ অশিক্ষিত থাকত। আর টাকা দিয়ে ডিগ্রি কিনে লাভ কী?,pro_public
"আমি বিনা পয়সায় পড়াতে রাজি, কিন্তু আপনি কি বিনা পয়সায় infrastructure দিতে পারবেন?",neutral
❤️❤️❤️❤️,neutral
আরেকজন ছাগল এসে গেছে। 😂😂😂,neutral
টেকনিক্যালে পড়লে বাংলাদেশে ভাত পাওয়া লাগবে না।,neutral
টেকনিক্যাল। 🤡🤡💩,neutral
"কমেন্ট করি, দেখি কমেন্টের আর রিপ্লাই করে না। পড়া শেষ করে মোবাইল কেনার টাকা নাই।",neutral
আপনাকেও ড্যান্ডি সাপ্লাই দেওয়া অফ করার ব্যবস্থা করতে হবে।,neutral
তোর মতো বুদ্ধিসম্পন্ন লোকেরাই সৌদিতে কামলা দিতে যায়।,neutral
ঠিক। 😊,neutral
Politics কি Technical দিয়ে হয়? History কি Technical দিয়ে হয়? Technical দিয়ে সব হয় না।,neutral
"Theory দিয়েও সব হয় না, আর বাংলাদেশে বেশি theory পড়ানো হয়; practically শেখানোর তেমন খবর নেই।",neutral
Politics আর History শিখে ভাত খেতে পারবে না।,neutral
ভুল—সবাইকে BCS শেখাতে হবে। 😂😂😂,neutral
ধন্যবাদ।,neutral
❤️❤️❤️❤️,neutral
❤️❤️❤️❤️❤️,neutral
"পাবলিকে চান্স পেলেই কেউ মেধাবী হয় না ভাইয়া, কারণ এখন পাবলিক admission test একটা প্রহসন ছাড়া কিছু না—BUET আর DU বাদে।",pro_private
"ভবিষ্যতে এই শিক্ষা ব্যবস্থা টিকবে না; স্কুল, কলেজ, ভার্সিটি সব ধ্বংস হয়ে যাবে।",neutral
কেন? পড়াশোনা কি ভালো হয় না?,neutral
😊,neutral
উচ্চশিক্ষা নিয়ে আমাদের সরকারের কোনো স্পষ্ট ধারণা নেই—আপনার observation আর analysis খুব ভালো।,neutral
আমি নিজেও একটি প্রাইভেট বিশ্ববিদ্যালয়ের শিক্ষার্থী এবং আমি এটা নিয়ে গর্বিত। এখানকার professionalism সত্যিই ভালো—এখন তো অনেক ক্ষেত্রে পাবলিক বিশ্ববিদ্যালয়ের চেয়েও ভালো।,pro_private
"স্যার, আপনি কি IBA MBA কোর্স অফার করেন?",neutral
বাংলাদেশে শিক্ষক ও ছাত্র রাজনীতি বন্ধ করা উচিত। দুর্বল মানের শিক্ষা আর অপ্রয়োজনীয় ছাত্ররাজনীতির কারণে আমরা জ্ঞান না তৈরি করে trouble maker তৈরি করছি।,neutral
প্রাইভেট বিশ্ববিদ্যালয় না থাকলে সব ছেলেমেয়েরা কোথায় যাবে?,pro_private
আপনি একদম ঠিক বলেছেন স্যার।,neutral
প্রাইভেট বিশ্ববিদ্যালয়ে পড়াশোনার জন্য প্রচুর টাকা খরচ হয়; একইভাবে প্রাইভেট হাসপাতালে চিকিৎসা করাতে গিয়ে দেশের জনসংখ্যার বড় অংশ নিঃস্ব হয়ে যাচ্ছে।,pro_public
"তুমি যেখান থেকে পড়ো না কেন, নিজের যোগ্যতা প্রমাণ করাই মূল কথা।",neutral
একদম বাস্তব অভিজ্ঞতার সঠিক কথা।,neutral
"স্যার, আপনি যদি ইংরেজি ক্লাস নিতেন তাহলে অনেক উপকৃত হতাম। একদম শুরু থেকে শিখতে চাই।",neutral
"স্যার, আপনি যদি ইংরেজি ক্লাস নিতেন তাহলে অনেক উপকৃত হতাম। একদম শুরু থেকে শিখতে চাই।",neutral
"স্যার, আপনি যদি ইংরেজি ক্লাস নিতেন তাহলে অনেক উপকৃত হতাম। একদম শুরু থেকে শিখতে চাই।",neutral
"স্যার, আপনি যদি ইংরেজি ক্লাস নিতেন তাহলে অনেক উপকৃত হতাম।",neutral
"শুধু কি ভালো চাকরির জন্য পড়ালেখা, ভাই?",neutral
"ভাইয়া, ন্যাশনালের কথা বলেন না কেন?",neutral
comment_bangla,label
❣️,neutral
পুরাই ফালতু।,neutral
"ভালো পরামর্শ, আপনাকে স্যালুট।",neutral
"ভুল। বিশ্ববিদ্যালয় সমস্যা না, আসল বিষয় হলো ব্যক্তি।",neutral
"প্রাইভেটে পড়া ছেলেমেয়েরা তো বেকার থাকে না, ন্যাশনালের ছেলেমেয়েদের বেশিরভাগই বেকার।",pro_private
❤️❤️❤️,neutral
❤️❤️❤️,neutral
"ব্রো, আমি subject-এর জন্য KUET ছেড়ে BracU-তে গেছি। বিশ্বাস করো ভাই, যতই public public বলো, একটা বয়সের পর বুঝবে private-এর ছেলেমেয়েরাও অনেক ভালো করছে।",pro_private
আমি আপনাকে ভালোবাসি। 🎉,neutral
গালি/অপমানসূচক মন্তব্য।,neutral
প্রাইভেট বিশ্ববিদ্যালয় কীভাবে পাবলিক বিশ্ববিদ্যালয়ের চেয়ে ভালো হতে পারে? সব চকচকে জিনিস সোনা নয়।,pro_public
"বিশ্বাস করুন, অনেক প্রাইভেট বিশ্ববিদ্যালয় আছে যেগুলো অনেক পাবলিকের চেয়েও ভালো—NSU, BRACU, AIUB, IUB, AUST, EWU। এগুলো শিক্ষার্থীদের খুব ভালোভাবে polish করে corporate-এর জন্য fit করে।",pro_private
কারণ পাবলিক বিশ্ববিদ্যালয় তোমার মতো অজ্ঞ মানুষ তৈরি করেছে।,pro_private
"আপনি কখনো NSU, BRAC, UIU, EWU-তে গেছেন?",pro_private
❤️❤️❤️,neutral
ভালো বলেছেন।,neutral
ধন্যবাদ।,neutral
"আমি দেখেছি, সরকারি মেডিক্যাল থেকে পাস করেও অনেকে কোথাও ভালো সুযোগ না পেয়ে কম বেতনে কাজ করছে; অথচ বেসরকারি মেডিক্যাল থেকে পাস করে কেউ কেউ BCS ক্যাডার হয়ে সম্মানের সাথে চাকরি করছে।",pro_private
আমি বিষয়টা ভাবব।,neutral
"ধন্যবাদ স্যার, অপেক্ষায় রইলাম। আশা করি অতি শীঘ্রই আপনার কাছ থেকে সুসংবাদ পাবো ইনশাআল্লাহ।",neutral
"ইংরেজির মজাটা জানেন না, ভাইয়া পদার্থ আর গণিত পড়ান।",neutral
ঠিক।,neutral
অসাধারণ।,neutral
"ধন্যবাদ স্যার, hats off.",neutral
"স্যার, আমি এবার মেডিকেল ভর্তি পরীক্ষায় পাবলিকে চান্স পাইনি। স্কোর ২৭১। আমি প্রাইভেটে পড়ব কি না তা নিয়ে confused ছিলাম। আপনার কথাগুলো অনেক helpful ছিল। ধন্যবাদ।",neutral
আপনার সুমধুর কণ্ঠের উপস্থাপনা অনেক সুন্দর।,neutral
"ভাই ও বোনেরা, এই বাজে কথায় misguide হবেন না। আমি বাংলাদেশের একটি প্রাইভেট বিশ্ববিদ্যালয়ের ছাত্র ছিলাম, এখন USA-তে কাজ করছি। এই ধরনের ভিডিও শুধু views আর money earn করার জন্য।",pro_private
"ভাই, RUET আর BUET তো স্বায়ত্তশাসিত।",neutral
"ভাই, কথাগুলো ভালো লাগছে। আপনাকে অনেক অনেক ধন্যবাদ।",neutral
সবকিছুই strong willpower-এর ওপর নির্ভর করে। perseverance দিয়ে skillset গড়ে তুলতে না পারলে career ঝুঁকিতে পড়বে।,neutral
ধন্যবাদ স্যার।,neutral
"প্রাইভেটে ভর্তি হয়েছি বলে মানুষ কত অপমান করেছে। আজ তারা কষ্টে দিন কাটায়, আর আমি দেখি।",pro_private
অশালীন গালি।,neutral
"ভাইয়া, প্রাইভেট মেডিকেল থেকে পড়েও কি ভালো ডাক্তার হওয়া সম্ভব? টপ-১০ প্রাইভেট মেডিকেল না হলেও?",neutral
"স্যার, কথাগুলো অসাধারণ। আপনার কাছ থেকে শিক্ষামূলক অনেক তথ্য পেলাম। ধন্যবাদ।",neutral
অসাধারণ বক্তব্য।,neutral
ধন্যবাদ স্যার। ❤️,neutral
💕💝,neutral
ব্যক্তিগত পড়াশোনার বিকল্প নেই।,neutral
তাহলে সব ছাত্রকে পাবলিকে সিট দিন; নিজের business বাড়ানোর জন্য private-এর পিছনে না লেগে ভালো কিছু বলুন।,pro_public
"ভাই, Autonomous-এর সংজ্ঞাটা কি বলবেন?",neutral
❤️,neutral
ধন্যবাদ।,neutral
❤️❤️❤️❤️,neutral
ভালো বলেছেন।,neutral
🙂🙂🙂,neutral
❤️❤️❤️,neutral
❤️❤️❤️,neutral
স্বায়ত্তশাসিত।,neutral
আপনি ঠিক বলেছেন।,neutral
comment_bangla,label
"ভাই, ন্যাশনালের নামও নেন নাই।",neutral
বিদেশে যাওয়াটাই এসবের চেয়ে ভালো।,neutral
ভাই ❣️❣️❣️❣️,neutral
ধন্যবাদ ভাই 👌,neutral
"এখন শুধু সার্টিফিকেটের বাজার, জ্ঞান গেছে জ্ঞানগঞ্জে।",neutral
"স্যার, দয়া করে NDC আর BUET tagটা না দিলে হয় না?",neutral
"চমৎকার বলেছেন, দাদা।",neutral
প্রায় ধর্মনিরপেক্ষ।,neutral
ধন্যবাদ স্যার ❣️❣️❣️❣️,neutral
আমরা জাতীয় বিশ্ববিদ্যালয়ের ছাত্ররা খুব অসহায়। আমাদের কেউ ছাত্র হিসেবেই গণ্য করে না। পাবলিক কিংবা প্রাইভেট ভার্সিটির ছাত্ররা আমাদের দিকে তুচ্ছভাবে তাকায়।,neutral
💬💯,neutral
অশালীন গালি। প্রাইভেট বিশ্ববিদ্যালয় সম্পর্কে বাজে কথা বলো না।,pro_private
পলিটেকনিক/ডিপ্লোমা শিক্ষার্থীদের বিএসসির জন্য প্রাইভেট বিশ্ববিদ্যালয় নিয়ে একটা ভিডিও দিন।,neutral
"আমার বন্ধুদের অনেকেই BUET ও ঢাকা বিশ্ববিদ্যালয় থেকে পাশ করেছে, কিন্তু তারা আমার সাথে সাধারণ বিশ্ববিদ্যালয়ের ছাত্র মনে করে ঠিকভাবে কথাই বলে না। এটাই বাস্তবতা স্যার।",neutral
৮ থেকে ১০ লাখ টাকা নষ্ট করে প্রাইভেটে পড়া financially huge mistake। চাকরি জীবনে ১০ বছরেও পড়ার খরচ ওঠে না; এর চেয়ে ওই টাকায় business বেশি profitable।,pro_public
"স্যার, সত্যটা ধরার জন্য ধন্যবাদ।",neutral
চেষ্টাই সাফল্য।,neutral
"Simago Institutions Ranking-এ এ বছর বাংলাদেশের ৩৫টি সরকারি ও বেসরকারি বিশ্ববিদ্যালয় এসেছে; South East University, BSMRAU, BSMMU, Dhaka University-ও তালিকায় আছে। এই ব্যাপারে কিছু বললেন না ভাইয়া?",neutral
"আর বইলেন না। আমি নিজেই প্রাইভেট বিশ্ববিদ্যালয়ের ছাত্রী। কত কথা যে শুনি—বাবার টাকা নষ্ট ছাড়া কিছু না, জীবনে কিছু করতে পারবা না। তবে এখন আবার একটা ফ্লোর ভাড়া করেই বিশ্ববিদ্যালয় বানিয়ে ফেলছে।",neutral
ধন্যবাদ।,neutral
❤️❤️❤️,neutral
আচ্ছা।,neutral
"স্যার, এ ব্যাপারে কোনো পরামর্শ দিলে অনেক উপকার হতো।",neutral
কই?,neutral
"ভাই, কবে দেবেন?",neutral
ভিডিও চাই।,neutral
"ভাইয়া, ভিডিও না দিতে পারলে অন্তত কিছু মতামত/আলোচনা/বিস্তারিত লিখে দিন। পলিটেকনিক/ডিপ্লোমা/নার্সিং-এ বিএসসি প্রাইভেট বিশ্ববিদ্যালয়ের অধীনে যারা পড়ছে, তাদের সম্পর্কে বললে ভালো হয়।",neutral
একদম মনের কথা বলেছো।,neutral
খুব দুঃখজনক বিষয়।,neutral
❤️❤️❤️,neutral
"ভাই, কথাগুলো সুন্দর ছিল, কিন্তু শার্টটা লন্ড্রি করা থাকলে ভালো হতো। কারণ এতে আপনি আপনার সাথে আমাদের জাতীয় ইমেজও উপস্থাপন করছেন।",neutral
"স্যার, আমাদের দেশে EEE-এর job sector কি Civil-এর চেয়ে কম? এই statement কি সত্যি?",neutral
"আমি নিজেই দ্বিতীয় সারির প্রাইভেট বিশ্ববিদ্যালয়ে পড়ে সরকারি চাকরিতে সফলভাবে কাজ করছি, এবং আমি বিশ্বাস করি নামধারী বিশ্ববিদ্যালয়ের চেয়ে self-guidance বেশি জরুরি।",pro_private
"অনেক motivated হলাম। প্রাইভেটে পড়ি বলে family-ও খোঁটা দেয়, BCS preparation নিচ্ছি বলে। কিন্তু আমি পড়াশোনা ছাড়ব না; একদিন তারাই বাহবা দেবে ইনশাআল্লাহ।",neutral
আপনার সুন্দর পরামর্শের জন্য ধন্যবাদ। আমি একটি প্রাইভেট বিশ্ববিদ্যালয়ের English Literature-এর student।,neutral
"আমি ১০ম শ্রেণীর একজন ছাত্র। এই ভিডিওটি দেখে অনেক ভালো লাগল, কারণ অনেক ভুল ধারণা ভেঙেছে।",neutral
00:20,neutral
"সরকারি বিশ্ববিদ্যালয়ের চেয়ে ফালতু আর কোনো বিশ্ববিদ্যালয় নেই। পাবলিক বিশ্ববিদ্যালয়গুলো concert, function, festival, রাজনীতি আর ragging নিয়ে ব্যস্ত থাকে; research-এও পিছিয়ে। কিন্তু private university-গুলো computer আর presentation skill ভালোভাবে শেখায়।",pro_private
"ইলন মাস্ক রকেট সায়েন্স পড়েনি, তবু স্পেস রকেট নিয়ে কাজ করে। পড়া নিজের কাছে; বিশ্ববিদ্যালয় পথ দেখাবে, হাঁটার দায়িত্ব তোমার।",neutral
"স্যার, আমি HSC 2023 batch। Short syllabus physics course কীভাবে কিনব?",neutral
"হৃদয় থেকে ভালোবাসা, দাদা।",neutral
খুব সুন্দর একটা কথা বলেছেন ভাই।,neutral
অসাধারণ বক্তব্য। ☺,neutral
"Engineering-এর জন্য BUET-এর rank এখন ১৮৫, কিন্তু আপনি তো বললেন ৫০০-এর মধ্যে নেই।",neutral
বাংলাদেশেও সেদিকেই যাচ্ছে।,neutral
"স্যালুট স্যার, গুরুত্বপূর্ণ বিষয়গুলো তুলে ধরার জন্য। 😍",neutral
"স্যার, একটা certificate course-এ অনেকগুলো বিষয় থাকে, কিন্তু একজন ছাত্র সব বিষয়ে পারদর্শী হয় না। এজন্য হতাশ লাগে ও ভয় হয়। এই বিষয়টা আপনি কীভাবে দেখবেন?",neutral
"ভাইয়া, কিছু মনে কইরেন না, আপনার শার্ট এত বলা-জলা কেন?",neutral
"আমি তো একটা প্রাইভেট বিশ্ববিদ্যালয়ের student, ভাইয়া।",neutral
আমি একজন নটরডেমিয়ান। আপনাকে ভালোবাসি স্যার।,neutral
comment_bangla,label
"হ্যাঁ, এটা ১০০% সত্য।",neutral
"এটা ভুল। পাওয়ার সেক্টরে EEE চাকরিতে ভরা। আপনি ভালো করে circular দেখুন, তাহলেই উত্তর পাবেন। Civil-এ ৫–৬টা পোস্ট থাকলে EEE-তে ২২–৩০টা পোস্ট থাকে। সামনে power sector অনেক grow করবে।",neutral
EEE graduates-রা কি বের হওয়ার পরপরই Civil-এর তুলনায় সহজে চাকরি পায়?,neutral
"হ্যাঁ, আমিও এমনটাই শুনেছি।",neutral
"বিশ্ববিদ্যালয় কোন গ্রেডের বা গ্রেড কত, তা নিয়ে আমার আফসোস নেই। এখন তো প্রাইভেট বিশ্ববিদ্যালয় ও জাতীয় বিশ্ববিদ্যালয় থেকে পাশ করেও অনেকে বিসিএস পরীক্ষায় মেধা তালিকায় নাম লেখাচ্ছে। এখানে ছাত্রদের self-confidence-টাই মুখ্য।",neutral
"ভাইয়া, ৪ বছরে ফার্মেসিতে কত খরচ হয়েছিল? কিছু মনে না করলে একটু বলতেন।",neutral
"Primeasia University, Department of Pharmacy, Batch 81, Passing Year 2012। আমাদের ব্যাচের চারজন বিভিন্ন সরকারি প্রতিষ্ঠানে সরকারি কর্মকর্তা হিসেবে যোগ দিয়েছে।",pro_private
ওয়াও। 😮,neutral
মূলত আপনার Primeasia তো ৫ম গ্রেডের।,neutral
ধন্যবাদ আপনাকে।,neutral
"দাদা, প্রাইভেট পড়াশোনার কি দাম আছে?",neutral
আপনি কোন বিশ্ববিদ্যালয়ে পড়েছেন ভাইয়া?,neutral
"ভাইয়া, কিছু মনে করবেন না—আপনার বেতন কত?",neutral
কোথায় কাজ করছেন ভাই?,neutral
"ভাইয়া, স্ট্যামফোর্ড কোন গ্রেডের বিশ্ববিদ্যালয়?",neutral
"আপনার বিশ্ববিদ্যালয় আর বিভাগ কোনটা ছিল, kindly বলবেন?",neutral
আমিও আসলেই জানতে চাই।,neutral
BUET।,neutral
❤️❤️❤️❤️,neutral
ভালো বলেছেন।,neutral
ধন্যবাদ।,neutral
প্রমাণ দিন। আপনাদের মতো উজবুকদের কথা শুনে মজা লাগে।,neutral
অসাধারণ ভাই।,neutral
"ভাইয়া, course 203-এ কি কিস্তিতে join হওয়া যাবে?",neutral
বিভ্রান্তিকর thumbnail বানানো বন্ধ করুন!,neutral
"স্যার, আপনাকে অনেক ভালোবাসি।",neutral
একদম সত্যি কথা বলেছেন।,neutral
ধন্যবাদ স্যার।,neutral
"স্যার, government job-গুলা আবার একটু calculation করে দেখেন—2021-এ 66% government job non-government student-রা পেয়েছে। এ বিষয়ে আপনার মতামত জানাবেন।",neutral
💜,neutral
দিনশেষে কথা এই যে জাতীয় বিশ্ববিদ্যালয় থেকেই বেশিরভাগ বিসিএস ক্যাডার হয় এবং অনেক ভালো সেক্টরেও চাকরি করে।,neutral
সেই কথাগুলাই বলছেন!,neutral
পাবলিক বিশ্ববিদ্যালয়গুলো সরকার আমাদের ট্যাক্স/ভ্যাটের টাকা দিয়ে চালায়। কিন্তু 'পাবলিক' আর 'প্রাইভেট' এই ট্যাগগুলো মুছে গেলে তবেই আসল অর্থে বিশ্ববিদ্যালয় হবে; ট্যাগ লাগলেই সেটা ব্যবসা হয়ে যায়।,neutral
আপনার এই কথাগুলো ২০১০ সাল পর্যন্ত ঠিক ছিল। এখন সব উল্টাপাল্টা; বর্তমান সময়ে চোর আর চোরের সন্তানেরাই বেশি সুযোগ পাচ্ছে।,neutral
"সরকারি বিশ্ববিদ্যালয়ে মোট সিট কত? প্রতি বছর যত ছাত্রছাত্রী পাস করে, তত সিট তো নেই। তাহলে যারা সরকারি বিশ্ববিদ্যালয়ে চান্স পাবে না, তারা কী করবে? সব প্রাইভেট খারাপ না; দেশের ৭০% higher education private থেকেই হয়। তাই দেখে-শুনে admit হওয়া উচিত।",pro_private
"বরুণ ভাই, কেমন আছেন? অনেক দিন পর আপনাকে দেখলাম। UIU-তে EEE continue করছে আমার ভাই, এক বছরের মধ্যে শেষ করবো।",neutral
সঠিক কথা বলেছেন।,neutral
খুব superior sound!,neutral
❤️❤️❤️,neutral
মূল্যবান তথ্যের জন্য ধন্যবাদ।,neutral
"প্রত্যেকের কাছেই তার বিশ্ববিদ্যালয় ক্যাম্পাস একটা ইমোশনের নাম, সেটা যতই কষ্টের হোক না কেন। 😬",neutral
ধন্যবাদ ভাই। 💖,neutral
"কীভাবে misleading হলো, আমাকে জানিয়ো ভাইয়া।",neutral
প্রাইভেট বিশ্ববিদ্যালয়ে পড়ছো? লাইফ শেষ তোমার'—এমন thumbnail দেখে মনে হয় আপনি private university-কে তুচ্ছ করছেন। কিন্তু ভিডিওতে আবার তার বিপক্ষে যুক্তি দিয়েছেন। বেশি click পাওয়ার জন্য ইচ্ছা করে এমন করেছেন।,neutral
❤️❤️❤️,neutral
"জাতীয় বিশ্ববিদ্যালয়ের ছাত্ররা শুক্রাণুর মতো—লাখে একটা মানুষ হয়। ওই একটা নিয়েই সবাই লাফায়। জাতীয় থেকে প্রতিবছর বিসিএস কয়জনে দেয়, সেটার হিসাব রাখেন?",neutral
"আপনি এত কথা বলছেন কেন? জাতীয় বিশ্ববিদ্যালয় থেকে প্রতিবছর লাখ লাখ শিক্ষার্থী পড়ে, তাদের অনেকে বিসিএস ক্যাডার হয় এবং উচ্চপদে চাকরিও করে। ট্যালেন্টকে মূল্যায়ন করতে শিখুন, প্রতিষ্ঠানকে নয়।",neutral
এটা তারা বুঝবে না। জাতীয় বিশ্ববিদ্যালয় দেশে কাচকি মাছের মতো।,neutral
পাবলিক-প্রাইভেট—দুই দিক থেকেই অনেক BCS হয়।,neutral
😂😂😂😂😂😂😂,neutral
comment_bangla,label
❤️❤️❤️,neutral
ঠিক।,neutral
😅😅😂,neutral
"ভাই, আমি ২০২২ সালের এসএসসি পরীক্ষা দিব। কিছু সমস্যার কারণে বইয়ের কিছুই পড়িনি। এখন আমি কী করতে পারি? কিন্তু এবার আমার পরীক্ষাটা দিতেই হবে।",neutral
"প্রাইভেট হোক বা পাবলিক হোক, বাংলাদেশের শিক্ষার কোনো মানই নেই। সবকিছুর মতোই আমাদের education system-ও ফালতু আর মুখস্থনির্ভর।",neutral
"স্যার, আজকে নিজের জীবন নিয়ে খুব হতাশ ছিলাম। কিন্তু আপনার কথাগুলো শুনে আশার আলো পেলাম। ধন্যবাদ স্যার। ❤️❤️",neutral
আপনাকে অনেক ধন্যবাদ। 🌹💌,neutral
"একদম অসাধারণ বক্তব্য। সমাজের সবার চিন্তাভাবনা আর mentality যদি এরকম হতো, তাহলে সমাজটাই বদলে যেত।",neutral
"IBA, BBA এসব নিয়ে একটা ভিডিও চাই। এই sectorটা নিয়ে discussion অনেক কম হয়।",neutral
অশালীন গালি/অপমানজনক মন্তব্য।,neutral
"Count upon মানে নির্ভর করা, Count for মানে বিবেচনা করা।",neutral
"স্যার, আমি প্রাইভেট বিশ্ববিদ্যালয় থেকে BSc সম্পন্ন করছি, আমার ব্যাকগ্রাউন্ড ডিপ্লোমা। Mechanical-এর জন্য ১৪৪ বা ১৬০ credit আছে—ভবিষ্যতে যেন সমস্যা না হয়, সেক্ষেত্রে কত credit complete করলে ভালো হবে?",neutral
জাহাঙ্গীরনগরের নামও নিল না। 🤣🤣🤣🤣🤣🤣🤣,neutral
এখন কি স্যার আমরা ২০২২ সালের HSC syllabus যেভাবে এসেছে সেভাবে পড়ব? আমি ২০২৩ সালের পরীক্ষার্থী।,neutral
অনেক অনেক ভালোবাসা নিবেন দাদা। এভাবেই সামনে আরও ভিডিও দিবেন।,neutral
আমাদের দেশে অনলাইনে পিএইচডি করা হয়।,neutral
"আমি BBA (professional) কোর্স করার জন্য জামালপুরের একটি ইনস্টিটিউটে ভর্তি হয়েছি। আমার ব্যাচে ২৫ জন ছিল, এখন আমাকে একাই ক্লাস করতে হয়। এটা থেকে কীভাবে বের হব বুঝতে পারছি না, খুব ডিপ্রেশনে আছি।",neutral
আপনার সৎ কথোপকথনের জন্য ধন্যবাদ।,neutral
"জানি অনেক বছর আগের কথা, তারপরও নটরডেম কলেজের ভর্তিযুদ্ধ নিয়ে একটা ভিডিও দেখতে চাই।",neutral
"ভাইয়া, Arts-এর studentরা কি আসলেই জীবনে কিছু করতে পারবে? Arts নিয়ে যদি একটা ভিডিও বানাতেন, তাহলে খুব ভালো হতো।",neutral
আমার বাবাকে কে বোঝাবে? :),neutral
ভালো university-তে পড়লে private-এ পড়তে হয় না স্যার।,pro_public
Nowadays society is full of myth.,neutral
ভালো থাকবেন।,neutral
স্বাগতম।,neutral
ধন্যবাদ। ইনশাআল্লাহ একদিন সবার চিন্তাধারা বদলে যাবে।,neutral
বাংলাদেশে শিক্ষক ও ছাত্র রাজনীতি বন্ধ হওয়া উচিত। নিম্নমানের শিক্ষা আর অপ্রয়োজনীয় ছাত্ররাজনীতি আমাদের জ্ঞান তৈরির বদলে সমস্যা তৈরিকারী বানাচ্ছে।,neutral
১৬০,neutral
"জাহাঙ্গীরনগরে এখন শুধু 'সুকু সুকু' হয়, তাই ওটার নাম নেয় নাই। 😂",neutral
জাহাঙ্গীরনগর সবসময়ই boss। আমি নামটা বলতে ভুলে গেছি। ক্ষমা করবেন।,neutral
❤️❤️❤️❤️,neutral
"ভাই, কোন institution-এ পড়েন?",neutral
বাকি studentরা কোথায়?,neutral
"বাকি ২৪ জনের মধ্যে ৮ জন শুধু পরীক্ষা দিতে আসে, অন্য সবাই পড়াশোনা বাদ দিয়েছে। এটা থেকে বের হওয়ার একটা সমাধান চাই।",neutral
❤️❤️❤️,neutral
ঠিক আছে।,neutral
বাংলাদেশের অনেক ভালো sector-ই Arts faculty-এর studentদের দখলে। Subject বা institution কিছুই matter করে না; matter করে তোমার passion আর কাজের দক্ষতা।,neutral
শার্টটা iron করে নিলে ভালো হতো।,neutral
আসসালামু আলাইকুম স্যার। আপনার ভিডিওগুলো অনেক inspiring। এভাবেই আমাদের inspire করতে থাকুন।,neutral
"ভাই, DUET কি পাবলিক বিশ্ববিদ্যালয় না?",neutral
আপনার প্রত্যেকটা কথাই যুক্তিযুক্ত ছিল।,neutral
"অনেক উপকারী একটা ভিডিও দিয়েছেন ভাই, অনুপ্রাণিত হলাম। 🥰",neutral
"ভাইয়া, অনেক অনেক ধন্যবাদ, কী বলব। ❤️❤️",neutral
"আমি ক্যাডেট কলেজ ও একটি top school-college থেকে পড়েছি, কিন্তু কোনো ভালো সরকারি বিশ্ববিদ্যালয়ে চান্স পাইনি। এখন দেশের সেরা একটি প্রাইভেট বিশ্ববিদ্যালয় থেকে graduation করছি এবং মন থেকে satisfied।",pro_private
মরে গেলেও প্রাইভেটে পড়ব না।,pro_public
"স্যার, physics honours-এর course চালু করলে অনেক উপকার হতো।",neutral
আপনি boss মানুষ একজন ভাইয়া। 💝😊,neutral
আপনি অনেক intelligent and good। অনুগ্রহ করে Physics short syllabus-এর 10 বছরের question solution করে দিন।,neutral
"এটা খুব informative video ছিল। সত্যি বলতে, আমাদের society-তে public-এর নামকে এত উপরে তোলা হয়েছে যে private-এ পড়লে বা public-এ chance না পেলে অনেকেই upset হয়ে যায়।",neutral
"স্যার, আমি খুব হতাশার মধ্যে আছি। বাবা বলছে যে BUET-এই পড়তে হবে। আমি মাঝারি মানের student; তাই BUET-এ chance পাব কি না তা নিয়ে খুব ভয় লাগছে। বাসায় চাপ দিচ্ছে, BUET না হলে অন্য কোথাও পড়তেই দেবে না।",neutral
comment_bangla,label
"আমি HSC-তে যথেষ্ট ভালো পড়িনি। যদি আমি প্রাইভেট বিশ্ববিদ্যালয়ে পড়ি এবং মন-প্রাণ দিয়ে পরিশ্রম করি, তাহলে কি career-এ ভালো অবস্থানে যেতে পারব? Chemistry আর Math-এ আমার কিছু দুর্বলতা আছে। উচ্চ স্তরে এই বিষয়গুলোর জ্ঞান কতটা দরকার?",neutral
আপনার কথাগুলো অনেক সুন্দর ভাইয়া। আপনার জন্য দোয়া রইলো। ❤❤,neutral
👍🏻👍🏻❤️❤️❤️,neutral
নমস্কার স্যার। আমাদের মতো অনেকেই পরিস্থিতির কারণে সরকারি ভার্সিটিতে চান্স না পেয়ে প্রাইভেটে পড়ে। প্রাইভেটে পড়েও অনেকেই সরকারি চাকরি করছে। আমি নিজেও একজন প্রাইভেটের ইঞ্জিনিয়ারিং student; BUET-এ পড়ার ইচ্ছে ছিল।,pro_private
"স্যার, এখন কি কোনো online course শুরু করেছেন? আবার কবে course করাবেন?",neutral
❤️❤️❤️,neutral
অনেক ধন্যবাদ ভাইয়া। ♥️,neutral
❤️❤️,neutral
"ভাইয়া, কোন private university?",neutral
ঠিক আছে।,neutral
"এটা নতুন drama, শুধু time pass।",neutral
❤️❤️,neutral
"এই ধরনের পেশার চাপ অনেক তরুণ প্রজন্মকে আত্মহত্যার দিকে ঠেলে দিচ্ছে। নিজের ইচ্ছাকে গুরুত্ব দিয়ে এগিয়ে যাও, ব্রো।",neutral
প্যানিক করো না।,neutral
আপনার মা-বাবাকে ছেড়ে দিন। 😁,neutral
এখন কোথায় পড়ছো?,neutral
এখন কোথায় study করেন? 😢😢😢,neutral
"ভাই, BUET-এ chance পেয়েছিলেন পরে? 🙂",neutral
"ভাই, এখন কোথায় আছেন?",neutral
"ভাই, এখন কোথায়?",neutral
"ভাইয়া, এখন কোথায় পড়ছেন?",neutral
"এসব চিন্তা বাদ দিয়ে যেকোনো একটায় টিকে থাকার জন্য মন স্থির করুন—CUET, KUET, RUET, SUST বা ঢাবি; এগুলো যথেষ্ট ভালো।",pro_public
"বাসার মানুষদের বোঝান, তবে তাদের mentality change করা কঠিন। কিন্তু পরিশ্রম আপনার হাতে। আপনি মাঝারি student—এই ভাবনা বাদ দিন; admission-এ confidence খুব গুরুত্বপূর্ণ।",neutral
"তুমি এখন কোথায় আছো, ভাই?",neutral
"দুই বছর পরে এসে দেখলাম, তোমার commentটা আমার সাথেও খুব relate করে। 😢",neutral
এখন আপনি কোথায় পড়েন?,neutral
ভয় পেও না বন্ধু। ঠাকুর যা করবে ভালোই করবে। ❤😊,neutral
"ভাই, ভারত চলে যান—BUET-এর চেয়েও ভালো university আছে। তাই অত panic করার কারণ নেই।",pro_private
ভারত চলে যান।,neutral
"হ্যাঁ, তুমি এটা করতে পারবে।",neutral
"এটা নির্ভর করে তুমি কোন subject পড়বে তার ওপর। যদি EEE বা Mechanical পড়ো, তাহলে Physics আর Math-এর ভালো background সহায়ক হবে। Chemistry-related subject-এর ক্ষেত্রেও তাই। তবে এর মানে এই না যে এগুলোতে দুর্বলতা থাকলে ভালো career করা যাবে না; যা কম আছে তা উন্নত করতে হবে।",neutral
তোমার science আর পড়া উচিত না।,neutral
আমি science-এ খারাপ না; শুধু কিছু chapter skip করেছিলাম বলে কিছু ঘাটতি আছে।,neutral
আপনি এখন কোন university-তে আছেন? আর কোন subject-এ পড়ছেন? kindly বললে ভালো হতো।,neutral
ভালো থাকবেন।,neutral
ঠিক আছে।,neutral
ধন্যবাদ স্যার। 🙏🏻🙏🏻,neutral
❤️❤️❤️,neutral
"ভাইয়া, চাকরির পাশাপাশি কীভাবে BSc করা যায়—এ নিয়ে একটা ভিডিও বানাবেন প্লিজ।",neutral
অনেক ধন্যবাদ আপনাকে।,neutral
"দাদা, আপনার সাথে একটু কথা বলতে চাই।",neutral
"ভাইয়া, HSC 2022 নিয়ে একটা ভিডিও বানান।",neutral
BUET কি ১৮৫ নাকি ভাই?,neutral
"ভাইয়া, একটা কথা ভুল বলেছেন। দুই দিন আগে দেখলাম BUET world ranking-এ ১৮৫তম, যেখানে MIT ছিল ১ নম্বরে।",neutral
একক অধ্যায়ের ওপর কি কোনো course আছে? যেমন আমার শুধু তাপগতিবিদ্যার জন্য একটা course দরকার। এজন্য কি আমাকে পুরো ২য় পত্রের courseটাই কিনতে হবে?,neutral
"ভাই কেমন আছেন? ভাই, transformer আর induction motor topicগুলোর ওপর কিছু ভিডিও দিলে অনেক উপকার হতো।",neutral
"হে শ্রী কৃষ্ণ, কৃপা করুন যেন আমি একজন আদর্শ মানুষ হতে পারি।",neutral
"দাদা, বিদেশি universityগুলো non-government—এদের আয়ের source কী?",neutral
আমি আপনার fan ভাই। আমাকে দোয়ায় রাখবেন।,neutral
ভাইজান ❤️ আপনি কি রাজশাহী থেকে কবে চলে গেছেন? আর কত দিন পড়িয়েছিলেন?,neutral
comment_bangla,label
ধন্যবাদ ভাইয়া।,neutral
এ ধরনের আরও ভিডিও দরকার। আপনার কথাগুলো শিক্ষার্থীদের জন্য মূল্যবান। তাই এই প্রভাব দিয়ে আরও বেশি শিক্ষার্থীকে motivate করুন।,neutral
"আমার এক ভাইয়া প্রথম সারির প্রাইভেট বিশ্ববিদ্যালয় থেকে পড়েছে। তার অনেক বন্ধু BUET, KUET, CUET, RUET, DU-তে পড়েছে। তখন সবাই বলত বাবার টাকা নষ্ট করছ। কিন্তু পরিশ্রম আর passion-এর কারণে এখন তার সেই বন্ধুরাই তাকে CV forward করে দেওয়ার request করে; তাদের মধ্যে কেউ কেউ এখন তার অধীনে কাজও করে।",pro_private
"ভাইয়া, আমি Open University থেকে Science-এ HSC করছি। এটা কি আমার future-এর জন্য খারাপ হবে?",neutral
"ভাইয়া, IUT (BD) নিয়ে কিছু বলেন। BUET আর CKRUET-এর আগে MIST, BUP exam হয়—এসবেতে ভর্তি হওয়ার মূল্য কী? IUT আর BUET-এর difference কী?",neutral
ধন্যবাদ স্যার।,neutral
অনেক অনেক ধন্যবাদ ভাই।,neutral
"স্যার, আপনার lecture অনেক ভালো লাগে। ❤️❤️❤️",neutral
পাবলিক বিশ্ববিদ্যালয় হলে সম্ভব।,pro_public
"এশিয়া ৪৬৬, বিশ্ব ১৫৮৯।",neutral
"জি ভাই, Engineering and Technology ranking-এ BUET বিশ্বে ১৮৫তম হয়েছে।",neutral
"ভাই, আমি QS ranking অনুযায়ী বলছি। আগে ছিল ৩৩২তম, কিন্তু এখন ১৮৫।",neutral
"আপনি যে ranking বলছেন সেটা সব ধরনের varsity মিলিয়ে। আর BUET যে ১৮৫তম, সেটা Engineering and Technology ranking-এ।",neutral
এখন chapter অনুযায়ী course নেই।,neutral
আচ্ছা।,neutral
ওরা studentদের কাছ থেকে প্রচুর টাকা নেয়।,neutral
ওরা শুধু studentদের টাকার ওপর depend করে না; তাদের অনেক funding আছে।,neutral
ভালো থাকবেন প্রিয়। ❤️❤️❤️,neutral
❤️❤️,neutral
কোন subject-এ পড়ছে?,neutral
"বাংলাদেশের top private university-গুলোর lab facility (NSU, BRAC, DIU, AIUB, AUST) অনেক public varsity থেকেও ভালো। তাই passion আর skill থাকলে private থেকে ভালো কিছু করা সহজ। টাকা অনেক নেয়, সুবিধাও সে রকমই।",pro_private
Subject কী ছিল?,neutral
BUFT-এর কথা জানা আছে।,neutral
Subject কী?,neutral
এটাই বাস্তবতা।,neutral
"আপু, নিজের bestটা try করে যান, বাকিটা ওপরওয়ালার হাতে। এখানে অনেক negative comment দেখছি—এসব avoid করুন।",neutral
ধন্যবাদ ভাইয়া।,neutral
Open University-এর future বলতে বাংলাদেশে কিছুই নেই।,neutral
আপনার future আলাদা কিছু না; আপনার present-ই আপনার future।,neutral
❤️❤️❤️❤️,neutral
"ভাই, National-এর studentদের কি life শেষ?",neutral
"ভাই, university studentদের জন্য motivational আরও ভিডিও চাই।",neutral
BUET-এ chance না পেয়ে অনেকদিন হতাশ ছিলাম। এই video দেখে অনেক inspired হলাম।,neutral
অমূল্য বক্তব্য। ধন্যবাদ স্যার।,neutral
"দাদা, reply প্লিজ। ❤️❤️❤️",neutral
❤️💝🥺🔥💝❤️,neutral
"দাদা, সব ঠিক আছে, কিন্তু আপনার আগের video আর এইটাতেও shirtটা খুব কুঁচকানো দেখা যাচ্ছে। নেতিবাচকভাবে বলছি না, ছোট ভাই হিসেবে বললাম।",neutral
আমার ভাইয়া সাভারের Gono University-তে Biomedical Engineering পড়ত। কিছুদিন আগে Harvard-এ গেছে। রাজশাহীতে public-এ পড়া নিয়েই educational crisis বেশি।,pro_private
"ভাই, BRAC University কেমন?",neutral
Brac University-তে CSE নিয়ে পড়লে কেমন হবে?,neutral
অনেক ধন্যবাদ ভাইয়া। ভিডিওটা অনেক সুন্দর ছিল।,neutral
একদম।,neutral
ঠিক বলেছেন স্যার।,neutral
আমার পূর্ণ পেইড কোর্স আছে... (কোর্স বিজ্ঞাপন ও ভর্তি তথ্য)।,neutral
"ধন্যবাদ, ভাইয়া।",neutral
আমি এটা করব।,neutral
আপনি একজন দুঃখজনক loser।,neutral
"উনি কি আপনার ভাই, নাকি একজন teacher?",neutral
এখন কোথায় পড়েন ভাই? 🥰,neutral
"RUET, Mechanical Engineering।",neutral
comment_bangla,label
"প্রাইভেট বিশ্ববিদ্যালয়ে পড়লেও যদি নিয়মিত স্কিল ডেভেলপ করা যায়, তাহলে ভালো ক্যারিয়ার গড়া সম্ভব।",pro_private
পাবলিক বিশ্ববিদ্যালয়ের একাডেমিক পরিবেশ আর প্রতিযোগিতা এখনো আলাদা গুরুত্ব রাখে।,pro_public
আসলে বিশ্ববিদ্যালয়ের নামের চেয়ে নিজের পরিশ্রমটাই শেষ পর্যন্ত বেশি কাজে লাগে।,neutral
"অনেকেই প্রাইভেটকে ছোট করে দেখে, কিন্তু বাস্তবে সেখান থেকেও অনেকে ভালো করছে।",pro_private
পাবলিকে সুযোগ পাওয়া এখনো অনেক শিক্ষার্থীর জন্য বড় অর্জন।,pro_public
ভালো গাইডলাইন পেলে যেকোনো জায়গা থেকেই উন্নতি করা যায়।,neutral
"ল্যাব, প্রেজেন্টেশন আর কর্পোরেট রেডিনেসের দিক থেকে কিছু প্রাইভেট বিশ্ববিদ্যালয় বেশ শক্তিশালী।",pro_private
পাবলিক বিশ্ববিদ্যালয়ের ভর্তি প্রতিযোগিতা থেকেই বোঝা যায় সেখানে মানসম্মত শিক্ষার্থীর চাপ বেশি।,pro_public
নিজের লক্ষ্য পরিষ্কার থাকলে প্রতিষ্ঠান একমাত্র নির্ধারক হয় না।,neutral
"যারা ভাবে প্রাইভেট মানেই শেষ, তারা বাস্তব চাকরির বাজারটা ঠিকমতো দেখে না।",pro_private
comment_bangla,label
"পাবলিকে চান্স না পেলেও হতাশ হওয়ার কিছু নেই, ধারাবাহিক পরিশ্রম অনেক দূর নিয়ে যেতে পারে।",neutral
কিছু প্রাইভেট বিশ্ববিদ্যালয়ে ইন্ডাস্ট্রি-ফোকাসড কোর্স থাকার কারণে শিক্ষার্থীরা দ্রুত কর্পোরেট জগতে মানিয়ে নিতে পারে।,pro_private
পাবলিক বিশ্ববিদ্যালয়ের ভর্তি প্রতিযোগিতা এখনো দেশের সবচেয়ে কঠিন একাডেমিক লড়াইগুলোর একটি।,pro_public
"জীবনে এগোতে হলে শুধু প্রতিষ্ঠানের নাম নয়, নিজের কাজের মানও প্রমাণ করতে হয়।",neutral
"অনেকের ধারণা প্রাইভেটে পড়লে কিছু হবে না, কিন্তু বাস্তবে দক্ষরা ঠিকই এগিয়ে যায়।",pro_private
পাবলিক বিশ্ববিদ্যালয়ের রিসোর্স আর একাডেমিক পরিবেশ অনেক শিক্ষার্থীর জন্য বড় সুযোগ তৈরি করে।,pro_public
"যে ছাত্র নিয়মিত শেখে, তার জন্য যেকোনো ক্যাম্পাসই সম্ভাবনার জায়গা হতে পারে।",neutral
প্রাইভেট বিশ্ববিদ্যালয়ের কিছু বিভাগে ল্যাব সুবিধা সত্যিই চমৎকার মানের হয়ে থাকে।,pro_private
পাবলিকে পড়ার সামাজিক গ্রহণযোগ্যতা এখনো অনেক পরিবারে আলাদা গুরুত্ব পায়।,pro_public
"সফলতা অনেক সময় প্রতিষ্ঠানের চেয়ে অভ্যাস, শৃঙ্খলা আর ধৈর্যের উপর বেশি নির্ভর করে।",neutral
"প্রেজেন্টেশন স্কিল, ইংরেজি চর্চা আর সফট স্কিলের জন্য কিছু প্রাইভেট বিশ্ববিদ্যালয় ভালো ভূমিকা রাখে।",pro_private
পাবলিক বিশ্ববিদ্যালয়ের বড় ক্যাম্পাস ও বৈচিত্র্যময় ছাত্রজীবন ব্যক্তিত্ব গঠনে প্রভাব ফেলে।,pro_public
অনেকেই শুরুতে পিছিয়ে থেকেও পরে নিজের দক্ষতায় ভালো অবস্থানে পৌঁছে যায়।,neutral
প্রাইভেটে পড়া মানেই কম মেধাবী—এই ধারণাটা এখন আর বাস্তবতার সাথে মেলে না।,pro_private
কম খরচে উচ্চশিক্ষার সুযোগ দেওয়ার কারণে পাবলিক বিশ্ববিদ্যালয়ের মূল্য আলাদা।,pro_public
"আসল প্রতিযোগিতা হয় নিজের গতকালের সংস্করণের সঙ্গে, অন্য কারও সঙ্গে নয়।",neutral
কিছু প্রাইভেট বিশ্ববিদ্যালয়ে ক্যারিয়ার সার্ভিস সেল শিক্ষার্থীদের চাকরির প্রস্তুতিতে কার্যকর সহায়তা দেয়।,pro_private
পাবলিক বিশ্ববিদ্যালয়ে টিকে থাকতে পারা অনেক সময় শিক্ষার্থীর মানসিক দৃঢ়তাকেও প্রকাশ করে।,pro_public
ভালো রেজাল্ট থাকলেও স্কিল না থাকলে চাকরির বাজারে টিকে থাকা কঠিন হয়ে যায়।,neutral
শহরকেন্দ্রিক কিছু প্রাইভেট বিশ্ববিদ্যালয় ইন্টার্নশিপের সুযোগের দিক থেকে সুবিধাজনক অবস্থানে থাকে।,pro_private
দেশের অনেক শীর্ষ মেধাবী এখনো প্রথম পছন্দ হিসেবে পাবলিক বিশ্ববিদ্যালয়কেই বেছে নেয়।,pro_public
ক্যারিয়ার গড়ার পথে ভুল সিদ্ধান্তও পরের সঠিক সিদ্ধান্তের ভিত্তি হতে পারে।,neutral
কর্পোরেট কালচারে মানিয়ে নেওয়ার প্রশিক্ষণ কিছু প্রাইভেট প্রতিষ্ঠানে তুলনামূলক বেশি দেখা যায়।,pro_private
"গবেষণা অনুদান, শিক্ষকসংখ্যা ও সরকারি সহায়তায় পাবলিক বিশ্ববিদ্যালয় অনেক সময় এগিয়ে থাকে।",pro_public
"শুধু ডিগ্রি নয়, সময় ব্যবস্থাপনা আর যোগাযোগ দক্ষতাও একজন শিক্ষার্থীর বড় সম্পদ।",neutral
"যেসব প্রাইভেট বিশ্ববিদ্যালয় নিয়মিত ক্লাস ও মূল্যায়ন নিশ্চিত করে, সেখানকার শিক্ষার্থীরা ধারাবাহিকতায় এগোয়।",pro_private
অনেক পাবলিক বিশ্ববিদ্যালয়ের অ্যালামনাই নেটওয়ার্ক শিক্ষার্থীদের ভবিষ্যৎ সুযোগ বাড়াতে সাহায্য করে।,pro_public
নিজের সীমাবদ্ধতা স্বীকার করে কাজ শুরু করাটাই উন্নতির প্রথম ধাপ।,neutral
কিছু প্রাইভেট বিশ্ববিদ্যালয়ের কোর্স কারিকুলাম বাজারের চাহিদা অনুযায়ী দ্রুত আপডেট হয়।,pro_private
পাবলিক বিশ্ববিদ্যালয়ের ঐতিহ্য ও একাডেমিক মর্যাদা এখনো অনেকের কাছে বড় প্রেরণা।,pro_public
"যে শিখতে চায়, তার জন্য লাইব্রেরি, ইউটিউব, শিক্ষক—সবই সম্পদ হয়ে উঠতে পারে।",neutral
প্র্যাকটিক্যাল ক্লাসে গুরুত্ব দেওয়ার কারণে কিছু প্রাইভেট বিভাগের শিক্ষার্থীরা হাতে-কলমে বেশি আত্মবিশ্বাসী হয়।,pro_private
পাবলিক বিশ্ববিদ্যালয়ে একটি সিট পাওয়া অনেক শিক্ষার্থীর বহু বছরের পরিশ্রমের ফল।,pro_public
"কোনো প্রতিষ্ঠানে ভর্তি হওয়া শেষ লক্ষ্য নয়, বরং শেখার যাত্রার শুরু।",neutral
বেসরকারি বিশ্ববিদ্যালয়ের কিছু প্রোগ্রাম বিদেশে উচ্চশিক্ষার প্রস্তুতিতে বেশ সহায়ক হতে পারে।,pro_private
সরকারি সহায়তায় পরিচালিত হওয়ায় পাবলিক বিশ্ববিদ্যালয় তুলনামূলক কম খরচে ডিগ্রি দেয়।,pro_public
ভেতরের আগ্রহ না থাকলে নামী প্রতিষ্ঠানের সুযোগও অনেক সময় কাজে লাগে না।,neutral
অনেক প্রাইভেট বিশ্ববিদ্যালয় ইন্ডাস্ট্রির সাথে সংযোগ রেখে শিক্ষার্থীদের প্লেসমেন্টে কাজ করে।,pro_private
মেধা যাচাইয়ের দিক থেকে পাবলিক বিশ্ববিদ্যালয়ের ভর্তি পরীক্ষা এখনো বেশ শক্ত মানদণ্ড হিসেবে ধরা হয়।,pro_public
প্রতিদিন অল্প অল্প উন্নতিই দীর্ঘমেয়াদে বড় পরিবর্তন তৈরি করে।,neutral
যোগাযোগ দক্ষতা ও প্রফেশনাল আচরণের চর্চায় কিছু প্রাইভেট শিক্ষাপ্রতিষ্ঠান আলাদা নজর দেয়।,pro_private
"পাবলিক বিশ্ববিদ্যালয়ের শিক্ষার্থী রাজনীতি, সংস্কৃতি ও ইতিহাস অনেককে ভিন্ন বাস্তবতা শেখায়।",pro_public
"নিজের পথ নিজেকেই বানাতে হয়, অন্যের তুলনা দেখে জীবন থামিয়ে রাখা ঠিক নয়।",neutral
প্রাইভেটে পড়া অনেক শিক্ষার্থী স্কিল-ভিত্তিক প্রস্তুতির মাধ্যমে দ্রুত চাকরিতে ঢুকে পড়ে।,pro_private
পাবলিক বিশ্ববিদ্যালয় দেশের বিভিন্ন শ্রেণির শিক্ষার্থীর জন্য উচ্চশিক্ষাকে তুলনামূলক সহজলভ্য করে।,pro_public
ডিগ্রির পাশাপাশি পোর্টফোলিও তৈরি করাও এখন শিক্ষার্থীদের জন্য গুরুত্বপূর্ণ।,neutral
"কিছু প্রাইভেট বিশ্ববিদ্যালয়ে অতিথি বক্তা, কর্মশালা ও নেটওয়ার্কিং সেশন বেশি আয়োজন করা হয়।",pro_private
"পাবলিক বিশ্ববিদ্যালয়ে ভিন্ন জেলার, ভিন্ন পটভূমির শিক্ষার্থীরা একসাথে শেখার সুযোগ পায়।",pro_public
"শেষ পর্যন্ত যিনি ধারাবাহিক, সাধারণত তিনিই এগিয়ে থাকেন।",neutral
ভালো মানের প্রাইভেট বিশ্ববিদ্যালয় বেছে নিতে পারলে শিক্ষার্থীরা সুসংগঠিত একাডেমিক পরিবেশ পায়।,pro_private
comment_bangla,label
অনেকে দেরিতে শুরু করেও নিয়মিত চর্চার মাধ্যমে খুব ভালো অবস্থানে পৌঁছায়।,neutral
কিছু প্রাইভেট বিশ্ববিদ্যালয় শিক্ষার্থীদের ইন্টার্নশিপ খোঁজার ক্ষেত্রে সরাসরি দিকনির্দেশনা দেয়।,pro_private
পাবলিক বিশ্ববিদ্যালয়ের সিটসংখ্যা সীমিত হওয়ায় সেখানে সুযোগ পাওয়া এখনো বড় অর্জন হিসেবে ধরা হয়।,pro_public
নিজেকে প্রতিদিন একটু ভালো করার অভ্যাসই দীর্ঘমেয়াদে সবচেয়ে বড় বিনিয়োগ।,neutral
মহানগরভিত্তিক কিছু প্রাইভেট বিশ্ববিদ্যালয়ে ইন্ডাস্ট্রি কানেকশন তুলনামূলক শক্তিশালী হয়।,pro_private
পাবলিক বিশ্ববিদ্যালয়ের ডিগ্রি কম খরচে পাওয়া অনেক পরিবারের জন্য বড় স্বস্তি।,pro_public
"যে শিক্ষার্থী ফিডব্যাক নিতে শেখে, তার উন্নতির গতি সাধারণত বেশি হয়।",neutral
প্রাইভেট বিশ্ববিদ্যালয়কে ছোট করে দেখা অনেক সময় তথ্যের অভাব থেকে তৈরি হয়।,pro_private
পাবলিক বিশ্ববিদ্যালয়ের বিস্তৃত একাডেমিক নেটওয়ার্ক অনেক ক্ষেত্রে ভবিষ্যৎ সুযোগ বাড়ায়।,pro_public
শৃঙ্খলা ছাড়া মেধা অনেক সময় পূর্ণ সম্ভাবনায় পৌঁছাতে পারে না।,neutral
কিছু প্রাইভেট ক্যাম্পাসে ছোট ব্যাচে ক্লাস হওয়ায় শিক্ষক-শিক্ষার্থীর যোগাযোগ বেশি কার্যকর হয়।,pro_private
পাবলিক বিশ্ববিদ্যালয় দেশের নানা প্রান্তের শিক্ষার্থীদের একত্রে শেখার সুযোগ দেয়।,pro_public
"শেখার গতি সবার এক হয় না, কিন্তু ধারাবাহিকতা শেষ পর্যন্ত পার্থক্য গড়ে দেয়।",neutral
কিছু প্রাইভেট বিশ্ববিদ্যালয়ে CV building আর interview training আলাদাভাবে করানো হয়।,pro_private
অনেক শিক্ষার্থীর কাছে পাবলিকে ভর্তি হওয়া পারিবারিক গর্বেরও বিষয়।,pro_public
নিজের দুর্বল জায়গা চিহ্নিত করতে পারা উন্নতির অর্ধেক পথ পেরোনোর মতো।,neutral
ভালো private university বেছে নিতে পারলে নিয়মিত একাডেমিক মনিটরিং বড় সুবিধা দেয়।,pro_private
পাবলিক বিশ্ববিদ্যালয়ের দীর্ঘদিনের একাডেমিক ঐতিহ্য অনেককে অনুপ্রাণিত করে।,pro_public
"পরিশ্রম তখনই ফল দেয়, যখন তা সঠিক দিকনির্দেশনার সাথে যুক্ত হয়।",neutral
প্রাইভেট বিশ্ববিদ্যালয়ের কিছু কোর্সে project-based learning শিক্ষার্থীদের বাস্তব প্রস্তুতি বাড়ায়।,pro_private
পাবলিক বিশ্ববিদ্যালয়ের ভর্তি পরীক্ষায় টিকে যাওয়া মানসিক দৃঢ়তারও প্রমাণ হতে পারে।,pro_public
অন্যের সাফল্য দেখে ভয় না পেয়ে শেখার উৎসাহ নেওয়াই ভালো।,neutral
কর্মমুখী শিক্ষা ব্যবস্থার কারণে কিছু private campus থেকে দ্রুত employability তৈরি হয়।,pro_private
পাবলিক বিশ্ববিদ্যালয়ের সাবসিডাইজড শিক্ষা অনেক মেধাবী শিক্ষার্থীকে উচ্চশিক্ষায় টিকিয়ে রাখে।,pro_public
প্রতিদিন অল্প সময় হলেও মনোযোগ দিয়ে পড়া অনিয়মিত দীর্ঘ পড়ার চেয়ে বেশি কার্যকর।,neutral
অনেক private university-তে attendance আর assessment কড়াকড়ি থাকায় শিক্ষার্থীরা track-এ থাকে।,pro_private
পাবলিক বিশ্ববিদ্যালয়ের alumni community অনেক সময় চাকরি ও গবেষণায় সহায়ক ভূমিকা রাখে।,pro_public
"ব্যর্থতা স্থায়ী নয়, যদি তুমি সেখান থেকে শেখার অভ্যাস গড়ে তোলো।",neutral
কর্পোরেট exposure-এর জন্য কিছু private university নিয়মিত workshop আয়োজন করে।,pro_private
পাবলিক বিশ্ববিদ্যালয়ের একাডেমিক প্রতিদ্বন্দ্বিতা অনেককে নিজেদের সীমা ছাড়িয়ে যেতে বাধ্য করে।,pro_public
"শুরুটা দুর্বল হলেও শেষটা শক্তিশালী হতে পারে, যদি মাঝপথে থেমে না যাও।",neutral
প্রাইভেট বিশ্ববিদ্যালয়ের কিছু বিভাগে course advising বেশ গুছানোভাবে পরিচালিত হয়।,pro_private
পাবলিক বিশ্ববিদ্যালয়ে ভর্তির সুযোগ পাওয়া এখনো দেশের মেধার বড় স্বীকৃতি হিসেবে দেখা হয়।,pro_public
"যে নিজের লক্ষ্য লিখে রাখে, তার বিচ্যুত হওয়ার সম্ভাবনা কমে যায়।",neutral
ব্যস্ত নগরজীবনের মাঝেও কিছু private institution শিক্ষার্থীদের পেশাগতভাবে প্রস্তুত করে তুলছে।,pro_private
নিম্ন ও মধ্যবিত্ত পরিবারের জন্য পাবলিক বিশ্ববিদ্যালয় উচ্চশিক্ষার সবচেয়ে বাস্তব পথগুলোর একটি।,pro_public
"সত্যিকারের শেখা তখনই হয়, যখন মুখস্থের বাইরে গিয়ে বোঝার চেষ্টা করা হয়।",neutral
অনেক private university-তে faculty advising ব্যবস্থা শিক্ষার্থীদের সিদ্ধান্ত নিতে সাহায্য করে।,pro_private
পাবলিক বিশ্ববিদ্যালয়ের সাংস্কৃতিক ও বুদ্ধিবৃত্তিক পরিবেশ অনেক শিক্ষার্থীর চিন্তাভাবনা বদলে দেয়।,pro_public
"নিজের উন্নতির হিসাব অন্যের সঙ্গে নয়, নিজের আগের অবস্থার সঙ্গে করা উচিত।",neutral
কিছু private university শিক্ষার্থীদের presentation আর teamwork-এ শুরু থেকেই জোর দেয়।,pro_private
এখনো বহু মেধাবী শিক্ষার্থীর প্রথম পছন্দ থাকে একটি শক্তিশালী পাবলিক বিশ্ববিদ্যালয়।,pro_public
দিক ঠিক থাকলে ধীরে চলাও অগ্রগতি।,neutral
"সব private institution একরকম নয়, তাই ভর্তি হওয়ার আগে মান যাচাই করা জরুরি।",pro_private
"পাবলিক বিশ্ববিদ্যালয় শুধু ডিগ্রি নয়, অনেক সময় সামাজিক গতিশীলতার দরজাও খুলে দেয়।",pro_public
সার্টিফিকেটের পাশাপাশি problem solving skill না থাকলে ক্যারিয়ারে গতি আসে না।,neutral
অনেক private campus-এ semester system-এর কারণে শিক্ষার্থীরা নিয়মিত পড়ার অভ্যাসে থাকে।,pro_private
পাবলিক বিশ্ববিদ্যালয়ের প্রতিযোগিতামূলক পরিবেশ শিক্ষার্থীদের সক্ষমতা যাচাইয়ের বড় মঞ্চ।,pro_public
"অনুপ্রেরণা দরকার, কিন্তু অভ্যাসই শেষ পর্যন্ত কাজ শেষ করায়।",neutral
"যথাযথ private university থেকে পড়লে skill, exposure আর confidence—তিনটাই একসাথে বাড়তে পারে।",pro_private
comment_bangla,label
ভর্তি হওয়ার পর আসল চ্যালেঞ্জ শুরু হয় নিজের ধারাবাহিকতা ধরে রাখা।,neutral
কিছু প্রাইভেট বিশ্ববিদ্যালয়ে ইন্ডাস্ট্রি-লিংকড প্রজেক্টের কারণে শিক্ষার্থীরা আগে থেকেই বাস্তব কাজের অভিজ্ঞতা পায়।,pro_private
পাবলিক বিশ্ববিদ্যালয়ে সুযোগ পাওয়া এখনো অধিকাংশ শিক্ষার্থীর কাছে বড় সম্মানের বিষয়।,pro_public
"ভালো ফলাফল তখনই টেকে, যখন তার সঙ্গে শেখার গভীরতা যুক্ত থাকে।",neutral
"অনেক প্রাইভেট বিশ্ববিদ্যালয় নিয়মিত ক্লাস, কুইজ আর প্রেজেন্টেশনের মাধ্যমে শিক্ষার্থীদের সক্রিয় রাখে।",pro_private
কম খরচে মানসম্মত উচ্চশিক্ষা দেওয়ার কারণে পাবলিক বিশ্ববিদ্যালয়ের গুরুত্ব আলাদা।,pro_public
"যে নিজের ভুল বিশ্লেষণ করতে পারে, তার শেখার গতি সাধারণত দ্রুত হয়।",neutral
কিছু private campus-এ communication skill উন্নয়নে শুরু থেকেই আলাদা গুরুত্ব দেওয়া হয়।,pro_private
পাবলিক বিশ্ববিদ্যালয়ের প্রতিযোগিতামূলক পরিবেশ অনেক শিক্ষার্থীকে আরও পরিশ্রমী করে তোলে।,pro_public
ছোট ছোট অগ্রগতি মিলে একসময় বড় পরিবর্তন তৈরি করে।,neutral
প্রাইভেট বিশ্ববিদ্যালয়ের কিছু বিভাগে শিক্ষক-শিক্ষার্থীর সরাসরি যোগাযোগ তুলনামূলক বেশি কার্যকর হয়।,pro_private
পাবলিক বিশ্ববিদ্যালয়ের শক্তিশালী একাডেমিক ইতিহাস অনেকের সিদ্ধান্তকে প্রভাবিত করে।,pro_public
নিজের গন্তব্য পরিষ্কার থাকলে পথের বাধা সামলানো সহজ হয়।,neutral
অনেক private institution-এ semester ভিত্তিক চাপ শিক্ষার্থীদের নিয়মিত পড়ায় রাখে।,pro_private
পাবলিক বিশ্ববিদ্যালয়ের ভিন্নমুখী ছাত্রসমাজ বাস্তব জীবন সম্পর্কে নতুন ধারণা তৈরি করে।,pro_public
"যা বুঝে শিখো, তা দীর্ঘদিন মনে থাকে; যা মুখস্থ করো, তা দ্রুত হারিয়ে যায়।",neutral
"ভালো private university-তে lab, software access আর course materials বেশ গুছানো থাকতে পারে।",pro_private
পাবলিক বিশ্ববিদ্যালয়ের ভর্তি পরীক্ষায় টিকে থাকা নিজেই একধরনের স্বীকৃতি।,pro_public
প্রতিযোগিতায় জিততে হলে আগে নিজের অলসতাকে হারাতে হয়।,neutral
কিছু প্রাইভেট বিশ্ববিদ্যালয় বিদেশে উচ্চশিক্ষার প্রস্তুতিতে শিক্ষার্থীদের বিশেষ সহায়তা দেয়।,pro_private
পাবলিক বিশ্ববিদ্যালয়ের শিক্ষক ও গবেষণার সুযোগ অনেক শিক্ষার্থীর ভবিষ্যৎ পরিকল্পনায় প্রভাব ফেলে।,pro_public
"অন্যরা কী ভাবছে তার চেয়ে তুমি কী শিখছ, সেটাই বেশি গুরুত্বপূর্ণ।",neutral
অনেক private campus-এ academic advising ব্যবস্থা শিক্ষার্থীদের সময়মতো সঠিক কোর্স নিতে সাহায্য করে।,pro_private
দেশের বহু শীর্ষ শিক্ষার্থী এখনো প্রথম পছন্দ হিসেবে পাবলিক বিশ্ববিদ্যালয়কে রাখে।,pro_public
বড় স্বপ্ন দেখার আগে ছোট কাজগুলো নিয়মিত শেষ করার অভ্যাস গড়া দরকার।,neutral
প্রাইভেট বিশ্ববিদ্যালয়ের কিছু বিভাগে industry visit আর guest lecture শিক্ষার্থীদের বাস্তব ধারণা দেয়।,pro_private
পাবলিক বিশ্ববিদ্যালয়ের সীমিত সিটের কারণে সেখানে ভর্তি হওয়া কঠিন কিন্তু সম্মানজনক।,pro_public
"একদিনে বদল আসে না, কিন্তু প্রতিদিনের চর্চা মানুষকে বদলে দেয়।",neutral
কিছু প্রাইভেট বিশ্ববিদ্যালয়ের curriculum চাকরির বাজারের চাহিদা মাথায় রেখে সাজানো হয়।,pro_private
সরকারি সহায়তায় পরিচালিত হওয়ায় পাবলিক বিশ্ববিদ্যালয় শিক্ষাকে তুলনামূলক বেশি অন্তর্ভুক্তিমূলক করে।,pro_public
"নিজেকে কম ভাবা যেমন ক্ষতিকর, তেমনি প্রস্তুতি ছাড়াই অতিরিক্ত আত্মবিশ্বাসও ঝুঁকিপূর্ণ।",neutral
নিয়মিত assessment-এর কারণে অনেক private university-র শিক্ষার্থীরা পড়াশোনায় পিছিয়ে পড়ার সুযোগ কম পায়।,pro_private
পাবলিক বিশ্ববিদ্যালয়ের campus culture অনেক শিক্ষার্থীকে নেতৃত্বগুণ শেখায়।,pro_public
একটি ভালো রুটিন অনেক অসম্ভব কাজকেও সম্ভব করে তোলে।,neutral
"সব private university এক মানের নয়, কিন্তু ভালো প্রতিষ্ঠান বেছে নিলে ফলও ভালো হতে পারে।",pro_private
পাবলিক বিশ্ববিদ্যালয় দীর্ঘদিন ধরে দেশের জ্ঞানচর্চার বড় কেন্দ্র হিসেবে কাজ করছে।,pro_public
ক্যারিয়ারে এগোতে হলে শেখার ইচ্ছাকে আরামের চেয়ে বড় করতে হয়।,neutral
অনেক প্রাইভেট বিশ্ববিদ্যালয়ে class participation-এর উপর গুরুত্ব থাকায় শিক্ষার্থীরা বেশি সম্পৃক্ত থাকে।,pro_private
পাবলিক বিশ্ববিদ্যালয়ের মেধাভিত্তিক ভর্তি ব্যবস্থা এখনো অনেকের কাছে সবচেয়ে গ্রহণযোগ্য মডেল।,pro_public
দ্রুত ফল না পেলেও সঠিক পথে এগিয়ে যাওয়া বন্ধ করা উচিত নয়।,neutral
কিছু private university-তে career fair শিক্ষার্থীদের employer-এর সঙ্গে সরাসরি পরিচিত হওয়ার সুযোগ দেয়।,pro_private
পাবলিক বিশ্ববিদ্যালয়ে বিভিন্ন আর্থসামাজিক পটভূমির শিক্ষার্থীরা একসঙ্গে শিখতে পারে।,pro_public
"যে নিজের উদ্দেশ্য জানে, তার বিভ্রান্ত হওয়ার সম্ভাবনা তুলনামূলক কম।",neutral
প্রাইভেট বিশ্ববিদ্যালয়ের কিছু প্রোগ্রাম hands-on assignment-এর মাধ্যমে শেখাকে বাস্তবমুখী করে।,pro_private
পাবলিক বিশ্ববিদ্যালয়ের ডিগ্রি অনেক ক্ষেত্রে এখনো সামাজিক স্বীকৃতির শক্ত প্রতীক।,pro_public
শেখার পথে ধৈর্য কখনো কখনো মেধার চেয়েও বেশি কাজ দেয়।,neutral
কিছু private campus-এ mentor support থাকায় নতুন শিক্ষার্থীরা দ্রুত মানিয়ে নিতে পারে।,pro_private
পাবলিক বিশ্ববিদ্যালয়ের বড় পরিসরের একাডেমিক পরিবেশ শিক্ষার্থীদের নানা দিক থেকে গড়ে তোলে।,pro_public
"শুরুতে ধীর গতি মানেই ব্যর্থতা নয়, যদি দিক সঠিক থাকে।",neutral
"ভালো private university শিক্ষার্থীদের skill, discipline আর professionalism—তিন দিকেই উন্নত করতে পারে।",pro_private
comment_bangla,label
"একটি ভালো বিশ্ববিদ্যালয় সুযোগ দিতে পারে, কিন্তু সেই সুযোগ কাজে লাগানো পুরোপুরি শিক্ষার্থীর উপর নির্ভর করে।",neutral
কিছু প্রাইভেট বিশ্ববিদ্যালয়ে ছোট class size থাকার কারণে শিক্ষকরা শিক্ষার্থীদের বেশি সময় দিতে পারেন।,pro_private
পাবলিক বিশ্ববিদ্যালয়ের ভর্তি পরীক্ষা এখনো সবচেয়ে প্রতিযোগিতামূলক একাডেমিক বাছাইগুলোর একটি হিসেবে ধরা হয়।,pro_public
আজকের ছোট উন্নতিই আগামী দিনের বড় আত্মবিশ্বাস তৈরি করে।,neutral
অনেক private university-তে semester calendar বেশ নিয়মতান্ত্রিকভাবে অনুসরণ করা হয়।,pro_private
পাবলিক বিশ্ববিদ্যালয়ে সুযোগ পাওয়া অনেক পরিবারে এখনো বিশেষ মর্যাদার বিষয়।,pro_public
নিজের লক্ষ্য পরিষ্কার না থাকলে ভালো সুযোগও অনেক সময় নষ্ট হয়ে যায়।,neutral
কিছু প্রাইভেট বিশ্ববিদ্যালয়ের কোর্সে case study আর presentation-based learning বেশি দেখা যায়।,pro_private
পাবলিক বিশ্ববিদ্যালয়ের বিস্তৃত ছাত্রসমাজ অনেককে বাস্তব সমাজ সম্পর্কে গভীর ধারণা দেয়।,pro_public
অন্যের গতি দেখে হতাশ না হয়ে নিজের ধারাবাহিকতায় মন দেওয়া বেশি জরুরি।,neutral
প্রাইভেট বিশ্ববিদ্যালয়ের কিছু বিভাগে employability skill উন্নয়নে আলাদা কর্মশালা আয়োজন করা হয়।,pro_private
পাবলিক বিশ্ববিদ্যালয়ের ঐতিহ্য ও ইতিহাস বহু শিক্ষার্থীর কাছে অনুপ্রেরণার উৎস।,pro_public
ভালো ফল করার জন্য অনুপ্রেরণার চেয়ে অভ্যাস অনেক বেশি স্থায়ী শক্তি।,neutral
কিছু private campus-এ project submission আর class performance-এর ওপর জোর বেশি থাকায় শিক্ষার্থীরা ব্যস্ত থাকে।,pro_private
পাবলিক বিশ্ববিদ্যালয়ের কম tuition fee অনেক মেধাবী শিক্ষার্থীর জন্য উচ্চশিক্ষাকে সম্ভব করে তোলে।,pro_public
"যে নিজেকে প্রতিদিন মূল্যায়ন করে, তার উন্নতি সাধারণত দ্রুত হয়।",neutral
অনেক private university-তে internship support থাকায় শিক্ষার্থীরা আগেই বাস্তব কর্মপরিবেশের স্বাদ পায়।,pro_private
দেশের অনেক শিক্ষার্থীর কাছে পাবলিক বিশ্ববিদ্যালয়ে ভর্তি হওয়া জীবন বদলে দেওয়ার মতো ঘটনা।,pro_public
শেখার সবচেয়ে বড় বাধা হলো নিয়মিত শুরু না করা।,neutral
প্রাইভেট বিশ্ববিদ্যালয়ের কিছু প্রোগ্রাম skill-based assessment-এর মাধ্যমে শিক্ষার্থীদের সক্ষমতা বাড়ায়।,pro_private
পাবলিক বিশ্ববিদ্যালয়ের বহু শিক্ষক গবেষণা ও একাডেমিক নেতৃত্বে গুরুত্বপূর্ণ অবদান রাখেন।,pro_public
পরিশ্রমের সঙ্গে সঠিক দিকনির্দেশনা না থাকলে ফল পেতে দেরি হয়।,neutral
অনেক private institution-এ corporate grooming-এর দিকে শুরু থেকেই গুরুত্ব দেওয়া হয়।,pro_private
পাবলিক বিশ্ববিদ্যালয় এখনো দেশের উচ্চশিক্ষার মানদণ্ড নির্ধারণে বড় ভূমিকা রাখে।,pro_public
"তুমি কোথা থেকে শুরু করেছ তা নয়, কোথায় পৌঁছাতে চাও সেটাই বেশি গুরুত্বপূর্ণ।",neutral
কিছু প্রাইভেট বিশ্ববিদ্যালয় alumni network ব্যবহার করে নতুন শিক্ষার্থীদের চাকরির দিকনির্দেশনা দেয়।,pro_private
পাবলিক বিশ্ববিদ্যালয়ের বৈচিত্র্যময় পরিবেশ অনেক সময় চিন্তাভাবনাকে আরও পরিণত করে।,pro_public
শুরুতে ধীর অগ্রগতি থাকলেও নিয়মিত থাকলে ফল একসময় স্পষ্ট হয়।,neutral
ভালো private university-তে পড়লে professional communication-এর চর্চা দ্রুত গড়ে ওঠে।,pro_private
পাবলিক বিশ্ববিদ্যালয়ের ভর্তির সুযোগ সামাজিক ও অর্থনৈতিকভাবে অনেক শিক্ষার্থীর জন্য turning point হতে পারে।,pro_public
"কঠিন সময়েও যারা থামে না, তারাই সাধারণত একসময় এগিয়ে যায়।",neutral
কিছু private campus-এ advisor system শিক্ষার্থীদের academic planning-এ বেশ সাহায্য করে।,pro_private
পাবলিক বিশ্ববিদ্যালয়ের শক্তিশালী প্রতিযোগিতামূলক পরিবেশ মেধাকে আরও ধারালো করে তুলতে পারে।,pro_public
প্রতিদিনের ছোট শৃঙ্খলাই বড় স্বপ্নকে বাস্তবের দিকে এগিয়ে নেয়।,neutral
প্রাইভেট বিশ্ববিদ্যালয়ের কিছু বিভাগে practical exposure বেশি থাকায় শিক্ষার্থীরা দ্রুত আত্মবিশ্বাস পায়।,pro_private
শীর্ষস্থানীয় অনেক শিক্ষার্থী আজও প্রথম পছন্দ হিসেবে পাবলিক বিশ্ববিদ্যালয়কে রাখে।,pro_public
"একটা খারাপ শুরু মানেই খারাপ শেষ নয়, যদি শেখার মানসিকতা থাকে।",neutral
অনেক private university-তে student support service তুলনামূলক দ্রুত ও সহজলভ্য হয়।,pro_private
পাবলিক বিশ্ববিদ্যালয়ের দীর্ঘমেয়াদি একাডেমিক সংস্কৃতি অনেককে গবেষণায় আগ্রহী করে তোলে।,pro_public
"যে বোঝার জন্য পড়ে, তার জ্ঞান সাধারণত পরীক্ষার পরেও টিকে থাকে।",neutral
ভালো private university থেকে পড়েও অনেক শিক্ষার্থী competitive job market-এ সফল হয়।,pro_private
পাবলিক বিশ্ববিদ্যালয়ের শিক্ষাব্যবস্থা কম খরচে বৃহৎ জনগোষ্ঠীকে উচ্চশিক্ষার সুযোগ দেয়।,pro_public
নিজের উপর সন্দেহ কমিয়ে প্রস্তুতি বাড়ানোই সবচেয়ে কার্যকর কৌশল।,neutral
কিছু private institution-এ course content দ্রুত update হওয়ায় শিক্ষার্থীরা নতুন trend সম্পর্কে জানে।,pro_private
পাবলিক বিশ্ববিদ্যালয়ের বৃহৎ ক্যাম্পাসজীবন অনেকের ব্যক্তিত্ব ও নেতৃত্বের গুণ গড়ে তোলে।,pro_public
একদিনে অনেক পড়ার চেয়ে প্রতিদিন নিয়মিত পড়া বেশি ফলদায়ক।,neutral
অনেক private campus-এ faculty mentoring নতুন শিক্ষার্থীদের মানিয়ে নিতে সহায়তা করে।,pro_private
পাবলিক বিশ্ববিদ্যালয়ে পড়ার সুযোগ এখনো বহু শিক্ষার্থীর কাছে আজীবনের অর্জন।,pro_public
সঠিক দিক জানা থাকলে ধীর অগ্রগতিও আত্মবিশ্বাসী লাগে।,neutral
"সুশৃঙ্খল private university পরিবেশ শিক্ষার্থীদের skill, discipline এবং career readiness বাড়াতে পারে।",pro_private
comment_bangla,label
ভর্তি হওয়ার পর নিজের দায়িত্ব বুঝে চলতে পারাই একজন শিক্ষার্থীর বড় পরিপক্বতা।,neutral
কিছু প্রাইভেট বিশ্ববিদ্যালয়ে নিয়মিত presentation ও viva নেওয়ার কারণে শিক্ষার্থীদের আত্মবিশ্বাস বাড়ে।,pro_private
পাবলিক বিশ্ববিদ্যালয়ের ভর্তি পরীক্ষায় টিকে থাকা এখনো অসাধারণ প্রতিযোগিতামূলক সাফল্য হিসেবে দেখা হয়।,pro_public
অল্প অল্প করে প্রতিদিন উন্নতি করা একসাথে অনেক চাপ নেওয়ার চেয়ে বেশি কার্যকর।,neutral
অনেক private university-তে academic calendar নির্দিষ্ট থাকায় session delay তুলনামূলক কম হয়।,pro_private
পাবলিক বিশ্ববিদ্যালয়ে পড়ার সুযোগ অনেক পরিবারে গর্ব ও স্বীকৃতির বিষয় হয়ে থাকে।,pro_public
শুরুতে দেরি হলেও ধারাবাহিকতা থাকলে ভালো ফল পাওয়া সম্ভব।,neutral
কিছু প্রাইভেট বিশ্ববিদ্যালয়ে industry-focused assignment শিক্ষার্থীদের বাস্তব সমস্যার সঙ্গে পরিচিত করে।,pro_private
কম খরচে উচ্চশিক্ষা নিশ্চিত করার ক্ষেত্রে পাবলিক বিশ্ববিদ্যালয়ের ভূমিকা অত্যন্ত গুরুত্বপূর্ণ।,pro_public
নিজেকে ছোট ভাবা বন্ধ করলে উন্নতির পথ অনেকটাই পরিষ্কার হয়ে যায়।,neutral
অনেক private campus-এ course advising system শিক্ষার্থীদের সঠিক academic decision নিতে সাহায্য করে।,pro_private
"পাবলিক বিশ্ববিদ্যালয়ের ইতিহাস, ঐতিহ্য ও অবদান বহু শিক্ষার্থীকে অনুপ্রাণিত করে।",pro_public
ব্যর্থতা থেকে শেখার মানসিকতা থাকলে সেটাই পরের সাফল্যের ভিত্তি হয়।,neutral
প্রাইভেট বিশ্ববিদ্যালয়ের কিছু বিভাগে soft skill training চাকরির প্রস্তুতিকে এগিয়ে দেয়।,pro_private
পাবলিক বিশ্ববিদ্যালয়ের বড় ক্যাম্পাস ও বৈচিত্র্যময় ছাত্রসমাজ বাস্তব অভিজ্ঞতা বাড়ায়।,pro_public
কাজ ফেলে রাখার অভ্যাসই অনেক স্বপ্নকে ধীরে ধীরে দুর্বল করে দেয়।,neutral
অনেক private institution-এ ছোট batch size হওয়ার কারণে individual attention পাওয়া সহজ হয়।,pro_private
দেশের অসংখ্য শিক্ষার্থীর দীর্ঘদিনের স্বপ্ন থাকে একটি ভালো পাবলিক বিশ্ববিদ্যালয়ে ভর্তি হওয়া।,pro_public
"যে নিজের লক্ষ্য জানে, সে তুলনায় কম বিভ্রান্ত হয়।",neutral
"কিছু প্রাইভেট বিশ্ববিদ্যালয়ে corporate etiquette শেখানো হয়, যা কর্মজীবনে কাজে লাগে।",pro_private
পাবলিক বিশ্ববিদ্যালয়ের সাশ্রয়ী খরচ বহু মেধাবী শিক্ষার্থীর জন্য উচ্চশিক্ষার দরজা খুলে দেয়।,pro_public
"সবাই একই গতিতে শেখে না, তাই নিজের অগ্রগতিকেই মানদণ্ড বানানো উচিত।",neutral
কিছু private university-তে team project-এর মাধ্যমে collaboration skill গড়ে ওঠে।,pro_private
পাবলিক বিশ্ববিদ্যালয়ের প্রতিযোগিতামূলক পরিবেশ শিক্ষার্থীদের মানসিক দৃঢ়তা বাড়াতে সাহায্য করে।,pro_public
প্রতিদিনের ছোট শৃঙ্খলাই একসময় বড় সাফল্যের অভ্যাসে পরিণত হয়।,neutral
ভালো private university-তে career counseling সেবা অনেক শিক্ষার্থীর জন্য কার্যকর হতে পারে।,pro_private
পাবলিক বিশ্ববিদ্যালয় এখনো দেশের উচ্চশিক্ষার অন্যতম মানদণ্ড হিসেবে বিবেচিত হয়।,pro_public
"যে নিজের উন্নতির জন্য নিজেই জবাবদিহি তৈরি করে, তার গতি সাধারণত বেশি হয়।",neutral
অনেক private campus-এ শিক্ষকরা assignment feedback দ্রুত দেওয়ায় শেখার ঘাটতি কমে।,pro_private
পাবলিক বিশ্ববিদ্যালয়ের alumni network অনেক সময় ভবিষ্যৎ সুযোগ তৈরিতে সহায়ক হয়।,pro_public
"প্রথমে নিখুঁত হওয়া দরকার নেই, নিয়মিত হওয়াই বেশি জরুরি।",neutral
কিছু প্রাইভেট বিশ্ববিদ্যালয়ে mentorship culture শিক্ষার্থীদের career direction বুঝতে সাহায্য করে।,pro_private
পাবলিক বিশ্ববিদ্যালয়ে পড়ার সুযোগ পাওয়া বহু পরিবারের অর্থনৈতিক চাপও কমায়।,pro_public
"যা বুঝে শেখা হয়, তা আত্মবিশ্বাস বাড়ায়; যা মুখস্থ করা হয়, তা দ্রুত ভুলে যায়।",neutral
অনেক private institution-এ attendance policy কড়াকড়ি হওয়ায় শিক্ষার্থীরা নিয়মিত ক্লাসে থাকে।,pro_private
পাবলিক বিশ্ববিদ্যালয়ের বহু বিভাগ এখনও গবেষণা ও উচ্চশিক্ষার শক্ত ভিত্তি তৈরি করে।,pro_public
নিজের গতিকে সম্মান করতে পারলে অযথা মানসিক চাপ অনেক কমে যায়।,neutral
প্রাইভেট বিশ্ববিদ্যালয়ের কিছু program industry demand অনুযায়ী দ্রুত update করা হয়।,pro_private
পাবলিক বিশ্ববিদ্যালয়ে বিভিন্ন আর্থসামাজিক পটভূমির শিক্ষার্থীরা একসাথে শেখার সুযোগ পায়।,pro_public
সফল হতে গেলে অনুপ্রেরণার চেয়ে দীর্ঘমেয়াদি অভ্যাস বেশি গুরুত্বপূর্ণ।,neutral
কিছু private university-তে internship placement support শিক্ষার্থীদের শুরুতেই বাস্তব অভিজ্ঞতা দেয়।,pro_private
পাবলিক বিশ্ববিদ্যালয়ের সীমিত সিট ও তীব্র প্রতিযোগিতা তার মূল্যকে আরও বাড়িয়ে তোলে।,pro_public
ডিগ্রির পাশাপাশি যোগাযোগ দক্ষতা ও সমস্যা সমাধানের ক্ষমতাও সমান গুরুত্বপূর্ণ।,neutral
অনেক প্রাইভেট বিশ্ববিদ্যালয়ে trimester বা semester system শিক্ষার্থীদের পড়াশোনায় সক্রিয় রাখে।,pro_private
দেশের বহু কৃতী শিক্ষার্থীর কাছে প্রথম পছন্দ এখনো একটি শীর্ষ পাবলিক বিশ্ববিদ্যালয়।,pro_public
"তুমি কোথায় আছ তা নয়, তুমি আজ কী শিখলে সেটাই বেশি মূল্যবান।",neutral
ভালো private institution শিক্ষার্থীদের professionalism ও presentation skill উন্নত করতে পারে।,pro_private
পাবলিক বিশ্ববিদ্যালয়ের ক্যাম্পাসজীবন অনেক শিক্ষার্থীকে সামাজিক বাস্তবতা বুঝতে সাহায্য করে।,pro_public
অগ্রগতি ধীর হলেও সঠিক পথে থাকাটা সবসময়ই গুরুত্বপূর্ণ।,neutral
"সুশৃঙ্খল private university পরিবেশ থেকে skill, exposure ও career readiness—সবই অর্জন করা সম্ভব।",pro_private
comment_bangla,label
"যে শিক্ষার্থী নিজের অগ্রগতি নিজে মাপতে শেখে, সে তুলনায় বেশি আত্মবিশ্বাসী হয়ে ওঠে।",neutral
কিছু প্রাইভেট বিশ্ববিদ্যালয়ে industry mentor-এর সাথে কাজ করার সুযোগ শিক্ষার্থীদের বাস্তব ধারণা দেয়।,pro_private
পাবলিক বিশ্ববিদ্যালয়ে ভর্তি হওয়া এখনো বহু শিক্ষার্থীর কাছে বড় স্বপ্নপূরণের সমান।,pro_public
প্রতিদিনের ছোট কাজগুলো শেষ করার অভ্যাসই বড় লক্ষ্যে পৌঁছাতে সাহায্য করে।,neutral
"অনেক private university-তে class attendance, quiz আর project-এর মাধ্যমে নিয়মিত শেখা নিশ্চিত করা হয়।",pro_private
পাবলিক বিশ্ববিদ্যালয়ের সাশ্রয়ী খরচ শিক্ষাকে অনেকের নাগালের মধ্যে রাখে।,pro_public
নিজের দুর্বলতা বুঝে সেখানে কাজ করা উন্নতির সবচেয়ে কার্যকর উপায়গুলোর একটি।,neutral
কিছু প্রাইভেট বিশ্ববিদ্যালয়ে corporate networking event শিক্ষার্থীদের ভবিষ্যৎ চাকরির সুযোগ বাড়ায়।,pro_private
পাবলিক বিশ্ববিদ্যালয়ের একাডেমিক পরিবেশ অনেক শিক্ষার্থীকে চিন্তা ও বিশ্লেষণে পরিণত করে।,pro_public
"লক্ষ্য যত বড়ই হোক, তার শুরুটা সবসময় ছোট ছোট অভ্যাস দিয়েই হয়।",neutral
অনেক private campus-এ English communication skill উন্নয়নে আলাদা training দেওয়া হয়।,pro_private
পাবলিক বিশ্ববিদ্যালয়ের ভর্তির সুযোগ সমাজের বহু শিক্ষার্থীর জন্য upward mobility তৈরি করে।,pro_public
"প্রস্তুতি ছাড়া আত্মবিশ্বাস যেমন ঝুঁকিপূর্ণ, তেমনি আত্মবিশ্বাস ছাড়া প্রস্তুতিও অসম্পূর্ণ।",neutral
কিছু প্রাইভেট বিশ্ববিদ্যালয়ে modern lab setup শিক্ষার্থীদের হাতে-কলমে শেখায় সহায়তা করে।,pro_private
দেশের বহু শীর্ষ পরীক্ষার্থী এখনও পাবলিক বিশ্ববিদ্যালয়কেই প্রথম লক্ষ্য হিসেবে ধরে।,pro_public
নিজেকে প্রতিদিন সামান্য উন্নত করা দীর্ঘমেয়াদে বিশাল পার্থক্য গড়ে দেয়।,neutral
ভালো private university-তে time management ও professional discipline শেখার সুযোগ বেশি পাওয়া যায়।,pro_private
পাবলিক বিশ্ববিদ্যালয়ের ডিগ্রির প্রতি এখনো অনেক পরিবার ও প্রতিষ্ঠানের আলাদা আস্থা রয়েছে।,pro_public
"যে নিজের সময়কে মূল্য দেয়, সে সাধারণত সুযোগও ভালোভাবে কাজে লাগাতে পারে।",neutral
অনেক private institution-এ faculty support তুলনামূলক দ্রুত পাওয়া যায় বলে শিক্ষার্থীরা সমস্যার সমাধান সহজে পায়।,pro_private
পাবলিক বিশ্ববিদ্যালয় কম খরচে মানসম্মত উচ্চশিক্ষার অন্যতম বড় মাধ্যম।,pro_public
সঠিক পরিকল্পনা থাকলে মাঝারি শুরু থেকেও শক্তিশালী ফল অর্জন সম্ভব।,neutral
কিছু প্রাইভেট বিশ্ববিদ্যালয়ে continuous assessment শিক্ষার্থীদের সবসময় প্রস্তুত রাখে।,pro_private
পাবলিক বিশ্ববিদ্যালয়ের বৈচিত্র্যময় ছাত্রসমাজ সামাজিক ও সাংস্কৃতিক বোঝাপড়া বাড়ায়।,pro_public
প্রতিদিন শুরু করতে পারা অনেক সময় প্রতিভার চেয়েও বেশি শক্তিশালী গুণ।,neutral
অনেক private campus-এ employability skill development-এর জন্য বিশেষ workshop আয়োজন করা হয়।,pro_private
পাবলিক বিশ্ববিদ্যালয়ের তীব্র প্রতিযোগিতা অনেক শিক্ষার্থীকে আরও মনোযোগী করে তোলে।,pro_public
অন্যের সাফল্যের সাথে নিজের পথ তুলনা করলে অযথা চাপ বাড়ে।,neutral
"কিছু প্রাইভেট বিশ্ববিদ্যালয় শুরু থেকেই presentation, report writing আর teamwork-এ জোর দেয়।",pro_private
পাবলিক বিশ্ববিদ্যালয়ের দীর্ঘ ঐতিহ্য অনেকের কাছে একাডেমিক মর্যাদার প্রতীক।,pro_public
কঠিন সময়েও থেমে না গিয়ে ছোট পদক্ষেপ নেওয়াই এগিয়ে থাকার উপায়।,neutral
অনেক private institution-এ academic advisor শিক্ষার্থীদের course planning-এ গুরুত্বপূর্ণ ভূমিকা রাখে।,pro_private
পাবলিক বিশ্ববিদ্যালয়ে টিকে থাকা ও পড়া অনেক সময় শিক্ষার্থীর অধ্যবসায়েরও প্রমাণ দেয়।,pro_public
"শুধু পরীক্ষার জন্য নয়, বোঝার জন্য পড়লে জ্ঞানের ভিত্তি মজবুত হয়।",neutral
কিছু private university-তে classroom technology ব্যবহারের ফলে শেখার অভিজ্ঞতা আরও গতিশীল হয়।,pro_private
"পাবলিক বিশ্ববিদ্যালয়ের গবেষণা, বিতর্ক ও বুদ্ধিবৃত্তিক চর্চা অনেক শিক্ষার্থীকে বিস্তৃতভাবে গড়ে তোলে।",pro_public
দীর্ঘ পথ পাড়ি দিতে হলে প্রথমে নিজের অনিয়মকে নিয়ন্ত্রণ করতে হয়।,neutral
প্রাইভেট বিশ্ববিদ্যালয়ের কিছু program-এ industry-aligned curriculum শিক্ষার্থীদের বাস্তব চাকরির জন্য প্রস্তুত করে।,pro_private
পাবলিক বিশ্ববিদ্যালয়ে ভর্তি হওয়া বহু শিক্ষার্থীর কাছে সামাজিক স্বীকৃতির বড় ধাপ।,pro_public
মনোযোগ ধরে রাখার ক্ষমতা শেখার গতি অনেক বাড়িয়ে দিতে পারে।,neutral
অনেক private university-তে feedback system শক্তিশালী হওয়ায় শিক্ষার্থীরা দ্রুত ভুল ধরতে পারে।,pro_private
পাবলিক বিশ্ববিদ্যালয়ের ভর্তি প্রক্রিয়া এখনো মেধাভিত্তিক বাছাইয়ের গুরুত্বপূর্ণ উদাহরণ হিসেবে বিবেচিত হয়।,pro_public
স্বপ্ন বড় হলে রুটিনও বড় দায়িত্বের মতো করে মানতে হয়।,neutral
কিছু প্রাইভেট বিশ্ববিদ্যালয়ে নিয়মিত seminar ও guest lecture শিক্ষার্থীদের দৃষ্টিভঙ্গি বাড়ায়।,pro_private
পাবলিক বিশ্ববিদ্যালয়ের বড় নেটওয়ার্ক অনেক সময় শিক্ষার্থীদের ভবিষ্যৎ একাডেমিক ও পেশাগত সুযোগে সহায়ক হয়।,pro_public
নিজের গতি ধীর হলেও শেখার ইচ্ছা টিকে থাকলে থেমে যেতে হয় না।,neutral
"ভালো private institution থেকে skill, exposure এবং professionalism—তিনটিই অর্জন করা সম্ভব।",pro_private
পাবলিক বিশ্ববিদ্যালয় এখনও বহু মেধাবী শিক্ষার্থীর কাছে সবচেয়ে কাঙ্ক্ষিত গন্তব্যগুলোর একটি।,pro_public
বড় লক্ষ্যকে ছোট ধাপে ভাঙতে পারলে তা অর্জন করা সহজ হয়ে যায়।,neutral
সুশৃঙ্খল private university environment শিক্ষার্থীদের career readiness উল্লেখযোগ্যভাবে বাড়াতে পারে।,pro_private
comment_bangla,label
"বিশ্ববিদ্যালয়ে ভর্তি হওয়া গুরুত্বপূর্ণ, কিন্তু সেখানে নিজেকে গড়ে তোলাই আসল কাজ।",neutral
কিছু প্রাইভেট বিশ্ববিদ্যালয়ে industry-oriented course structure শিক্ষার্থীদের চাকরির বাজারে দ্রুত মানিয়ে নিতে সাহায্য করে।,pro_private
পাবলিক বিশ্ববিদ্যালয়ের ভর্তি প্রতিযোগিতা এখনও দেশের সবচেয়ে সম্মানজনক একাডেমিক চ্যালেঞ্জগুলোর একটি।,pro_public
"যে প্রতিদিন শেখার অভ্যাস ধরে রাখে, সে ধীরে হলেও নিশ্চিতভাবে এগোয়।",neutral
অনেক private university-তে ছোট class size থাকার কারণে শিক্ষকরা শিক্ষার্থীদের অগ্রগতি ভালোভাবে পর্যবেক্ষণ করতে পারেন।,pro_private
পাবলিক বিশ্ববিদ্যালয়ে সুযোগ পাওয়া অনেক শিক্ষার্থীর জন্য মেধা ও অধ্যবসায়ের বড় স্বীকৃতি।,pro_public
নিজের লক্ষ্য পরিষ্কার থাকলে বাইরের কথাবার্তা মনোযোগ নষ্ট করতে পারে না।,neutral
কিছু প্রাইভেট বিশ্ববিদ্যালয়ে alumni networking চাকরি ও internship খুঁজতে বাস্তব সহায়তা দেয়।,pro_private
পাবলিক বিশ্ববিদ্যালয় তুলনামূলক কম খরচে উচ্চশিক্ষা পাওয়ার সুযোগ তৈরি করে।,pro_public
অনেক সময় ধীরে এগোনোও সঠিক পথে থাকার লক্ষণ হতে পারে।,neutral
অনেক private campus-এ presentation skill আর professional communication-এর উপর শুরু থেকেই গুরুত্ব দেওয়া হয়।,pro_private
পাবলিক বিশ্ববিদ্যালয়ের বিস্তৃত ক্যাম্পাসজীবন শিক্ষার্থীদের চিন্তাভাবনাকে আরও পরিণত করে।,pro_public
"সাফল্য সাধারণত একদিনে আসে না, ছোট ছোট শৃঙ্খলা মিলেই তা তৈরি হয়।",neutral
কিছু প্রাইভেট বিশ্ববিদ্যালয়ে নিয়মিত workshop ও seminar শিক্ষার্থীদের industry সম্পর্কে আপডেট রাখে।,pro_private
পাবলিক বিশ্ববিদ্যালয়ের সীমিত সিটে সুযোগ পাওয়া এখনো বহু শিক্ষার্থীর দীর্ঘ লড়াইয়ের ফল।,pro_public
"নিজের ভুল স্বীকার করা দুর্বলতা নয়, বরং উন্নতির প্রথম ধাপ।",neutral
ভালো private university-তে practical assignment-এর মাধ্যমে বাস্তব দক্ষতা তৈরি হয়।,pro_private
পাবলিক বিশ্ববিদ্যালয়ের ঐতিহ্য ও একাডেমিক মর্যাদা এখনো অনেকের কাছে বিশেষ আকর্ষণ।,pro_public
"যা নিয়মিত চর্চা করা হয়, সেটাই একসময় আত্মবিশ্বাসে পরিণত হয়।",neutral
অনেক private institution-এ student advising system শিক্ষার্থীদের course selection-এ সহায়তা করে।,pro_private
পাবলিক বিশ্ববিদ্যালয়ে ভিন্ন অঞ্চল ও শ্রেণির শিক্ষার্থীরা একসাথে শেখার সুযোগ পায়।,pro_public
একবারে বড় পরিবর্তনের চেয়ে ধারাবাহিক ছোট পরিবর্তন বেশি স্থায়ী ফল দেয়।,neutral
কিছু প্রাইভেট বিশ্ববিদ্যালয়ে class participation বাধ্যতামূলক হওয়ায় শিক্ষার্থীরা বেশি সক্রিয় থাকে।,pro_private
পাবলিক বিশ্ববিদ্যালয়ের একাডেমিক পরিবেশ বহু শিক্ষার্থীকে গবেষণা ও উচ্চশিক্ষার দিকে আগ্রহী করে।,pro_public
"অন্যের অবস্থান দেখে নয়, নিজের অগ্রগতি দেখে অনুপ্রাণিত হওয়াই ভালো।",neutral
কিছু private university-তে নিয়মিত assessment-এর কারণে শিক্ষার্থীরা সেমিস্টারজুড়ে পড়াশোনায় যুক্ত থাকে।,pro_private
পাবলিক বিশ্ববিদ্যালয় বহু মেধাবী শিক্ষার্থীর জন্য অর্থনৈতিকভাবে সবচেয়ে বাস্তবসম্মত পথ।,pro_public
"যে নিজের সময়কে মূল্য দিতে শেখে, সে সুযোগকেও ভালোভাবে কাজে লাগাতে পারে।",neutral
অনেক private campus-এ career counseling service থাকায় শিক্ষার্থীরা ভবিষ্যৎ পরিকল্পনা গুছিয়ে নিতে পারে।,pro_private
পাবলিক বিশ্ববিদ্যালয়ের কঠিন ভর্তি প্রক্রিয়া এখনো মেধার বড় পরীক্ষাগুলোর একটি হিসেবে বিবেচিত হয়।,pro_public
প্রতিভার চেয়ে দীর্ঘসময় ধরে চেষ্টা করার ক্ষমতা অনেক সময় বেশি গুরুত্বপূর্ণ।,neutral
কিছু প্রাইভেট বিশ্ববিদ্যালয়ের lab facility ও digital resource শিক্ষার্থীদের শেখাকে সহজ করে তোলে।,pro_private
পাবলিক বিশ্ববিদ্যালয়ের ডিগ্রির ওপর এখনো সমাজের বহু মানুষের আলাদা আস্থা রয়েছে।,pro_public
প্রথম পদক্ষেপ ছোট হলেও তা ভবিষ্যতের বড় পথ খুলে দিতে পারে।,neutral
ভালো private university থেকে পড়েও competitive sector-এ সফল হওয়া পুরোপুরি সম্ভব।,pro_private
পাবলিক বিশ্ববিদ্যালয় দেশের উচ্চশিক্ষার মানদণ্ড গঠনে দীর্ঘদিন ধরে গুরুত্বপূর্ণ ভূমিকা রাখছে।,pro_public
ভয় কমানোর সবচেয়ে ভালো উপায় হলো প্রস্তুতি বাড়ানো।,neutral
অনেক private university-তে semester system শিক্ষার্থীদের পড়ার গতি ধরে রাখতে সাহায্য করে।,pro_private
পাবলিক বিশ্ববিদ্যালয়ে পড়ার সুযোগ এখনো বহু পরিবারের কাছে স্বপ্নপূরণের সমান।,pro_public
"নিজের সীমাবদ্ধতা জানা মানে নিজেকে ছোট করা নয়, বরং ঠিক জায়গায় কাজ শুরু করা।",neutral
কিছু প্রাইভেট বিশ্ববিদ্যালয়ে project-based learning শিক্ষার্থীদের দলগতভাবে কাজ করতে শেখায়।,pro_private
পাবলিক বিশ্ববিদ্যালয়ের alumni network অনেক সময় ভবিষ্যৎ একাডেমিক ও পেশাগত সুযোগে সহায়ক হয়।,pro_public
"একদিনের প্রচেষ্টা মানুষকে বদলায় না, কিন্তু ধারাবাহিকতা বদলে দেয়।",neutral
"ভালো private institution শিক্ষার্থীদের skill, discipline আর professionalism—সবগুলোই উন্নত করতে পারে।",pro_private
"পাবলিক বিশ্ববিদ্যালয়ের ক্যাম্পাসজীবন অনেককে নেতৃত্ব, বিতর্ক ও সামাজিক বাস্তবতা সম্পর্কে শিখতে সাহায্য করে।",pro_public
"যে মাঝপথে থামে না, শেষ পর্যন্ত সে-ই সবচেয়ে বেশি শিখে।",neutral
অনেক private campus-এ faculty feedback দ্রুত পাওয়া যায় বলে শিক্ষার্থীরা ঘাটতি দ্রুত বুঝতে পারে।,pro_private
শীর্ষস্থানীয় বহু শিক্ষার্থীর প্রথম লক্ষ্য এখনো একটি শক্তিশালী পাবলিক বিশ্ববিদ্যালয়।,pro_public
"নিজের ওপর বিশ্বাস তখনই কাজে দেয়, যখন তার সঙ্গে পরিশ্রমও যুক্ত থাকে।",neutral
"সুশৃঙ্খল private university environment থেকে exposure, employability এবং confidence—তিনটিই পাওয়া যেতে পারে।",pro_private
comment_bangla,label
"বিশ্ববিদ্যালয়ের নাম শুরুটা সহজ করতে পারে, কিন্তু গন্তব্য ঠিক করে দেয় ধারাবাহিক পরিশ্রম।",neutral
কিছু প্রাইভেট বিশ্ববিদ্যালয়ে industry collaboration থাকার কারণে শিক্ষার্থীরা বাস্তব কাজের ধরণ আগে থেকেই বুঝে যায়।,pro_private
পাবলিক বিশ্ববিদ্যালয়ে ভর্তি হওয়া এখনো দেশের সবচেয়ে মর্যাদাপূর্ণ একাডেমিক সাফল্যগুলোর একটি হিসেবে দেখা হয়।,pro_public
প্রতিদিনের প্রস্তুতি ছাড়া বড় স্বপ্ন শুধু কল্পনাতেই থেকে যায়।,neutral
অনেক private university-তে শিক্ষকরা ছোট ব্যাচের কারণে শিক্ষার্থীদের অগ্রগতি ব্যক্তিগতভাবে পর্যবেক্ষণ করতে পারেন।,pro_private
পাবলিক বিশ্ববিদ্যালয়ের কম খরচের শিক্ষা বহু পরিবারের জন্য আশীর্বাদস্বরূপ।,pro_public
"তুমি যত দ্রুত নিজের দুর্বলতা চিনবে, উন্নতির পথ তত দ্রুত খুলবে।",neutral
"কিছু প্রাইভেট বিশ্ববিদ্যালয়ে নিয়মিত presentation, report আর viva শিক্ষার্থীদের পেশাগত দক্ষতা বাড়ায়।",pro_private
পাবলিক বিশ্ববিদ্যালয়ের দীর্ঘদিনের একাডেমিক ঐতিহ্য এখনো বহু শিক্ষার্থীকে অনুপ্রাণিত করে।,pro_public
"ছোট অগ্রগতিকে অবহেলা করা উচিত নয়, কারণ বড় পরিবর্তন সেখান থেকেই শুরু হয়।",neutral
অনেক private campus-এ career service office চাকরির প্রস্তুতিতে শিক্ষার্থীদের কার্যকর সহায়তা দেয়।,pro_private
পাবলিক বিশ্ববিদ্যালয় আর্থিক সীমাবদ্ধতা থাকা শিক্ষার্থীদেরও উচ্চশিক্ষার সুযোগ দেয়।,pro_public
"অন্যের সাফল্য দেখে থেমে যেও না, বরং নিজের পথটাকে আরও স্পষ্ট করো।",neutral
কিছু private institution-এ corporate grooming আর interview practice শুরু থেকেই করানো হয়।,pro_private
পাবলিক বিশ্ববিদ্যালয়ের বৈচিত্র্যময় ছাত্রসমাজ অনেককে সমাজ ও বাস্তবতা সম্পর্কে নতুনভাবে ভাবতে শেখায়।,pro_public
"যে নিজের জন্য বাস্তবসম্মত পরিকল্পনা করে, সে কম চাপে বেশি এগোতে পারে।",neutral
কিছু প্রাইভেট বিশ্ববিদ্যালয়ের আধুনিক lab facility হাতে-কলমে শেখাকে আরও শক্তিশালী করে।,pro_private
পাবলিক বিশ্ববিদ্যালয়ের সীমিত সিটে জায়গা পাওয়া এখনো অসাধারণ প্রতিযোগিতামূলক অর্জন।,pro_public
অভ্যাসের ধারাবাহিকতা অনেক সময় একদিনের অনুপ্রেরণার চেয়ে বেশি শক্তিশালী।,neutral
অনেক private university-তে advisor system শিক্ষার্থীদের সময়মতো সঠিক কোর্স নিতে সাহায্য করে।,pro_private
পাবলিক বিশ্ববিদ্যালয়ের মেধাভিত্তিক ভর্তি প্রক্রিয়া এখনো অনেকের কাছে সবচেয়ে গ্রহণযোগ্য।,pro_public
নিজেকে প্রমাণ করার সবচেয়ে ভালো উপায় হলো চুপচাপ প্রস্তুতি নেওয়া।,neutral
কিছু প্রাইভেট বিশ্ববিদ্যালয়ে internship linkage থাকায় শিক্ষার্থীরা পড়ার পাশাপাশি বাস্তব অভিজ্ঞতা পায়।,pro_private
পাবলিক বিশ্ববিদ্যালয়ের শিক্ষাব্যবস্থা সামাজিক ও অর্থনৈতিক গতিশীলতা তৈরি করতে বড় ভূমিকা রাখে।,pro_public
"যে প্রতিদিন শুরু করতে পারে, সে-ই শেষ পর্যন্ত অনেক দূর যেতে পারে।",neutral
ভালো private university-তে communication skill আর professionalism একসঙ্গে গড়ে ওঠে।,pro_private
পাবলিক বিশ্ববিদ্যালয়ে ভর্তি হওয়া অনেক পরিবারের কাছে সম্মান ও স্বপ্নপূরণের প্রতীক।,pro_public
দ্রুত ফল না এলেও সঠিক পদ্ধতিতে এগোলে অগ্রগতি নিশ্চিত হয়।,neutral
কিছু private campus-এ team-based project-এর মাধ্যমে collaboration skill উন্নত হয়।,pro_private
পাবলিক বিশ্ববিদ্যালয়ের বিস্তৃত একাডেমিক পরিবেশ শিক্ষার্থীদের নানা দিক থেকে পরিণত করে।,pro_public
নিজের লক্ষ্য লিখে রাখলে মনোযোগ হারানোর সম্ভাবনা অনেক কমে যায়।,neutral
"অনেক private institution-এ class performance, assignment আর quiz-এর সমন্বয়ে শেখার ধারাবাহিকতা বজায় থাকে।",pro_private
পাবলিক বিশ্ববিদ্যালয়ের শক্তিশালী alumni network ভবিষ্যৎ সুযোগ তৈরিতে সহায়ক হতে পারে।,pro_public
সময়মতো ছোট কাজ শেষ করার অভ্যাসই বড় দায়িত্ব নেওয়ার সক্ষমতা তৈরি করে।,neutral
কিছু প্রাইভেট বিশ্ববিদ্যালয়ে job fair ও employer session শিক্ষার্থীদের বাস্তব পেশাজীবনের সঙ্গে পরিচিত করে।,pro_private
পাবলিক বিশ্ববিদ্যালয়ের ডিগ্রি এখনো অনেক নিয়োগদাতা ও পরিবারের কাছে বিশ্বাসযোগ্যতার প্রতীক।,pro_public
তুমি কোথা থেকে শুরু করেছ তার চেয়ে গুরুত্বপূর্ণ হলো তুমি থেমে গেলে কি না।,neutral
অনেক private university-তে semester pressure থাকায় শিক্ষার্থীরা নিয়মিতভাবে পড়ার অভ্যাসে থাকে।,pro_private
পাবলিক বিশ্ববিদ্যালয় এখনো বহু কৃতী শিক্ষার্থীর প্রথম পছন্দ হয়ে আছে।,pro_public
"যে বুঝে শিখতে চায়, তার শেখা দীর্ঘমেয়াদে বেশি টিকে থাকে।",neutral
কিছু private campus-এ updated curriculum থাকার কারণে শিক্ষার্থীরা নতুন trend সম্পর্কে দ্রুত জানতে পারে।,pro_private
"পাবলিক বিশ্ববিদ্যালয়ের গবেষণা, বিতর্ক ও সাংস্কৃতিক পরিবেশ শিক্ষার্থীদের দৃষ্টিভঙ্গি প্রসারিত করে।",pro_public
প্রতিদিনের একটু একটু প্রচেষ্টাই একসময় আত্মবিশ্বাসের বড় ভিত্তি হয়ে দাঁড়ায়।,neutral
"ভালো private institution থেকে পড়লে skill, exposure এবং career awareness তিনটিই বাড়ে।",pro_private
পাবলিক বিশ্ববিদ্যালয়ের কঠিন ভর্তি লড়াই তাকে এখনও বিশেষ মর্যাদার জায়গায় রেখেছে।,pro_public
পরিশ্রমের ধারাবাহিকতা ভয়কে ধীরে ধীরে কমিয়ে দেয়।,neutral
অনেক private university-তে faculty feedback দ্রুত পাওয়া যায় বলে শেখার ঘাটতি দ্রুত পূরণ করা সম্ভব হয়।,pro_private
পাবলিক বিশ্ববিদ্যালয়ের বড় পরিসরের পরিবেশ অনেককে নেতৃত্ব ও সামাজিক বোধ তৈরি করতে সাহায্য করে।,pro_public
বড় লক্ষ্য অর্জনের জন্য প্রতিদিনের রুটিনকেই সবচেয়ে বেশি গুরুত্ব দিতে হয়।,neutral
"সুশৃঙ্খল private university environment থেকে discipline, confidence এবং employability—সবই তৈরি হতে পারে।",pro_private
comment_bangla,label
"বিশ্ববিদ্যালয় শুধু ডিগ্রি দেয় না, বরং নিজেকে গড়ে তোলার একটা দীর্ঘ সুযোগও দেয়।",neutral
কিছু প্রাইভেট বিশ্ববিদ্যালয়ে industry expert-দের guest lecture শিক্ষার্থীদের বাস্তব জগত সম্পর্কে পরিষ্কার ধারণা দেয়।,pro_private
পাবলিক বিশ্ববিদ্যালয়ে ভর্তি হওয়া এখনও দেশের সবচেয়ে কাঙ্ক্ষিত একাডেমিক অর্জনগুলোর একটি হিসেবে ধরা হয়।,pro_public
ভালো অভ্যাস গড়ে তুলতে পারলে মাঝারি শুরু থেকেও শক্তিশালী ফল তৈরি করা যায়।,neutral
অনেক private university-তে course teacher-দের সাথে সরাসরি যোগাযোগ তুলনামূলক সহজ হয়।,pro_private
পাবলিক বিশ্ববিদ্যালয় কম খরচে উচ্চশিক্ষা পাওয়ার সবচেয়ে গুরুত্বপূর্ণ পথগুলোর একটি।,pro_public
একবারে নিখুঁত হওয়ার চেয়ে প্রতিদিন একটু ভালো হওয়া বেশি বাস্তবসম্মত।,neutral
কিছু প্রাইভেট বিশ্ববিদ্যালয়ে career grooming session শিক্ষার্থীদের চাকরির প্রস্তুতিতে বাড়তি সুবিধা দেয়।,pro_private
"পাবলিক বিশ্ববিদ্যালয়ের ইতিহাস, সংস্কৃতি ও একাডেমিক মর্যাদা এখনো অনেক শিক্ষার্থীকে আকৃষ্ট করে।",pro_public
"যে শিক্ষার্থী নিজের দুর্বল জায়গাগুলোতে কাজ শুরু করে, সে দ্রুত উন্নতি দেখতে পায়।",neutral
অনেক private campus-এ lab work ও assignment-based learning বাস্তব দক্ষতা বাড়াতে সাহায্য করে।,pro_private
পাবলিক বিশ্ববিদ্যালয়ের প্রতিযোগিতামূলক পরিবেশ শিক্ষার্থীদের মেধা ও মানসিক দৃঢ়তা বাড়াতে পারে।,pro_public
লক্ষ্য পরিষ্কার থাকলে বাইরের তুলনা অনেক কম প্রভাব ফেলতে পারে।,neutral
কিছু প্রাইভেট বিশ্ববিদ্যালয়ে advisor support শিক্ষার্থীদের academic planning সহজ করে তোলে।,pro_private
পাবলিক বিশ্ববিদ্যালয়ে ভর্তি হওয়া বহু পরিবারের কাছে সামাজিক স্বীকৃতি ও গর্বের বিষয়।,pro_public
প্রতিদিনের সামান্য শৃঙ্খলাই একসময় বড় সাফল্যের ভিত তৈরি করে।,neutral
অনেক private institution-এ নিয়মিত quiz ও presentation শিক্ষার্থীদের সারাবছর সক্রিয় রাখে।,pro_private
পাবলিক বিশ্ববিদ্যালয়ের বড় ক্যাম্পাস এবং ভিন্নমুখী ছাত্রসমাজ ব্যক্তিত্ব গঠনে ইতিবাচক প্রভাব ফেলে।,pro_public
অন্যের গতি দেখে থেমে না গিয়ে নিজের তাল ঠিক রাখাই বেশি জরুরি।,neutral
কিছু প্রাইভেট বিশ্ববিদ্যালয় internship placement-এর মাধ্যমে শিক্ষার্থীদের বাস্তব কর্মক্ষেত্রের সঙ্গে যুক্ত করে।,pro_private
পাবলিক বিশ্ববিদ্যালয়ের ডিগ্রি এখনো বহু মানুষের কাছে নির্ভরযোগ্যতার প্রতীক।,pro_public
"প্রস্তুতি যত বাড়ে, অযথা ভয় তত কমে যায়।",neutral
ভালো private university-তে professionalism ও communication skill একসঙ্গে গড়ে ওঠার সুযোগ থাকে।,pro_private
পাবলিক বিশ্ববিদ্যালয় বহু মেধাবী কিন্তু আর্থিকভাবে সীমিত শিক্ষার্থীর জন্য বড় ভরসা।,pro_public
শুরুতে ধীরে চললেও থেমে না গেলে অগ্রগতি একসময় স্পষ্ট হয়।,neutral
কিছু private campus-এ updated curriculum শিক্ষার্থীদের নতুন trend ও skill সম্পর্কে দ্রুত জানায়।,pro_private
পাবলিক বিশ্ববিদ্যালয়ের alumni network ভবিষ্যৎ একাডেমিক ও পেশাগত সুযোগে সহায়ক হতে পারে।,pro_public
"নিজের ওপর আস্থা তৈরি হয় ধারাবাহিক কাজের মাধ্যমে, শুধু ভাবনার মাধ্যমে নয়।",neutral
অনেক private university-তে team project-এর কারণে শিক্ষার্থীরা collaborative work culture শিখে।,pro_private
পাবলিক বিশ্ববিদ্যালয়ের সিটসংখ্যা সীমিত হওয়ায় সেখানে সুযোগ পাওয়া এখনো বিশেষ অর্জন হিসেবে দেখা হয়।,pro_public
"যা বোঝার জন্য শেখা হয়, তা পরীক্ষার পরেও কাজে লাগে।",neutral
কিছু প্রাইভেট বিশ্ববিদ্যালয়ে mock interview আর CV workshop শিক্ষার্থীদের চাকরির জন্য প্রস্তুত করে।,pro_private
পাবলিক বিশ্ববিদ্যালয়ের সাংস্কৃতিক ও বুদ্ধিবৃত্তিক পরিবেশ শিক্ষার্থীদের দৃষ্টিভঙ্গি বিস্তৃত করে।,pro_public
একটি বাস্তবসম্মত রুটিন অনেক অস্থির মনকেও স্থির করে দিতে পারে।,neutral
অনেক private institution-এ semester system শিক্ষার্থীদের নিয়মিতভাবে পড়াশোনায় ধরে রাখে।,pro_private
দেশের বহু কৃতী শিক্ষার্থীর কাছে প্রথম লক্ষ্য এখনো একটি ভালো পাবলিক বিশ্ববিদ্যালয়।,pro_public
বড় স্বপ্নের জন্য প্রতিদিনের ছোট কাজগুলো অবহেলা করা যায় না।,neutral
কিছু প্রাইভেট বিশ্ববিদ্যালয়ে classroom technology ব্যবহারে শেখা আরও ইন্টার‌্যাকটিভ হয়ে ওঠে।,pro_private
পাবলিক বিশ্ববিদ্যালয়ের ভর্তি লড়াই এখনও সবচেয়ে কঠিন ও মর্যাদাপূর্ণ প্রতিযোগিতাগুলোর একটি।,pro_public
"যে নিজের ভুল থেকে শেখে, সে একই জায়গায় বেশিদিন আটকে থাকে না।",neutral
"ভালো private university থেকে skill, exposure আর career awareness—সবই অর্জন করা সম্ভব।",pro_private
পাবলিক বিশ্ববিদ্যালয় দেশের উচ্চশিক্ষার ভিত্তিকে দীর্ঘদিন ধরে শক্তিশালী করেছে।,pro_public
অযথা দুশ্চিন্তার চেয়ে নির্দিষ্ট প্রস্তুতি সবসময় বেশি কার্যকর।,neutral
কিছু private campus-এ faculty feedback দ্রুত পাওয়া যায় বলে শিক্ষার্থীরা ঘাটতি তাড়াতাড়ি বুঝতে পারে।,pro_private
পাবলিক বিশ্ববিদ্যালয়ের পরিবেশ অনেক শিক্ষার্থীকে নেতৃত্ব ও সামাজিক দায়িত্ববোধ শেখায়।,pro_public
নিজের গতি ধীর হলেও সঠিক পথে থাকা সবচেয়ে গুরুত্বপূর্ণ বিষয়।,neutral
অনেক private university-তে mentor support নতুন শিক্ষার্থীদের মানিয়ে নিতে সহায়তা করে।,pro_private
পাবলিক বিশ্ববিদ্যালয়ে পড়ার সুযোগ এখনও বহু শিক্ষার্থীর জীবনে বড় turning point হয়ে দাঁড়ায়।,pro_public
"যে প্রতিদিন কাজ করে, সে অনুপ্রেরণা না থাকলেও এগিয়ে যেতে পারে।",neutral
"সুশৃঙ্খল private university environment থেকে discipline, employability এবং confidence—তিনটিই তৈরি হতে পারে।",pro_private
comment_bangla,label
"একটা ভালো ক্যাম্পাস তোমাকে সুযোগ দেখাতে পারে, কিন্তু সেই সুযোগ ধরার দায়িত্ব তোমার নিজের।",neutral
কিছু প্রাইভেট বিশ্ববিদ্যালয়ে industry visit শিক্ষার্থীদের বাস্তব কর্মপরিবেশ সম্পর্কে আগেভাগেই ধারণা দেয়।,pro_private
পাবলিক বিশ্ববিদ্যালয়ের ভর্তি যাত্রা এখনো দেশের সবচেয়ে কঠিন মেধা যাচাইগুলোর একটি হিসেবে বিবেচিত হয়।,pro_public
ছোট ছোট নিয়ম মেনে চলাই বড় অর্জনের ভিত গড়ে দেয়।,neutral
অনেক private university-তে শিক্ষকরা তুলনামূলক সহজে approachable হওয়ায় শিক্ষার্থীরা প্রশ্ন করতে স্বাচ্ছন্দ্য বোধ করে।,pro_private
পাবলিক বিশ্ববিদ্যালয় সীমিত খরচে উচ্চশিক্ষা নিশ্চিত করে অনেক পরিবারকে স্বস্তি দেয়।,pro_public
নিজের যাত্রাকে অন্যের সাথে মেলালে অগ্রগতির আনন্দ অনেক সময় হারিয়ে যায়।,neutral
কিছু প্রাইভেট বিশ্ববিদ্যালয়ে career readiness program থাকায় শিক্ষার্থীরা আগে থেকেই চাকরিমুখী প্রস্তুতি নিতে পারে।,pro_private
পাবলিক বিশ্ববিদ্যালয়ের দীর্ঘ ইতিহাস অনেক শিক্ষার্থীর কাছে আলাদা একাডেমিক মর্যাদা বহন করে।,pro_public
প্রতিদিন শুরু করার ক্ষমতা অনেক সময় অসাধারণ মেধার চেয়েও বেশি কার্যকর হয়।,neutral
অনেক private campus-এ নিয়মিত assignment ও quiz শিক্ষার্থীদের পড়াশোনার ধারাবাহিকতা বজায় রাখে।,pro_private
পাবলিক বিশ্ববিদ্যালয়ের প্রতিযোগিতামূলক পরিবেশ অনেক শিক্ষার্থীকে কঠিন পরিশ্রমে অভ্যস্ত করে তোলে।,pro_public
"যে বোঝার জন্য শেখে, তার আত্মবিশ্বাস সাধারণত পরীক্ষার পরেও টিকে থাকে।",neutral
কিছু প্রাইভেট বিশ্ববিদ্যালয়ে alumni mentorship নতুন শিক্ষার্থীদের ভবিষ্যৎ পরিকল্পনা করতে সহায়তা করে।,pro_private
পাবলিক বিশ্ববিদ্যালয়ের আসনসংখ্যা সীমিত হলেও তার সামাজিক গুরুত্ব এখনো খুবই বেশি।,pro_public
গোলমেলে ভয়কে কমানোর সেরা উপায় হলো পরিষ্কার পরিকল্পনা তৈরি করা।,neutral
"ভালো private university-তে communication skill, presentation skill আর discipline একসাথে গড়ে উঠতে পারে।",pro_private
পাবলিক বিশ্ববিদ্যালয়ে পড়ার সুযোগ অনেক শিক্ষার্থীর জীবনে সামাজিক স্বীকৃতির বড় ধাপ হয়ে দাঁড়ায়।,pro_public
"ধীরে চলা সমস্যা নয়, থেমে যাওয়া আসল সমস্যা।",neutral
কিছু private institution-এ updated course content শিক্ষার্থীদের নতুন প্রযুক্তি ও trend-এর সঙ্গে পরিচিত রাখে।,pro_private
পাবলিক বিশ্ববিদ্যালয়ের বিস্তৃত সামাজিক ও সাংস্কৃতিক পরিবেশ ব্যক্তিত্ব গঠনে সহায়ক হয়।,pro_public
প্রতিদিন অল্প কাজ হলেও তা জমে একসময় বড় ফল তৈরি করে।,neutral
অনেক private university-তে semester system-এর কারণে শিক্ষার্থীরা পুরো বছরই পড়াশোনার মধ্যে থাকে।,pro_private
অসংখ্য শিক্ষার্থীর জন্য একটি পাবলিক বিশ্ববিদ্যালয়ে ভর্তি হওয়া মানে দীর্ঘদিনের স্বপ্ন পূরণ হওয়া।,pro_public
"নিজের দুর্বল জায়গা এড়িয়ে গেলে ভয় বাড়ে, মুখোমুখি হলে আত্মবিশ্বাস বাড়ে।",neutral
কিছু প্রাইভেট বিশ্ববিদ্যালয়ে lab-based learning হাতে-কলমে দক্ষতা উন্নত করতে সাহায্য করে।,pro_private
পাবলিক বিশ্ববিদ্যালয়ের ডিগ্রির ওপর বহু মানুষের আস্থা এখনো দৃশ্যমানভাবে শক্তিশালী।,pro_public
শুরুটা ছোট হলেও নিয়মিত থাকলে ফল বড় হতে বাধ্য।,neutral
অনেক private campus-এ academic advisor শিক্ষার্থীদের সময়মতো কোর্স পরিকল্পনা করতে সাহায্য করেন।,pro_private
পাবলিক বিশ্ববিদ্যালয়ের alumni network ভবিষ্যৎ একাডেমিক ও পেশাগত সংযোগ তৈরিতে গুরুত্বপূর্ণ ভূমিকা রাখতে পারে।,pro_public
নিজেকে অন্যের মানদণ্ডে না মেপে নিজের উন্নতির মানদণ্ড নিজেই তৈরি করা উচিত।,neutral
কিছু প্রাইভেট বিশ্ববিদ্যালয়ে mock interview ও CV clinic চাকরির প্রস্তুতিকে বাস্তবভিত্তিক করে তোলে।,pro_private
পাবলিক বিশ্ববিদ্যালয়ের ভর্তি পরীক্ষা এখনো অনেকের কাছে সবচেয়ে শক্তিশালী মেধা প্রতিযোগিতা।,pro_public
"অনুপ্রেরণা না থাকলেও যে কাজ চালিয়ে যেতে পারে, তারই এগোনোর সম্ভাবনা বেশি।",neutral
অনেক private institution-এ teamwork-based project শিক্ষার্থীদের সহযোগিতামূলক কাজের অভ্যাস গড়ে তোলে।,pro_private
পাবলিক বিশ্ববিদ্যালয়ের একাডেমিক ও বুদ্ধিবৃত্তিক চর্চা অনেক শিক্ষার্থীকে বিস্তৃতভাবে ভাবতে শেখায়।,pro_public
বড় লক্ষ্য পূরণ করতে চাইলে দৈনন্দিন রুটিনকে গুরুত্ব দিতেই হবে।,neutral
ভালো private university-তে শিক্ষক-শিক্ষার্থীর ঘনিষ্ঠ একাডেমিক যোগাযোগ শেখাকে আরও কার্যকর করতে পারে।,pro_private
পাবলিক বিশ্ববিদ্যালয়ে সুযোগ পাওয়া অনেকের কাছে আজীবনের স্মরণীয় অর্জন হয়ে থাকে।,pro_public
একদিনে অনেক এগোনোর চেয়ে প্রতিদিন এগোনো বেশি নির্ভরযোগ্য।,neutral
কিছু private university-তে class participation ও continuous assessment শিক্ষার্থীদের সক্রিয় রাখে।,pro_private
দেশের বহু মেধাবী শিক্ষার্থীর কাছে প্রথম পছন্দ এখনো একটি ভালো পাবলিক বিশ্ববিদ্যালয়।,pro_public
আত্মবিশ্বাস তৈরি হয় যখন প্রস্তুতি আর কাজ একসাথে এগোয়।,neutral
অনেক private campus-এ industry guest session শিক্ষার্থীদের career awareness বাড়াতে সাহায্য করে।,pro_private
পাবলিক বিশ্ববিদ্যালয়ের বড় ও বৈচিত্র্যময় পরিবেশ শিক্ষার্থীদের সামাজিক বাস্তবতা বুঝতে সাহায্য করে।,pro_public
শুরু করতে দেরি হলেও নিয়মিত থাকলে ভালো ফল সম্ভব।,neutral
"সুশৃঙ্খল private institution থেকে skill, exposure এবং professional mindset—তিনটিই অর্জন করা যায়।",pro_private
পাবলিক বিশ্ববিদ্যালয় বহু শিক্ষার্থীর জন্য কম খরচে উচ্চমানের শিক্ষা পাওয়ার বড় দরজা।,pro_public
"যে থামে না, সে ধীরে হলেও এগোয়; আর যে এগোয়, সে একসময় বদলে যায়।",neutral
"ভালো private university environment শিক্ষার্থীদের employability, confidence এবং professionalism বাড়াতে পারে।",pro_private
comment_bangla,label
"বিশ্ববিদ্যালয় তোমাকে মঞ্চ দিতে পারে, কিন্তু পারফর্ম করতে হয় নিজের প্রস্তুতি দিয়ে।",neutral
কিছু প্রাইভেট বিশ্ববিদ্যালয়ে career support service থাকায় শিক্ষার্থীরা আগেভাগেই চাকরির বাজার সম্পর্কে ধারণা পায়।,pro_private
পাবলিক বিশ্ববিদ্যালয়ের ভর্তি পরীক্ষায় টিকে থাকা এখনো দেশের অন্যতম বড় একাডেমিক অর্জন হিসেবে ধরা হয়।,pro_public
"প্রতিদিন অল্প করে এগোনো মানে থেমে না থাকা, আর সেটাই সবচেয়ে বড় শক্তি।",neutral
অনেক private university-তে industry networking event শিক্ষার্থীদের পেশাগত যোগাযোগ বাড়াতে সাহায্য করে।,pro_private
পাবলিক বিশ্ববিদ্যালয় কম খরচে উচ্চশিক্ষা নিশ্চিত করার ক্ষেত্রে গুরুত্বপূর্ণ ভূমিকা পালন করে।,pro_public
নিজের লক্ষ্য পরিষ্কার থাকলে অন্যের মন্তব্যে খুব বেশি প্রভাবিত হতে হয় না।,neutral
কিছু প্রাইভেট বিশ্ববিদ্যালয়ে ছোট ক্লাসে শিক্ষক-শিক্ষার্থীর সরাসরি যোগাযোগ বেশি কার্যকর হয়।,pro_private
পাবলিক বিশ্ববিদ্যালয়ের দীর্ঘ একাডেমিক ঐতিহ্য এখনো বহু শিক্ষার্থীর কাছে বিশেষ আকর্ষণ তৈরি করে।,pro_public
আজকের শৃঙ্খলিত পড়া আগামী দিনের আত্মবিশ্বাস তৈরি করে।,neutral
অনেক private campus-এ mock interview ও CV review session শিক্ষার্থীদের চাকরির জন্য প্রস্তুত করে।,pro_private
পাবলিক বিশ্ববিদ্যালয়ের প্রতিযোগিতামূলক পরিবেশ অনেককে কঠোর পরিশ্রমে অভ্যস্ত করে তোলে।,pro_public
"ভয় কমাতে চাইলে অনুমান নয়, প্রস্তুতির পরিমাণ বাড়ানো দরকার।",neutral
কিছু প্রাইভেট বিশ্ববিদ্যালয়ে updated curriculum থাকায় শিক্ষার্থীরা নতুন skill demand সম্পর্কে দ্রুত জানতে পারে।,pro_private
পাবলিক বিশ্ববিদ্যালয়ে ভর্তি হওয়া এখনও অসংখ্য শিক্ষার্থীর দীর্ঘদিনের স্বপ্ন।,pro_public
"যে নিয়মিত পড়ে, তার অগ্রগতি ধীর হলেও বেশিরভাগ সময় স্থায়ী হয়।",neutral
অনেক private institution-এ continuous assessment শিক্ষার্থীদের পুরো সেমিস্টারজুড়ে সক্রিয় রাখে।,pro_private
পাবলিক বিশ্ববিদ্যালয়ের ডিগ্রির ওপর এখনো বহু পরিবার ও প্রতিষ্ঠানের আলাদা আস্থা রয়েছে।,pro_public
নিজের সীমাবদ্ধতা মেনে নিয়ে কাজ শুরু করাই উন্নতির সবচেয়ে বাস্তব উপায়।,neutral
কিছু private university-তে lab-based learning শিক্ষার্থীদের হাতে-কলমে দক্ষতা বাড়াতে সাহায্য করে।,pro_private
পাবলিক বিশ্ববিদ্যালয়ের বড় ও বৈচিত্র্যময় ক্যাম্পাসজীবন শিক্ষার্থীদের সামাজিক বোধ গড়ে তোলে।,pro_public
"যে প্রতিদিন শুরু করতে পারে, সে-ই শেষ পর্যন্ত সবচেয়ে বেশি দূর যায়।",neutral
অনেক private campus-এ advisor support শিক্ষার্থীদের সঠিক কোর্স ও পরিকল্পনা বেছে নিতে সহায়তা করে।,pro_private
পাবলিক বিশ্ববিদ্যালয় বহু মেধাবী শিক্ষার্থীর জন্য অর্থনৈতিকভাবে সবচেয়ে কার্যকর উচ্চশিক্ষার পথ।,pro_public
অন্যের গতির সঙ্গে নিজেকে না মিলিয়ে নিজের ধারাবাহিকতাকে গুরুত্ব দেওয়া উচিত।,neutral
"ভালো private university-তে communication skill, presentation skill এবং professionalism একসঙ্গে গড়ে উঠতে পারে।",pro_private
পাবলিক বিশ্ববিদ্যালয়ের alumni network অনেক সময় ভবিষ্যৎ সুযোগ তৈরিতে মূল্যবান ভূমিকা রাখে।,pro_public
দীর্ঘমেয়াদি সাফল্য সাধারণত দৈনন্দিন ছোট ছোট শৃঙ্খলা থেকেই জন্ম নেয়।,neutral
কিছু প্রাইভেট বিশ্ববিদ্যালয়ে internship linkage থাকায় পড়ার সময়ই বাস্তব কাজের অভিজ্ঞতা পাওয়া যায়।,pro_private
পাবলিক বিশ্ববিদ্যালয়ে সুযোগ পাওয়া বহু শিক্ষার্থীর জীবনে মর্যাদা ও আত্মবিশ্বাসের বড় উৎস।,pro_public
পথ কঠিন হলেও দিক ঠিক থাকলে এগোনো থামানো উচিত নয়।,neutral
অনেক private university-তে professional workshop শিক্ষার্থীদের corporate culture বুঝতে সাহায্য করে।,pro_private
পাবলিক বিশ্ববিদ্যালয়ের সীমিত সিট তার প্রতিযোগিতাকে আরও বেশি মর্যাদাপূর্ণ করে তুলেছে।,pro_public
"আজ যা শেখো, তা যদি বুঝে শেখো, তবে সেটাই তোমার স্থায়ী শক্তি হয়।",neutral
কিছু private campus-এ team project-এর মাধ্যমে leadership আর collaboration skill তৈরি হয়।,pro_private
পাবলিক বিশ্ববিদ্যালয় দেশের উচ্চশিক্ষা কাঠামোর ভিত্তিকে দীর্ঘদিন ধরে শক্তিশালী করেছে।,pro_public
"সবাই দ্রুত এগোয় না, কিন্তু নিয়মিতরা সাধারণত থেমে যায় না।",neutral
অনেক private institution-এ semester calendar গুছানো থাকায় শিক্ষার্থীরা পরিকল্পনা অনুযায়ী এগোতে পারে।,pro_private
দেশের বহু কৃতী শিক্ষার্থীর কাছে প্রথম লক্ষ্য এখনো একটি ভালো পাবলিক বিশ্ববিদ্যালয়।,pro_public
"আত্মবিশ্বাস তখনই টেকে, যখন তার পেছনে বাস্তব প্রস্তুতি থাকে।",neutral
"ভালো private university থেকে skill, exposure এবং employability—তিনটিই অর্জন করা সম্ভব।",pro_private
পাবলিক বিশ্ববিদ্যালয়ের সাংস্কৃতিক ও বুদ্ধিবৃত্তিক পরিবেশ শিক্ষার্থীদের চিন্তাকে বিস্তৃত করে।,pro_public
বড় লক্ষ্য পূরণ করতে হলে প্রতিদিনের ছোট কাজগুলোকে গুরুত্ব দিতে হয়।,neutral
কিছু private university-তে faculty feedback দ্রুত পাওয়া যায় বলে শেখার ঘাটতি দ্রুত ধরা পড়ে।,pro_private
পাবলিক বিশ্ববিদ্যালয়ে ভর্তি হওয়া বহু পরিবারের কাছে গর্বের একটি উপলক্ষ।,pro_public
"নিজের অগ্রগতি বুঝতে চাইলে অন্যের ফল নয়, নিজের অভ্যাস দেখো।",neutral
অনেক private campus-এ class participation-এর ওপর জোর থাকায় শিক্ষার্থীরা বেশি সম্পৃক্ত থাকে।,pro_private
পাবলিক বিশ্ববিদ্যালয়ের সুযোগ অনেক শিক্ষার্থীর জীবনে বড় পরিবর্তনের সূচনা করে।,pro_public
একদিনে অনেক কিছু করার চেয়ে প্রতিদিন কিছু করা বেশি ফলদায়ক।,neutral
"সুশৃঙ্খল private university পরিবেশ থেকে confidence, discipline এবং career readiness—সবই তৈরি হতে পারে।",pro_private
comment_bangla,label
"বিশ্ববিদ্যালয়ের নাম দরজা খুলে দিতে পারে, কিন্তু ভেতরে কতদূর যাবে তা নির্ভর করে তোমার অভ্যাসের উপর।",neutral
কিছু প্রাইভেট বিশ্ববিদ্যালয়ে industry-aligned curriculum শিক্ষার্থীদের চাকরির বাজারের জন্য আগেভাগেই প্রস্তুত করে।,pro_private
পাবলিক বিশ্ববিদ্যালয়ে ভর্তি হওয়া এখনও বহু শিক্ষার্থীর কাছে বড় একাডেমিক স্বীকৃতি হিসেবে বিবেচিত হয়।,pro_public
প্রতিদিনের ছোট অগ্রগতিই দীর্ঘমেয়াদে সবচেয়ে বড় পরিবর্তন আনে।,neutral
অনেক private university-তে ছোট ব্যাচের কারণে শিক্ষকরা তুলনামূলকভাবে বেশি মনোযোগ দিতে পারেন।,pro_private
পাবলিক বিশ্ববিদ্যালয় কম খরচে মানসম্মত উচ্চশিক্ষা পাওয়ার সুযোগ তৈরি করে।,pro_public
"নিজের গতিতে এগোলেও যদি থেমে না যাও, তাহলে অগ্রগতি হবেই।",neutral
কিছু প্রাইভেট বিশ্ববিদ্যালয়ে career development session শিক্ষার্থীদের বাস্তব চাকরির প্রস্তুতিতে সাহায্য করে।,pro_private
পাবলিক বিশ্ববিদ্যালয়ের দীর্ঘদিনের একাডেমিক ঐতিহ্য এখনো অনেককে অনুপ্রাণিত করে।,pro_public
"অন্যের সাফল্যের সঙ্গে নিজেকে মেলালে নয়, নিজের উন্নতি দেখলে আত্মবিশ্বাস বাড়ে।",neutral
অনেক private campus-এ presentation skill আর professional communication-এর ওপর বিশেষ জোর দেওয়া হয়।,pro_private
পাবলিক বিশ্ববিদ্যালয়ের প্রতিযোগিতামূলক পরিবেশ অনেক শিক্ষার্থীকে কঠোর পরিশ্রমে অভ্যস্ত করে তোলে।,pro_public
লক্ষ্য পরিষ্কার থাকলে অনিশ্চয়তাও তুলনামূলকভাবে কম ভীতিকর লাগে।,neutral
"কিছু প্রাইভেট বিশ্ববিদ্যালয়ে নিয়মিত quiz, assignment ও viva শিক্ষার্থীদের সারাবছর ব্যস্ত রাখে।",pro_private
পাবলিক বিশ্ববিদ্যালয়ে পড়ার সুযোগ এখনও বহু পরিবারের কাছে স্বপ্নপূরণের মতো অনুভূতি তৈরি করে।,pro_public
"প্রস্তুতি বাড়লে ভয় কমে, আর ভয় কমলে কাজের গতি বাড়ে।",neutral
অনেক private institution-এ advisor support শিক্ষার্থীদের সঠিক কোর্স পরিকল্পনা করতে সাহায্য করে।,pro_private
পাবলিক বিশ্ববিদ্যালয় আর্থিকভাবে সীমিত শিক্ষার্থীদের জন্য বড় ভরসার জায়গা।,pro_public
"যে আজকের কাজ আজই শেষ করে, সে আগামীকালের চাপ অনেকটা কমিয়ে ফেলে।",neutral
ভালো private university-তে project-based learning বাস্তব দক্ষতা তৈরিতে কার্যকর হতে পারে।,pro_private
পাবলিক বিশ্ববিদ্যালয়ের বৈচিত্র্যময় ছাত্রসমাজ অনেককে সমাজ সম্পর্কে বিস্তৃতভাবে ভাবতে শেখায়।,pro_public
"নিয়মিততা এমন এক শক্তি, যা মাঝারি মেধাকেও শক্ত অবস্থানে নিয়ে যেতে পারে।",neutral
কিছু প্রাইভেট বিশ্ববিদ্যালয়ে internship support থাকায় শিক্ষার্থীরা আগেই কর্মক্ষেত্রের অভিজ্ঞতা পায়।,pro_private
পাবলিক বিশ্ববিদ্যালয়ের ডিগ্রির প্রতি এখনও অনেক পরিবার ও নিয়োগদাতার আস্থা রয়েছে।,pro_public
"শুরুতে দুর্বল হওয়া সমস্যা নয়, শেখার ইচ্ছা হারিয়ে ফেলা সমস্যার।",neutral
অনেক private campus-এ mock interview আর CV workshop চাকরির প্রস্তুতিকে আরও বাস্তবভিত্তিক করে।,pro_private
পাবলিক বিশ্ববিদ্যালয়ের alumni network অনেক সময় ভবিষ্যৎ সুযোগ পাওয়ায় সহায়ক হয়।,pro_public
নিজের দুর্বল জায়গাগুলো চিহ্নিত করতে পারা উন্নতির জন্য বড় একটি পদক্ষেপ।,neutral
কিছু private university-তে updated course content শিক্ষার্থীদের নতুন trend সম্পর্কে সচেতন রাখে।,pro_private
পাবলিক বিশ্ববিদ্যালয়ে সুযোগ পাওয়া এখনো বহু শিক্ষার্থীর কাছে মর্যাদার বিষয়।,pro_public
বড় লক্ষ্য পূরণ করতে চাইলে দৈনন্দিন রুটিনকে অবহেলা করা যায় না।,neutral
অনেক private institution-এ teamwork-based project শিক্ষার্থীদের সহযোগিতামূলক কাজ শিখতে সাহায্য করে।,pro_private
পাবলিক বিশ্ববিদ্যালয় দেশের উচ্চশিক্ষার ভিত্তিকে শক্তিশালী রাখতে গুরুত্বপূর্ণ ভূমিকা পালন করে।,pro_public
নিজের অগ্রগতি ধীর মনে হলেও শেখা বন্ধ না হলে তুমি এগোচ্ছই।,neutral
কিছু private campus-এ semester system শিক্ষার্থীদের পড়াশোনার ধারাবাহিকতা বজায় রাখতে সহায়তা করে।,pro_private
দেশের বহু কৃতী শিক্ষার্থীর প্রথম লক্ষ্য এখনও একটি শক্তিশালী পাবলিক বিশ্ববিদ্যালয়।,pro_public
অনুপ্রেরণা না থাকলেও অভ্যাস থাকলে কাজ এগিয়ে নেওয়া সম্ভব।,neutral
"ভালো private university থেকে skill, confidence এবং career awareness—তিনটিই অর্জন করা যায়।",pro_private
"পাবলিক বিশ্ববিদ্যালয়ের সাংস্কৃতিক, একাডেমিক ও সামাজিক পরিবেশ অনেক শিক্ষার্থীকে পরিণত করে তোলে।",pro_public
নিজেকে প্রতিদিন সামান্য উন্নত করার চেষ্টা শেষ পর্যন্ত বড় পার্থক্য গড়ে দেয়।,neutral
কিছু প্রাইভেট বিশ্ববিদ্যালয়ে faculty feedback দ্রুত পাওয়া যায় বলে শেখার ঘাটতি দ্রুত ধরা পড়ে।,pro_private
পাবলিক বিশ্ববিদ্যালয়ের সীমিত সিট ও কঠিন ভর্তি লড়াই তার মর্যাদাকে আরও বাড়িয়ে দেয়।,pro_public
"যে বোঝার জন্য শেখে, তার জ্ঞান সাধারণত পরীক্ষার পরেও টিকে থাকে।",neutral
অনেক private university-তে class participation বাধ্যতামূলক থাকায় শিক্ষার্থীরা বেশি সম্পৃক্ত থাকে।,pro_private
পাবলিক বিশ্ববিদ্যালয়ে ভর্তি অনেক শিক্ষার্থীর জীবনে বড় পরিবর্তনের সূচনা করতে পারে।,pro_public
বড় স্বপ্ন দেখার পাশাপাশি ছোট কাজ সময়মতো শেষ করাও সমান জরুরি।,neutral
"সুশৃঙ্খল private institution থেকে professionalism, exposure এবং employability তৈরি হতে পারে।",pro_private
পাবলিক বিশ্ববিদ্যালয় এখনও বহু পরিবারের কাছে গর্বের প্রতীক হিসেবে বিবেচিত হয়।,pro_public
"ধারাবাহিক চেষ্টা এমন এক অভ্যাস, যা শেষ পর্যন্ত আত্মবিশ্বাসে রূপ নেয়।",neutral
ভালো private university environment শিক্ষার্থীদের skill development এবং career readiness দুটোই বাড়াতে পারে।,pro_private
comment_bangla,label
"বিশ্ববিদ্যালয় তোমাকে পরিচয় দিতে পারে, কিন্তু যোগ্যতা তৈরি করতে হয় নিজের কাজের মাধ্যমে।",neutral
কিছু প্রাইভেট বিশ্ববিদ্যালয়ে skill-based coursework থাকায় শিক্ষার্থীরা পড়াশোনার পাশাপাশি বাস্তব দক্ষতাও গড়ে তুলতে পারে।,pro_private
পাবলিক বিশ্ববিদ্যালয়ে ভর্তি হওয়া এখনো অনেকের কাছে কঠিন প্রতিযোগিতা পেরোনোর বড় স্বীকৃতি।,pro_public
প্রতিদিনের সামান্য অগ্রগতিও সময়ের সাথে বড় আত্মবিশ্বাসে রূপ নেয়।,neutral
অনেক private university-তে career counseling ও placement support শিক্ষার্থীদের পথ পরিষ্কার করতে সাহায্য করে।,pro_private
পাবলিক বিশ্ববিদ্যালয়ের স্বল্প খরচে শিক্ষা বহু পরিবারের জন্য উচ্চশিক্ষাকে সম্ভব করে তোলে।,pro_public
"যে নিজের দুর্বলতাকে এড়িয়ে না গিয়ে ঠিক সেখানেই কাজ করে, তার উন্নতি দ্রুত হয়।",neutral
কিছু প্রাইভেট বিশ্ববিদ্যালয়ে classroom interaction বেশি হওয়ায় শিক্ষার্থীরা প্রশ্ন করতে স্বচ্ছন্দ বোধ করে।,pro_private
পাবলিক বিশ্ববিদ্যালয়ের ঐতিহ্য ও একাডেমিক পরিবেশ এখনও বহু শিক্ষার্থীর কাছে অনুপ্রেরণার উৎস।,pro_public
শুরুটা ছোট হলেও ধারাবাহিক হলে ফলাফল অনেক বড় হতে পারে।,neutral
অনেক private campus-এ academic advising থাকায় শিক্ষার্থীরা পরিকল্পিতভাবে সেমিস্টার এগিয়ে নিতে পারে।,pro_private
পাবলিক বিশ্ববিদ্যালয়ের প্রতিযোগিতামূলক পরিবেশ অনেক শিক্ষার্থীকে আরও পরিশ্রমী করে তোলে।,pro_public
"যা আজ করতে পারো, তা কাল পর্যন্ত ফেলে রাখলে চাপই শুধু বাড়ে।",neutral
কিছু প্রাইভেট বিশ্ববিদ্যালয়ে project-based learning শিক্ষার্থীদের বাস্তব সমস্যার সমাধান শিখতে সাহায্য করে।,pro_private
পাবলিক বিশ্ববিদ্যালয় বহু মেধাবী শিক্ষার্থীর জন্য কম খরচে শক্ত ভিত্তি তৈরি করে।,pro_public
পরিষ্কার লক্ষ্য থাকলে অনিশ্চয়তার মধ্যেও এগোনো সহজ হয়।,neutral
অনেক private institution-এ mock interview ও resume workshop চাকরির প্রস্তুতিকে কার্যকর করে।,pro_private
পাবলিক বিশ্ববিদ্যালয়ে সুযোগ পাওয়া এখনও বহু পরিবারের কাছে মর্যাদার বিষয়।,pro_public
"ধীরে এগোনো সমস্যা নয়, যদি থেমে না যাও।",neutral
কিছু private university-তে soft skill development-এর ওপর আলাদা জোর দেওয়া হয়।,pro_private
পাবলিক বিশ্ববিদ্যালয়ের বৈচিত্র্যময় ক্যাম্পাসজীবন শিক্ষার্থীদের সামাজিক বোঝাপড়া বাড়ায়।,pro_public
শেখার সবচেয়ে ভালো উপায় হলো নিয়মিত অনুশীলন আর ভুল থেকে শেখা।,neutral
অনেক private campus-এ semester discipline শিক্ষার্থীদের সারা বছর পড়াশোনায় রাখে।,pro_private
পাবলিক বিশ্ববিদ্যালয়ের ডিগ্রি এখনো অনেকের কাছে বিশ্বাসযোগ্যতার প্রতীক।,pro_public
অন্যের সঙ্গে তুলনা না করে নিজের অগ্রগতির দিকে তাকানো বেশি স্বাস্থ্যকর।,neutral
কিছু প্রাইভেট বিশ্ববিদ্যালয়ে regular assessment থাকায় শেখার ফাঁক দ্রুত ধরা পড়ে।,pro_private
পাবলিক বিশ্ববিদ্যালয়ের alumni network অনেক সময় ভবিষ্যৎ সুযোগ তৈরিতে সাহায্য করে।,pro_public
"লক্ষ্য যদি বড় হয়, তবে রুটিনকেও গুরুত্বের সঙ্গে নিতে হবে।",neutral
অনেক private university-তে internship linkage শিক্ষার্থীদের আগেই পেশাগত অভিজ্ঞতা দেয়।,pro_private
দেশের বহু কৃতী শিক্ষার্থী এখনো প্রথম পছন্দ হিসেবে একটি ভালো পাবলিক বিশ্ববিদ্যালয়কেই দেখে।,pro_public
"প্রস্তুতি ছাড়া আত্মবিশ্বাস টেকে না, কিন্তু প্রস্তুতির সঙ্গে আত্মবিশ্বাস যুক্ত হলে ফল বদলে যায়।",neutral
কিছু প্রাইভেট বিশ্ববিদ্যালয়ে modern lab ও software support হাতে-কলমে শেখাকে সহজ করে।,pro_private
পাবলিক বিশ্ববিদ্যালয়ের বুদ্ধিবৃত্তিক ও সাংস্কৃতিক চর্চা অনেক শিক্ষার্থীকে নতুনভাবে ভাবতে শেখায়।,pro_public
প্রতিদিন একটু করে এগোনোই দীর্ঘপথ পাড়ি দেওয়ার সবচেয়ে বাস্তব পদ্ধতি।,neutral
ভালো private university-তে professionalism ও communication skill দুটোই গড়ে তোলা সম্ভব।,pro_private
পাবলিক বিশ্ববিদ্যালয়ের সীমিত সিট তার প্রতিযোগিতাকে আরও মূল্যবান করে তোলে।,pro_public
"যে ভয় পেলেও কাজ চালিয়ে যায়, সে-ই শেষ পর্যন্ত এগোয়।",neutral
অনেক private institution-এ updated curriculum শিক্ষার্থীদের industry trend সম্পর্কে সচেতন রাখে।,pro_private
পাবলিক বিশ্ববিদ্যালয় দেশের উচ্চশিক্ষা ব্যবস্থার একটি শক্ত ভিত্তি হিসেবে কাজ করে।,pro_public
বড় স্বপ্নের পেছনে ছোট ছোট দায়িত্ব সময়মতো শেষ করাও সমান জরুরি।,neutral
কিছু private campus-এ mentor support নতুন শিক্ষার্থীদের দ্রুত মানিয়ে নিতে সাহায্য করে।,pro_private
পাবলিক বিশ্ববিদ্যালয়ে পড়ার সুযোগ অনেক শিক্ষার্থীর জীবনে বড় পরিবর্তনের সূচনা করে।,pro_public
"যে বোঝার জন্য পড়ে, তার শেখা সাধারণত দীর্ঘদিন টিকে থাকে।",neutral
অনেক private university-তে class participation-এর ওপর জোর থাকায় শিক্ষার্থীরা বেশি সক্রিয় থাকে।,pro_private
পাবলিক বিশ্ববিদ্যালয় এখনও বহু পরিবারের কাছে গর্বের একটি নাম।,pro_public
অভ্যাসই শেষ পর্যন্ত অনুপ্রেরণাকে বাস্তব ফলাফলে পরিণত করে।,neutral
"ভালো private institution থেকে skill, exposure এবং career readiness—সবই অর্জন করা সম্ভব।",pro_private
পাবলিক বিশ্ববিদ্যালয় কম খরচে মানসম্মত উচ্চশিক্ষার বড় একটি সুযোগ তৈরি করে।,pro_public
আজকের মনোযোগী প্রচেষ্টা আগামী দিনের অনিশ্চয়তা অনেক কমিয়ে দেয়।,neutral
"সুশৃঙ্খল private university environment শিক্ষার্থীদের confidence, discipline এবং employability বাড়াতে পারে।",pro_private
comment_bangla,label
বিশ্ববিদ্যালয়ের সুযোগকে কাজে লাগাতে পারাই একজন শিক্ষার্থীর প্রকৃত সাফল্যের শুরু।,neutral
কিছু প্রাইভেট বিশ্ববিদ্যালয়ে industry-oriented project শিক্ষার্থীদের বাস্তব সমস্যার সমাধান শিখতে সাহায্য করে।,pro_private
পাবলিক বিশ্ববিদ্যালয়ে ভর্তি হওয়া এখনও কঠিন মেধা প্রতিযোগিতা পেরোনোর বড় স্বীকৃতি।,pro_public
প্রতিদিন একটু করে এগোলে বড় লক্ষ্যও একসময় নাগালের মধ্যে চলে আসে।,neutral
অনেক private university-তে career cell শিক্ষার্থীদের চাকরি ও internship বিষয়ে দিকনির্দেশনা দেয়।,pro_private
পাবলিক বিশ্ববিদ্যালয়ের সাশ্রয়ী শিক্ষা বহু পরিবারের জন্য উচ্চশিক্ষার দরজা খুলে দেয়।,pro_public
"যে নিজের দুর্বল জায়গা চিনে কাজ শুরু করে, তার উন্নতির গতি সাধারণত বেশি হয়।",neutral
কিছু প্রাইভেট বিশ্ববিদ্যালয়ে interactive class environment শিক্ষার্থীদের আত্মবিশ্বাস বাড়ায়।,pro_private
"পাবলিক বিশ্ববিদ্যালয়ের ঐতিহ্য, ক্যাম্পাসজীবন ও একাডেমিক সংস্কৃতি অনেককে অনুপ্রাণিত করে।",pro_public
শুরুটা ধীর হলেও ধারাবাহিক থাকলে ফল অনেক দূর পর্যন্ত যায়।,neutral
অনেক private campus-এ advisor system থাকায় শিক্ষার্থীরা পরিকল্পিতভাবে একাডেমিক পথ এগোতে পারে।,pro_private
পাবলিক বিশ্ববিদ্যালয়ের প্রতিযোগিতামূলক পরিবেশ অনেক শিক্ষার্থীকে পরিশ্রমী ও স্থিতিশীল করে তোলে।,pro_public
"যে আজকের কাজ সময়মতো শেষ করে, সে আগামীকালের চাপ অনেকটাই কমায়।",neutral
কিছু প্রাইভেট বিশ্ববিদ্যালয়ে mock interview আর career workshop শিক্ষার্থীদের চাকরির জন্য প্রস্তুত করে।,pro_private
পাবলিক বিশ্ববিদ্যালয় বহু মেধাবী শিক্ষার্থীর জন্য কম খরচে শক্তিশালী শিক্ষার ভিত্তি তৈরি করে।,pro_public
পরিষ্কার পরিকল্পনা থাকলে অনিশ্চয়তার মধ্যেও এগোনো অনেক সহজ হয়।,neutral
অনেক private institution-এ নিয়মিত assessment শিক্ষার্থীদের সেমিস্টারজুড়ে সক্রিয় রাখে।,pro_private
পাবলিক বিশ্ববিদ্যালয়ের ডিগ্রির প্রতি এখনও সমাজের অনেক অংশের আলাদা আস্থা রয়েছে।,pro_public
অন্যের সঙ্গে তুলনা না করে নিজের অগ্রগতি মাপতে পারা মানসিকভাবে বেশি স্বাস্থ্যকর।,neutral
কিছু private university-তে updated curriculum শিক্ষার্থীদের নতুন skill demand সম্পর্কে সচেতন রাখে।,pro_private
পাবলিক বিশ্ববিদ্যালয়ের বৈচিত্র্যময় ক্যাম্পাসজীবন সামাজিক বাস্তবতা বোঝার সুযোগ দেয়।,pro_public
ভালোভাবে শেখার জন্য নিয়মিত অনুশীলন আর পুনরাবৃত্তির বিকল্প খুব কম।,neutral
অনেক private campus-এ internship support থাকায় শিক্ষার্থীরা পড়ার সময়ই বাস্তব কাজের অভিজ্ঞতা পায়।,pro_private
দেশের বহু কৃতী শিক্ষার্থী এখনও প্রথম পছন্দ হিসেবে একটি ভালো পাবলিক বিশ্ববিদ্যালয়কে দেখে।,pro_public
লক্ষ্য বড় হলে প্রতিদিনের রুটিনকেও গুরুত্বের সাথে নিতে হয়।,neutral
কিছু প্রাইভেট বিশ্ববিদ্যালয়ে communication skill ও professional etiquette আলাদাভাবে শেখানো হয়।,pro_private
পাবলিক বিশ্ববিদ্যালয়ের alumni network ভবিষ্যতের একাডেমিক ও পেশাগত সুযোগে সহায়ক হতে পারে।,pro_public
"অনুপ্রেরণার চেয়ে অভ্যাস বেশি নির্ভরযোগ্য, কারণ অভ্যাসই কঠিন দিনেও কাজ চালিয়ে যায়।",neutral
ভালো private university-তে class discipline শিক্ষার্থীদের ধারাবাহিক শেখার পরিবেশ তৈরি করে।,pro_private
পাবলিক বিশ্ববিদ্যালয়ের সীমিত সিট তার মর্যাদা ও প্রতিযোগিতার মান দুটোই বাড়িয়ে দেয়।,pro_public
প্রস্তুতির সঙ্গে আত্মবিশ্বাস যুক্ত হলে ভয় অনেকটাই নিয়ন্ত্রণে আসে।,neutral
কিছু private campus-এ team project শিক্ষার্থীদের collaboration ও leadership skill গড়ে তোলে।,pro_private
পাবলিক বিশ্ববিদ্যালয়ের সাংস্কৃতিক ও বুদ্ধিবৃত্তিক চর্চা অনেক শিক্ষার্থীকে বিস্তৃতভাবে ভাবতে শেখায়।,pro_public
বড় স্বপ্নকে বাস্তব করতে হলে ছোট ছোট দায়িত্বও সময়মতো শেষ করা জরুরি।,neutral
অনেক private institution-এ lab facility ও software access হাতে-কলমে শেখাকে শক্তিশালী করে।,pro_private
পাবলিক বিশ্ববিদ্যালয় দেশের উচ্চশিক্ষা কাঠামোর একটি গুরুত্বপূর্ণ ভিত্তি হিসেবে কাজ করে।,pro_public
"যে ভয় পেলেও থেমে যায় না, সে-ই শেষ পর্যন্ত অনেক দূর এগোয়।",neutral
"ভালো private university থেকে professionalism, exposure এবং practical skill—সবই অর্জন করা সম্ভব।",pro_private
পাবলিক বিশ্ববিদ্যালয়ে ভর্তি হওয়া এখনও বহু পরিবারের কাছে গর্ব ও সম্মানের বিষয়।,pro_public
"যে বোঝার জন্য পড়ে, তার শেখা সাধারণত পরীক্ষার পরেও কাজে লাগে।",neutral
কিছু private university-তে semester system শিক্ষার্থীদের সারা বছর পড়ার মধ্যে রাখে।,pro_private
পাবলিক বিশ্ববিদ্যালয়ের সুযোগ অনেক শিক্ষার্থীর জীবনে বড় পরিবর্তনের সূচনা করতে পারে।,pro_public
"অভ্যাস, মনোযোগ আর সময় ব্যবস্থাপনা একসাথে থাকলে অগ্রগতি দ্রুত হয়।",neutral
অনেক private campus-এ faculty feedback দ্রুত পাওয়া যায় বলে শেখার ঘাটতি দ্রুত ধরা পড়ে।,pro_private
পাবলিক বিশ্ববিদ্যালয় কম খরচে মানসম্মত উচ্চশিক্ষা পাওয়ার একটি বড় সুযোগ।,pro_public
আজকের মনোযোগী প্রস্তুতি আগামী দিনের অস্থিরতা অনেক কমিয়ে দিতে পারে।,neutral
কিছু private institution-এ class participation বাধ্যতামূলক থাকায় শিক্ষার্থীরা বেশি সম্পৃক্ত থাকে।,pro_private
পাবলিক বিশ্ববিদ্যালয় এখনও বহু শিক্ষার্থীর কাছে মর্যাদাপূর্ণ গন্তব্য হিসেবে বিবেচিত হয়।,pro_public
নিজের শেখার গতি মেনে নিয়ে ধারাবাহিক থাকা দীর্ঘপথে সবচেয়ে কার্যকর কৌশল।,neutral
"সুশৃঙ্খল private university environment শিক্ষার্থীদের confidence, employability এবং discipline বাড়াতে সাহায্য করে।",pro_private
comment_bangla,label
"বিশ্ববিদ্যালয়ে ভর্তি হওয়া শুরু, কিন্তু নিজেকে তৈরি করাই আসল সাফল্য।",neutral
কিছু প্রাইভেট বিশ্ববিদ্যালয়ে industry-relevant assignment শিক্ষার্থীদের বাস্তব দক্ষতা বাড়াতে সাহায্য করে।,pro_private
পাবলিক বিশ্ববিদ্যালয়ে ভর্তি হওয়া এখনও বড় মেধা প্রতিযোগিতা জয়ের স্বীকৃতি হিসেবে দেখা হয়।,pro_public
প্রতিদিনের ছোট উন্নতিই দীর্ঘমেয়াদে বড় সাফল্যের ভিত্তি তৈরি করে।,neutral
অনেক private university-তে career development program শিক্ষার্থীদের চাকরির জন্য প্রস্তুত হতে সাহায্য করে।,pro_private
পাবলিক বিশ্ববিদ্যালয়ের কম খরচের শিক্ষা বহু শিক্ষার্থীর জন্য উচ্চশিক্ষাকে বাস্তবসম্মত করে তোলে।,pro_public
"যে নিজের দুর্বলতা বুঝে সেটার ওপর কাজ করে, সে দ্রুত আত্মবিশ্বাস ফিরে পায়।",neutral
কিছু প্রাইভেট বিশ্ববিদ্যালয়ে interactive classroom culture শিক্ষার্থীদের সক্রিয়ভাবে অংশ নিতে উৎসাহ দেয়।,pro_private
পাবলিক বিশ্ববিদ্যালয়ের ঐতিহ্য ও একাডেমিক পরিবেশ এখনো বহু শিক্ষার্থীর কাছে অনুপ্রেরণার উৎস।,pro_public
"ধীরে এগোলেও যদি নিয়মিত থাকা যায়, তবে অগ্রগতি থেমে থাকে না।",neutral
অনেক private campus-এ academic advising শিক্ষার্থীদের পরিকল্পিতভাবে কোর্স সম্পন্ন করতে সাহায্য করে।,pro_private
পাবলিক বিশ্ববিদ্যালয়ের প্রতিযোগিতামূলক পরিবেশ অনেককে আরও পরিশ্রমী ও স্থির করে তোলে।,pro_public
আজকের শৃঙ্খলা আগামী দিনের চাপ অনেকটাই কমিয়ে দিতে পারে।,neutral
কিছু প্রাইভেট বিশ্ববিদ্যালয়ে CV workshop ও mock interview বাস্তব চাকরির প্রস্তুতিতে কার্যকর হয়।,pro_private
পাবলিক বিশ্ববিদ্যালয় বহু মেধাবী শিক্ষার্থীর জন্য কম খরচে মানসম্মত ভিত্তি গড়ে দেয়।,pro_public
পরিষ্কার পরিকল্পনা থাকলে অনিশ্চয়তার মাঝেও এগিয়ে যাওয়া সহজ হয়।,neutral
অনেক private institution-এ নিয়মিত quiz ও assignment শিক্ষার্থীদের সেমিস্টারজুড়ে সচল রাখে।,pro_private
পাবলিক বিশ্ববিদ্যালয়ের ডিগ্রির ওপর এখনো সমাজের বহু অংশের আলাদা আস্থা রয়েছে।,pro_public
অন্যের সঙ্গে তুলনা কমিয়ে নিজের অগ্রগতি দেখা মানসিকভাবে বেশি শক্তিশালী করে।,neutral
কিছু private university-তে updated curriculum শিক্ষার্থীদের নতুন বাজারচাহিদা সম্পর্কে সচেতন রাখে।,pro_private
পাবলিক বিশ্ববিদ্যালয়ের বৈচিত্র্যময় ছাত্রসমাজ বাস্তব জীবন সম্পর্কে বিস্তৃত ধারণা দেয়।,pro_public
নিয়মিত অনুশীলন আর পুনরাবৃত্তি ছাড়া গভীর শেখা তৈরি করা কঠিন।,neutral
অনেক private campus-এ internship support থাকায় শিক্ষার্থীরা পড়ার সময়ই পেশাগত অভিজ্ঞতা পায়।,pro_private
দেশের বহু কৃতী শিক্ষার্থীর প্রথম পছন্দ এখনো একটি শক্তিশালী পাবলিক বিশ্ববিদ্যালয়।,pro_public
লক্ষ্য বড় হলে প্রতিদিনের রুটিনও ততটাই গুরুত্ব পায়।,neutral
কিছু প্রাইভেট বিশ্ববিদ্যালয়ে communication skill আর presentation skill আলাদাভাবে অনুশীলন করানো হয়।,pro_private
পাবলিক বিশ্ববিদ্যালয়ের alumni network ভবিষ্যৎ সুযোগ তৈরিতে অনেক সময় সহায়ক হয়।,pro_public
"অভ্যাস এমন এক শক্তি, যা অনুপ্রেরণা না থাকলেও কাজ এগিয়ে নিয়ে যায়।",neutral
ভালো private university-তে class discipline শিক্ষার্থীদের ধারাবাহিকতা তৈরি করতে সাহায্য করে।,pro_private
পাবলিক বিশ্ববিদ্যালয়ের সীমিত সিট তার মর্যাদা ও প্রতিযোগিতা দুটোই বাড়িয়ে দেয়।,pro_public
"প্রস্তুতি বাড়লে ভয় কমে, আর ভয় কমলে সিদ্ধান্তও পরিষ্কার হয়।",neutral
কিছু private campus-এ team project শিক্ষার্থীদের সহযোগিতা ও নেতৃত্ব শেখায়।,pro_private
পাবলিক বিশ্ববিদ্যালয়ের সাংস্কৃতিক ও বুদ্ধিবৃত্তিক পরিবেশ শিক্ষার্থীদের ভাবনার দিগন্ত প্রসারিত করে।,pro_public
বড় স্বপ্ন বাস্তব করতে ছোট ছোট দায়িত্বও সময়মতো শেষ করা জরুরি।,neutral
অনেক private institution-এ lab facility ও software access হাতে-কলমে শেখাকে শক্তিশালী করে।,pro_private
পাবলিক বিশ্ববিদ্যালয় দেশের উচ্চশিক্ষা ব্যবস্থার একটি শক্ত ভিত্তি হিসেবে কাজ করে।,pro_public
"যে থেমে যায় না, তার অগ্রগতি ধীর হলেও স্থায়ী হয়।",neutral
"ভালো private university থেকে professionalism, exposure এবং practical skill একসাথে অর্জন করা যায়।",pro_private
পাবলিক বিশ্ববিদ্যালয়ে ভর্তি হওয়া এখনও বহু পরিবারের কাছে গর্বের বিষয়।,pro_public
"যে বোঝার জন্য পড়ে, তার শেখা সাধারণত দীর্ঘসময় টিকে থাকে।",neutral
কিছু private university-তে semester system শিক্ষার্থীদের পুরো বছর পড়াশোনার মধ্যে রাখে।,pro_private
পাবলিক বিশ্ববিদ্যালয়ের সুযোগ অনেক শিক্ষার্থীর জীবনে বড় পরিবর্তনের শুরু হতে পারে।,pro_public
"মনোযোগ, অভ্যাস আর সময় ব্যবস্থাপনা একসাথে থাকলে অগ্রগতি দ্রুত হয়।",neutral
অনেক private campus-এ faculty feedback দ্রুত পাওয়া যায় বলে শেখার ঘাটতি দ্রুত ধরা পড়ে।,pro_private
পাবলিক বিশ্ববিদ্যালয় এখনও বহু শিক্ষার্থীর কাছে মর্যাদাপূর্ণ গন্তব্য।,pro_public
আজকের প্রস্তুতি আগামী দিনের অস্থিরতাকে অনেকটাই কমিয়ে দিতে পারে।,neutral
কিছু private institution-এ class participation বাধ্যতামূলক থাকায় শিক্ষার্থীরা বেশি সম্পৃক্ত থাকে।,pro_private
পাবলিক বিশ্ববিদ্যালয়ের বিস্তৃত পরিসর বিভিন্ন পটভূমির শিক্ষার্থীদের একসাথে শেখার সুযোগ দেয়।,pro_public
নিজের শেখার গতিকে সম্মান করে ধারাবাহিক থাকা সবচেয়ে বাস্তব কৌশল।,neutral
"সুশৃঙ্খল private university environment শিক্ষার্থীদের confidence, employability এবং discipline বাড়াতে সাহায্য করে।",pro_private
comment_bangla,label
"বিশ্ববিদ্যালয় একটি শুরু, কিন্তু আত্মনির্মাণের যাত্রা পুরোপুরি নিজের হাতে থাকে।",neutral
কিছু প্রাইভেট বিশ্ববিদ্যালয়ে outcome-based learning শিক্ষার্থীদের বাস্তবমুখী দক্ষতা বাড়াতে সাহায্য করে।,pro_private
পাবলিক বিশ্ববিদ্যালয়ে ভর্তি হওয়া এখনও কঠিন প্রতিযোগিতা পেরোনোর বড় স্বীকৃতি হিসেবে ধরা হয়।,pro_public
প্রতিদিনের সঠিক অভ্যাসই দীর্ঘমেয়াদি অগ্রগতির আসল ভিত্তি।,neutral
অনেক private university-তে career mentoring শিক্ষার্থীদের বাস্তব চাকরির পথ বুঝতে সাহায্য করে।,pro_private
পাবলিক বিশ্ববিদ্যালয়ের কম খরচের শিক্ষা বহু শিক্ষার্থীর জন্য উচ্চশিক্ষাকে নাগালের মধ্যে আনে।,pro_public
"যে নিজের সীমাবদ্ধতা মেনে নিয়ে কাজ শুরু করে, সে সাধারণত দ্রুত উন্নতি করে।",neutral
কিছু প্রাইভেট বিশ্ববিদ্যালয়ে small class interaction শিক্ষার্থীদের অংশগ্রহণ বাড়িয়ে দেয়।,pro_private
"পাবলিক বিশ্ববিদ্যালয়ের ইতিহাস, ঐতিহ্য ও একাডেমিক পরিবেশ এখনো অনেকে বিশেষভাবে মূল্যায়ন করে।",pro_public
ধারাবাহিক চেষ্টা ধীর গতিকেও ফলপ্রসূ করে তোলে।,neutral
অনেক private campus-এ structured advising শিক্ষার্থীদের সময়মতো কোর্স সম্পন্ন করতে সহায়তা করে।,pro_private
পাবলিক বিশ্ববিদ্যালয়ের প্রতিযোগিতামূলক পরিবেশ অনেককে শৃঙ্খলিত ও পরিশ্রমী করে তোলে।,pro_public
আজকের ছোট কাজ কালকের বড় চাপকে অনেকটাই কমিয়ে দিতে পারে।,neutral
কিছু প্রাইভেট বিশ্ববিদ্যালয়ে mock assessment ও interview practice চাকরির প্রস্তুতিতে সহায়ক হয়।,pro_private
পাবলিক বিশ্ববিদ্যালয় বহু শিক্ষার্থীর জন্য সাশ্রয়ী কিন্তু শক্তিশালী একাডেমিক ভিত্তি দেয়।,pro_public
পরিকল্পনা পরিষ্কার থাকলে সিদ্ধান্ত নেওয়াও সহজ হয়ে যায়।,neutral
অনেক private institution-এ regular coursework শিক্ষার্থীদের পড়াশোনায় ধারাবাহিক রাখে।,pro_private
পাবলিক বিশ্ববিদ্যালয়ের ডিগ্রি এখনো বহু পরিবার ও প্রতিষ্ঠানের কাছে আস্থার প্রতীক।,pro_public
"অন্যকে নয়, নিজের গতিকে বুঝে এগোলে চাপ কমে যায়।",neutral
কিছু private university-তে industry-updated course content শিক্ষার্থীদের বাজারের সঙ্গে সংযুক্ত রাখে।,pro_private
পাবলিক বিশ্ববিদ্যালয়ের বহুমাত্রিক ক্যাম্পাসজীবন বাস্তব সমাজ সম্পর্কে গভীর ধারণা দেয়।,pro_public
নিয়মিত অনুশীলন ছাড়া আত্মবিশ্বাস দীর্ঘস্থায়ী হয় না।,neutral
অনেক private campus-এ internship support শিক্ষার্থীদের পড়াকালেই অভিজ্ঞতা গড়তে সাহায্য করে।,pro_private
দেশের বহু কৃতী শিক্ষার্থীর লক্ষ্য এখনও একটি শীর্ষ পাবলিক বিশ্ববিদ্যালয়।,pro_public
লক্ষ্য বড় হলে সময় ব্যবস্থাপনাও দক্ষ হতে হয়।,neutral
"কিছু প্রাইভেট বিশ্ববিদ্যালয়ে presentation, report writing ও communication skill-এ আলাদা জোর দেওয়া হয়।",pro_private
পাবলিক বিশ্ববিদ্যালয়ের alumni connection ভবিষ্যৎ সুযোগ পেতে সহায়ক হতে পারে।,pro_public
"অভ্যাস এমন শক্তি, যা অনিশ্চয়তার মাঝেও এগিয়ে যেতে সাহায্য করে।",neutral
ভালো private university-তে classroom discipline শিক্ষার্থীদের দায়িত্বশীল হতে শেখায়।,pro_private
পাবলিক বিশ্ববিদ্যালয়ের সীমিত আসন তার প্রতিযোগিতাকে আরও মর্যাদাপূর্ণ করে তোলে।,pro_public
"প্রস্তুতি যত বাড়ে, সিদ্ধান্ত নেওয়ার স্বচ্ছতাও তত বাড়ে।",neutral
কিছু private campus-এ team-based learning শিক্ষার্থীদের সহযোগিতা ও নেতৃত্ব শেখায়।,pro_private
পাবলিক বিশ্ববিদ্যালয়ের বুদ্ধিবৃত্তিক ও সাংস্কৃতিক পরিবেশ অনেক শিক্ষার্থীকে বিস্তৃতভাবে গড়ে তোলে।,pro_public
বড় স্বপ্ন পূরণ করতে চাইলে ছোট দায়িত্বগুলোও গুরুত্ব দিতে হয়।,neutral
অনেক private institution-এ updated lab ও digital resource শেখাকে আরও ব্যবহারিক করে তোলে।,pro_private
পাবলিক বিশ্ববিদ্যালয় দেশের উচ্চশিক্ষা ব্যবস্থার একটি নির্ভরযোগ্য ভিত্তি।,pro_public
ধীরে এগোলেও থেমে না গেলে অগ্রগতি জমতে থাকে।,neutral
"ভালো private university থেকে professionalism, exposure এবং practical confidence অর্জন করা সম্ভব।",pro_private
পাবলিক বিশ্ববিদ্যালয়ে ভর্তি হওয়া এখনও বহু পরিবারের কাছে বড় গর্বের বিষয়।,pro_public
"যে বোঝার জন্য শেখে, তার জ্ঞান সাধারণত দীর্ঘসময় কাজে লাগে।",neutral
কিছু private university-তে semester pressure শিক্ষার্থীদের নিয়মিত পড়ায় যুক্ত রাখে।,pro_private
পাবলিক বিশ্ববিদ্যালয়ের সুযোগ অনেক শিক্ষার্থীর জীবনের মোড় ঘুরিয়ে দিতে পারে।,pro_public
"মনোযোগ, নিয়মিততা আর আত্মমূল্যায়ন একসাথে থাকলে উন্নতি দ্রুত হয়।",neutral
অনেক private campus-এ দ্রুত feedback পাওয়ায় শিক্ষার্থীরা ভুল দ্রুত ঠিক করতে পারে।,pro_private
পাবলিক বিশ্ববিদ্যালয় এখনও বহু শিক্ষার্থীর কাছে মর্যাদাপূর্ণ গন্তব্য হিসেবে থাকে।,pro_public
আজকের প্রস্তুতি আগামী দিনের অনিশ্চয়তাকে অনেক কমিয়ে আনে।,neutral
কিছু private institution-এ active participation policy শিক্ষার্থীদের শ্রেণিকক্ষে বেশি সম্পৃক্ত রাখে।,pro_private
পাবলিক বিশ্ববিদ্যালয়ের বড় পরিসর ভিন্ন পটভূমির শিক্ষার্থীদের একসাথে বেড়ে উঠতে সাহায্য করে।,pro_public
নিজের শেখার গতি বুঝে এগোলে দীর্ঘমেয়াদে স্থির থাকা সহজ হয়।,neutral
"সুশৃঙ্খল private university environment শিক্ষার্থীদের confidence, employability ও discipline বাড়াতে সহায়তা করে।",pro_private
comment_bangla,label
"বিশ্ববিদ্যালয়ে সুযোগ পাওয়া গুরুত্বপূর্ণ, কিন্তু সেই সুযোগ কাজে লাগানোই আসল সাফল্য।",neutral
কিছু প্রাইভেট বিশ্ববিদ্যালয়ে industry-focused curriculum শিক্ষার্থীদের বাস্তব দক্ষতা গড়ে তুলতে সাহায্য করে।,pro_private
পাবলিক বিশ্ববিদ্যালয়ে ভর্তি হওয়া এখনও কঠিন মেধা প্রতিযোগিতায় সফল হওয়ার প্রতীক হিসেবে দেখা হয়।,pro_public
প্রতিদিনের ছোট শৃঙ্খলাই দীর্ঘমেয়াদি উন্নতির সবচেয়ে নির্ভরযোগ্য পথ।,neutral
অনেক private university-তে career support session শিক্ষার্থীদের চাকরির প্রস্তুতিতে বাস্তব সহায়তা দেয়।,pro_private
পাবলিক বিশ্ববিদ্যালয়ের সাশ্রয়ী শিক্ষা বহু শিক্ষার্থীর জন্য উচ্চশিক্ষাকে বাস্তবসম্মত করে তোলে।,pro_public
"যে নিজের দুর্বলতা বুঝে কাজ শুরু করে, তার শেখার গতি সাধারণত দ্রুত হয়।",neutral
কিছু প্রাইভেট বিশ্ববিদ্যালয়ে student-teacher interaction বেশি হওয়ায় শেখা আরও স্বচ্ছন্দ হয়।,pro_private
পাবলিক বিশ্ববিদ্যালয়ের ঐতিহ্য ও একাডেমিক পরিবেশ এখনো বহু শিক্ষার্থীর কাছে অনুপ্রেরণার উৎস।,pro_public
ধীরে হলেও ধারাবাহিক অগ্রগতি শেষ পর্যন্ত শক্ত ফল দেয়।,neutral
অনেক private campus-এ academic advising শিক্ষার্থীদের পরিকল্পিতভাবে সেমিস্টার এগোতে সাহায্য করে।,pro_private
পাবলিক বিশ্ববিদ্যালয়ের প্রতিযোগিতামূলক পরিবেশ অনেককে শৃঙ্খলিত ও অধ্যবসায়ী করে তোলে।,pro_public
আজকের গুছানো কাজ আগামী দিনের অপ্রয়োজনীয় চাপ কমিয়ে দেয়।,neutral
কিছু প্রাইভেট বিশ্ববিদ্যালয়ে mock interview ও CV review শিক্ষার্থীদের চাকরির জন্য ভালোভাবে প্রস্তুত করে।,pro_private
পাবলিক বিশ্ববিদ্যালয় বহু মেধাবী শিক্ষার্থীর জন্য কম খরচে শক্তিশালী একাডেমিক ভিত্তি দেয়।,pro_public
পরিকল্পনা পরিষ্কার থাকলে অনিশ্চয়তার মাঝেও এগিয়ে যাওয়া সহজ হয়।,neutral
অনেক private institution-এ নিয়মিত assignment ও quiz শিক্ষার্থীদের পুরো সেমিস্টার সক্রিয় রাখে।,pro_private
পাবলিক বিশ্ববিদ্যালয়ের ডিগ্রি এখনো বহু পরিবার ও প্রতিষ্ঠানের কাছে আস্থার প্রতীক।,pro_public
অন্যের সঙ্গে তুলনা না করে নিজের অগ্রগতি দেখা মানসিক শক্তি বাড়ায়।,neutral
কিছু private university-তে updated course content শিক্ষার্থীদের নতুন skill demand সম্পর্কে সচেতন রাখে।,pro_private
পাবলিক বিশ্ববিদ্যালয়ের বৈচিত্র্যময় ছাত্রসমাজ বাস্তব সমাজ সম্পর্কে বিস্তৃত ধারণা দেয়।,pro_public
নিয়মিত অনুশীলন ছাড়া গভীর শেখা খুব কম ক্ষেত্রেই সম্ভব হয়।,neutral
অনেক private campus-এ internship support থাকায় শিক্ষার্থীরা পড়ার সময়ই পেশাগত অভিজ্ঞতা গড়তে পারে।,pro_private
দেশের বহু কৃতী শিক্ষার্থীর কাছে এখনো প্রথম লক্ষ্য একটি শক্তিশালী পাবলিক বিশ্ববিদ্যালয়।,pro_public
লক্ষ্য বড় হলে সময় ব্যবস্থাপনাও সচেতনভাবে করতে হয়।,neutral
কিছু প্রাইভেট বিশ্ববিদ্যালয়ে communication skill ও presentation practice-এ আলাদা জোর দেওয়া হয়।,pro_private
পাবলিক বিশ্ববিদ্যালয়ের alumni network ভবিষ্যৎ একাডেমিক ও পেশাগত সুযোগে সহায়ক হতে পারে।,pro_public
"অভ্যাস এমন এক শক্তি, যা অনুপ্রেরণা কম থাকলেও এগিয়ে যেতে সাহায্য করে।",neutral
ভালো private university-তে classroom discipline শিক্ষার্থীদের দায়িত্বশীল হতে শেখায়।,pro_private
পাবলিক বিশ্ববিদ্যালয়ের সীমিত আসন তার প্রতিযোগিতা ও মর্যাদা দুটোই বাড়িয়ে দেয়।,pro_public
"প্রস্তুতি যত বাড়ে, সিদ্ধান্ত নেওয়ার আত্মবিশ্বাসও তত বাড়ে।",neutral
কিছু private campus-এ team project শিক্ষার্থীদের সহযোগিতা ও নেতৃত্বের চর্চা করায়।,pro_private
পাবলিক বিশ্ববিদ্যালয়ের সাংস্কৃতিক ও বুদ্ধিবৃত্তিক পরিবেশ অনেক শিক্ষার্থীকে বিস্তৃতভাবে ভাবতে শেখায়।,pro_public
বড় স্বপ্ন পূরণ করতে চাইলে ছোট দায়িত্বগুলোও সময়মতো শেষ করা জরুরি।,neutral
অনেক private institution-এ modern lab ও digital resource শেখাকে আরও ব্যবহারিক করে তোলে।,pro_private
পাবলিক বিশ্ববিদ্যালয় দেশের উচ্চশিক্ষা ব্যবস্থার গুরুত্বপূর্ণ ভিত্তিগুলোর একটি।,pro_public
"যে থামে না, তার অগ্রগতি ধীর হলেও স্থায়ী হয়।",neutral
"ভালো private university থেকে professionalism, exposure এবং practical confidence একসাথে অর্জন করা যায়।",pro_private
পাবলিক বিশ্ববিদ্যালয়ে ভর্তি হওয়া এখনও বহু পরিবারের কাছে গর্বের বিষয়।,pro_public
"যে বোঝার জন্য শেখে, তার জ্ঞান সাধারণত দীর্ঘসময় কাজে লাগে।",neutral
কিছু private university-তে semester pressure শিক্ষার্থীদের নিয়মিত পড়ার মধ্যে রাখে।,pro_private
পাবলিক বিশ্ববিদ্যালয়ের সুযোগ অনেক শিক্ষার্থীর জীবনে বড় পরিবর্তনের শুরু হতে পারে।,pro_public
"মনোযোগ, নিয়মিততা ও আত্মমূল্যায়ন একসাথে থাকলে উন্নতি দ্রুত হয়।",neutral
অনেক private campus-এ দ্রুত feedback পাওয়ায় শেখার ঘাটতি দ্রুত ধরা পড়ে।,pro_private
পাবলিক বিশ্ববিদ্যালয় এখনও বহু শিক্ষার্থীর কাছে মর্যাদাপূর্ণ গন্তব্য হিসেবে বিবেচিত হয়।,pro_public
আজকের প্রস্তুতি আগামী দিনের অনিশ্চয়তাকে অনেকটাই কমিয়ে দিতে পারে।,neutral
কিছু private institution-এ active participation policy শিক্ষার্থীদের ক্লাসে বেশি সম্পৃক্ত রাখে।,pro_private
পাবলিক বিশ্ববিদ্যালয়ের বড় পরিসর ভিন্ন পটভূমির শিক্ষার্থীদের একসাথে শেখার সুযোগ দেয়।,pro_public
নিজের শেখার গতি বুঝে ধারাবাহিক থাকা দীর্ঘমেয়াদে সবচেয়ে কার্যকর কৌশল।,neutral
"সুশৃঙ্খল private university environment শিক্ষার্থীদের confidence, employability ও discipline বাড়াতে সাহায্য করে।",pro_private
comment_bangla,label
"বিশ্ববিদ্যালয়ে ভর্তি হওয়া সুযোগের শুরু, কিন্তু নিজেকে গড়ে তোলাই আসল অগ্রগতি।",neutral
কিছু প্রাইভেট বিশ্ববিদ্যালয়ে industry-linked coursework শিক্ষার্থীদের বাস্তব দক্ষতা বাড়াতে সাহায্য করে।,pro_private
পাবলিক বিশ্ববিদ্যালয়ে ভর্তি হওয়া এখনও কঠিন মেধা প্রতিযোগিতায় টিকে থাকার বড় স্বীকৃতি।,pro_public
প্রতিদিনের নিয়মিত ছোট কাজই দীর্ঘমেয়াদি সাফল্যের ভিত্তি গড়ে তোলে।,neutral
অনেক private university-তে career planning session শিক্ষার্থীদের চাকরির দিকনির্দেশনা দেয়।,pro_private
পাবলিক বিশ্ববিদ্যালয়ের সাশ্রয়ী শিক্ষা বহু শিক্ষার্থীর উচ্চশিক্ষার পথকে সহজ করে তোলে।,pro_public
"যে নিজের দুর্বলতা স্বীকার করে কাজ শুরু করে, সে দ্রুত উন্নতির পথ খুঁজে পায়।",neutral
কিছু প্রাইভেট বিশ্ববিদ্যালয়ে classroom interaction বেশি থাকায় শেখা আরও সক্রিয় হয়।,pro_private
পাবলিক বিশ্ববিদ্যালয়ের ঐতিহ্য ও একাডেমিক পরিবেশ এখনো বহু শিক্ষার্থীর জন্য অনুপ্রেরণার জায়গা।,pro_public
ধীরে এগোলেও ধারাবাহিকতা থাকলে ফল একসময় স্পষ্ট হয়।,neutral
অনেক private campus-এ academic advisor শিক্ষার্থীদের পরিকল্পিতভাবে কোর্স সম্পন্ন করতে সাহায্য করেন।,pro_private
পাবলিক বিশ্ববিদ্যালয়ের প্রতিযোগিতামূলক পরিবেশ অনেককে পরিশ্রমী ও মনোযোগী করে তোলে।,pro_public
আজকের গুছানো প্রস্তুতি আগামী দিনের চাপ অনেকটাই কমিয়ে দেয়।,neutral
কিছু প্রাইভেট বিশ্ববিদ্যালয়ে CV clinic ও mock interview শিক্ষার্থীদের চাকরির প্রস্তুতি বাড়ায়।,pro_private
পাবলিক বিশ্ববিদ্যালয় বহু মেধাবী শিক্ষার্থীর জন্য কম খরচে শক্তিশালী একাডেমিক ভিত্তি দেয়।,pro_public
পরিকল্পনা পরিষ্কার থাকলে সিদ্ধান্ত নেওয়াও অনেক সহজ হয়ে যায়।,neutral
অনেক private institution-এ নিয়মিত quiz ও assignment শিক্ষার্থীদের সারা সেমিস্টার সক্রিয় রাখে।,pro_private
পাবলিক বিশ্ববিদ্যালয়ের ডিগ্রি এখনো বহু পরিবার ও প্রতিষ্ঠানের কাছে আস্থার প্রতীক।,pro_public
অন্যের সঙ্গে তুলনা কমিয়ে নিজের অগ্রগতি দেখলে মানসিক চাপও কমে।,neutral
কিছু private university-তে updated curriculum শিক্ষার্থীদের নতুন চাকরির চাহিদা সম্পর্কে সচেতন রাখে।,pro_private
পাবলিক বিশ্ববিদ্যালয়ের বৈচিত্র্যময় ছাত্রসমাজ বাস্তব সমাজ বোঝার বড় সুযোগ দেয়।,pro_public
নিয়মিত অনুশীলন ছাড়া গভীর শেখা খুব কম ক্ষেত্রেই টেকে।,neutral
অনেক private campus-এ internship support থাকায় শিক্ষার্থীরা পড়ার সময়েই পেশাগত অভিজ্ঞতা পায়।,pro_private
দেশের বহু কৃতী শিক্ষার্থীর প্রথম লক্ষ্য এখনও একটি ভালো পাবলিক বিশ্ববিদ্যালয়।,pro_public
লক্ষ্য বড় হলে প্রতিদিনের সময় ব্যবস্থাপনাও সচেতন হতে হয়।,neutral
কিছু প্রাইভেট বিশ্ববিদ্যালয়ে communication skill ও presentation practice-এ আলাদা গুরুত্ব দেওয়া হয়।,pro_private
পাবলিক বিশ্ববিদ্যালয়ের alumni network ভবিষ্যৎ সুযোগ তৈরিতে সহায়ক হতে পারে।,pro_public
"অভ্যাস এমন শক্তি, যা অনুপ্রেরণা কম থাকলেও তোমাকে এগিয়ে রাখে।",neutral
ভালো private university-তে classroom discipline শিক্ষার্থীদের দায়িত্বশীলতা বাড়ায়।,pro_private
পাবলিক বিশ্ববিদ্যালয়ের সীমিত সিট তার মর্যাদা ও প্রতিযোগিতাকে আরও তীব্র করে।,pro_public
"প্রস্তুতি যত বাড়ে, সিদ্ধান্ত নেওয়ার আত্মবিশ্বাসও তত বাড়ে।",neutral
কিছু private campus-এ team project শিক্ষার্থীদের সহযোগিতা ও নেতৃত্ব শেখায়।,pro_private
পাবলিক বিশ্ববিদ্যালয়ের সাংস্কৃতিক ও বুদ্ধিবৃত্তিক পরিবেশ অনেক শিক্ষার্থীকে বিস্তৃতভাবে ভাবতে শেখায়।,pro_public
বড় স্বপ্ন পূরণ করতে চাইলে ছোট দায়িত্বগুলোকেও সময়মতো শেষ করতে হয়।,neutral
অনেক private institution-এ modern lab ও digital tool শেখাকে আরও ব্যবহারিক করে তোলে।,pro_private
পাবলিক বিশ্ববিদ্যালয় দেশের উচ্চশিক্ষা ব্যবস্থার একটি গুরুত্বপূর্ণ ভিত্তি।,pro_public
"যে থামে না, তার অগ্রগতি ধীর হলেও দীর্ঘস্থায়ী হয়।",neutral
"ভালো private university থেকে professionalism, exposure এবং practical confidence অর্জন করা যায়।",pro_private
পাবলিক বিশ্ববিদ্যালয়ে ভর্তি হওয়া এখনও বহু পরিবারের কাছে গর্বের বিষয়।,pro_public
"যে বোঝার জন্য শেখে, তার জ্ঞান সাধারণত দীর্ঘসময় কাজে লাগে।",neutral
কিছু private university-তে semester pressure শিক্ষার্থীদের নিয়মিত পড়াশোনায় রাখে।,pro_private
পাবলিক বিশ্ববিদ্যালয়ের সুযোগ অনেক শিক্ষার্থীর জীবনে বড় পরিবর্তনের সূচনা করতে পারে।,pro_public
"মনোযোগ, নিয়মিততা এবং আত্মমূল্যায়ন একসাথে থাকলে উন্নতি দ্রুত হয়।",neutral
অনেক private campus-এ দ্রুত feedback পাওয়া যায় বলে শেখার ঘাটতি দ্রুত ধরা পড়ে।,pro_private
পাবলিক বিশ্ববিদ্যালয় এখনও বহু শিক্ষার্থীর কাছে মর্যাদাপূর্ণ গন্তব্য।,pro_public
আজকের প্রস্তুতি আগামী দিনের অনিশ্চয়তাকে অনেকটাই কমিয়ে দিতে পারে।,neutral
কিছু private institution-এ active classroom policy শিক্ষার্থীদের বেশি সম্পৃক্ত রাখে।,pro_private
পাবলিক বিশ্ববিদ্যালয়ের বড় পরিসর ভিন্ন পটভূমির শিক্ষার্থীদের একসাথে শেখার সুযোগ দেয়।,pro_public
নিজের শেখার গতি বুঝে ধারাবাহিক থাকাই দীর্ঘমেয়াদে সবচেয়ে কার্যকর কৌশল।,neutral
"সুশৃঙ্খল private university environment শিক্ষার্থীদের confidence, employability ও discipline বাড়াতে সাহায্য করে।",pro_private
comment_bangla,label
"বিশ্ববিদ্যালয়ে ভর্তি হওয়া একটি সুযোগ, কিন্তু সেই সুযোগকে ফলপ্রসূ করা পুরোপুরি নিজের কাজের উপর নির্ভর করে।",neutral
কিছু প্রাইভেট বিশ্ববিদ্যালয়ে industry-aligned coursework শিক্ষার্থীদের বাস্তব দক্ষতা গড়ে তুলতে সহায়তা করে।,pro_private
পাবলিক বিশ্ববিদ্যালয়ে ভর্তি হওয়া এখনও কঠিন মেধা প্রতিযোগিতা জয়ের বড় স্বীকৃতি হিসেবে দেখা হয়।,pro_public
প্রতিদিনের ছোট নিয়ম মেনে চলাই দীর্ঘমেয়াদি সাফল্যের ভিত গড়ে দেয়।,neutral
অনেক private university-তে career counseling session শিক্ষার্থীদের চাকরির প্রস্তুতিতে বাস্তব দিকনির্দেশনা দেয়।,pro_private
পাবলিক বিশ্ববিদ্যালয়ের সাশ্রয়ী শিক্ষা বহু শিক্ষার্থীর উচ্চশিক্ষার স্বপ্নকে বাস্তবে রূপ দেয়।,pro_public
"যে নিজের দুর্বলতা বুঝে কাজ শুরু করে, তার অগ্রগতি সাধারণত দ্রুত হয়।",neutral
কিছু প্রাইভেট বিশ্ববিদ্যালয়ে শিক্ষক-শিক্ষার্থী মিথস্ক্রিয়া বেশি থাকায় শেখা আরও কার্যকর হয়।,pro_private
পাবলিক বিশ্ববিদ্যালয়ের ঐতিহ্য ও একাডেমিক পরিবেশ এখনও বহু শিক্ষার্থীর জন্য অনুপ্রেরণার উৎস।,pro_public
ধীরে এগোলেও নিয়মিত থাকলে অগ্রগতি থেমে থাকে না।,neutral
অনেক private campus-এ academic advisor শিক্ষার্থীদের পরিকল্পিতভাবে কোর্স সম্পন্ন করতে সহায়তা করেন।,pro_private
পাবলিক বিশ্ববিদ্যালয়ের প্রতিযোগিতামূলক পরিবেশ অনেককে পরিশ্রমী ও শৃঙ্খলাবদ্ধ করে তোলে।,pro_public
আজকের গুছানো প্রস্তুতি আগামী দিনের অস্থিরতা অনেক কমিয়ে দেয়।,neutral
কিছু প্রাইভেট বিশ্ববিদ্যালয়ে mock interview ও CV review চাকরির প্রস্তুতিকে আরও বাস্তবভিত্তিক করে।,pro_private
পাবলিক বিশ্ববিদ্যালয় বহু মেধাবী শিক্ষার্থীর জন্য কম খরচে শক্তিশালী একাডেমিক ভিত্তি দেয়।,pro_public
পরিকল্পনা পরিষ্কার থাকলে সিদ্ধান্ত নেওয়াও অনেক সহজ হয়ে যায়।,neutral
অনেক private institution-এ নিয়মিত quiz ও assignment শিক্ষার্থীদের সারা সেমিস্টার সক্রিয় রাখে।,pro_private
পাবলিক বিশ্ববিদ্যালয়ের ডিগ্রি এখনো বহু পরিবার ও প্রতিষ্ঠানের কাছে আস্থার প্রতীক।,pro_public
অন্যের সঙ্গে তুলনা কমিয়ে নিজের অগ্রগতি দেখা মানসিকভাবে বেশি স্বাস্থ্যকর।,neutral
কিছু private university-তে updated curriculum শিক্ষার্থীদের নতুন চাকরির চাহিদা সম্পর্কে সচেতন রাখে।,pro_private
পাবলিক বিশ্ববিদ্যালয়ের বৈচিত্র্যময় ছাত্রসমাজ বাস্তব সমাজ বোঝার বিস্তৃত সুযোগ দেয়।,pro_public
নিয়মিত অনুশীলন ছাড়া গভীর শেখা খুব কম ক্ষেত্রেই স্থায়ী হয়।,neutral
অনেক private campus-এ internship support থাকায় শিক্ষার্থীরা পড়ার সময়েই পেশাগত অভিজ্ঞতা গড়ে তুলতে পারে।,pro_private
দেশের বহু কৃতী শিক্ষার্থীর প্রথম লক্ষ্য এখনও একটি ভালো পাবলিক বিশ্ববিদ্যালয়।,pro_public
লক্ষ্য বড় হলে প্রতিদিনের সময় ব্যবস্থাপনাও সচেতনভাবে করতে হয়।,neutral
কিছু প্রাইভেট বিশ্ববিদ্যালয়ে communication skill ও presentation practice-এ আলাদা গুরুত্ব দেওয়া হয়।,pro_private
পাবলিক বিশ্ববিদ্যালয়ের alumni network ভবিষ্যৎ একাডেমিক ও পেশাগত সুযোগে সহায়ক হতে পারে।,pro_public
"অভ্যাস এমন শক্তি, যা অনুপ্রেরণা কম থাকলেও মানুষকে এগিয়ে রাখে।",neutral
ভালো private university-তে classroom discipline শিক্ষার্থীদের দায়িত্বশীলতা বাড়ায়।,pro_private
পাবলিক বিশ্ববিদ্যালয়ের সীমিত সিট তার মর্যাদা ও প্রতিযোগিতাকে আরও তীব্র করে।,pro_public
"প্রস্তুতি যত বাড়ে, সিদ্ধান্ত নেওয়ার আত্মবিশ্বাসও তত বাড়ে।",neutral
কিছু private campus-এ team project শিক্ষার্থীদের সহযোগিতা ও নেতৃত্বের চর্চা করায়।,pro_private
পাবলিক বিশ্ববিদ্যালয়ের সাংস্কৃতিক ও বুদ্ধিবৃত্তিক পরিবেশ অনেক শিক্ষার্থীকে বিস্তৃতভাবে ভাবতে শেখায়।,pro_public
বড় স্বপ্ন পূরণ করতে চাইলে ছোট দায়িত্বগুলোকেও সময়মতো শেষ করতে হয়।,neutral
অনেক private institution-এ modern lab ও digital tool শেখাকে আরও ব্যবহারিক করে তোলে।,pro_private
পাবলিক বিশ্ববিদ্যালয় দেশের উচ্চশিক্ষা ব্যবস্থার একটি গুরুত্বপূর্ণ ভিত্তি হিসেবে কাজ করে।,pro_public
"যে থামে না, তার অগ্রগতি ধীর হলেও দীর্ঘস্থায়ী হয়।",neutral
"ভালো private university থেকে professionalism, exposure এবং practical confidence অর্জন করা যায়।",pro_private
পাবলিক বিশ্ববিদ্যালয়ে ভর্তি হওয়া এখনও বহু পরিবারের কাছে গর্বের বিষয়।,pro_public
"যে বোঝার জন্য শেখে, তার জ্ঞান সাধারণত দীর্ঘসময় কাজে লাগে।",neutral
কিছু private university-তে semester pressure শিক্ষার্থীদের নিয়মিত পড়াশোনায় রাখে।,pro_private
পাবলিক বিশ্ববিদ্যালয়ের সুযোগ অনেক শিক্ষার্থীর জীবনে বড় পরিবর্তনের সূচনা করতে পারে।,pro_public
"মনোযোগ, নিয়মিততা এবং আত্মমূল্যায়ন একসাথে থাকলে উন্নতি দ্রুত হয়।",neutral
অনেক private campus-এ দ্রুত feedback পাওয়া যায় বলে শেখার ঘাটতি দ্রুত ধরা পড়ে।,pro_private
পাবলিক বিশ্ববিদ্যালয় এখনও বহু শিক্ষার্থীর কাছে মর্যাদাপূর্ণ গন্তব্য।,pro_public
আজকের প্রস্তুতি আগামী দিনের অনিশ্চয়তাকে অনেকটাই কমিয়ে দিতে পারে।,neutral
কিছু private institution-এ active classroom policy শিক্ষার্থীদের বেশি সম্পৃক্ত রাখে।,pro_private
পাবলিক বিশ্ববিদ্যালয়ের বড় পরিসর ভিন্ন পটভূমির শিক্ষার্থীদের একসাথে শেখার সুযোগ দেয়।,pro_public
নিজের শেখার গতি বুঝে ধারাবাহিক থাকাই দীর্ঘমেয়াদে সবচেয়ে কার্যকর কৌশল।,neutral
"সুশৃঙ্খল private university environment শিক্ষার্থীদের confidence, employability ও discipline বাড়াতে সাহায্য করে।",pro_private
comment_bangla,label
"বিশ্ববিদ্যালয়ে ভর্তি হওয়া একটি সুযোগ, কিন্তু সেই সুযোগকে ফলপ্রসূ করতে হলে নিজের অভ্যাস ও পরিশ্রমই সবচেয়ে বড় ভূমিকা রাখে।",neutral
কিছু প্রাইভেট বিশ্ববিদ্যালয়ে industry-based coursework শিক্ষার্থীদের বাস্তব দক্ষতা গড়ে তুলতে সহায়তা করে।,pro_private
পাবলিক বিশ্ববিদ্যালয়ে ভর্তি হওয়া এখনও কঠিন মেধা প্রতিযোগিতায় সফল হওয়ার বড় স্বীকৃতি হিসেবে ধরা হয়।,pro_public
প্রতিদিনের ছোট ছোট অভ্যাসই দীর্ঘমেয়াদে বড় সাফল্যের ভিত তৈরি করে।,neutral
অনেক private university-তে career guidance session শিক্ষার্থীদের চাকরির প্রস্তুতিতে বাস্তব সহায়তা দেয়।,pro_private
পাবলিক বিশ্ববিদ্যালয়ের সাশ্রয়ী শিক্ষা বহু শিক্ষার্থীর উচ্চশিক্ষার পথকে আরও সহজ করে তোলে।,pro_public
"যে নিজের দুর্বলতা চিহ্নিত করে কাজ শুরু করে, তার উন্নতির গতি সাধারণত দ্রুত হয়।",neutral
কিছু প্রাইভেট বিশ্ববিদ্যালয়ে classroom interaction বেশি থাকায় শেখা আরও প্রাণবন্ত ও কার্যকর হয়।,pro_private
পাবলিক বিশ্ববিদ্যালয়ের ঐতিহ্য ও একাডেমিক পরিবেশ এখনো বহু শিক্ষার্থীর জন্য অনুপ্রেরণার জায়গা।,pro_public
ধীরে এগোলেও ধারাবাহিকতা থাকলে অগ্রগতি একসময় স্পষ্ট হয়ে ওঠে।,neutral
অনেক private campus-এ academic advisor শিক্ষার্থীদের পরিকল্পিতভাবে কোর্স সম্পন্ন করতে সাহায্য করেন।,pro_private
পাবলিক বিশ্ববিদ্যালয়ের প্রতিযোগিতামূলক পরিবেশ অনেককে শৃঙ্খলাবদ্ধ ও পরিশ্রমী করে তোলে।,pro_public
আজকের গুছানো প্রস্তুতি আগামী দিনের চাপ অনেকটাই কমিয়ে দিতে পারে।,neutral
কিছু প্রাইভেট বিশ্ববিদ্যালয়ে mock interview ও CV review চাকরির প্রস্তুতিকে আরও বাস্তবমুখী করে।,pro_private
পাবলিক বিশ্ববিদ্যালয় বহু মেধাবী শিক্ষার্থীর জন্য কম খরচে শক্তিশালী একাডেমিক ভিত্তি দেয়।,pro_public
পরিকল্পনা পরিষ্কার থাকলে সিদ্ধান্ত নেওয়াও অনেক সহজ হয়ে যায়।,neutral
অনেক private institution-এ নিয়মিত quiz ও assignment শিক্ষার্থীদের সারা সেমিস্টার সক্রিয় রাখে।,pro_private
পাবলিক বিশ্ববিদ্যালয়ের ডিগ্রি এখনো বহু পরিবার ও প্রতিষ্ঠানের কাছে আস্থার প্রতীক।,pro_public
অন্যের সঙ্গে তুলনা না করে নিজের অগ্রগতি দেখলে মানসিক চাপও অনেক কমে।,neutral
কিছু private university-তে updated curriculum শিক্ষার্থীদের নতুন চাকরির চাহিদা সম্পর্কে সচেতন রাখে।,pro_private
পাবলিক বিশ্ববিদ্যালয়ের বৈচিত্র্যময় ছাত্রসমাজ বাস্তব সমাজ বোঝার বড় সুযোগ তৈরি করে।,pro_public
নিয়মিত অনুশীলন ছাড়া গভীর শেখা সাধারণত দীর্ঘস্থায়ী হয় না।,neutral
অনেক private campus-এ internship support থাকায় শিক্ষার্থীরা পড়াশোনার মধ্যেই পেশাগত অভিজ্ঞতা অর্জন করতে পারে।,pro_private
দেশের বহু কৃতী শিক্ষার্থীর প্রথম লক্ষ্য এখনও একটি ভালো পাবলিক বিশ্ববিদ্যালয়।,pro_public
লক্ষ্য বড় হলে প্রতিদিনের সময় ব্যবস্থাপনাও সচেতনভাবে করতে হয়।,neutral
কিছু প্রাইভেট বিশ্ববিদ্যালয়ে communication skill ও presentation practice-এ আলাদা গুরুত্ব দেওয়া হয়।,pro_private
পাবলিক বিশ্ববিদ্যালয়ের alumni network ভবিষ্যৎ একাডেমিক ও পেশাগত সুযোগে সহায়ক হতে পারে।,pro_public
"অভ্যাস এমন এক শক্তি, যা অনুপ্রেরণা কম থাকলেও মানুষকে এগিয়ে রাখে।",neutral
ভালো private university-তে classroom discipline শিক্ষার্থীদের দায়িত্বশীলতা বাড়ায়।,pro_private
পাবলিক বিশ্ববিদ্যালয়ের সীমিত সিট তার মর্যাদা ও প্রতিযোগিতাকে আরও বাড়িয়ে দেয়।,pro_public
"প্রস্তুতি যত বাড়ে, সিদ্ধান্ত নেওয়ার আত্মবিশ্বাসও তত শক্ত হয়।",neutral
কিছু private campus-এ team project শিক্ষার্থীদের সহযোগিতা ও নেতৃত্ব শেখায়।,pro_private
পাবলিক বিশ্ববিদ্যালয়ের সাংস্কৃতিক ও বুদ্ধিবৃত্তিক পরিবেশ অনেক শিক্ষার্থীকে বিস্তৃতভাবে ভাবতে শেখায়।,pro_public
বড় স্বপ্ন পূরণ করতে চাইলে ছোট দায়িত্বগুলোকেও সময়মতো শেষ করতে হয়।,neutral
অনেক private institution-এ modern lab ও digital tool শেখাকে আরও ব্যবহারিক করে তোলে।,pro_private
পাবলিক বিশ্ববিদ্যালয় দেশের উচ্চশিক্ষা ব্যবস্থার একটি গুরুত্বপূর্ণ ভিত্তি হিসেবে কাজ করে।,pro_public
"যে থামে না, তার অগ্রগতি ধীর হলেও দীর্ঘস্থায়ী হয়।",neutral
"ভালো private university থেকে professionalism, exposure এবং practical confidence অর্জন করা যায়।",pro_private
পাবলিক বিশ্ববিদ্যালয়ে ভর্তি হওয়া এখনও বহু পরিবারের কাছে গর্বের বিষয়।,pro_public
"যে বোঝার জন্য শেখে, তার জ্ঞান সাধারণত দীর্ঘসময় কাজে লাগে।",neutral
কিছু private university-তে semester pressure শিক্ষার্থীদের নিয়মিত পড়াশোনায় ধরে রাখে।,pro_private
পাবলিক বিশ্ববিদ্যালয়ের সুযোগ অনেক শিক্ষার্থীর জীবনে বড় পরিবর্তনের সূচনা করতে পারে।,pro_public
"মনোযোগ, নিয়মিততা এবং আত্মমূল্যায়ন একসাথে থাকলে উন্নতি দ্রুত হয়।",neutral
অনেক private campus-এ দ্রুত feedback পাওয়া যায় বলে শেখার ঘাটতি দ্রুত ধরা পড়ে।,pro_private
পাবলিক বিশ্ববিদ্যালয় এখনও বহু শিক্ষার্থীর কাছে মর্যাদাপূর্ণ গন্তব্য।,pro_public
আজকের প্রস্তুতি আগামী দিনের অনিশ্চয়তাকে অনেকটাই কমিয়ে দিতে পারে।,neutral
কিছু private institution-এ active classroom policy শিক্ষার্থীদের বেশি সম্পৃক্ত রাখে।,pro_private
পাবলিক বিশ্ববিদ্যালয়ের বড় পরিসর ভিন্ন পটভূমির শিক্ষার্থীদের একসাথে শেখার সুযোগ দেয়।,pro_public
নিজের শেখার গতি বুঝে ধারাবাহিক থাকাই দীর্ঘমেয়াদে সবচেয়ে কার্যকর কৌশল।,neutral
"সুশৃঙ্খল private university environment শিক্ষার্থীদের confidence, employability ও discipline বাড়াতে সাহায্য করে।",pro_private